id,season,homeTeam,awayTeam,homePregameElo,awayPregameElo,capacity,elevation,grass,dome,conferenceGame,temperature_c,precip_mm,windspeed_kmh,week,elo_diff,abs_elo_diff,combined_elo,away_is_fcs,away_is_power,home_is_power,rivalry_game,home_streak,home_win_pct_before,home_won_last_game,away_streak,away_win_pct_before,away_won_last_game,kickoff_hour,day_of_week,is_saturday,night_game,early_season,late_season,stadium_age,away_travel_km,away_travel_missing,same_state_opponent,homeConference,high_attendance
401643697,2024,New Mexico,Montana State,1234.0,1480.0,39224.0,1554.471924,0,0,0,30.6,0.0,2.6,1,-246.0,246.0,2714.0,1,0,0,0,0,,,0,,,14.0,5,1,0,1,0,64.0,,1,0,Mountain West,0
401643696,2024,Nevada,SMU,1222.0,1690.0,27000.0,1406.57605,0,0,0,15.1,0.0,11.7,1,-468.0,468.0,2912.0,0,1,0,0,0,,,0,,,17.0,5,1,0,1,0,58.0,2190.0930841392005,0,0,Mountain West,0
401643858,2024,Hawai'i,Delaware State,1227.0,1480.0,15194.0,20.0,0,0,0,26.8,0.1,33.0,1,-253.0,253.0,2707.0,1,0,0,0,0,,,0,,,17.983333333333334,5,1,0,1,0,9.0,,1,0,Mountain West,0
401628458,2024,Rutgers,Howard,1460.0,1480.0,52454.0,19.0,0,0,0,23.4,0.0,16.1,1,-20.0,20.0,2940.0,1,0,1,0,0,,,0,,,18.0,3,0,1,1,0,30.0,,1,0,Big Ten,1
401644727,2024,Buffalo,Lafayette,1357.0,1480.0,30270.0,181.5759735,0,0,0,21.9,0.0,11.5,1,-123.0,123.0,2837.0,1,0,0,0,0,,,0,,,19.0,3,0,1,1,0,31.0,,1,0,Mid-American,0
401644730,2024,Central Michigan,Central Connecticut,1333.0,1480.0,30255.0,240.9007721,0,0,0,25.1,0.0,4.0,1,-147.0,147.0,2813.0,1,0,0,0,0,,,0,,,19.0,3,0,1,1,0,52.0,,1,0,Mid-American,0
401644729,2024,Bowling Green,Fordham,1431.0,1480.0,24000.0,205.9057465,0,0,0,27.1,0.0,13.8,1,-49.0,49.0,2911.0,1,0,0,0,0,,,0,,,19.0,3,0,1,1,0,58.0,,1,0,Mid-American,0
401634299,2024,NC State,Western Carolina,1606.0,1480.0,58000.0,117.0089951,1,0,0,30.7,0.0,4.7,1,126.0,126.0,3086.0,1,0,1,0,0,,,0,,,19.0,3,0,1,1,0,58.0,,1,0,ACC,1
401628582,2024,UCF,New Hampshire,1578.0,1480.0,44206.0,20.94113731,1,0,0,28.4,0.0,8.0,1,98.0,98.0,3058.0,1,0,1,0,0,,,0,,,19.0,3,0,1,1,0,17.0,,1,0,Big 12,1
401628581,2024,Wake Forest,North Carolina A&T,1431.0,1480.0,31500.0,283.548584,0,0,0,29.1,0.0,12.0,1,-49.0,49.0,2911.0,1,0,1,0,0,,,0,,,19.0,3,0,1,1,0,56.0,,1,0,ACC,1
401636387,2024,UL Monroe,Jackson State,1156.0,1480.0,27617.0,22.998209,0,0,0,28.3,0.1,5.5,1,-324.0,324.0,2636.0,1,0,0,0,0,,,0,,,18.0,3,0,1,1,0,46.0,,1,0,Sun Belt,0
401644728,2024,Toledo,Duquesne,1526.0,1480.0,26038.0,181.4839783,0,0,0,24.5,0.0,13.2,1,46.0,46.0,3006.0,1,0,0,0,0,,,0,,,19.5,3,0,1,1,0,87.0,,1,0,Mid-American,1
401645316,2024,UAB,Alcorn State,1363.0,1480.0,45000.0,187.0,0,0,0,29.5,0.0,8.6,1,-117.0,117.0,2843.0,1,0,0,0,0,,,0,,,19.0,3,0,1,1,0,3.0,,1,0,American Athletic,0
401628327,2024,Missouri,Murray State,1744.0,1480.0,71168.0,212.6865692,0,0,0,29.0,0.0,2.9,1,264.0,264.0,3224.0,1,0,1,0,0,,,0,,,19.0,3,0,1,1,0,97.0,,1,0,SEC,0
401645318,2024,Tulsa,Northwestern State,1248.0,1480.0,30000.0,235.5928345,0,0,0,32.9,0.0,11.1,1,-232.0,232.0,2728.0,1,0,0,0,0,,,0,,,19.0,3,0,1,1,0,94.0,,1,0,American Athletic,0
401645317,2024,Tulane,SE Louisiana,1565.0,1480.0,30000.0,0.0,0,0,0,25.9,0.1,11.6,1,85.0,85.0,3045.0,1,0,0,0,0,,,0,,,19.0,3,0,1,1,0,10.0,,1,0,American Athletic,0
401628448,2024,Minnesota,North Carolina,1492.0,1546.0,50850.0,254.3902283,0,0,0,23.1,0.6,16.1,1,-54.0,54.0,3038.0,0,1,1,0,0,,,0,,,19.0,3,0,1,1,0,15.0,1563.242063751622,0,0,Big Ten,1
401640998,2024,Jacksonville State,Coastal Carolina,1538.0,1448.0,24000.0,198.0679016,0,0,0,29.0,0.0,6.2,1,90.0,90.0,2986.0,0,0,0,0,0,,,0,,,19.0,3,0,1,1,0,77.0,623.5361340979914,0,0,Conference USA,0
401634206,2024,Colorado,North Dakota State,1324.0,1566.5,50183.0,1634.041138,1,0,0,26.4,0.0,14.5,1,-242.5,242.5,2890.5,1,0,1,0,0,,,0,,,18.0,3,0,1,1,0,100.0,1025.7188354647708,0,0,Big 12,1
401636607,2024,Utah,Southern Utah,1622.0,1480.0,51444.0,1411.543579,0,0,0,23.7,0.0,7.1,1,142.0,142.0,3102.0,1,0,1,0,0,,,0,,,19.0,3,0,1,1,0,26.0,,1,0,Big 12,1
401654845,2024,Illinois,Eastern Illinois,1502.0,1480.0,60670.0,223.2471619,0,0,0,27.1,0.0,9.6,1,22.0,22.0,2982.0,1,0,1,0,0,,,0,,,20.0,3,0,1,1,0,101.0,,1,0,Big Ten,0
401643698,2024,San José State,Sacramento State,1544.0,1483.0,30456.0,28.30708694,0,0,0,22.6,0.0,14.7,1,61.0,61.0,3027.0,1,0,0,0,0,,,0,,,19.0,3,0,1,1,0,91.0,142.87805823319746,0,1,Mountain West,0
401645319,2024,Army,Lehigh,1425.0,1480.0,38000.0,99.21277618,0,0,0,21.2,0.0,8.7,1,-55.0,55.0,2905.0,1,0,0,0,0,,,0,,,18.0,4,0,1,1,0,100.0,,1,0,American Athletic,0
401628453,2024,Michigan State,Florida Atlantic,1392.0,1422.0,75005.0,254.8794861,1,0,0,27.3,0.0,10.0,1,-30.0,30.0,2814.0,0,0,1,0,0,,,0,,,19.0,4,0,1,1,0,101.0,1861.2979458914072,0,0,Big Ten,1
401628328,2024,Oklahoma,Temple,1786.0,1178.0,86112.0,355.0962524,1,0,0,30.0,0.0,12.1,1,608.0,608.0,2964.0,0,0,1,0,0,,,0,,,18.0,4,0,1,1,0,99.0,2025.863029630328,0,0,SEC,1
401628584,2024,Duke,Elon,1602.0,1480.0,40004.0,103.0028152,1,0,0,27.2,0.0,4.7,1,122.0,122.0,3082.0,1,0,1,0,0,,,0,,,19.5,4,0,1,1,0,95.0,,1,0,ACC,0
401628461,2024,Wisconsin,Western Michigan,1587.0,1315.0,80321.0,263.604126,0,0,0,20.4,0.0,7.8,1,272.0,272.0,2902.0,0,0,1,0,0,,,0,,,20.0,4,0,1,1,0,107.0,323.54600112345724,0,0,Big Ten,1
401634300,2024,Stanford,TCU,1286.0,1587.0,50424.0,18.38425636,1,0,0,22.2,0.0,6.3,1,-301.0,301.0,2873.0,0,1,1,0,0,,,0,,,19.5,4,0,1,1,0,18.0,2309.3784284121266,0,0,ACC,0
401643703,2024,Utah State,Robert Morris,1346.0,1480.0,25513.0,1427.914429,0,0,0,17.5,0.0,5.6,1,-134.0,134.0,2826.0,1,0,0,0,0,,,0,,,,4,0,0,1,0,56.0,,1,0,Mountain West,0
401628450,2024,Iowa,Illinois State,1550.0,1480.0,69250.0,220.6357727,0,0,0,24.0,0.0,6.5,1,70.0,70.0,3030.0,1,0,1,0,0,,,0,,,11.0,5,1,0,1,0,95.0,,1,0,Big Ten,1
401628451,2024,Maryland,UConn,1630.0,1230.0,51802.0,32.68748093,0,0,0,24.9,0.1,8.9,1,400.0,400.0,2860.0,0,0,1,0,0,,,0,,,12.0,5,1,0,1,0,74.0,478.7082244369482,0,0,Big Ten,0
401645322,2024,Navy,Bucknell,1368.0,1480.0,34000.0,10.74990082,0,0,0,25.6,0.0,7.3,1,-112.0,112.0,2848.0,1,0,0,0,0,,,0,,,12.0,5,1,0,1,0,65.0,,1,0,American Athletic,0
401628457,2024,West Virginia,Penn State,1574.0,1833.0,60000.0,327.409668,0,0,0,25.8,0.0,4.8,1,-259.0,259.0,3407.0,0,1,1,0,0,,,0,,,12.0,5,1,0,1,0,44.0,220.0923606982977,0,0,Big 12,1
401634305,2024,Pittsburgh,Kent State,1436.0,1158.0,68400.0,220.5887146,1,0,0,27.8,0.0,6.6,1,278.0,278.0,2594.0,0,0,1,0,0,,,0,,,12.0,5,1,0,1,0,23.0,133.6415450915123,0,0,ACC,0
401634169,2024,Purdue,Indiana State,1492.0,1480.0,57282.0,197.5337677,1,0,0,25.7,0.0,5.2,1,12.0,12.0,2972.0,1,0,1,0,0,,,0,,,12.0,5,1,0,1,0,100.0,,1,0,Big Ten,1
401632062,2024,Louisville,Austin Peay,1625.0,1480.0,60000.0,138.5615997,0,0,0,26.9,0.0,4.1,1,145.0,145.0,3105.0,1,0,1,0,0,,,0,,,12.0,5,1,0,1,0,26.0,,1,0,ACC,0
401628330,2024,Tennessee,Chattanooga,1751.0,1480.0,102455.0,271.9517212,1,0,0,30.4,0.0,4.8,1,271.0,271.0,3231.0,1,0,1,0,0,,,0,,,12.75,5,1,0,1,0,103.0,,1,0,SEC,1
401634212,2024,Oklahoma State,South Dakota State,1522.0,1480.0,55509.0,276.4808655,0,0,0,29.2,0.2,10.5,1,42.0,42.0,3002.0,1,0,1,0,0,,,0,,,13.0,5,1,0,1,0,105.0,,1,0,Big 12,1
401628591,2024,Cincinnati,Towson,1394.0,1480.0,40000.0,230.0660553,0,0,0,26.4,3.3,6.4,1,-86.0,86.0,2874.0,1,0,1,0,0,,,0,,,14.5,5,1,0,1,0,109.0,,1,0,Big 12,1
401637159,2024,Washington State,Portland State,1530.0,1480.0,32952.0,773.9526367,0,0,0,29.2,0.0,7.7,1,50.0,50.0,3010.0,1,0,1,0,0,,,0,,,12.0,5,1,0,1,0,52.0,,1,0,Pac-12,0
401634197,2024,Iowa State,North Dakota,1612.0,1480.0,61500.0,274.9135437,1,0,0,26.2,0.0,10.7,1,132.0,132.0,3092.0,1,0,1,0,0,,,0,,,14.5,5,1,0,1,0,49.0,,1,0,Big 12,1
401628454,2024,Nebraska,UTEP,1507.0,1296.0,85458.0,354.9318848,0,0,0,28.3,0.0,6.1,1,211.0,211.0,2803.0,0,0,1,0,0,,,0,,,14.5,5,1,0,1,0,101.0,1333.763127127065,0,0,Big Ten,1
401628322,2024,Florida,Miami,1562.0,1553.0,88548.0,44.97250748,1,0,0,32.5,0.0,12.1,1,9.0,9.0,3115.0,0,1,1,0,0,,,0,,,15.5,5,1,0,1,0,94.0,459.96076736979467,0,1,SEC,1
401634133,2024,App State,East Tennessee State,1578.0,1480.0,30000.0,991.3414307,0,0,0,23.3,0.6,6.9,1,98.0,98.0,3058.0,1,0,0,0,0,,,0,,,15.5,5,1,0,1,0,62.0,,1,0,Sun Belt,1
401628331,2024,Texas,Colorado State,1850.0,1350.0,100119.0,160.3089447,0,0,0,32.4,0.0,15.6,1,500.0,500.0,3200.0,0,0,1,0,0,,,0,,,14.5,5,1,0,1,0,100.0,1322.5963840951767,0,0,SEC,1
401641015,2024,UTSA,Kennesaw State,1598.0,1500.0,36582.0,201.5526886,0,1,0,34.1,0.1,15.6,1,98.0,98.0,3098.0,0,0,0,0,0,,,0,,,14.5,5,1,0,1,0,31.0,1410.6137647745184,0,0,American Athletic,0
401628455,2024,Ohio State,Akron,1876.0,1212.0,102780.0,216.6770325,0,0,0,27.7,2.1,15.6,1,664.0,664.0,3088.0,0,0,1,0,0,,,0,,,15.5,5,1,0,1,0,102.0,174.61652599943326,0,1,Big Ten,1
401628449,2024,Indiana,Florida International,1395.0,1164.0,52656.0,231.6500854,0,0,0,23.4,2.7,4.3,1,231.0,231.0,2559.0,0,0,1,0,0,,,0,,,15.5,5,1,0,1,0,64.0,1599.6051078636012,0,0,Big Ten,0
401629039,2024,Massachusetts,Eastern Michigan,1141.0,1287.0,17000.0,46.58664703,0,0,0,24.9,0.0,14.6,1,-146.0,146.0,2428.0,0,0,0,0,0,,,0,,,15.5,5,1,0,1,0,59.0,913.0290884495678,0,0,FBS Independents,0
401634304,2024,Syracuse,Ohio,1330.0,1522.0,49057.0,162.6989746,0,1,0,26.4,0.0,12.8,1,-192.0,192.0,2852.0,0,0,1,0,0,,,0,,,15.5,5,1,0,1,0,44.0,647.8051158315634,0,0,ACC,0
401644731,2024,Northern Illinois,Western Illinois,1446.0,1480.0,23595.0,267.4530029,0,0,0,26.6,0.0,8.3,1,-34.0,34.0,2926.0,1,0,0,0,0,,,0,,,14.5,5,1,0,1,0,59.0,,1,0,Mid-American,0
401643699,2024,Air Force,Merrimack,1572.0,1480.0,46692.0,2024.875732,0,0,0,27.7,0.0,6.0,1,92.0,92.0,3052.0,1,0,0,0,0,,,0,,,13.5,5,1,0,1,0,62.0,,1,0,Mountain West,0
401643700,2024,Georgia Southern,Boise State,1384.0,1626.0,25000.0,61.25376892,0,0,0,33.0,0.0,10.0,1,-242.0,242.0,3010.0,0,0,0,0,0,,,0,,,16.0,5,1,0,1,0,40.0,3232.6809713337075,0,0,Sun Belt,1
401628329,2024,South Carolina,Old Dominion,1562.0,1406.0,80250.0,60.54548645,1,0,0,28.4,2.9,4.6,1,156.0,156.0,2968.0,0,0,1,0,0,,,0,,,16.25,5,1,0,1,0,90.0,536.1275716101055,0,0,SEC,1
401634301,2024,California,UC Davis,1483.0,1480.0,62467.0,125.3108063,0,0,0,20.9,0.0,16.1,1,3.0,3.0,2963.0,1,0,1,0,0,,,0,,,14.0,5,1,0,1,0,101.0,,1,0,ACC,0
401643775,2024,South Alabama,North Texas,1650.0,1412.0,25450.0,45.0,0,0,0,26.7,0.1,3.8,1,238.0,238.0,3062.0,0,0,0,0,0,,,0,,,16.0,5,1,0,1,0,4.0,890.4277340014554,0,0,Sun Belt,0
401628590,2024,Marshall,Stony Brook,1406.0,1480.0,38016.0,163.7328186,0,0,0,30.5,0.0,12.1,1,-74.0,74.0,2886.0,1,0,0,0,0,,,0,,,17.0,5,1,0,1,0,33.0,,1,0,Sun Belt,0
401645320,2024,East Carolina,Norfolk State,1404.0,1480.0,50000.0,19.0564537,1,0,0,29.6,0.0,1.0,1,-76.0,76.0,2884.0,1,0,0,0,0,,,0,,,18.0,5,1,1,1,0,61.0,,1,0,American Athletic,0
401628589,2024,Virginia,Richmond,1310.0,1480.0,61500.0,170.4677429,1,0,0,28.8,0.1,7.3,1,-170.0,170.0,2790.0,1,0,1,0,0,,,0,,,18.0,5,1,1,1,0,93.0,,1,0,ACC,0
401628586,2024,Liberty,Campbell,1572.0,1480.0,25000.0,272.9237061,0,0,0,26.1,0.0,8.1,1,92.0,92.0,3052.0,1,0,0,0,0,,,0,,,18.0,5,1,1,1,0,35.0,,1,0,Conference USA,0
401628326,2024,Mississippi State,Eastern Kentucky,1447.0,1480.0,61337.0,110.2742081,1,0,0,26.3,1.3,11.5,1,-33.0,33.0,2927.0,1,0,1,0,0,,,0,,,17.0,5,1,0,1,0,110.0,,1,0,SEC,0
401643704,2024,Oregon State,Idaho State,1648.0,1480.0,43363.0,66.90744781,0,0,0,32.4,0.0,4.0,1,168.0,168.0,3128.0,1,0,1,0,0,,,0,,,15.5,5,1,0,1,0,71.0,,1,0,Pac-12,0
401636611,2024,Houston,UNLV,1447.0,1496.0,40000.0,9.57440567,0,0,0,28.2,0.5,18.1,1,-49.0,49.0,2943.0,0,0,1,0,0,,,0,,,18.0,5,1,1,1,0,10.0,1977.8669424834316,0,0,Big 12,0
401628325,2024,Ole Miss,Furman,1658.0,1480.0,64038.0,146.8517151,1,0,0,28.0,0.0,6.0,1,178.0,178.0,3138.0,1,0,1,0,0,,,0,,,18.0,5,1,1,1,0,109.0,,1,0,SEC,1
401643701,2024,Troy,Nevada,1657.0,1243.0,30000.0,154.7746277,0,0,0,32.7,0.0,2.6,1,414.0,414.0,2900.0,0,0,0,0,0,,,-1,0.0,0.0,18.0,5,1,1,1,0,74.0,3157.4094538558033,0,0,Sun Belt,1
401645321,2024,Memphis,North Alabama,1569.0,1480.0,58325.0,90.62445831,0,0,0,28.6,0.0,8.9,1,89.0,89.0,3049.0,1,0,0,0,0,,,0,,,18.0,5,1,1,1,0,59.0,,1,0,American Athletic,0
401641023,2024,Middle Tennessee,Tennessee Tech,1400.0,1480.0,30788.0,191.7279816,0,0,0,28.8,0.0,8.1,1,-80.0,80.0,2880.0,1,0,0,0,0,,,0,,,18.0,5,1,1,1,0,91.0,,1,0,Conference USA,0
401636612,2024,Kansas State,UT Martin,1794.0,1480.0,50000.0,328.0574646,0,0,0,27.4,0.0,0.8,1,314.0,314.0,3274.0,1,0,1,0,0,,,0,,,18.0,5,1,1,1,0,56.0,,1,0,Big 12,1
401636610,2024,Baylor,Tarleton State,1422.0,1480.0,45140.0,117.0538101,0,0,0,34.0,0.0,16.9,1,-58.0,58.0,2902.0,1,0,1,0,0,,,0,,,18.0,5,1,1,1,0,10.0,,1,0,Big 12,1
401632064,2024,Arkansas State,Central Arkansas,1406.0,1480.0,30382.0,89.52690887,0,0,0,29.5,0.0,3.6,1,-74.0,74.0,2886.0,1,0,0,0,0,,,0,,,18.0,5,1,1,1,0,50.0,,1,0,Sun Belt,0
401641039,2024,Rice,Sam Houston,1362.0,1388.0,47000.0,7.148301601,0,0,0,28.4,0.5,17.7,1,-26.0,26.0,2750.0,0,0,0,0,0,,,0,,,18.0,5,1,1,1,0,74.0,111.65754683707296,0,1,American Athletic,0
401628319,2024,Alabama,Western Kentucky,1854.0,1466.0,101821.0,70.05136108,1,0,0,26.9,0.0,6.7,1,388.0,388.0,3320.0,0,0,1,0,0,,,0,,,18.0,5,1,1,1,0,95.0,431.4895570859554,0,0,SEC,1
401628321,2024,Auburn,Alabama A&M,1556.0,1480.0,87451.0,201.1737976,1,0,0,31.5,0.0,3.1,1,76.0,76.0,3036.0,1,0,1,0,0,,,0,,,18.5,5,1,1,1,0,85.0,,1,0,SEC,1
401628452,2024,Michigan,Fresno State,1973.0,1558.0,107601.0,255.5500031,0,0,0,25.7,0.0,5.0,1,415.0,415.0,3531.0,0,0,1,0,0,,,0,,,19.5,5,1,1,1,0,97.0,3122.622372291896,0,0,Big Ten,1
401628459,2024,Hawai'i,UCLA,1227.0,1568.0,15194.0,20.0,0,0,0,29.7,0.1,11.5,1,-341.0,341.0,2795.0,0,1,0,0,1,1.0,1.0,0,,,13.5,5,1,0,1,0,9.0,4126.01568212558,0,0,Mountain West,1
401628456,2024,Oregon,Idaho,1904.0,1480.0,54000.0,127.4198303,0,0,0,32.7,0.0,4.7,1,424.0,424.0,3384.0,1,0,1,0,0,,,0,,,16.5,5,1,0,1,0,57.0,,1,0,Big Ten,1
401628324,2024,Kentucky,Southern Miss,1594.0,1276.0,61000.0,307.4248962,0,0,0,24.6,2.2,11.6,1,318.0,318.0,2870.0,0,0,1,0,0,,,0,,,19.75,5,1,1,1,0,51.0,864.939655008923,0,0,SEC,1
401636380,2024,Louisiana,Grambling,1496.0,1480.0,41426.0,3.556508303,0,0,0,25.5,0.1,10.5,1,16.0,16.0,2976.0,1,0,0,0,0,,,0,,,19.0,5,1,1,1,0,53.0,,1,0,Sun Belt,0
401643776,2024,Texas State,Lamar,1399.0,1480.0,30000.0,177.8676453,0,0,0,31.6,0.0,12.3,1,-81.0,81.0,2879.0,1,0,0,0,0,,,0,,,19.0,5,1,1,1,0,43.0,,1,0,Sun Belt,0
401634303,2024,SMU,Houston Christian,1684.0,1480.0,32000.0,169.4058075,0,0,0,32.7,0.0,13.2,1,204.0,204.0,3164.0,1,0,1,0,1,1.0,1.0,0,,,19.0,5,1,1,1,0,24.0,,1,0,ACC,0
401643702,2024,San Diego State,East Texas A&M,1416.0,1480.0,35000.0,62.0,1,0,0,23.0,0.0,11.8,1,-64.0,64.0,2896.0,1,0,0,0,0,,,0,,,17.0,5,1,0,1,0,2.0,,1,0,Mountain West,0
401641007,2024,Louisiana Tech,Nicholls,1246.0,1480.0,28019.0,72.87982941,0,0,0,27.8,0.0,7.8,1,-234.0,234.0,2726.0,1,0,0,0,0,,,0,,,19.0,5,1,1,1,0,56.0,,1,0,Conference USA,0
401643774,2024,Charlotte,James Madison,1203.0,1691.0,15300.0,190.365509,0,0,0,25.7,0.0,5.5,1,-488.0,488.0,2894.0,0,0,0,0,0,,,0,,,20.0,5,1,1,1,0,11.0,385.0918497927644,0,0,American Athletic,1
401634302,2024,Georgia Tech,Georgia State,1513.0,1416.0,55000.0,279.300415,0,0,0,26.7,0.0,4.7,1,97.0,97.0,2929.0,0,0,1,0,1,1.0,1.0,0,,,20.0,5,1,1,1,0,111.0,4.14241982479534,0,1,ACC,0
401634240,2024,BYU,Southern Illinois,1409.0,1480.0,63470.0,1412.097046,1,0,0,30.2,0.0,6.0,1,-71.0,71.0,2889.0,1,0,1,0,0,,,0,,,18.0,5,1,1,1,0,60.0,,1,0,Big 12,1
401641032,2024,New Mexico State,Southeast Missouri State,1432.0,1480.0,28853.0,1208.201294,0,0,0,25.7,0.0,4.3,1,-48.0,48.0,2912.0,1,0,0,0,0,,,0,,,19.0,5,1,1,1,0,46.0,,1,0,Conference USA,0
401636608,2024,Arizona,New Mexico,1714.0,1234.0,50782.0,742.1530151,0,0,0,33.2,0.0,5.6,1,480.0,480.0,2948.0,0,0,1,0,0,,,-1,0.0,0.0,19.5,5,1,1,1,0,96.0,509.3538151784614,0,0,Big 12,0
401636609,2024,Arizona State,Wyoming,1355.0,1496.0,65870.0,360.1569519,1,0,0,35.5,0.0,30.9,1,-141.0,141.0,2851.0,0,0,1,0,0,,,0,,,19.5,5,1,1,1,0,66.0,1040.9568222985256,0,0,Big 12,0
401628460,2024,Washington,Weber State,1752.0,1480.0,70138.0,11.65622807,0,0,0,19.7,0.0,10.1,1,272.0,272.0,3232.0,1,0,1,0,0,,,0,,,20.0,5,1,1,1,0,104.0,,1,0,Big Ten,1
401634306,2024,Florida State,Boston College,1676.0,1396.0,67277.0,19.55942535,1,0,1,33.4,0.0,7.9,1,280.0,280.0,3072.0,0,1,1,0,-1,0.0,0.0,0,,,19.5,0,0,1,1,0,74.0,1765.7471465647914,0,0,ACC,0
401634765,2024,SMU,BYU,1669.0,1409.0,32000.0,169.4058075,0,0,0,31.0,0.0,15.3,2,260.0,260.0,3078.0,0,1,1,0,2,1.0,1.0,1,1.0,1.0,18.0,4,0,1,1,0,24.0,1560.6139545900994,0,0,ACC,1
401628463,2024,Indiana,Western Illinois,1438.0,1480.0,52656.0,231.6500854,0,0,0,22.8,0.0,15.4,2,-42.0,42.0,2918.0,1,0,1,0,1,1.0,1.0,-1,0.0,0.0,19.0,4,0,1,1,0,64.0,,1,0,Big Ten,0
401628347,2024,Michigan,Texas,1980.0,1939.0,107601.0,255.5500031,0,0,0,13.3,0.0,20.6,2,41.0,41.0,3919.0,0,1,1,0,1,1.0,1.0,1,1.0,1.0,12.0,5,1,0,1,0,97.0,1824.510631315142,0,0,Big Ten,1
401635534,2024,Syracuse,Georgia Tech,1383.0,1559.0,49057.0,162.6989746,0,1,1,15.0,1.7,10.7,2,-176.0,176.0,2942.0,0,1,1,0,1,1.0,1.0,2,1.0,1.0,12.0,5,1,0,1,0,44.0,1255.0217875363496,0,0,ACC,0
401628471,2024,Rutgers,Akron,1460.0,1161.0,52454.0,19.0,0,0,0,24.1,0.2,12.9,2,299.0,299.0,2621.0,0,0,1,0,1,1.0,1.0,-1,0.0,0.0,12.0,5,1,0,1,0,30.0,595.9870963687766,0,0,Big Ten,0
401636616,2024,Tulane,Kansas State,1565.0,1794.0,30000.0,0.0,0,0,0,23.7,4.3,15.4,2,-229.0,229.0,3359.0,0,1,0,0,1,1.0,1.0,1,1.0,1.0,11.0,5,1,0,1,0,10.0,1187.1497163978788,0,0,American Athletic,0
401635538,2024,Cincinnati,Pittsburgh,1394.0,1486.0,40000.0,230.0660553,0,0,0,17.7,0.0,18.2,2,-92.0,92.0,2880.0,0,1,1,0,1,1.0,1.0,1,1.0,1.0,12.0,5,1,0,1,0,109.0,411.35076474919225,0,0,Big 12,1
401628336,2024,Oklahoma State,Arkansas,1522.0,1454.0,55509.0,276.4808655,0,0,0,21.6,0.0,13.7,2,68.0,68.0,2976.0,0,1,1,0,1,1.0,1.0,1,1.0,1.0,11.0,5,1,0,1,0,105.0,259.5108332186743,0,0,Big 12,1
401643784,2024,Memphis,Troy,1569.0,1629.0,58325.0,90.62445831,0,0,0,23.5,0.0,25.4,2,-60.0,60.0,3198.0,0,0,0,0,1,1.0,1.0,-1,0.0,0.0,11.0,5,1,0,1,0,59.0,525.0986522142338,0,0,American Athletic,0
401636999,2024,UConn,Merrimack,1139.0,1480.0,40000.0,6.515614986,1,0,0,23.5,0.0,10.2,2,-341.0,341.0,2619.0,1,0,0,0,-1,0.0,0.0,-1,0.0,0.0,12.0,5,1,0,1,0,21.0,,1,0,FBS Independents,0
401628466,2024,Minnesota,Rhode Island,1490.0,1480.0,50850.0,254.3902283,0,0,0,15.7,0.0,6.5,2,10.0,10.0,2970.0,1,0,1,0,-1,0.0,0.0,0,,,11.0,5,1,0,1,0,15.0,,1,0,Big Ten,0
401628470,2024,Penn State,Bowling Green,1861.0,1431.0,106572.0,354.1551514,1,0,0,19.0,0.0,17.7,2,430.0,430.0,3292.0,0,0,1,0,1,1.0,1.0,1,1.0,1.0,12.0,5,1,0,1,0,64.0,487.20133505157077,0,0,Big Ten,1
401645323,2024,Florida Atlantic,Army,1413.0,1425.0,29419.0,3.613628864,0,0,1,29.8,0.1,12.4,2,-12.0,12.0,2838.0,0,0,0,0,-1,0.0,0.0,1,1.0,1.0,12.0,5,1,0,1,0,13.0,1761.4374162035115,0,0,American Athletic,0
401628348,2024,Texas A&M,McNeese,1666.0,1480.0,102733.0,108.824585,1,0,0,28.1,0.0,25.1,2,186.0,186.0,3146.0,1,0,1,0,-1,0.0,0.0,0,,,11.75,5,1,0,1,0,97.0,,1,0,SEC,0
401634181,2024,Ball State,Missouri State,1341.0,1371.428571428571,22500.0,285.481781,0,0,0,17.6,0.0,21.3,2,-30.428571428571104,30.428571428571104,2712.428571428571,1,0,0,0,0,,,0,,,14.0,5,1,0,1,0,57.0,760.0243418284871,0,0,Mid-American,0
401628339,2024,Georgia,Tennessee Tech,2079.0,1480.0,92746.0,186.1120758,1,0,0,30.8,0.0,4.7,2,599.0,599.0,3559.0,1,0,1,0,1,1.0,1.0,-1,0.0,0.0,14.0,5,1,0,1,0,95.0,,1,0,SEC,1
401644732,2024,Kent State,Saint Francis,1096.0,1480.0,25319.0,321.3641663,0,0,0,15.4,0.1,22.7,2,-384.0,384.0,2576.0,1,0,0,0,-1,0.0,0.0,0,,,14.5,5,1,0,1,0,55.0,,1,0,Mid-American,0
401632071,2024,UNLV,Utah Tech,1548.0,1480.0,65000.0,666.0,0,1,0,37.2,0.0,5.1,2,68.0,68.0,3028.0,1,0,0,0,1,1.0,1.0,0,,,12.0,5,1,0,1,0,4.0,,1,0,Mountain West,0
401628465,2024,Maryland,Michigan State,1703.0,1401.0,51802.0,32.68748093,0,0,1,19.3,0.0,16.4,2,302.0,302.0,3104.0,0,1,1,0,1,1.0,1.0,1,1.0,1.0,15.5,5,1,0,1,0,74.0,757.5317186526726,0,0,Big Ten,0
401628473,2024,Washington,Eastern Michigan,1752.0,1305.0,70138.0,11.65622807,0,0,0,23.5,0.0,12.9,2,447.0,447.0,3057.0,0,0,1,0,1,1.0,1.0,1,1.0,1.0,12.5,5,1,0,1,0,104.0,3067.0730334233376,0,0,Big Ten,1
401635535,2024,Louisville,Jacksonville State,1625.0,1449.0,60000.0,138.5615997,0,0,0,21.5,0.0,17.3,2,176.0,176.0,3074.0,0,0,1,0,1,1.0,1.0,-1,0.0,0.0,15.5,5,1,0,1,0,26.0,487.6632828367984,0,0,ACC,0
401636618,2024,Utah,Baylor,1622.0,1422.0,51444.0,1411.543579,0,0,0,31.0,0.0,9.7,2,200.0,200.0,3044.0,0,1,1,0,1,1.0,1.0,1,1.0,1.0,13.5,5,1,0,1,0,26.0,1668.3126426808415,0,0,Big 12,1
401635537,2024,North Carolina,Charlotte,1546.0,1195.0,50500.0,127.7569809,0,0,0,28.0,0.0,11.8,2,351.0,351.0,2741.0,0,0,1,0,1,1.0,1.0,-1,0.0,0.0,15.5,5,1,0,1,0,97.0,166.73569999776964,0,1,ACC,1
401635531,2024,Boston College,Duquesne,1450.0,1480.0,44500.0,39.82634354,0,0,0,25.4,0.0,8.6,2,-30.0,30.0,2930.0,1,0,1,0,1,1.0,1.0,-1,0.0,0.0,15.5,5,1,0,1,0,67.0,,1,0,ACC,0
401645324,2024,Navy,Temple,1368.0,1115.0,34000.0,10.74990082,0,0,1,21.5,0.0,17.8,2,253.0,253.0,2483.0,0,0,0,0,1,1.0,1.0,-1,0.0,0.0,15.5,5,1,0,1,0,65.0,153.68122876248435,0,0,American Athletic,0
401629040,2024,Toledo,Massachusetts,1526.0,1123.0,26038.0,181.4839783,0,0,0,17.4,0.0,20.0,2,403.0,403.0,2649.0,0,0,0,0,1,1.0,1.0,-1,0.0,0.0,15.5,5,1,0,1,0,87.0,917.9634641956404,0,0,Mid-American,0
401628474,2024,Wisconsin,South Dakota,1601.0,1480.0,80321.0,263.604126,0,0,0,15.9,0.0,10.7,2,121.0,121.0,3081.0,1,0,1,0,1,1.0,1.0,0,,,14.5,5,1,0,1,0,107.0,,1,0,Big Ten,1
401628977,2024,Notre Dame,Northern Illinois,1888.0,1446.0,80795.0,222.645401,0,0,0,16.5,0.0,24.7,2,442.0,442.0,3334.0,0,0,0,0,1,1.0,1.0,1,1.0,1.0,15.5,5,1,0,1,0,94.0,212.4311937059392,0,0,FBS Independents,1
401628464,2024,Iowa,Iowa State,1550.0,1612.0,69250.0,220.6357727,0,0,0,17.7,0.0,10.8,2,-62.0,62.0,3162.0,0,1,1,1,1,1.0,1.0,1,1.0,1.0,14.5,5,1,0,1,0,95.0,177.16686271286585,0,1,Big Ten,1
401628337,2024,Auburn,California,1556.0,1483.0,87451.0,201.1737976,1,0,0,30.4,0.0,4.1,2,73.0,73.0,3039.0,0,1,1,0,1,1.0,1.0,1,1.0,1.0,14.5,5,1,0,1,0,85.0,3367.49657368069,0,0,SEC,1
401628340,2024,Kentucky,South Carolina,1640.0,1560.0,61000.0,307.4248962,0,0,1,20.8,0.0,14.0,2,80.0,80.0,3200.0,0,1,1,0,1,1.0,1.0,1,1.0,1.0,15.5,5,1,0,1,0,51.0,548.5924614193636,0,0,SEC,1
401643710,2024,Wyoming,Idaho,1369.0,1480.0,29181.0,2200.153564,0,0,0,23.9,0.0,5.1,2,-111.0,111.0,2849.0,1,0,0,0,-1,0.0,0.0,-1,0.0,0.0,13.5,5,1,0,1,0,74.0,,1,0,Mountain West,0
401643783,2024,Texas State,UTSA,1399.0,1613.0,30000.0,177.8676453,0,0,0,28.9,0.0,27.2,2,-214.0,214.0,3012.0,0,0,0,0,1,1.0,1.0,1,1.0,1.0,15.0,5,1,0,1,0,43.0,75.07437431575192,0,1,Sun Belt,1
401628342,2024,Ole Miss,Middle Tennessee,1658.0,1400.0,64038.0,146.8517151,1,0,0,27.7,0.0,16.4,2,258.0,258.0,3058.0,0,0,1,0,1,1.0,1.0,1,1.0,1.0,15.25,5,1,0,1,0,109.0,332.1856180170578,0,0,SEC,1
401635540,2024,Virginia Tech,Marshall,1575.0,1406.0,65632.0,632.2631226,1,0,0,21.2,0.0,18.8,2,169.0,169.0,2981.0,0,0,1,0,-1,0.0,0.0,1,1.0,1.0,16.5,5,1,0,1,0,59.0,221.14352973464423,0,0,ACC,1
401643781,2024,Ohio,South Alabama,1469.0,1593.0,24000.0,194.230896,0,0,0,19.0,0.0,15.5,2,-124.0,124.0,3062.0,0,0,0,0,-1,0.0,0.0,-1,0.0,0.0,18.0,5,1,1,1,0,95.0,1107.0753663574892,0,0,Mid-American,1
401628593,2024,West Virginia,UAlbany,1527.0,1480.0,60000.0,327.409668,0,0,0,19.5,0.0,13.1,2,47.0,47.0,3007.0,1,0,1,0,-1,0.0,0.0,0,,,18.0,5,1,1,1,0,44.0,,1,0,Big 12,0
401643777,2024,James Madison,Gardner-Webb,1728.0,1480.0,24877.0,399.303009,0,0,0,20.9,0.0,11.2,2,248.0,248.0,3208.0,1,0,0,0,1,1.0,1.0,0,,,18.0,5,1,1,1,0,49.0,,1,0,Sun Belt,1
401635536,2024,Miami,Florida A&M,1622.0,1480.0,64767.0,2.624486446,0,0,0,30.1,0.0,10.3,2,142.0,142.0,3102.0,1,0,1,0,1,1.0,1.0,0,,,18.0,5,1,1,1,0,37.0,,1,0,ACC,0
401643778,2024,Old Dominion,East Carolina,1408.0,1404.0,20118.0,3.147987843,0,0,0,25.2,0.0,8.4,2,4.0,4.0,2812.0,0,0,0,0,-1,0.0,0.0,1,1.0,1.0,18.0,5,1,1,1,0,88.0,172.256278045411,0,0,Sun Belt,1
401636617,2024,UCF,Sam Houston,1578.0,1436.0,44206.0,20.94113731,1,0,0,27.3,0.0,3.3,2,142.0,142.0,3014.0,0,0,1,0,1,1.0,1.0,1,1.0,1.0,18.5,5,1,1,1,0,17.0,1405.1010508720613,0,0,Big 12,1
401641016,2024,Kennesaw State,Louisiana,1485.0,1496.0,11040.0,296.9589844,1,0,0,25.9,0.0,13.2,2,-11.0,11.0,2981.0,0,0,0,0,-1,0.0,0.0,1,1.0,1.0,19.0,5,1,1,1,0,14.0,821.33335295591,0,0,Conference USA,1
401628335,2024,Alabama,South Florida,1997.0,1442.0,101821.0,70.05136108,1,0,0,27.8,0.0,12.2,2,555.0,555.0,3439.0,0,0,1,0,1,1.0,1.0,1,1.0,1.0,18.0,5,1,1,1,0,95.0,755.9885274323311,0,0,SEC,1
401645326,2024,Rice,Texas Southern,1309.0,1480.0,47000.0,7.148301601,0,0,0,28.9,0.0,20.1,2,-171.0,171.0,2789.0,1,0,0,0,-1,0.0,0.0,0,,,18.0,5,1,1,1,0,74.0,,1,0,American Athletic,0
401628462,2024,Illinois,Kansas,1502.0,1619.0,60670.0,223.2471619,0,0,0,18.2,0.0,13.0,2,-117.0,117.0,3121.0,0,1,1,0,1,1.0,1.0,1,1.0,1.0,18.0,5,1,1,1,0,101.0,614.1858936123588,0,0,Big Ten,1
401643780,2024,UL Monroe,UAB,1156.0,1363.0,27617.0,22.998209,0,0,0,27.1,0.0,17.5,2,-207.0,207.0,2519.0,0,0,0,0,1,1.0,1.0,1,1.0,1.0,18.0,5,1,1,1,0,46.0,502.85032692944674,0,0,Sun Belt,0
401643782,2024,Southern Miss,SE Louisiana,1217.0,1480.0,36000.0,64.52726746,0,0,0,28.7,0.0,7.3,2,-263.0,263.0,2697.0,1,0,0,0,-1,0.0,0.0,-1,0.0,0.0,18.0,5,1,1,1,0,92.0,,1,0,Sun Belt,0
401643708,2024,Nevada,Georgia Southern,1271.0,1381.0,27000.0,1406.57605,0,0,0,32.1,0.0,14.3,2,-110.0,110.0,2652.0,0,0,0,0,1,0.5,1.0,-1,0.0,0.0,16.0,5,1,0,1,0,58.0,3485.6704319147884,0,0,Mountain West,0
401628603,2024,Coastal Carolina,William & Mary,1537.0,1480.0,21000.0,13.74894905,0,0,0,25.1,0.0,5.1,2,57.0,57.0,3017.0,1,0,0,0,1,1.0,1.0,0,,,19.0,5,1,1,1,0,21.0,,1,0,Sun Belt,1
401632068,2024,Western Kentucky,Eastern Kentucky,1307.0,1480.0,22113.0,154.4346619,0,0,0,21.5,0.0,10.8,2,-173.0,173.0,2787.0,1,0,0,0,-1,0.0,0.0,-1,0.0,0.0,18.0,5,1,1,1,0,56.0,,1,0,Conference USA,0
401635539,2024,Stanford,Cal Poly,1282.0,1480.0,50424.0,18.38425636,1,0,0,29.1,0.0,9.7,2,-198.0,198.0,2762.0,1,0,1,0,-1,0.0,0.0,0,,,16.0,5,1,0,1,0,18.0,,1,0,ACC,0
401635639,2024,Wake Forest,Virginia,1431.0,1310.0,31500.0,283.548584,0,0,1,22.4,0.0,11.1,2,121.0,121.0,2741.0,0,1,1,0,1,1.0,1.0,1,1.0,1.0,19.0,5,1,1,1,0,56.0,261.73526074447847,0,0,ACC,1
401643706,2024,Colorado State,Northern Colorado,1237.0,1480.0,36500.0,1528.4,0,0,0,28.3,0.0,5.9,2,-243.0,243.0,2717.0,1,0,0,0,-1,0.0,0.0,0,,,17.0,5,1,0,1,0,7.0,,1,0,Mountain West,1
401628344,2024,Missouri,Buffalo,1744.0,1357.0,71168.0,212.6865692,0,0,0,21.0,0.0,9.8,2,387.0,387.0,3101.0,0,0,1,0,1,1.0,1.0,1,1.0,1.0,18.0,5,1,1,1,0,97.0,1222.7652229201283,0,0,SEC,0
401643705,2024,Air Force,San José State,1572.0,1544.0,46692.0,2024.875732,0,0,1,22.3,0.0,10.4,2,28.0,28.0,3116.0,0,0,0,0,1,1.0,1.0,1,1.0,1.0,17.0,5,1,0,1,0,62.0,1497.9276044972005,0,0,Mountain West,0
401628338,2024,Florida,Samford,1493.0,1480.0,88548.0,44.97250748,1,0,0,25.8,1.1,2.2,2,13.0,13.0,2973.0,1,0,1,0,-1,0.0,0.0,0,,,19.0,5,1,1,1,0,94.0,,1,0,SEC,1
401643779,2024,Arkansas State,Tulsa,1406.0,1248.0,30382.0,89.52690887,0,0,0,22.5,0.0,15.8,2,158.0,158.0,2654.0,0,0,0,0,1,1.0,1.0,1,1.0,1.0,18.0,5,1,1,1,0,50.0,475.7435780363652,0,0,Sun Belt,0
401628341,2024,LSU,Nicholls,1805.0,1480.0,102321.0,7.640734673,1,0,0,27.8,0.0,8.0,2,325.0,325.0,3285.0,1,0,1,0,-1,0.0,0.0,-1,0.0,0.0,18.5,5,1,1,1,0,100.0,,1,0,SEC,1
401628468,2024,Ohio State,Western Michigan,1927.0,1309.0,102780.0,216.6770325,0,0,0,17.6,0.0,13.6,2,618.0,618.0,3236.0,0,0,1,0,1,1.0,1.0,-1,0.0,0.0,19.5,5,1,1,1,0,102.0,333.47811755959015,0,0,Big Ten,1
401628467,2024,Nebraska,Colorado,1571.0,1324.0,85458.0,354.9318848,0,0,0,22.5,0.0,12.0,2,247.0,247.0,2895.0,0,1,1,0,1,1.0,1.0,1,1.0,1.0,18.5,5,1,1,1,0,101.0,730.0931697475395,0,0,Big Ten,1
401628349,2024,Vanderbilt,Alcorn State,1303.0,1480.0,40351.0,159.9194641,0,0,0,22.8,0.0,16.9,2,-177.0,177.0,2783.0,1,0,1,0,1,1.0,1.0,-1,0.0,0.0,18.5,5,1,1,1,0,102.0,,1,0,SEC,0
401645325,2024,North Texas,Stephen F. Austin,1460.0,1480.0,30850.0,198.6871948,0,0,0,27.2,0.0,20.1,2,-20.0,20.0,2940.0,1,0,0,0,1,1.0,1.0,0,,,18.5,5,1,1,1,0,13.0,,1,0,American Athletic,0
401628345,2024,Oklahoma,Houston,1849.0,1402.0,86112.0,355.0962524,1,0,0,26.0,0.0,14.0,2,447.0,447.0,3251.0,0,1,1,0,1,1.0,1.0,-1,0.0,0.0,18.75,5,1,1,1,0,99.0,640.5672438323782,0,0,SEC,1
401636615,2024,TCU,Long Island University,1591.0,1480.0,46000.0,185.4387054,1,0,0,26.4,0.0,18.7,2,111.0,111.0,3071.0,1,0,1,0,1,1.0,1.0,0,,,19.0,5,1,1,1,0,95.0,,1,0,Big 12,1
401635532,2024,Clemson,App State,1625.0,1578.0,81500.0,205.6452179,1,0,0,23.9,0.0,15.6,2,47.0,47.0,3203.0,0,0,1,0,-1,0.0,0.0,1,1.0,1.0,20.0,5,1,1,1,0,82.0,200.10703561319542,0,0,ACC,1
401632072,2024,UTEP,Southern Utah,1224.0,1480.0,51500.0,1183.697876,0,0,0,28.3,0.0,17.4,2,-256.0,256.0,2704.0,1,0,0,0,-1,0.0,0.0,-1,0.0,0.0,19.0,5,1,1,1,0,61.0,,1,0,Conference USA,0
401636859,2024,Washington State,Texas Tech,1530.0,1541.0,32952.0,773.9526367,0,0,0,28.4,0.0,8.7,2,-11.0,11.0,3071.0,0,1,1,0,1,1.0,1.0,1,1.0,1.0,19.0,5,1,1,1,0,52.0,1948.1582373906817,0,0,Pac-12,0
401628469,2024,Oregon,Boise State,1904.0,1629.0,54000.0,127.4198303,0,0,0,28.2,0.0,8.1,2,275.0,275.0,3533.0,0,0,1,0,1,1.0,1.0,1,1.0,1.0,19.0,5,1,1,1,0,57.0,553.4428323334781,0,0,Big Ten,1
401643707,2024,Fresno State,Sacramento State,1535.0,1483.0,41031.0,102.564064,0,0,0,36.1,0.0,8.0,2,52.0,52.0,3018.0,1,0,0,0,-1,0.0,0.0,-1,0.0,0.0,19.0,5,1,1,1,0,44.0,242.79949439234414,0,1,Mountain West,1
401636614,2024,Arizona,Northern Arizona,1739.0,1480.0,50782.0,742.1530151,0,0,0,33.7,0.0,11.1,2,259.0,259.0,3219.0,1,0,1,0,1,1.0,1.0,0,,,19.0,5,1,1,1,0,96.0,,1,0,Big 12,1
401640989,2024,New Mexico State,Liberty,1432.0,1572.0,28853.0,1208.201294,0,0,1,26.3,0.0,6.3,2,-140.0,140.0,3004.0,0,0,0,0,1,1.0,1.0,1,1.0,1.0,20.25,5,1,1,1,0,46.0,2569.1529549388815,0,0,Conference USA,0
401643709,2024,San Diego State,Oregon State,1416.0,1648.0,35000.0,62.0,1,0,0,29.0,0.0,7.6,2,-232.0,232.0,3064.0,0,1,0,0,1,1.0,1.0,1,1.0,1.0,19.5,5,1,1,1,0,2.0,1413.1954822820542,0,0,Mountain West,0
401628343,2024,Arizona State,Mississippi State,1497.0,1447.0,65870.0,360.1569519,1,0,0,35.6,0.0,34.8,2,50.0,50.0,2944.0,0,1,1,0,1,1.0,1.0,1,1.0,1.0,19.5,5,1,1,1,0,66.0,2142.5251957690043,0,0,Big 12,0
401628472,2024,USC,Utah State,1668.0,1346.0,77500.0,42.50374222,1,0,0,26.9,0.0,4.1,2,322.0,322.0,3014.0,0,0,1,0,1,1.0,1.0,1,1.0,1.0,20.0,5,1,1,1,0,101.0,1030.4256181834326,0,0,Big Ten,0
401636867,2024,Texas State,Arizona State,1545.0,1504.0,30000.0,177.8676453,0,0,0,32.2,0.0,9.2,3,41.0,41.0,3049.0,0,1,0,0,2,1.0,1.0,2,1.0,1.0,18.5,3,0,1,1,0,43.0,1381.4783823116093,0,0,Sun Belt,0
401636864,2024,Kansas State,Arizona,1790.0,1720.0,50000.0,328.0574646,0,0,0,27.0,0.0,11.4,3,70.0,70.0,3510.0,0,1,1,0,2,1.0,1.0,2,1.0,1.0,19.0,4,0,1,1,0,56.0,1507.4957772037683,0,0,Big 12,1
401635542,2024,Florida State,Memphis,1610.0,1625.0,67277.0,19.55942535,1,0,0,26.1,0.1,9.2,3,-15.0,15.0,3235.0,0,0,1,0,-2,0.0,0.0,2,1.0,1.0,12.0,5,1,0,1,0,74.0,742.9436604645355,0,0,ACC,0
401636865,2024,Miami (OH),Cincinnati,1490.0,1397.0,24286.0,242.2643585,0,0,0,26.3,0.0,14.5,3,93.0,93.0,2887.0,0,1,0,0,-1,0.0,0.0,-1,0.5,0.0,12.0,5,1,0,1,0,41.0,47.04857303491847,0,1,Mid-American,1
401636868,2024,Texas Tech,North Texas,1490.0,1469.0,60454.0,980.7632446,0,0,0,29.3,0.0,17.6,3,21.0,21.0,2959.0,0,0,1,0,-1,0.5,0.0,2,1.0,1.0,11.0,5,1,0,1,0,77.0,439.65702899389123,0,1,Big 12,1
401635546,2024,NC State,Louisiana Tech,1512.0,1246.0,58000.0,117.0089951,1,0,0,25.6,0.0,19.1,3,266.0,266.0,2758.0,0,0,1,0,-1,0.5,0.0,1,1.0,1.0,12.0,5,1,0,1,0,58.0,1331.360221112571,0,0,ACC,1
401636869,2024,Tulsa,Oklahoma State,1250.0,1530.0,30000.0,235.5928345,0,0,0,24.4,0.0,8.1,3,-280.0,280.0,2780.0,0,1,0,0,-1,0.5,0.0,2,1.0,1.0,11.0,5,1,0,1,0,94.0,100.8554304745552,0,1,American Athletic,1
401628350,2024,Wisconsin,Alabama,1593.0,2006.0,80321.0,263.604126,0,0,0,24.3,0.0,9.4,3,-413.0,413.0,3599.0,0,1,1,0,2,1.0,1.0,2,1.0,1.0,11.0,5,1,0,1,0,107.0,1108.5118260829445,0,0,Big Ten,1
401628479,2024,Michigan,Arkansas State,1928.0,1404.0,107601.0,255.5500031,0,0,0,24.9,0.0,10.5,3,524.0,524.0,3332.0,0,0,1,0,-1,0.5,0.0,2,1.0,1.0,12.0,5,1,0,1,0,97.0,929.9229580470973,0,0,Big Ten,1
401628359,2024,South Carolina,LSU,1637.0,1803.0,80250.0,60.54548645,1,0,1,26.2,0.0,25.0,3,-166.0,166.0,3440.0,0,1,1,0,2,1.0,1.0,1,0.5,1.0,12.0,5,1,0,1,0,90.0,1034.5728155729453,0,0,SEC,1
401628357,2024,Missouri,Boston College,1803.0,1462.0,71168.0,212.6865692,0,0,0,26.1,0.0,7.2,3,341.0,341.0,3265.0,0,1,1,0,2,1.0,1.0,2,1.0,1.0,11.75,5,1,0,1,0,97.0,1820.5871931485383,0,0,SEC,0
401629041,2024,Buffalo,Massachusetts,1298.0,1125.0,30270.0,181.5759735,0,0,0,26.1,0.0,1.5,3,173.0,173.0,2423.0,0,0,0,0,-1,0.5,0.0,-2,0.0,0.0,13.0,5,1,0,1,0,31.0,514.6809598655016,0,0,Mid-American,0
401643786,2024,Temple,Coastal Carolina,1074.0,1537.0,69879.0,3.198706865,0,0,0,29.5,0.0,12.3,3,-463.0,463.0,2611.0,0,0,0,0,-2,0.0,0.0,2,1.0,1.0,14.0,5,1,0,1,0,21.0,760.4429982497434,0,0,American Athletic,0
401628481,2024,Minnesota,Nevada,1492.0,1273.0,50850.0,254.3902283,0,0,0,25.2,0.1,14.0,3,219.0,219.0,2765.0,0,0,1,0,1,0.5,1.0,-1,0.3333333333333333,0.0,14.5,5,1,0,1,0,15.0,2258.7645818027713,0,0,Big Ten,0
401628483,2024,Oregon State,Oregon,1676.0,1902.0,43363.0,66.90744781,0,0,0,21.0,0.0,2.9,3,-226.0,226.0,3578.0,0,1,1,1,2,1.0,1.0,2,1.0,1.0,12.5,5,1,0,1,0,71.0,58.248039111701594,0,1,Pac-12,0
401635543,2024,Georgia Tech,VMI,1551.0,1480.0,55000.0,279.300415,0,0,0,24.9,0.1,29.6,3,71.0,71.0,3031.0,1,0,1,0,-1,0.6666666666666666,0.0,0,,,15.5,5,1,0,1,0,111.0,,1,0,ACC,0
401628978,2024,Purdue,Notre Dame,1492.0,1858.0,57282.0,197.5337677,1,0,0,30.5,0.0,15.4,3,-366.0,366.0,3350.0,0,0,1,0,1,1.0,1.0,-1,0.5,0.0,15.5,5,1,0,1,0,100.0,151.73277547197463,0,1,Big Ten,1
401635547,2024,Pittsburgh,West Virginia,1483.0,1546.0,68400.0,220.5887146,1,0,0,27.9,0.0,12.4,3,-63.0,63.0,3029.0,0,1,1,1,2,1.0,1.0,1,0.5,1.0,15.5,5,1,0,1,0,23.0,88.71563711814021,0,0,ACC,1
401628358,2024,Oklahoma,Tulane,1840.0,1569.0,86112.0,355.0962524,1,0,0,30.9,0.0,14.3,3,271.0,271.0,3409.0,0,0,1,0,2,1.0,1.0,-1,0.5,0.0,14.5,5,1,0,1,0,99.0,901.3942982646835,0,0,SEC,1
401628353,2024,Florida,Texas A&M,1497.0,1677.0,88548.0,44.97250748,1,0,1,26.9,0.1,6.2,3,-180.0,180.0,3174.0,0,1,1,0,1,0.5,1.0,1,0.5,1.0,15.5,5,1,0,1,0,94.0,1348.9623361882946,0,0,SEC,1
401635544,2024,Miami,Ball State,1618.0,1341.0,64767.0,2.624486446,0,0,0,32.0,0.2,7.5,3,277.0,277.0,2959.0,0,0,1,0,2,1.0,1.0,1,1.0,1.0,15.5,5,1,0,1,0,37.0,1656.3207281744963,0,0,ACC,0
401644734,2024,Ohio,Morgan State,1481.0,1480.0,24000.0,194.230896,0,0,0,30.2,0.0,9.5,3,1.0,1.0,2961.0,1,0,0,0,1,0.5,1.0,0,,,15.5,5,1,0,1,0,95.0,,1,0,Mid-American,0
401628480,2024,Michigan State,Prairie View A&M,1418.0,1480.0,75005.0,254.8794861,1,0,0,28.8,0.0,11.8,3,-62.0,62.0,2898.0,1,0,1,0,2,1.0,1.0,0,,,15.5,5,1,0,1,0,101.0,,1,0,Big Ten,1
401643785,2024,East Carolina,App State,1415.0,1446.0,50000.0,19.0564537,1,0,0,27.1,0.0,23.0,3,-31.0,31.0,2861.0,0,0,0,0,2,1.0,1.0,-1,0.5,0.0,16.0,5,1,0,1,0,61.0,395.0892568558087,0,1,American Athletic,1
401628477,2024,Iowa,Troy,1552.0,1573.0,69250.0,220.6357727,0,0,0,27.9,0.0,9.9,3,-21.0,21.0,3125.0,0,0,1,0,-1,0.5,0.0,-2,0.0,0.0,15.0,5,1,0,1,0,95.0,1203.7902659957083,0,0,Big Ten,1
401628351,2024,Arkansas,UAB,1446.0,1270.0,80000.0,403.7972412,0,0,0,28.8,0.0,11.5,3,176.0,176.0,2716.0,0,0,1,0,-1,0.5,0.0,-1,0.5,0.0,15.25,5,1,0,1,0,86.0,730.4483711317314,0,0,SEC,1
401629030,2024,Duke,UConn,1602.0,1157.0,40004.0,103.0028152,1,0,0,26.1,0.0,14.4,3,445.0,445.0,2759.0,0,0,1,0,2,1.0,1.0,1,0.5,1.0,18.0,5,1,1,1,0,95.0,842.3394525509624,0,0,ACC,0
401640990,2024,Liberty,UTEP,1573.0,1232.0,25000.0,272.9237061,0,0,1,24.8,0.0,11.5,3,341.0,341.0,2805.0,0,0,0,0,2,1.0,1.0,-2,0.0,0.0,18.0,5,1,1,1,0,35.0,2568.758762308373,0,0,Conference USA,0
401640980,2024,Florida Atlantic,Florida International,1373.0,1271.0,29419.0,3.613628864,0,0,0,26.3,0.1,4.0,3,102.0,102.0,2644.0,0,0,0,0,-2,0.0,0.0,1,0.5,1.0,18.0,5,1,1,1,0,13.0,74.65654709588435,0,1,American Athletic,0
401643787,2024,Georgia Southern,South Carolina State,1383.0,1480.0,25000.0,61.25376892,0,0,0,27.0,0.0,13.3,3,-97.0,97.0,2863.0,1,0,0,0,1,0.5,1.0,0,,,18.0,5,1,1,1,0,40.0,,1,0,Sun Belt,0
401635545,2024,North Carolina,North Carolina Central,1567.0,1480.0,50500.0,127.7569809,0,0,0,26.3,0.0,15.4,3,87.0,87.0,3047.0,1,0,1,0,2,1.0,1.0,0,,,18.0,5,1,1,1,0,97.0,,1,0,ACC,1
401644733,2024,Akron,Colgate,1098.0,1480.0,30000.0,321.2875061,0,0,0,27.8,0.0,13.4,3,-382.0,382.0,2578.0,1,0,0,0,-2,0.0,0.0,0,,,18.0,5,1,1,1,0,15.0,,1,0,Mid-American,0
401635548,2024,Old Dominion,Virginia Tech,1397.0,1597.0,20118.0,3.147987843,0,0,0,23.6,0.0,27.6,3,-200.0,200.0,2994.0,0,1,0,0,-2,0.0,0.0,1,0.5,1.0,18.0,5,1,1,1,0,88.0,366.82460109790117,0,1,Sun Belt,1
401636364,2024,Western Michigan,Bethune-Cookman,1193.0,1480.0,30200.0,243.8211212,0,0,0,28.3,0.0,12.3,3,-287.0,287.0,2673.0,1,0,0,0,-2,0.0,0.0,-1,0.0,0.0,18.5,5,1,1,1,0,85.0,,1,0,Mid-American,0
401628355,2024,Wake Forest,Ole Miss,1424.0,1770.0,31500.0,283.548584,0,0,0,25.7,0.0,17.1,3,-346.0,346.0,3194.0,0,1,1,0,-1,0.5,0.0,2,1.0,1.0,18.5,5,1,1,1,0,56.0,864.9495528057377,0,0,ACC,1
401628361,2024,Texas,UTSA,1991.0,1467.0,100119.0,160.3089447,0,0,0,34.0,0.0,7.8,3,524.0,524.0,3458.0,0,0,1,0,2,1.0,1.0,-1,0.5,0.0,18.0,5,1,1,1,0,100.0,120.2811541770744,0,1,SEC,1
401640999,2024,Eastern Michigan,Jacksonville State,1298.0,1374.0,30200.0,241.248764,0,0,0,24.3,0.0,11.6,3,-76.0,76.0,2672.0,0,0,0,0,-1,0.5,0.0,-2,0.0,0.0,19.0,5,1,1,1,0,55.0,956.1330718655577,0,0,Mid-American,0
401641024,2024,Middle Tennessee,Western Kentucky,1288.0,1323.0,30788.0,191.7279816,0,0,1,23.5,0.0,5.6,3,-35.0,35.0,2611.0,0,0,0,0,-1,0.5,0.0,1,0.5,1.0,18.0,5,1,1,1,0,91.0,126.31951313460195,0,0,Conference USA,0
401641040,2024,Sam Houston,Hawai'i,1370.0,1242.0,14000.0,127.6225204,0,0,0,32.9,0.0,3.9,3,128.0,128.0,2612.0,0,0,0,0,-1,0.5,0.0,-1,0.5,0.0,18.0,5,1,1,1,0,38.0,6235.175865286522,0,0,Conference USA,1
401628362,2024,Georgia State,Vanderbilt,1370.0,1313.0,25000.0,287.0,0,0,0,22.5,0.2,17.3,3,57.0,57.0,2683.0,0,1,0,0,1,0.5,1.0,2,1.0,1.0,19.0,5,1,1,1,0,7.0,346.89720065678546,0,0,Sun Belt,0
401641017,2024,San José State,Kennesaw State,1567.0,1423.0,30456.0,28.30708694,0,0,0,30.8,0.0,17.8,3,144.0,144.0,2990.0,0,0,0,0,2,1.0,1.0,-2,0.0,0.0,16.0,5,1,0,1,0,91.0,3367.292991674431,0,0,Mountain West,0
401643789,2024,Southern Miss,South Florida,1230.0,1433.0,36000.0,64.52726746,0,0,0,28.1,0.0,8.0,3,-203.0,203.0,2663.0,0,0,0,0,1,0.5,1.0,-1,0.5,0.0,18.0,5,1,1,1,0,92.0,757.6625569221998,0,0,Sun Belt,0
401628354,2024,Kentucky,Georgia,1563.0,2066.0,61000.0,307.4248962,0,0,1,27.3,0.0,5.8,3,-503.0,503.0,3629.0,0,1,1,0,-1,0.5,0.0,2,1.0,1.0,19.5,5,1,1,1,0,51.0,464.11608192938814,0,0,SEC,1
401636860,2024,Baylor,Air Force,1417.0,1549.0,45140.0,117.0538101,0,0,0,35.0,0.0,8.0,3,-132.0,132.0,2966.0,0,0,1,0,-1,0.5,0.0,-1,0.5,0.0,18.5,5,1,1,1,0,10.0,1083.658630416968,0,0,Big 12,1
401636866,2024,TCU,UCF,1578.0,1644.0,46000.0,185.4387054,1,0,1,34.8,0.0,10.6,3,-66.0,66.0,3222.0,0,1,1,0,2,1.0,1.0,2,1.0,1.0,18.5,5,1,1,1,0,95.0,1611.0866649363252,0,0,Big 12,1
401628482,2024,Nebraska,Northern Iowa,1596.0,1480.0,85458.0,354.9318848,0,0,0,27.9,0.0,13.6,3,116.0,116.0,3076.0,1,0,1,0,2,1.0,1.0,0,,,18.5,5,1,1,1,0,101.0,,1,0,Big Ten,1
401636861,2024,Colorado State,Colorado,1261.0,1307.0,36500.0,1528.4,0,0,0,29.5,0.0,6.0,3,-46.0,46.0,2568.0,0,1,0,1,1,0.5,1.0,-1,0.5,0.0,17.5,5,1,0,1,0,7.0,64.14102301162137,0,1,Mountain West,1
401628356,2024,Mississippi State,Toledo,1440.0,1524.0,61337.0,110.2742081,1,0,0,24.9,0.0,7.7,3,-84.0,84.0,2964.0,0,0,1,0,-1,0.5,0.0,2,1.0,1.0,18.5,5,1,1,1,0,110.0,1019.3364022270184,0,0,SEC,0
401628352,2024,Auburn,New Mexico,1537.0,1228.0,87451.0,201.1737976,1,0,0,22.0,1.6,11.0,3,309.0,309.0,2765.0,0,0,1,0,-1,0.5,0.0,-2,0.0,0.0,18.5,5,1,1,1,0,85.0,1967.7927174515548,0,0,SEC,1
401628476,2024,UCLA,Indiana,1553.0,1430.0,88565.0,245.1772461,1,0,1,25.5,0.0,13.6,3,123.0,123.0,2983.0,0,1,1,0,1,1.0,1.0,2,1.0,1.0,16.5,5,1,0,1,0,102.0,2861.564968323127,0,0,Big Ten,0
401628360,2024,Tennessee,Kent State,1845.0,1108.0,102455.0,271.9517212,1,0,0,27.5,0.0,20.2,3,737.0,737.0,2953.0,0,0,1,0,2,1.0,1.0,-2,0.0,0.0,19.75,5,1,1,1,0,103.0,619.4853943498866,0,0,SEC,1
401636862,2024,Houston,Rice,1411.0,1314.0,40000.0,9.57440567,0,0,0,30.8,0.0,5.1,3,97.0,97.0,2725.0,0,0,1,0,-2,0.0,0.0,1,0.5,1.0,19.0,5,1,1,1,0,10.0,5.843931402352191,0,1,Big 12,0
401636871,2024,Wyoming,BYU,1354.0,1430.0,29181.0,2200.153564,0,0,0,20.9,0.0,5.9,3,-76.0,76.0,2784.0,0,1,0,0,-2,0.0,0.0,2,1.0,1.0,19.0,5,1,1,1,0,74.0,525.5449849024329,0,0,Mountain West,0
401641033,2024,Fresno State,New Mexico State,1551.0,1431.0,41031.0,102.564064,0,0,0,30.1,0.0,7.2,3,120.0,120.0,2982.0,0,0,0,0,1,0.5,1.0,-1,0.5,0.0,19.5,5,1,1,1,0,44.0,1292.9714252034685,0,0,Mountain West,1
401635541,2024,California,San Diego State,1502.0,1388.0,62467.0,125.3108063,0,0,0,14.5,0.0,14.2,3,114.0,114.0,2890.0,0,0,1,0,2,1.0,1.0,-1,0.5,0.0,19.5,5,1,1,1,0,101.0,732.0633230258495,0,1,ACC,0
401643790,2024,App State,South Alabama,1447.0,1576.0,30000.0,991.3414307,0,0,1,18.8,0.0,6.4,4,-129.0,129.0,3023.0,0,0,0,0,1,0.6666666666666666,1.0,1,0.3333333333333333,1.0,19.5,3,0,1,0,0,62.0,860.0024892945895,0,0,Sun Belt,1
401634766,2024,Syracuse,Stanford,1386.0,1295.0,49057.0,162.6989746,0,1,1,21.1,0.0,11.2,4,91.0,91.0,2681.0,0,1,1,0,2,1.0,1.0,1,0.5,1.0,19.5,4,0,1,0,0,44.0,3906.513435395293,0,0,ACC,0
401628485,2024,Nebraska,Illinois,1588.0,1533.0,85458.0,354.9318848,0,0,1,28.1,0.0,14.3,4,55.0,55.0,3121.0,0,1,1,0,3,1.0,1.0,3,1.0,1.0,19.0,4,0,1,0,0,101.0,720.7494981194783,0,0,Big Ten,1
401643714,2024,Washington State,San José State,1595.0,1602.0,32952.0,773.9526367,0,0,0,15.2,0.0,8.9,4,-7.0,7.0,3197.0,0,0,1,0,3,1.0,1.0,3,1.0,1.0,19.0,4,0,1,0,0,52.0,1115.9516363000212,0,0,Pac-12,0
401636879,2024,West Virginia,Kansas,1541.0,1603.0,60000.0,327.409668,0,0,1,26.0,0.0,7.1,4,-62.0,62.0,3144.0,0,1,1,0,-1,0.3333333333333333,0.0,-2,0.3333333333333333,0.0,12.0,5,1,0,0,0,44.0,1316.2616895502838,0,0,Big 12,0
401628367,2024,Mississippi State,Florida,1386.0,1485.0,61337.0,110.2742081,1,0,1,30.4,0.0,5.1,4,-99.0,99.0,2871.0,0,1,1,0,-2,0.3333333333333333,0.0,-1,0.3333333333333333,0.0,11.0,5,1,0,0,0,110.0,742.745110250229,0,0,SEC,0
401643791,2024,Louisiana,Tulane,1558.0,1561.0,41426.0,3.556508303,0,0,0,29.8,0.0,9.2,4,-3.0,3.0,3119.0,0,0,0,0,2,1.0,1.0,-2,0.3333333333333333,0.0,11.0,5,1,0,0,0,53.0,187.66395670293886,0,1,Sun Belt,0
401636873,2024,Cincinnati,Houston,1429.0,1466.0,40000.0,230.0660553,0,0,1,27.1,0.0,2.9,4,-37.0,37.0,2895.0,0,1,1,0,1,0.6666666666666666,1.0,1,0.3333333333333333,1.0,12.0,5,1,0,0,0,109.0,1440.6913262019261,0,0,Big 12,1
401645328,2024,Army,Rice,1465.0,1259.0,38000.0,99.21277618,0,0,1,22.3,0.0,9.0,4,206.0,206.0,2724.0,0,0,0,0,2,1.0,1.0,-1,0.3333333333333333,0.0,12.0,5,1,0,0,0,100.0,2323.8120326030385,0,0,American Athletic,0
401635556,2024,North Carolina,James Madison,1554.0,1699.0,50500.0,127.7569809,0,0,0,26.4,0.0,6.0,4,-145.0,145.0,3253.0,0,0,1,0,3,1.0,1.0,2,1.0,1.0,12.0,5,1,0,0,0,97.0,281.56793542563355,0,0,ACC,1
401628488,2024,Maryland,Villanova,1698.0,1480.0,51802.0,32.68748093,0,0,0,24.9,0.0,9.7,4,218.0,218.0,3178.0,1,0,1,0,1,0.6666666666666666,1.0,0,,,12.0,5,1,0,0,0,74.0,,1,0,Big Ten,0
401635552,2024,Clemson,NC State,1757.0,1511.0,81500.0,205.6452179,1,0,1,27.8,0.0,5.2,4,246.0,246.0,3268.0,0,1,1,0,1,0.5,1.0,1,0.6666666666666666,1.0,12.0,5,1,0,0,0,82.0,394.69918078168115,0,0,ACC,1
401628486,2024,Indiana,Charlotte,1527.0,1187.0,52656.0,231.6500854,0,0,0,28.5,0.0,4.7,4,340.0,340.0,2714.0,0,0,1,0,3,1.0,1.0,1,0.3333333333333333,1.0,12.0,5,1,0,0,0,64.0,668.671029476893,0,0,Big Ten,0
401628492,2024,Ohio State,Marshall,2014.0,1384.0,102780.0,216.6770325,0,0,0,27.6,0.0,6.5,4,630.0,630.0,3398.0,0,0,1,0,2,1.0,1.0,-1,0.5,0.0,12.0,5,1,0,0,0,102.0,182.76534230797606,0,0,Big Ten,1
401628364,2024,Kentucky,Ohio,1583.0,1486.0,61000.0,307.4248962,0,0,0,25.0,0.5,0.4,4,97.0,97.0,3069.0,0,0,1,0,-2,0.3333333333333333,0.0,2,0.6666666666666666,1.0,12.75,5,1,0,0,0,51.0,253.65776429412054,0,0,SEC,1
401644735,2024,Central Michigan,Ball State,1173.0,1185.0,30255.0,240.9007721,0,0,1,26.8,0.0,5.0,4,-12.0,12.0,2358.0,0,0,0,0,-2,0.3333333333333333,0.0,-1,0.5,0.0,13.0,5,1,0,0,0,52.0,377.60442158576586,0,0,Mid-American,0
401643715,2024,Temple,Utah State,1092.0,1242.0,69879.0,3.198706865,0,0,0,24.9,0.0,5.8,4,-150.0,150.0,2334.0,0,0,0,0,-3,0.0,0.0,-2,0.3333333333333333,0.0,14.0,5,1,0,0,0,21.0,3066.7895924269287,0,0,American Athletic,0
401644737,2024,Eastern Michigan,Saint Francis,1303.0,1480.0,30200.0,241.248764,0,0,0,27.4,0.0,9.2,4,-177.0,177.0,2783.0,1,0,0,0,1,0.6666666666666666,1.0,1,1.0,1.0,14.0,5,1,0,0,0,55.0,,1,0,Mid-American,0
401636875,2024,Iowa State,Arkansas State,1610.0,1421.0,61500.0,274.9135437,1,0,0,30.0,0.0,20.2,4,189.0,189.0,3031.0,0,0,1,0,2,1.0,1.0,-1,0.6666666666666666,0.0,13.0,5,1,0,0,0,49.0,731.890999143901,0,0,Big 12,1
401635558,2024,Coastal Carolina,Virginia,1519.0,1318.0,21000.0,13.74894905,0,0,0,28.2,0.0,8.0,4,201.0,201.0,2837.0,0,1,0,0,3,1.0,1.0,-1,0.6666666666666666,0.0,14.0,5,1,0,0,0,21.0,473.4494685884315,0,0,Sun Belt,1
401641000,2024,Jacksonville State,Southern Miss,1372.0,1187.0,24000.0,198.0679016,0,0,0,32.8,0.0,7.7,4,185.0,185.0,2559.0,0,0,0,0,-3,0.0,0.0,-1,0.3333333333333333,0.0,14.0,5,1,0,0,0,77.0,433.92904283633567,0,0,Conference USA,1
401643713,2024,Nevada,Eastern Washington,1220.0,1480.0,27000.0,1406.57605,0,0,0,20.1,0.0,4.2,4,-260.0,260.0,2700.0,1,0,0,0,-2,0.25,0.0,0,,,12.0,5,1,0,0,0,58.0,,1,0,Mountain West,0
401628494,2024,Virginia Tech,Rutgers,1626.0,1511.0,65632.0,632.2631226,1,0,0,27.7,0.0,9.8,4,115.0,115.0,3137.0,0,1,1,0,2,0.6666666666666666,1.0,2,1.0,1.0,15.5,5,1,0,0,0,59.0,632.0041640346064,0,0,ACC,1
401628979,2024,Notre Dame,Miami (OH),1992.0,1458.0,80795.0,222.645401,0,0,0,29.1,0.0,6.4,4,534.0,534.0,3450.0,0,0,0,0,1,0.6666666666666666,1.0,-2,0.0,0.0,15.5,5,1,0,0,0,94.0,273.37776927028364,0,0,FBS Independents,1
401635554,2024,Louisville,Georgia Tech,1700.0,1556.0,60000.0,138.5615997,0,0,1,30.8,0.0,1.8,4,144.0,144.0,3256.0,0,1,1,0,2,1.0,1.0,1,0.75,1.0,15.5,5,1,0,0,0,26.0,508.03237731505413,0,0,ACC,0
401644736,2024,Northern Illinois,Buffalo,1476.0,1360.0,23595.0,267.4530029,0,0,1,31.4,0.0,17.4,4,116.0,116.0,2836.0,0,0,0,0,2,1.0,1.0,1,0.6666666666666666,1.0,14.5,5,1,0,0,0,59.0,828.2754901489633,0,0,Mid-American,0
401628489,2024,Michigan,USC,1911.0,1768.0,107601.0,255.5500031,0,0,1,28.0,0.0,9.2,4,143.0,143.0,3679.0,0,1,1,0,1,0.6666666666666666,1.0,2,1.0,1.0,15.5,5,1,0,0,0,97.0,3132.6823667844005,0,0,Big Ten,1
401645330,2024,UTSA,Houston Christian,1366.0,1480.0,36582.0,201.5526886,0,1,0,32.6,0.0,13.8,4,-114.0,114.0,2846.0,1,0,0,0,-2,0.3333333333333333,0.0,-1,0.0,0.0,14.5,5,1,0,0,0,31.0,,1,0,American Athletic,0
401636877,2024,Texas Tech,Arizona State,1623.0,1511.0,60454.0,980.7632446,0,0,1,30.6,0.1,24.6,4,112.0,112.0,3134.0,0,1,1,0,1,0.6666666666666666,1.0,3,1.0,1.0,14.5,5,1,0,0,0,77.0,932.4855217195859,0,0,Big 12,1
401645329,2024,Navy,Memphis,1409.0,1639.0,34000.0,10.74990082,0,0,1,25.3,0.1,11.0,4,-230.0,230.0,3048.0,0,0,0,0,2,1.0,1.0,3,1.0,1.0,15.5,5,1,0,0,0,65.0,1268.6619456442259,0,0,American Athletic,1
401628365,2024,LSU,UCLA,1798.0,1456.0,102321.0,7.640734673,1,0,0,31.8,0.0,6.8,4,342.0,342.0,3254.0,0,1,1,0,2,0.6666666666666666,1.0,-1,0.5,0.0,14.5,5,1,0,0,0,100.0,2562.8956195897877,0,0,SEC,1
401634247,2024,Pittsburgh,Youngstown State,1488.0,1480.0,68400.0,220.5887146,1,0,0,25.0,0.4,11.7,4,8.0,8.0,2968.0,1,0,1,0,3,1.0,1.0,0,,,15.5,5,1,0,0,0,23.0,,1,0,ACC,0
401628363,2024,Auburn,Arkansas,1569.0,1451.0,87451.0,201.1737976,1,0,1,29.9,0.0,1.9,4,118.0,118.0,3020.0,0,1,1,0,1,0.6666666666666666,1.0,1,0.6666666666666666,1.0,14.5,5,1,0,0,0,85.0,885.5403471829816,0,0,SEC,1
401628493,2024,Penn State,Kent State,1848.0,989.0,106572.0,354.1551514,1,0,0,27.2,0.0,7.2,4,859.0,859.0,2837.0,0,0,1,0,2,1.0,1.0,-3,0.0,0.0,15.5,5,1,0,0,0,64.0,292.4954097270545,0,0,Big Ten,1
401629042,2024,Massachusetts,Central Connecticut,1057.0,1480.0,17000.0,46.58664703,0,0,0,18.4,0.0,8.9,4,-423.0,423.0,2537.0,1,0,0,0,-3,0.0,0.0,-1,0.0,0.0,15.5,5,1,0,0,0,59.0,,1,0,FBS Independents,0
401636876,2024,Oklahoma State,Utah,1595.0,1631.0,55509.0,276.4808655,0,0,1,35.4,0.0,15.3,4,-36.0,36.0,3226.0,0,1,1,0,3,1.0,1.0,3,1.0,1.0,15.0,5,1,0,0,0,105.0,1384.479945167284,0,0,Big 12,1
401635553,2024,Middle Tennessee,Duke,1215.0,1590.0,30788.0,191.7279816,0,0,0,27.9,1.4,11.7,4,-375.0,375.0,2805.0,0,1,0,0,-2,0.3333333333333333,0.0,3,1.0,1.0,15.0,5,1,0,0,0,91.0,668.7492863049124,0,0,Conference USA,0
401628368,2024,Missouri,Vanderbilt,1795.0,1312.0,71168.0,212.6865692,0,0,1,29.3,0.0,4.8,4,483.0,483.0,3107.0,0,1,1,0,3,1.0,1.0,-1,0.6666666666666666,0.0,15.25,5,1,0,0,0,97.0,577.4204215530305,0,0,SEC,0
401635557,2024,SMU,TCU,1648.0,1580.0,32000.0,169.4058075,0,0,0,34.8,0.0,16.9,4,68.0,68.0,3228.0,0,1,1,1,-1,0.6666666666666666,0.0,-1,0.6666666666666666,0.0,16.0,5,1,0,0,0,24.0,56.5443572994207,0,1,ACC,1
401641028,2024,Colorado State,UTEP,1219.0,1223.0,36500.0,1528.4,0,0,0,20.9,0.0,12.3,4,-4.0,4.0,2442.0,0,0,0,0,-1,0.3333333333333333,0.0,-3,0.0,0.0,15.0,5,1,0,0,0,7.0,986.3681973768402,0,0,Mountain West,0
401640991,2024,Liberty,East Carolina,1582.0,1414.0,25000.0,272.9237061,0,0,0,21.3,7.6,3.8,4,168.0,168.0,2996.0,0,0,0,0,3,1.0,1.0,-1,0.6666666666666666,0.0,18.0,5,1,1,0,0,35.0,253.75771343916512,0,0,Conference USA,1
401628491,2024,Washington,Northwestern,1745.0,1514.0,70138.0,11.65622807,0,0,1,19.5,0.0,13.4,4,231.0,231.0,3259.0,0,1,1,0,-1,0.6666666666666666,0.0,1,0.6666666666666666,1.0,16.0,5,1,0,0,0,104.0,2775.0436085171405,0,0,Big Ten,1
401641008,2024,Louisiana Tech,Tulsa,1247.0,1185.0,28019.0,72.87982941,0,0,0,32.0,0.0,6.6,4,62.0,62.0,2432.0,0,0,0,0,-1,0.5,0.0,-2,0.3333333333333333,0.0,18.0,5,1,1,0,0,56.0,502.7708703118086,0,0,Conference USA,0
401643716,2024,North Texas,Wyoming,1336.0,1312.0,30850.0,198.6871948,0,0,0,33.8,0.0,16.8,4,24.0,24.0,2648.0,0,0,0,0,-1,0.6666666666666666,0.0,-3,0.0,0.0,18.0,5,1,1,0,0,13.0,1167.7817584770921,0,0,American Athletic,0
401641037,2024,Western Kentucky,Toledo,1396.0,1578.0,22113.0,154.4346619,0,0,0,28.5,0.0,7.4,4,-182.0,182.0,2974.0,0,0,0,0,2,0.6666666666666666,1.0,3,1.0,1.0,18.0,5,1,1,0,0,56.0,574.2696067406046,0,0,Conference USA,0
401636374,2024,Troy,Florida A&M,1538.0,1480.0,30000.0,154.7746277,0,0,0,28.0,0.0,7.0,4,58.0,58.0,3018.0,1,0,0,0,-3,0.0,0.0,-1,0.0,0.0,18.0,5,1,1,0,0,74.0,,1,0,Sun Belt,1
401635555,2024,South Florida,Miami,1476.0,1774.0,65828.0,11.07972908,1,0,0,27.5,0.0,16.2,4,-298.0,298.0,3250.0,0,1,0,0,1,0.6666666666666666,1.0,3,1.0,1.0,19.0,5,1,1,0,0,26.0,317.33295168033874,0,1,American Athletic,0
401629031,2024,UConn,Florida Atlantic,1169.0,1403.0,40000.0,6.515614986,1,0,0,15.9,0.0,11.1,4,-234.0,234.0,2572.0,0,0,0,0,-1,0.3333333333333333,0.0,1,0.3333333333333333,1.0,19.0,5,1,1,0,0,21.0,1842.2746935142793,0,0,FBS Independents,0
401635551,2024,Florida State,California,1596.0,1540.0,67277.0,19.55942535,1,0,1,27.6,0.0,5.4,4,56.0,56.0,3136.0,0,1,1,0,-3,0.0,0.0,3,1.0,1.0,19.0,5,1,1,0,0,74.0,3562.302972657837,0,0,ACC,0
401628369,2024,Oklahoma,Tennessee,1848.0,1964.0,86112.0,355.0962524,1,0,1,34.4,0.0,13.5,4,-116.0,116.0,3812.0,0,1,1,0,3,1.0,1.0,3,1.0,1.0,18.5,5,1,1,0,0,99.0,1224.2863328702613,0,0,SEC,1
401628370,2024,South Carolina,Akron,1642.0,1110.0,80250.0,60.54548645,1,0,0,27.1,0.0,3.7,4,532.0,532.0,2752.0,0,0,1,0,-1,0.6666666666666666,0.0,1,0.3333333333333333,1.0,19.5,5,1,1,0,0,90.0,790.6053246738051,0,0,SEC,1
401628487,2024,Minnesota,Iowa,1537.0,1591.0,50850.0,254.3902283,0,0,1,24.8,0.0,18.7,4,-54.0,54.0,3128.0,0,1,1,1,2,0.6666666666666666,1.0,1,0.6666666666666666,1.0,18.5,5,1,1,0,0,15.0,392.9675444261499,0,0,Big Ten,1
401628372,2024,Texas A&M,Bowling Green,1689.0,1444.0,102733.0,108.824585,1,0,0,35.8,0.0,17.3,4,245.0,245.0,3133.0,0,0,1,0,2,0.6666666666666666,1.0,-1,0.5,0.0,18.5,5,1,1,0,0,97.0,1652.5615925172615,0,0,SEC,1
401628366,2024,Ole Miss,Georgia Southern,1824.0,1379.0,64038.0,146.8517151,1,0,0,29.5,0.0,3.7,4,445.0,445.0,3203.0,0,0,1,0,3,1.0,1.0,2,0.6666666666666666,1.0,18.75,5,1,1,0,0,109.0,751.1976329335114,0,0,SEC,1
401628371,2024,Texas,UL Monroe,2068.0,1249.0,100119.0,160.3089447,0,0,0,33.6,0.0,13.6,4,819.0,819.0,3317.0,0,0,1,0,3,1.0,1.0,2,1.0,1.0,19.0,5,1,1,0,0,100.0,592.8615514579972,0,0,SEC,1
401636874,2024,Colorado,Baylor,1349.0,1507.0,50183.0,1634.041138,1,0,1,18.1,0.0,11.5,4,-158.0,158.0,2856.0,0,1,1,0,1,0.6666666666666666,1.0,1,0.6666666666666666,1.0,18.0,5,1,1,0,0,100.0,1192.0231675007728,0,0,Big 12,1
401628490,2024,Boston College,Michigan State,1470.0,1425.0,44500.0,39.82634354,0,0,0,14.8,1.5,16.6,4,45.0,45.0,2895.0,0,1,1,0,-1,0.6666666666666666,0.0,3,1.0,1.0,20.0,5,1,1,0,0,67.0,1091.0533365925417,0,0,ACC,1
401643711,2024,New Mexico,Fresno State,1196.0,1680.0,39224.0,1554.471924,0,0,1,24.2,0.0,26.9,4,-484.0,484.0,2876.0,0,0,0,0,-3,0.0,0.0,2,0.6666666666666666,1.0,18.5,5,1,1,0,0,64.0,1196.881165605643,0,0,Mountain West,0
401643717,2024,Oregon State,Purdue,1604.0,1358.0,43363.0,66.90744781,0,0,0,24.0,0.0,15.0,4,246.0,246.0,2962.0,0,1,1,0,-1,0.6666666666666666,0.0,-1,0.5,0.0,17.5,5,1,0,0,0,71.0,2990.9991781618082,0,0,Pac-12,0
401637162,2024,Boise State,Portland State,1636.0,1480.0,36387.0,823.2221069,0,0,0,21.0,0.0,8.2,4,156.0,156.0,3116.0,1,0,0,0,-1,0.5,0.0,-1,0.0,0.0,19.75,5,1,1,0,0,54.0,,1,0,Mountain West,1
401636872,2024,BYU,Kansas State,1472.0,1842.0,63470.0,1412.097046,1,0,1,15.9,0.0,5.6,4,-370.0,370.0,3314.0,0,1,1,0,3,1.0,1.0,3,1.0,1.0,20.5,5,1,1,0,0,60.0,1291.7025471558616,0,0,Big 12,1
401643712,2024,Hawai'i,Northern Iowa,1211.0,1480.0,15194.0,20.0,0,0,0,26.5,0.0,19.7,4,-269.0,269.0,2691.0,1,0,0,0,-2,0.3333333333333333,0.0,-1,0.0,0.0,17.983333333333334,5,1,0,0,0,9.0,,1,0,Mountain West,0
401645331,2024,Temple,Army,1141.0,1499.0,69879.0,3.198706865,0,0,1,24.1,0.0,7.4,5,-358.0,358.0,2640.0,0,0,0,0,1,0.25,1.0,3,1.0,1.0,19.5,3,0,1,0,0,21.0,194.00002898887976,0,0,American Athletic,0
401634767,2024,Miami,Virginia Tech,1837.0,1614.0,64767.0,2.624486446,0,0,1,28.3,0.0,10.4,5,223.0,223.0,3451.0,0,1,1,0,4,1.0,1.0,-1,0.5,0.0,19.5,4,0,1,0,0,37.0,1252.3938162268457,0,0,ACC,1
401628501,2024,Rutgers,Washington,1523.0,1766.0,52454.0,19.0,0,0,1,17.8,1.0,12.3,5,-243.0,243.0,3289.0,0,1,1,0,3,1.0,1.0,1,0.75,1.0,20.0,4,0,1,0,0,30.0,3838.9363767966993,0,0,Big Ten,1
401635565,2024,Syracuse,Holy Cross,1379.0,1480.0,49057.0,162.6989746,0,1,0,24.1,0.0,4.7,5,-101.0,101.0,2859.0,1,0,1,0,-1,0.6666666666666666,0.0,0,,,12.0,5,1,0,0,0,44.0,,1,0,ACC,0
401645332,2024,UAB,Navy,1265.0,1451.0,45000.0,187.0,0,0,1,20.5,0.1,20.2,5,-186.0,186.0,2716.0,0,0,0,0,-2,0.3333333333333333,0.0,3,1.0,1.0,11.0,5,1,0,0,0,3.0,1104.0006944506777,0,0,American Athletic,0
401635560,2024,Boston College,Western Kentucky,1472.0,1409.0,44500.0,39.82634354,0,0,0,19.1,0.0,14.2,5,63.0,63.0,2881.0,0,0,1,0,1,0.75,1.0,3,0.75,1.0,12.0,5,1,0,0,0,67.0,1435.1891379242702,0,0,ACC,1
401628499,2024,Purdue,Nebraska,1343.0,1570.0,57282.0,197.5337677,1,0,1,23.4,0.1,21.2,5,-227.0,227.0,2913.0,0,1,1,0,-2,0.3333333333333333,0.0,-1,0.75,0.0,12.0,5,1,0,0,0,100.0,826.6155072310439,0,0,Big Ten,1
401629032,2024,UConn,Buffalo,1297.0,1372.0,40000.0,6.515614986,1,0,0,22.3,0.0,11.2,5,-75.0,75.0,2669.0,0,0,0,0,1,0.5,1.0,2,0.75,1.0,12.0,5,1,0,0,0,21.0,524.1768788743423,0,0,FBS Independents,0
401645337,2024,Tulane,South Florida,1576.0,1413.0,30000.0,0.0,0,0,1,27.8,0.0,12.0,5,163.0,163.0,2989.0,0,0,0,0,1,0.5,1.0,-1,0.5,0.0,11.0,5,1,0,0,0,10.0,772.1914923353489,0,0,American Athletic,0
401636880,2024,Baylor,BYU,1488.0,1600.0,45140.0,117.0538101,0,0,1,26.8,0.0,10.8,5,-112.0,112.0,3088.0,0,1,1,0,-1,0.5,0.0,4,1.0,1.0,11.0,5,1,0,0,0,10.0,1624.3855721201483,0,0,Big 12,0
401628496,2024,Indiana,Maryland,1592.0,1678.0,52656.0,231.6500854,0,0,1,19.2,0.2,17.4,5,-86.0,86.0,3270.0,0,1,1,0,4,1.0,1.0,2,0.75,1.0,12.0,5,1,0,0,0,64.0,826.5856388570714,0,0,Big Ten,1
401628497,2024,Michigan,Minnesota,1910.0,1502.0,107601.0,255.5500031,0,0,1,20.7,0.3,19.4,5,408.0,408.0,3412.0,0,1,1,0,2,0.75,1.0,-1,0.5,0.0,12.0,5,1,0,0,0,97.0,819.52933890684,0,0,Big Ten,1
401635564,2024,NC State,Northern Illinois,1478.0,1464.0,58000.0,117.0089951,1,0,0,26.3,0.0,12.9,5,14.0,14.0,2942.0,0,0,1,0,-1,0.5,0.0,-1,0.6666666666666666,0.0,12.0,5,1,0,0,0,58.0,1104.7602075903917,0,0,ACC,1
401643793,2024,James Madison,Ball State,1734.0,1184.0,24877.0,399.303009,0,0,0,24.8,0.0,14.9,5,550.0,550.0,2918.0,0,0,0,0,3,1.0,1.0,-2,0.3333333333333333,0.0,13.5,5,1,0,0,0,49.0,596.4477620798989,0,0,Sun Belt,1
401644739,2024,Kent State,Eastern Michigan,932.0,1300.0,25319.0,321.3641663,0,0,1,22.1,0.1,6.3,5,-368.0,368.0,2232.0,0,0,0,0,-4,0.0,0.0,2,0.75,1.0,15.5,5,1,0,0,0,55.0,230.14562327713853,0,0,Mid-American,0
401629043,2024,Miami (OH),Massachusetts,1450.0,1063.0,24286.0,242.2643585,0,0,0,19.4,0.8,13.2,5,387.0,387.0,2513.0,0,0,0,0,-3,0.0,0.0,1,0.25,1.0,15.5,5,1,0,0,0,41.0,1071.3919161270444,0,0,Mid-American,0
401628502,2024,USC,Wisconsin,1769.0,1553.0,77500.0,42.50374222,1,0,1,23.2,0.0,12.0,5,216.0,216.0,3322.0,0,1,1,0,-1,0.6666666666666666,0.0,-1,0.6666666666666666,0.0,12.5,5,1,0,0,0,101.0,2688.8498751152088,0,0,Big Ten,1
401635659,2024,Wake Forest,Louisiana,1370.0,1543.0,31500.0,283.548584,0,0,0,25.1,0.0,14.0,5,-173.0,173.0,2913.0,0,0,1,0,-2,0.3333333333333333,0.0,-1,0.6666666666666666,0.0,15.5,5,1,0,0,0,56.0,1277.643203417136,0,0,ACC,1
401644738,2024,Ohio,Akron,1401.0,1053.0,24000.0,194.230896,0,0,1,21.4,0.0,5.6,5,348.0,348.0,2454.0,0,0,0,0,-1,0.5,0.0,-1,0.25,0.0,15.5,5,1,0,0,0,95.0,201.1836665633714,0,1,Mid-American,0
401643794,2024,Marshall,Western Michigan,1360.0,1222.0,38016.0,163.7328186,0,0,0,21.0,0.0,8.0,5,138.0,138.0,2582.0,0,0,0,0,-2,0.3333333333333333,0.0,1,0.3333333333333333,1.0,15.5,5,1,0,0,0,33.0,506.7833684390725,0,0,Sun Belt,0
401643792,2024,Georgia State,Georgia Southern,1371.0,1324.0,25000.0,287.0,0,0,1,24.8,0.0,21.7,5,47.0,47.0,2695.0,0,0,0,0,2,0.6666666666666666,1.0,-1,0.5,0.0,15.5,5,1,0,0,0,7.0,283.8154825862011,0,1,Sun Belt,0
401643721,2024,Central Michigan,San Diego State,1174.0,1350.0,30255.0,240.9007721,0,0,0,24.3,0.0,21.8,5,-176.0,176.0,2524.0,0,0,0,0,1,0.5,1.0,-2,0.3333333333333333,0.0,15.5,5,1,0,0,0,52.0,3047.3445547612214,0,0,Mid-American,0
401628375,2024,Auburn,Oklahoma,1537.0,1837.0,87451.0,201.1737976,1,0,1,25.5,0.0,18.3,5,-300.0,300.0,3374.0,0,1,1,0,-1,0.5,0.0,-1,0.75,0.0,14.5,5,1,0,0,0,85.0,1139.6154166152799,0,0,SEC,1
401636885,2024,UCF,Colorado,1642.0,1368.0,44206.0,20.94113731,1,0,1,29.1,0.3,14.5,5,274.0,274.0,3010.0,0,1,1,0,3,1.0,1.0,2,0.75,1.0,15.5,5,1,0,0,0,17.0,2536.663764495084,0,0,Big 12,1
401628980,2024,Notre Dame,Louisville,2000.0,1711.0,80795.0,222.645401,0,0,0,23.7,0.0,18.9,5,289.0,289.0,3711.0,0,1,0,0,2,0.75,1.0,3,1.0,1.0,15.5,5,1,0,0,0,94.0,390.46518701917756,0,0,FBS Independents,1
401643720,2024,UNLV,Fresno State,1544.0,1675.0,65000.0,666.0,0,1,1,35.6,0.0,3.7,5,-131.0,131.0,3219.0,0,0,0,0,3,1.0,1.0,3,0.75,1.0,12.5,5,1,0,0,0,4.0,416.91445031656406,0,0,Mountain West,0
401635562,2024,Duke,North Carolina,1623.0,1519.0,40004.0,103.0028152,1,0,1,27.1,0.0,12.9,5,104.0,104.0,3142.0,0,1,1,1,4,1.0,1.0,-1,0.75,0.0,16.0,5,1,0,0,0,95.0,13.710432922112929,0,1,ACC,0
401645334,2024,East Carolina,UTSA,1407.0,1390.0,50000.0,19.0564537,1,0,1,28.7,0.0,14.6,5,17.0,17.0,2797.0,0,0,0,0,-2,0.5,0.0,1,0.5,1.0,16.0,5,1,0,0,0,61.0,2090.7109839323,0,0,American Athletic,0
401628378,2024,Texas,Mississippi State,2107.0,1355.0,100119.0,160.3089447,0,0,1,32.3,0.0,12.6,5,752.0,752.0,3462.0,0,1,1,0,4,1.0,1.0,-3,0.25,0.0,15.25,5,1,0,0,0,100.0,914.4610749289731,0,0,SEC,1
401643795,2024,Bowling Green,Old Dominion,1448.0,1368.0,24000.0,205.9057465,0,0,0,22.2,0.0,17.6,5,80.0,80.0,2816.0,0,0,0,0,-2,0.3333333333333333,0.0,-3,0.0,0.0,17.0,5,1,0,0,0,58.0,804.1699819128625,0,0,Mid-American,0
401645335,2024,Florida Atlantic,Wagner,1295.0,1480.0,29419.0,3.613628864,0,0,0,28.5,0.3,9.8,5,-185.0,185.0,2775.0,1,0,0,0,-1,0.25,0.0,0,,,18.0,5,1,1,0,0,13.0,,1,0,American Athletic,0
401635561,2024,Clemson,Stanford,1790.0,1303.0,81500.0,205.6452179,1,0,1,22.6,0.0,6.6,5,487.0,487.0,3093.0,0,1,1,0,2,0.6666666666666666,1.0,2,0.6666666666666666,1.0,19.0,5,1,1,0,0,82.0,3522.170086301818,0,0,ACC,1
401645333,2024,Rice,Charlotte,1225.0,1122.0,47000.0,7.148301601,0,0,1,31.5,0.0,9.0,5,103.0,103.0,2347.0,0,0,0,0,-2,0.25,0.0,-1,0.25,0.0,18.0,5,1,1,0,0,74.0,1507.5016145653356,0,0,American Athletic,0
401645336,2024,North Texas,Tulsa,1403.0,1193.0,30850.0,198.6871948,0,0,1,30.6,0.0,17.1,5,210.0,210.0,2596.0,0,0,0,0,1,0.75,1.0,1,0.5,1.0,18.0,5,1,1,0,0,13.0,345.8094581470153,0,0,American Athletic,0
401643796,2024,Troy,UL Monroe,1534.0,1210.0,30000.0,154.7746277,0,0,1,25.7,0.0,13.7,5,324.0,324.0,2744.0,0,0,0,0,1,0.25,1.0,-1,0.6666666666666666,0.0,18.0,5,1,1,0,0,74.0,581.1527393521818,0,0,Sun Belt,0
401636881,2024,Houston,Iowa State,1366.0,1718.0,40000.0,9.57440567,0,0,1,31.1,0.0,6.0,5,-352.0,352.0,3084.0,0,1,1,0,-1,0.25,0.0,3,1.0,1.0,18.0,5,1,1,0,0,10.0,1375.4154991154883,0,0,Big 12,0
401628374,2024,Alabama,Georgia,2046.0,2046.0,101821.0,70.05136108,1,0,1,23.6,0.0,8.4,5,0.0,0.0,4092.0,0,1,1,0,3,1.0,1.0,3,1.0,1.0,18.5,5,1,1,0,0,95.0,395.6097517609528,0,0,SEC,1
401628498,2024,Michigan State,Ohio State,1423.0,2038.0,75005.0,254.8794861,1,0,1,20.2,0.0,16.0,5,-615.0,615.0,3461.0,0,1,1,0,-1,0.75,0.0,3,1.0,1.0,19.5,5,1,1,0,0,101.0,326.88567775964157,0,0,Big Ten,1
401641025,2024,Memphis,Middle Tennessee,1597.0,1182.0,58325.0,90.62445831,0,0,0,21.9,0.0,6.8,5,415.0,415.0,2779.0,0,0,0,0,-1,0.75,0.0,-3,0.25,0.0,18.5,5,1,1,0,0,59.0,336.67533963293073,0,1,American Athletic,0
401628495,2024,Penn State,Illinois,1905.0,1551.0,106572.0,354.1551514,1,0,1,19.3,0.2,10.3,5,354.0,354.0,3456.0,0,1,1,0,3,1.0,1.0,4,1.0,1.0,19.5,5,1,1,0,0,64.0,881.2769050686348,0,0,Big Ten,1
401628376,2024,LSU,South Alabama,1805.0,1657.0,102321.0,7.640734673,1,0,0,29.1,0.0,8.9,5,148.0,148.0,3462.0,0,0,1,0,3,0.75,1.0,2,0.5,1.0,18.75,5,1,1,0,0,100.0,288.2173298730601,0,0,SEC,1
401641035,2024,New Mexico State,New Mexico,1265.0,1201.0,28853.0,1208.201294,0,0,0,32.5,0.0,19.7,5,64.0,64.0,2466.0,0,0,0,1,-3,0.25,0.0,-4,0.0,0.0,18.0,5,1,1,0,0,46.0,310.112318228641,0,1,Conference USA,0
401643718,2024,Wyoming,Air Force,1245.0,1459.0,29181.0,2200.153564,0,0,1,23.4,0.0,27.9,5,-214.0,214.0,2704.0,0,0,0,0,-4,0.0,0.0,-2,0.3333333333333333,0.0,18.0,5,1,1,0,0,74.0,264.6363418840252,0,0,Mountain West,0
401635563,2024,SMU,Florida State,1700.0,1599.0,32000.0,169.4058075,0,0,1,27.8,0.0,12.3,5,101.0,101.0,3299.0,0,1,1,0,1,0.75,1.0,1,0.25,1.0,19.0,5,1,1,0,0,24.0,1210.2659412583394,0,0,ACC,1
401636884,2024,Texas Tech,Cincinnati,1628.0,1529.0,60454.0,980.7632446,0,0,1,28.5,0.0,13.8,5,99.0,99.0,3157.0,0,1,1,0,2,0.75,1.0,2,0.75,1.0,19.0,5,1,1,0,0,77.0,1668.405707010063,0,0,Big 12,1
401643719,2024,Boise State,Washington State,1631.0,1596.0,36387.0,823.2221069,0,0,0,23.7,0.0,8.7,5,35.0,35.0,3227.0,0,1,0,0,1,0.6666666666666666,1.0,4,1.0,1.0,20.0,5,1,1,0,0,54.0,356.0384418448767,0,0,Mountain West,1
401636886,2024,Utah,Arizona,1633.0,1668.0,51444.0,1411.543579,0,0,1,25.1,0.0,8.0,5,-35.0,35.0,3301.0,0,1,1,0,4,1.0,1.0,-1,0.6666666666666666,0.0,20.25,5,1,1,0,0,26.0,952.0109717048757,0,0,Big 12,1
401628500,2024,UCLA,Oregon,1449.0,1974.0,88565.0,245.1772461,1,0,1,19.1,0.0,2.7,5,-525.0,525.0,3423.0,0,1,1,0,-2,0.3333333333333333,0.0,3,1.0,1.0,20.0,5,1,1,0,0,102.0,1178.348572944915,0,0,Big Ten,0
401643797,2024,Troy,Texas State,1504.0,1534.0,30000.0,154.7746277,0,0,1,25.9,0.0,7.1,6,-30.0,30.0,3038.0,0,0,0,0,-1,0.2,0.0,-2,0.5,0.0,18.0,3,0,1,0,0,74.0,1161.9827507830414,0,0,Sun Belt,0
401641029,2024,UTEP,Sam Houston,1206.0,1439.0,51500.0,1183.697876,0,0,1,28.7,0.0,6.5,6,-233.0,233.0,2645.0,0,0,0,0,-4,0.0,0.0,3,0.8,1.0,19.0,3,0,1,0,0,61.0,1048.6934100238987,0,1,Conference USA,0
401641001,2024,Kennesaw State,Jacksonville State,1388.0,1453.0,11040.0,296.9589844,1,0,1,23.3,0.0,4.3,6,-65.0,65.0,2841.0,0,0,0,0,-4,0.0,0.0,1,0.25,1.0,19.0,4,0,1,0,0,14.0,113.02374511780158,0,0,Conference USA,1
401636891,2024,TCU,Houston,1551.0,1352.0,46000.0,185.4387054,1,0,1,31.6,0.0,17.2,6,199.0,199.0,2903.0,0,1,1,0,1,0.6,1.0,-2,0.2,0.0,18.5,4,0,1,0,0,95.0,383.6774685949277,0,1,Big 12,1
401634779,2024,UNLV,Syracuse,1701.0,1378.0,65000.0,666.0,0,1,0,36.4,0.0,18.3,6,323.0,323.0,3079.0,0,1,0,0,4,1.0,1.0,1,0.75,1.0,18.0,4,0,1,0,0,4.0,3402.76762045717,0,0,Mountain West,0
401628506,2024,Oregon,Michigan State,1974.0,1407.0,54000.0,127.4198303,0,0,1,12.9,0.0,6.0,6,567.0,567.0,3381.0,0,1,1,0,4,1.0,1.0,-2,0.6,0.0,18.0,4,0,1,0,0,57.0,3092.454928802192,0,0,Big Ten,1
401628383,2024,Texas A&M,Missouri,1683.0,1790.0,102733.0,108.824585,1,0,1,29.7,0.0,15.6,6,-107.0,107.0,3473.0,0,1,1,0,4,0.8,1.0,4,1.0,1.0,11.0,5,1,0,0,0,97.0,995.2284758597656,0,0,SEC,1
401635638,2024,NC State,Wake Forest,1487.0,1376.0,58000.0,117.0089951,1,0,1,25.7,0.0,11.6,6,111.0,111.0,2863.0,0,1,1,0,1,0.6,1.0,-3,0.25,0.0,12.0,5,1,0,0,0,58.0,142.92954240359535,0,1,ACC,1
401635567,2024,Virginia,Boston College,1389.0,1471.0,61500.0,170.4677429,1,0,1,25.0,0.0,10.8,6,-82.0,82.0,2860.0,0,1,1,0,1,0.75,1.0,2,0.8,1.0,12.0,5,1,0,0,0,93.0,786.015541631143,0,0,ACC,0
401635571,2024,Louisville,SMU,1717.0,1755.0,60000.0,138.5615997,0,0,1,23.2,0.0,5.3,6,-38.0,38.0,3472.0,0,1,1,0,-1,0.75,0.0,2,0.8,1.0,12.0,5,1,0,0,0,26.0,1161.366927559328,0,0,ACC,0
401635572,2024,North Carolina,Pittsburgh,1521.0,1488.0,50500.0,127.7569809,0,0,1,25.6,0.0,11.9,6,33.0,33.0,3009.0,0,1,1,0,-2,0.6,0.0,4,1.0,1.0,12.0,5,1,0,0,0,97.0,511.8365202091669,0,0,ACC,1
401643722,2024,Air Force,Navy,1418.0,1490.0,46692.0,2024.875732,0,0,0,23.0,0.0,1.5,6,-72.0,72.0,2908.0,0,0,0,1,-3,0.25,0.0,4,1.0,1.0,10.0,5,1,0,0,0,62.0,2438.946986654211,0,0,Mountain West,0
401628510,2024,Penn State,UCLA,1905.0,1449.0,106572.0,354.1551514,1,0,1,18.0,0.0,8.9,6,456.0,456.0,3354.0,0,1,1,0,4,1.0,1.0,-3,0.25,0.0,12.0,5,1,0,0,0,64.0,3600.0086491242714,0,0,Big Ten,1
401628509,2024,Wisconsin,Purdue,1536.0,1322.0,80321.0,263.604126,0,0,1,19.4,0.0,20.3,6,214.0,214.0,2858.0,0,1,1,0,-2,0.5,0.0,-3,0.25,0.0,11.0,5,1,0,0,0,107.0,358.6142739828386,0,0,Big Ten,1
401629044,2024,Northern Illinois,Massachusetts,1455.0,1067.0,23595.0,267.4530029,0,0,0,21.2,0.0,23.8,6,388.0,388.0,2522.0,0,0,0,0,-2,0.5,0.0,-1,0.2,0.0,11.0,5,1,0,0,0,59.0,1337.704219130527,0,0,Mid-American,0
401645338,2024,UAB,Tulane,1226.0,1653.0,45000.0,187.0,0,0,1,27.6,0.0,10.7,6,-427.0,427.0,2879.0,0,0,0,0,-3,0.25,0.0,2,0.6,1.0,12.0,5,1,0,0,0,3.0,506.2462211865647,0,0,American Athletic,0
401644741,2024,Ball State,Western Michigan,1088.0,1220.0,22500.0,285.481781,0,0,1,23.8,0.0,15.4,6,-132.0,132.0,2308.0,0,0,0,0,-3,0.25,0.0,-1,0.25,0.0,14.0,5,1,0,0,0,57.0,230.69744395734563,0,0,Mid-American,0
401645340,2024,Charlotte,East Carolina,1128.0,1423.0,15300.0,190.365509,0,0,1,26.6,0.0,9.6,6,-295.0,295.0,2551.0,0,0,0,0,1,0.4,1.0,1,0.6,1.0,15.5,5,1,0,0,0,11.0,307.38783037106725,0,1,American Athletic,1
401644684,2024,Toledo,Miami (OH),1565.0,1446.0,26038.0,181.4839783,0,0,1,21.3,0.0,13.1,6,119.0,119.0,3011.0,0,0,0,0,-1,0.75,0.0,1,0.25,1.0,15.5,5,1,0,0,0,87.0,255.80909453962212,0,1,Mid-American,1
401643799,2024,Marshall,App State,1362.0,1366.0,38016.0,163.7328186,0,0,1,25.7,0.0,3.7,6,-4.0,4.0,2728.0,0,0,0,0,1,0.5,1.0,-1,0.5,0.0,15.5,5,1,0,0,0,33.0,254.56353193354667,0,0,Sun Belt,0
401635573,2024,Stanford,Virginia Tech,1288.0,1617.0,50424.0,18.38425636,1,0,1,33.6,0.0,5.2,6,-329.0,329.0,2905.0,0,1,1,0,-1,0.5,0.0,-2,0.4,0.0,12.5,5,1,0,0,0,18.0,3660.0461305846525,0,0,ACC,0
401629033,2024,UConn,Temple,1441.0,1106.0,40000.0,6.515614986,1,0,0,23.5,0.0,12.7,6,335.0,335.0,2547.0,0,0,0,0,2,0.6,1.0,-1,0.2,0.0,15.5,5,1,0,0,0,21.0,297.80563348629244,0,0,FBS Independents,0
401644740,2024,Akron,Bowling Green,1040.0,1439.0,30000.0,321.2875061,0,0,1,21.0,0.0,2.3,6,-399.0,399.0,2479.0,0,0,0,0,-2,0.2,0.0,-3,0.25,0.0,15.5,5,1,0,0,0,15.0,180.04003328468423,0,1,Mid-American,0
401628382,2024,South Carolina,Ole Miss,1699.0,1861.0,80250.0,60.54548645,1,0,1,28.3,0.0,11.8,6,-162.0,162.0,3560.0,0,1,1,0,1,0.75,1.0,-1,0.8,0.0,15.5,5,1,0,0,0,90.0,784.3673617071047,0,0,SEC,1
401628381,2024,Georgia,Auburn,2036.0,1547.0,92746.0,186.1120758,1,0,1,27.9,0.0,9.7,6,489.0,489.0,3583.0,0,1,1,1,-1,0.75,0.0,-2,0.4,0.0,15.5,5,1,0,0,0,95.0,247.27600137369907,0,0,SEC,1
401628504,2024,Ohio State,Iowa,2054.0,1626.0,102780.0,216.6770325,0,0,1,23.1,0.0,7.0,6,428.0,428.0,3680.0,0,1,1,0,4,1.0,1.0,2,0.75,1.0,15.5,5,1,0,0,0,102.0,740.7082831261985,0,0,Big Ten,1
401628508,2024,Nebraska,Rutgers,1591.0,1527.0,85458.0,354.9318848,0,0,1,33.9,0.0,29.5,6,64.0,64.0,3118.0,0,1,1,0,1,0.8,1.0,4,1.0,1.0,15.0,5,1,0,0,0,101.0,1871.062182608216,0,0,Big Ten,1
401636890,2024,Oklahoma State,West Virginia,1553.0,1546.0,55509.0,276.4808655,0,0,1,30.8,0.0,16.2,6,7.0,7.0,3099.0,0,1,1,0,-2,0.6,0.0,1,0.5,1.0,15.0,5,1,0,0,0,105.0,1549.2379867833677,0,0,Big 12,1
401628384,2024,Vanderbilt,Alabama,1317.0,2056.0,40351.0,159.9194641,0,0,1,28.5,0.0,4.3,6,-739.0,739.0,3373.0,0,1,1,0,-2,0.5,0.0,4,1.0,1.0,15.25,5,1,0,0,0,102.0,333.40658265983785,0,0,SEC,0
401643724,2024,Oregon State,Colorado State,1619.0,1236.0,43363.0,66.90744781,0,0,0,20.3,0.0,9.4,6,383.0,383.0,2855.0,0,0,1,0,1,0.75,1.0,1,0.5,1.0,15.5,5,1,0,0,0,71.0,1550.8016426762917,0,0,Pac-12,1
401643798,2024,Coastal Carolina,Old Dominion,1448.0,1377.0,21000.0,13.74894905,0,0,1,22.9,0.0,6.1,6,71.0,71.0,2825.0,0,0,0,0,-1,0.75,0.0,1,0.25,1.0,19.0,5,1,1,0,0,21.0,423.0639791156745,0,0,Sun Belt,0
401643802,2024,Southern Miss,Louisiana,1106.0,1537.0,36000.0,64.52726746,0,0,1,27.9,0.0,5.6,6,-431.0,431.0,2643.0,0,0,0,0,-2,0.25,0.0,1,0.75,1.0,18.0,5,1,1,0,0,92.0,286.9546501455613,0,0,Sun Belt,0
401643723,2024,Boise State,Utah State,1677.0,1193.0,36387.0,823.2221069,0,0,1,20.9,0.0,10.7,6,484.0,484.0,2870.0,0,0,0,0,2,0.75,1.0,-3,0.25,0.0,17.0,5,1,0,0,0,54.0,413.2288841293764,0,0,Mountain West,1
401635569,2024,Florida State,Clemson,1544.0,1805.0,67277.0,19.55942535,1,0,1,24.8,0.1,12.8,6,-261.0,261.0,3349.0,0,1,1,0,-1,0.2,0.0,3,0.75,1.0,19.0,5,1,1,0,0,74.0,490.9961188260252,0,0,ACC,0
401643800,2024,Arkansas State,South Alabama,1313.0,1588.0,30382.0,89.52690887,0,0,1,26.8,0.0,4.3,6,-275.0,275.0,2901.0,0,0,0,0,-2,0.5,0.0,-1,0.4,0.0,18.0,5,1,1,0,0,50.0,617.3132161935021,0,0,Sun Belt,0
401643801,2024,UL Monroe,James Madison,1240.0,1830.0,27617.0,22.998209,0,0,1,29.6,0.0,7.8,6,-590.0,590.0,3070.0,0,0,0,0,1,0.75,1.0,4,1.0,1.0,18.0,5,1,1,0,0,46.0,1361.1475828547063,0,0,Sun Belt,0
401636889,2024,Iowa State,Baylor,1732.0,1485.0,61500.0,274.9135437,1,0,1,28.8,0.0,14.8,6,247.0,247.0,3217.0,0,1,1,0,4,1.0,1.0,-2,0.4,0.0,18.5,5,1,1,0,0,49.0,1202.9224978446805,0,0,Big 12,1
401643726,2024,San José State,Nevada,1601.0,1228.0,30456.0,28.30708694,0,0,1,38.2,0.0,16.8,6,373.0,373.0,2829.0,0,0,0,0,-1,0.75,0.0,1,0.4,1.0,16.5,5,1,0,0,0,91.0,305.337121428237,0,0,Mountain West,0
401628505,2024,Washington,Michigan,1762.0,1906.0,70138.0,11.65622807,0,0,1,16.5,0.0,16.2,6,-144.0,144.0,3668.0,0,1,1,0,-1,0.6,0.0,3,0.8,1.0,16.5,5,1,0,0,0,104.0,3059.0379080421776,0,0,Big Ten,1
401628507,2024,Minnesota,USC,1506.0,1786.0,50850.0,254.3902283,0,0,1,24.0,0.0,23.0,6,-280.0,280.0,3292.0,0,1,1,0,-2,0.4,0.0,1,0.75,1.0,18.5,5,1,1,0,0,15.0,2457.1963468897,0,0,Big Ten,1
401628379,2024,Arkansas,Tennessee,1485.0,1975.0,80000.0,403.7972412,0,0,1,27.9,0.0,7.1,6,-490.0,490.0,3460.0,0,1,1,0,-1,0.6,0.0,4,1.0,1.0,18.5,5,1,1,0,0,86.0,921.954005247353,0,0,SEC,1
401628380,2024,Florida,UCF,1516.0,1531.0,88548.0,44.97250748,1,0,0,23.0,0.7,9.7,6,-15.0,15.0,3047.0,0,1,1,0,1,0.5,1.0,-1,0.75,0.0,19.75,5,1,1,0,0,94.0,161.33040591691042,0,1,SEC,1
401635570,2024,Georgia Tech,Duke,1545.0,1621.0,55000.0,279.300415,0,0,1,23.2,0.0,6.7,6,-76.0,76.0,3166.0,0,1,1,0,-1,0.6,0.0,5,1.0,1.0,20.0,5,1,1,0,0,111.0,555.1419619287971,0,0,ACC,0
401636888,2024,Arizona State,Kansas,1506.0,1575.0,65870.0,360.1569519,1,0,1,40.9,0.0,8.7,6,-69.0,69.0,3081.0,0,1,1,0,-1,0.75,0.0,-4,0.2,0.0,17.0,5,1,0,0,0,66.0,1615.8411124034976,0,0,Big 12,0
401643725,2024,San Diego State,Hawai'i,1344.0,1214.0,35000.0,62.0,1,0,1,23.5,0.0,13.1,6,130.0,130.0,2558.0,0,0,0,0,-3,0.25,0.0,1,0.5,1.0,17.0,5,1,0,0,0,2.0,4199.238711665948,0,0,Mountain West,0
401635568,2024,California,Miami,1537.0,1834.0,62467.0,125.3108063,0,0,1,32.5,0.0,3.2,6,-297.0,297.0,3371.0,0,1,1,0,-1,0.75,0.0,5,1.0,1.0,19.5,5,1,1,0,0,101.0,4141.416706873487,0,0,ACC,0
401636887,2024,Arizona,Texas Tech,1694.0,1628.0,50782.0,742.1530151,0,0,1,33.6,0.0,16.9,6,66.0,66.0,3322.0,0,1,1,0,1,0.75,1.0,3,0.8,1.0,20.0,5,1,1,0,0,96.0,860.3842341427472,0,0,Big 12,1
401640982,2024,Liberty,Florida International,1589.0,1257.0,25000.0,272.9237061,0,0,1,15.3,0.0,5.6,7,332.0,332.0,2846.0,0,0,0,0,4,1.0,1.0,1,0.4,1.0,19.0,1,0,1,0,0,35.0,1295.0633918461785,0,0,Conference USA,0
401641002,2024,Jacksonville State,New Mexico State,1560.0,1238.0,24000.0,198.0679016,0,0,1,22.3,0.0,9.4,7,322.0,322.0,2798.0,0,0,0,0,2,0.4,1.0,-4,0.2,0.0,18.5,2,0,1,0,0,77.0,1958.996795735055,0,0,Conference USA,0
401643803,2024,James Madison,Coastal Carolina,1823.0,1456.0,24877.0,399.303009,0,0,1,11.9,0.0,9.0,7,367.0,367.0,3279.0,0,0,0,0,-1,0.8,0.0,1,0.8,1.0,19.5,3,0,1,0,0,49.0,516.3771897771672,0,0,Sun Belt,1
401641030,2024,Western Kentucky,UTEP,1410.0,1181.0,22113.0,154.4346619,0,0,1,18.5,0.0,11.1,7,229.0,229.0,2591.0,0,0,0,0,-1,0.6,0.0,-5,0.0,0.0,19.0,3,0,1,0,0,56.0,1924.646575735568,0,0,Conference USA,0
401641009,2024,Louisiana Tech,Middle Tennessee,1223.0,1181.0,28019.0,72.87982941,0,0,1,20.7,0.0,9.6,7,42.0,42.0,2404.0,0,0,0,0,-3,0.25,0.0,-4,0.2,0.0,19.0,3,0,1,0,0,56.0,685.8138283177574,0,0,Conference USA,0
401628513,2024,Maryland,Northwestern,1642.0,1473.0,51802.0,32.68748093,0,0,1,13.8,0.0,8.6,7,169.0,169.0,3115.0,0,1,1,0,-1,0.6,0.0,-2,0.4,0.0,20.0,4,0,1,0,0,74.0,967.6028603743464,0,0,Big Ten,0
401643733,2024,Utah State,UNLV,1162.0,1675.0,25513.0,1427.914429,0,0,1,21.8,0.0,4.5,7,-513.0,513.0,2837.0,0,0,0,0,-4,0.2,0.0,-1,0.8,0.0,19.0,4,0,1,0,0,56.0,693.6321508648924,0,0,Mountain West,0
401636892,2024,Arizona State,Utah,1511.0,1607.0,65870.0,360.1569519,1,0,1,35.0,0.0,14.1,7,-96.0,96.0,3118.0,0,1,1,0,1,0.8,1.0,-1,0.8,0.0,19.5,4,0,1,0,0,66.0,815.4844543597679,0,0,Big 12,0
401628389,2024,Massachusetts,Missouri,1070.0,1692.0,17000.0,46.58664703,0,0,0,18.5,0.0,18.8,7,-622.0,622.0,2762.0,0,1,0,0,-2,0.16666666666666666,0.0,-1,0.8,0.0,12.0,5,1,0,0,0,59.0,1709.0365275549327,0,0,FBS Independents,1
401628512,2024,Iowa,Washington,1600.0,1790.0,69250.0,220.6357727,0,0,1,21.0,0.0,13.6,7,-190.0,190.0,3390.0,0,1,1,0,-1,0.6,0.0,1,0.6666666666666666,1.0,11.0,5,1,0,0,0,95.0,2503.6395508338137,0,0,Big Ten,1
401635576,2024,Wake Forest,Clemson,1390.0,1817.0,31500.0,283.548584,0,0,1,20.6,0.0,6.2,7,-427.0,427.0,3207.0,0,1,1,0,1,0.4,1.0,4,0.8,1.0,12.0,5,1,0,0,0,56.0,284.7709352246158,0,0,ACC,1
401628517,2024,Rutgers,Wisconsin,1521.0,1644.0,52454.0,19.0,0,0,1,22.8,0.0,16.6,7,-123.0,123.0,3165.0,0,1,1,0,-1,0.8,0.0,1,0.6,1.0,12.0,5,1,0,0,0,30.0,1269.513560998689,0,0,Big Ten,1
401635577,2024,North Carolina,Georgia Tech,1497.0,1568.0,50500.0,127.7569809,0,0,1,21.8,0.0,6.9,7,-71.0,71.0,3065.0,0,1,1,0,-3,0.5,0.0,1,0.6666666666666666,1.0,12.0,5,1,0,0,0,97.0,542.3594061895641,0,0,ACC,0
401645342,2024,Army,UAB,1606.0,1128.0,38000.0,99.21277618,0,0,1,19.1,0.0,17.3,7,478.0,478.0,2734.0,0,0,0,0,5,1.0,1.0,-4,0.2,0.0,12.0,5,1,0,0,0,100.0,1428.9445042676625,0,0,American Athletic,0
401644745,2024,Buffalo,Toledo,1228.0,1574.0,30270.0,181.5759735,0,0,1,13.8,0.0,7.6,7,-346.0,346.0,2802.0,0,0,0,0,-1,0.6,0.0,1,0.8,1.0,12.0,5,1,0,0,0,31.0,424.54393031516736,0,0,Mid-American,0
401644743,2024,Kent State,Ball State,922.0,1091.0,25319.0,321.3641663,0,0,1,17.2,0.0,5.0,7,-169.0,169.0,2013.0,0,0,0,0,-5,0.0,0.0,-4,0.2,0.0,12.0,5,1,0,0,0,55.0,360.8385528145968,0,0,Mid-American,0
401628385,2024,Alabama,South Carolina,2014.0,1654.0,101821.0,70.05136108,1,0,1,23.2,0.0,2.8,7,360.0,360.0,3668.0,0,1,1,0,-1,0.8,0.0,-1,0.6,0.0,11.0,5,1,0,0,0,95.0,610.801820130442,0,0,SEC,1
401644685,2024,Eastern Michigan,Miami (OH),1310.0,1437.0,30200.0,241.248764,0,0,1,17.9,0.0,10.6,7,-127.0,127.0,2747.0,0,0,0,0,3,0.8,1.0,-1,0.2,0.0,14.0,5,1,0,0,0,55.0,317.66208372104165,0,0,Mid-American,0
401628981,2024,Notre Dame,Stanford,1994.0,1261.0,80795.0,222.645401,0,0,0,18.3,0.0,10.9,7,733.0,733.0,3255.0,0,1,0,0,3,0.8,1.0,-2,0.4,0.0,15.5,5,1,0,0,0,94.0,3093.083345059022,0,0,FBS Independents,1
401643805,2024,Georgia State,Old Dominion,1325.0,1369.0,25000.0,287.0,0,0,1,24.0,0.0,11.7,7,-44.0,44.0,2694.0,0,0,0,0,-1,0.5,0.0,-1,0.2,0.0,15.5,5,1,0,0,0,7.0,812.721439071374,0,0,Sun Belt,0
401644744,2024,Bowling Green,Northern Illinois,1424.0,1452.0,24000.0,205.9057465,0,0,1,19.1,0.0,14.8,7,-28.0,28.0,2876.0,0,0,0,0,1,0.4,1.0,1,0.6,1.0,15.5,5,1,0,0,0,58.0,432.6705100718947,0,0,Mid-American,0
401643729,2024,Colorado State,San José State,1246.0,1594.0,36500.0,1528.4,0,0,1,24.2,0.0,19.2,7,-348.0,348.0,2840.0,0,0,0,0,-1,0.4,0.0,1,0.8,1.0,13.5,5,1,0,0,0,7.0,1492.9290020342842,0,0,Mountain West,0
401643732,2024,Wyoming,San Diego State,1286.0,1343.0,29181.0,2200.153564,0,0,1,18.9,0.0,3.3,7,-57.0,57.0,2629.0,0,0,0,0,1,0.2,1.0,1,0.4,1.0,13.5,5,1,0,0,0,74.0,1394.2880986085445,0,0,Mountain West,0
401635578,2024,Virginia,Louisville,1412.0,1707.0,61500.0,170.4677429,1,0,1,25.9,0.0,0.7,7,-295.0,295.0,3119.0,0,1,1,0,2,0.8,1.0,-2,0.6,0.0,15.5,5,1,0,0,0,93.0,633.9379577598534,0,0,ACC,0
401628511,2024,Illinois,Purdue,1551.0,1214.0,60670.0,223.2471619,0,0,1,26.5,0.0,12.5,7,337.0,337.0,2765.0,0,1,1,0,-1,0.8,0.0,-4,0.2,0.0,14.5,5,1,0,0,0,101.0,117.83952698432697,0,0,Big Ten,1
401644742,2024,Western Michigan,Akron,1217.0,1055.0,30200.0,243.8211212,0,0,1,19.7,0.0,10.5,7,162.0,162.0,2272.0,0,0,0,0,1,0.4,1.0,-3,0.16666666666666666,0.0,15.5,5,1,0,0,0,85.0,365.62611401481956,0,0,Mid-American,0
401636895,2024,UCF,Cincinnati,1510.0,1529.0,44206.0,20.94113731,1,0,1,27.5,0.0,8.8,7,-19.0,19.0,3039.0,0,1,1,0,-2,0.6,0.0,-1,0.6,0.0,15.5,5,1,0,0,0,17.0,1209.4360401280435,0,0,Big 12,1
401628516,2024,USC,Penn State,1759.0,1901.0,77500.0,42.50374222,1,0,1,25.0,0.0,8.8,7,-142.0,142.0,3660.0,0,1,1,0,-1,0.6,0.0,5,1.0,1.0,12.5,5,1,0,0,0,101.0,3616.7678597632153,0,0,Big Ten,1
401635575,2024,Pittsburgh,California,1512.0,1549.0,68400.0,220.5887146,1,0,1,20.7,0.0,7.2,7,-37.0,37.0,3061.0,0,1,1,0,5,1.0,1.0,-2,0.6,0.0,15.5,5,1,0,0,0,23.0,3618.0601923734166,0,0,ACC,0
401644746,2024,Central Michigan,Ohio,1180.0,1414.0,30255.0,240.9007721,0,0,1,16.6,0.0,11.9,7,-234.0,234.0,2594.0,0,0,0,0,2,0.6,1.0,1,0.6,1.0,16.0,5,1,0,0,0,52.0,522.8371466441538,0,0,Mid-American,0
401636893,2024,BYU,Arizona,1603.0,1678.0,63470.0,1412.097046,1,0,1,25.1,0.0,8.3,7,-75.0,75.0,3281.0,0,1,1,0,5,1.0,1.0,-1,0.6,0.0,14.0,5,1,0,0,0,60.0,894.9845258875446,0,0,Big 12,1
401628386,2024,Georgia,Mississippi State,2033.0,1371.0,92746.0,186.1120758,1,0,1,24.9,0.0,5.2,7,662.0,662.0,3404.0,0,1,1,0,1,0.8,1.0,-4,0.2,0.0,16.25,5,1,0,0,0,95.0,504.3126430809521,0,0,SEC,1
401643807,2024,UL Monroe,Southern Miss,1247.0,1120.0,27617.0,22.998209,0,0,1,30.0,0.0,5.6,7,127.0,127.0,2367.0,0,0,0,0,2,0.8,1.0,-3,0.2,0.0,16.0,5,1,0,0,0,46.0,290.57274012842277,0,0,Sun Belt,0
401643808,2024,Texas State,Arkansas State,1584.0,1317.0,30000.0,177.8676453,0,0,1,32.2,0.0,15.7,7,267.0,267.0,2901.0,0,0,0,0,1,0.6,1.0,1,0.6,1.0,18.0,5,1,1,0,0,43.0,947.2229155977831,0,0,Sun Belt,1
401645344,2024,Rice,UTSA,1219.0,1374.0,47000.0,7.148301601,0,0,1,30.2,0.0,8.6,7,-155.0,155.0,2593.0,0,0,0,0,-3,0.2,0.0,-1,0.4,0.0,18.0,5,1,1,0,0,74.0,298.7176752651568,0,1,American Athletic,0
401643730,2024,Fresno State,Washington State,1518.0,1550.0,41031.0,102.564064,0,0,0,30.0,0.0,13.3,7,-32.0,32.0,3068.0,0,1,0,0,-1,0.6,0.0,-1,0.8,0.0,16.0,5,1,0,0,0,44.0,1123.4372583179074,0,0,Mountain West,1
401643727,2024,New Mexico,Air Force,1228.0,1353.0,39224.0,1554.471924,0,0,1,29.6,0.0,8.8,7,-125.0,125.0,2581.0,0,0,0,0,1,0.2,1.0,-4,0.2,0.0,17.0,5,1,0,0,0,64.0,464.79899547629554,0,0,Mountain West,0
401628391,2024,Tennessee,Florida,1947.0,1537.0,102455.0,271.9517212,1,0,1,17.1,0.0,7.9,7,410.0,410.0,3484.0,0,1,1,0,-1,0.8,0.0,2,0.6,1.0,19.0,5,1,1,0,0,103.0,716.3730220630811,0,0,SEC,1
401645343,2024,Florida Atlantic,North Texas,1275.0,1464.0,29419.0,3.613628864,0,0,1,25.0,0.1,11.4,7,-189.0,189.0,2739.0,0,0,0,0,1,0.4,1.0,2,0.8,1.0,19.0,5,1,1,0,0,13.0,1809.5818813170572,0,0,American Athletic,0
401643731,2024,Nevada,Oregon State,1235.0,1609.0,27000.0,1406.57605,0,0,0,23.1,0.0,12.5,7,-374.0,374.0,2844.0,0,1,0,0,-1,0.3333333333333333,0.0,2,0.8,1.0,16.5,5,1,0,0,0,58.0,626.3059371619851,0,0,Mountain West,0
401628388,2024,LSU,Ole Miss,1874.0,1906.0,102321.0,7.640734673,1,0,1,27.0,0.0,4.8,7,-32.0,32.0,3780.0,0,1,1,0,4,0.8,1.0,1,0.8333333333333334,1.0,18.5,5,1,1,0,0,100.0,465.7042053800686,0,0,SEC,1
401643806,2024,Louisiana,App State,1523.0,1334.0,41426.0,3.556508303,0,0,1,26.4,0.0,4.8,7,189.0,189.0,2857.0,0,0,0,0,2,0.8,1.0,-2,0.4,0.0,18.5,5,1,1,0,0,53.0,1170.462430764657,0,0,Sun Belt,0
401628515,2024,Oregon,Ohio State,1971.0,2080.0,54000.0,127.4198303,0,0,1,23.3,0.0,6.6,7,-109.0,109.0,4051.0,0,1,1,0,5,1.0,1.0,5,1.0,1.0,16.5,5,1,0,0,0,57.0,3305.4294305729627,0,0,Big Ten,1
401628387,2024,Kentucky,Vanderbilt,1686.0,1359.0,61000.0,307.4248962,0,0,1,19.4,0.0,10.6,7,327.0,327.0,3045.0,0,1,1,0,2,0.6,1.0,1,0.6,1.0,19.75,5,1,1,0,0,51.0,292.1521196737669,0,0,SEC,1
401636896,2024,West Virginia,Iowa State,1610.0,1760.0,60000.0,327.409668,0,0,1,15.8,0.0,12.2,7,-150.0,150.0,3370.0,0,1,1,0,2,0.6,1.0,5,1.0,1.0,20.0,5,1,1,0,0,44.0,1179.2191957005762,0,0,Big 12,1
401635574,2024,NC State,Syracuse,1473.0,1404.0,58000.0,117.0089951,1,0,1,17.4,0.0,13.1,7,69.0,69.0,2877.0,0,1,1,0,-1,0.5,0.0,2,0.8,1.0,20.0,5,1,1,0,0,58.0,834.4632678668903,0,0,ACC,1
401643804,2024,Georgia Southern,Marshall,1370.0,1394.0,25000.0,61.25376892,0,0,1,20.6,0.0,1.8,7,-24.0,24.0,2764.0,0,0,0,0,1,0.6,1.0,2,0.6,1.0,20.0,5,1,1,0,0,40.0,671.0324757987335,0,0,Sun Belt,1
401628514,2024,UCLA,Minnesota,1453.0,1533.0,88565.0,245.1772461,1,0,1,21.6,0.0,4.7,7,-80.0,80.0,2986.0,0,1,1,0,-4,0.2,0.0,1,0.5,1.0,18.0,5,1,1,0,0,102.0,2438.503093482071,0,0,Big Ten,0
401636894,2024,Colorado,Kansas State,1479.0,1754.0,50183.0,1634.041138,1,0,1,16.4,0.0,9.6,7,-275.0,275.0,3233.0,0,1,1,0,3,0.8,1.0,1,0.8,1.0,20.25,5,1,1,0,0,100.0,748.1219737234522,0,0,Big 12,1
401643728,2024,Hawai'i,Boise State,1215.0,1708.0,15194.0,20.0,0,0,1,26.6,0.0,14.5,7,-493.0,493.0,2923.0,0,0,0,0,-1,0.4,0.0,3,0.8,1.0,17.0,5,1,0,0,0,9.0,4558.024390615395,0,0,Mountain West,1
401643809,2024,South Alabama,Troy,1584.0,1454.0,25450.0,45.0,0,0,1,23.8,0.0,4.6,8,130.0,130.0,3038.0,0,0,0,0,-2,0.3333333333333333,0.0,-2,0.16666666666666666,0.0,18.5,1,0,1,0,0,4.0,245.72420855364936,0,1,Sun Belt,1
401641019,2024,Middle Tennessee,Kennesaw State,1116.0,1281.0,30788.0,191.7279816,0,0,1,9.1,0.0,6.2,8,-165.0,165.0,2397.0,0,0,0,0,-5,0.16666666666666666,0.0,-5,0.0,0.0,19.0,1,0,1,0,0,91.0,260.7401804557874,0,0,Conference USA,0
401641010,2024,New Mexico State,Louisiana Tech,1161.0,1288.0,28853.0,1208.201294,0,0,1,26.6,0.0,11.3,8,-127.0,127.0,2449.0,0,0,0,0,-5,0.16666666666666666,0.0,1,0.4,1.0,19.0,1,0,1,0,0,46.0,1321.630137777955,0,0,Conference USA,0
401641038,2024,Sam Houston,Western Kentucky,1464.0,1454.0,14000.0,127.6225204,0,0,1,20.8,0.0,13.1,8,10.0,10.0,2918.0,0,0,0,0,4,0.8333333333333334,1.0,1,0.6666666666666666,1.0,18.0,2,0,1,0,0,38.0,1089.7775927200585,0,0,Conference USA,0
401640983,2024,UTEP,Florida International,1137.0,1265.0,51500.0,1183.697876,0,0,1,20.4,0.0,23.6,8,-128.0,128.0,2402.0,0,0,0,0,-6,0.0,0.0,-1,0.3333333333333333,0.0,19.0,2,0,1,0,0,61.0,2626.3775122201314,0,0,Conference USA,0
401643810,2024,Marshall,Georgia State,1393.0,1315.0,38016.0,163.7328186,0,0,1,10.3,0.0,5.8,8,78.0,78.0,2708.0,0,0,0,0,-1,0.5,0.0,-2,0.4,0.0,19.0,3,0,1,0,0,33.0,550.590728047016,0,0,Sun Belt,0
401634768,2024,Virginia Tech,Boston College,1644.0,1448.0,65632.0,632.2631226,1,0,1,8.6,0.0,9.7,8,196.0,196.0,3092.0,0,1,1,0,1,0.5,1.0,-1,0.6666666666666666,0.0,19.5,3,0,1,0,0,59.0,973.0080416949943,0,0,ACC,1
401634769,2024,Duke,Florida State,1598.0,1532.0,40004.0,103.0028152,1,0,1,13.6,0.0,9.2,8,66.0,66.0,3130.0,0,1,1,0,-1,0.8333333333333334,0.0,-2,0.16666666666666666,0.0,19.0,4,0,1,0,0,95.0,793.8558431987215,0,0,ACC,0
401628523,2024,Purdue,Oregon,1224.0,1975.0,57282.0,197.5337677,1,0,1,11.6,0.0,8.9,8,-751.0,751.0,3199.0,0,1,1,0,-5,0.16666666666666666,0.0,6,1.0,1.0,20.0,4,0,1,0,0,100.0,2978.4755272457983,0,0,Big Ten,1
401636898,2024,BYU,Oklahoma State,1665.0,1489.0,63470.0,1412.097046,1,0,1,6.3,0.0,4.0,8,176.0,176.0,3154.0,0,1,1,0,6,1.0,1.0,-3,0.5,0.0,20.25,4,0,1,0,0,60.0,1353.1684894486812,0,0,Big 12,1
401643735,2024,Nevada,Fresno State,1257.0,1505.0,27000.0,1406.57605,0,0,1,8.2,0.0,3.7,8,-248.0,248.0,2762.0,0,0,0,0,1,0.42857142857142855,1.0,-2,0.5,0.0,19.5,4,0,1,0,0,58.0,303.89503170803255,0,0,Mountain West,0
401636899,2024,Cincinnati,Arizona State,1538.0,1529.0,40000.0,230.0660553,0,0,1,16.1,0.0,1.4,8,9.0,9.0,3067.0,0,1,1,0,1,0.6666666666666666,1.0,2,0.8333333333333334,1.0,12.0,5,1,0,0,0,109.0,2527.4835955169924,0,0,Big 12,1
401628519,2024,Indiana,Nebraska,1648.0,1597.0,52656.0,231.6500854,0,0,1,17.3,0.0,1.1,8,51.0,51.0,3245.0,0,1,1,0,6,1.0,1.0,2,0.8333333333333334,1.0,12.0,5,1,0,0,0,64.0,885.5336356039884,0,0,Big Ten,1
401645346,2024,Army,East Carolina,1643.0,1298.0,38000.0,99.21277618,0,0,1,16.4,0.0,5.2,8,345.0,345.0,2941.0,0,0,0,0,6,1.0,1.0,-1,0.5,0.0,12.0,5,1,0,0,0,100.0,708.4871401811428,0,0,American Athletic,0
401629034,2024,UConn,Wake Forest,1434.0,1343.0,40000.0,6.515614986,1,0,0,17.4,0.0,0.2,8,91.0,91.0,2777.0,0,1,0,0,3,0.6666666666666666,1.0,-1,0.3333333333333333,0.0,12.0,5,1,0,0,0,21.0,909.1494595785966,0,0,FBS Independents,0
401643811,2024,Coastal Carolina,Louisiana,1413.0,1527.0,21000.0,13.74894905,0,0,1,18.8,0.0,15.6,8,-114.0,114.0,2940.0,0,0,0,0,-1,0.6666666666666666,0.0,3,0.8333333333333334,1.0,12.0,5,1,0,0,0,21.0,1289.8625717365226,0,0,Sun Belt,0
401635588,2024,Clemson,Virginia,1864.0,1424.0,81500.0,205.6452179,1,0,1,17.7,0.0,11.3,8,440.0,440.0,3288.0,0,1,1,0,5,0.8333333333333334,1.0,-1,0.6666666666666666,0.0,12.0,5,1,0,0,0,82.0,537.7172880029285,0,0,ACC,1
401628524,2024,Rutgers,UCLA,1436.0,1452.0,52454.0,19.0,0,0,1,19.3,0.0,1.5,8,-16.0,16.0,2888.0,0,1,1,0,-2,0.6666666666666666,0.0,-5,0.16666666666666666,0.0,12.0,5,1,0,0,0,30.0,3887.207987090174,0,0,Big Ten,1
401628395,2024,Missouri,Auburn,1737.0,1550.0,71168.0,212.6865692,0,0,1,16.9,0.0,5.4,8,187.0,187.0,3287.0,0,1,1,0,1,0.8333333333333334,1.0,-3,0.3333333333333333,0.0,11.0,5,1,0,0,0,97.0,935.9511975566577,0,0,SEC,0
401635589,2024,Louisville,Miami,1695.0,1822.0,60000.0,138.5615997,0,0,1,14.8,0.0,1.4,8,-127.0,127.0,3517.0,0,1,1,0,1,0.6666666666666666,1.0,6,1.0,1.0,12.0,5,1,0,0,0,26.0,1457.018978290515,0,0,ACC,1
401628396,2024,Oklahoma,South Carolina,1780.0,1658.0,86112.0,355.0962524,1,0,1,19.8,0.0,12.6,8,122.0,122.0,3438.0,0,1,1,0,-1,0.6666666666666666,0.0,-2,0.5,0.0,11.75,5,1,0,0,0,99.0,1507.8844579282418,0,0,SEC,1
401645351,2024,Temple,Tulsa,1113.0,1060.0,69879.0,3.198706865,0,0,1,21.2,0.0,2.2,8,53.0,53.0,2173.0,0,0,0,0,-2,0.16666666666666666,0.0,-2,0.3333333333333333,0.0,14.0,5,1,0,0,0,21.0,1862.4455398961354,0,0,American Athletic,0
401644750,2024,Eastern Michigan,Central Michigan,1261.0,1189.0,30200.0,241.248764,0,0,1,18.8,0.0,7.9,8,72.0,72.0,2450.0,0,0,0,0,-1,0.6666666666666666,0.0,-1,0.5,0.0,14.0,5,1,0,0,0,55.0,173.1125694550775,0,1,Mid-American,0
401644686,2024,Miami (OH),Ohio,1486.0,1405.0,24286.0,242.2643585,0,0,1,19.0,0.0,5.1,8,81.0,81.0,2891.0,0,0,0,0,1,0.3333333333333333,1.0,2,0.6666666666666666,1.0,15.5,5,1,0,0,0,41.0,226.9456930053717,0,1,Mid-American,0
401644748,2024,Bowling Green,Kent State,1406.0,928.0,24000.0,205.9057465,0,0,1,20.3,0.0,6.9,8,478.0,478.0,2334.0,0,0,0,0,-1,0.3333333333333333,0.0,-6,0.0,0.0,15.5,5,1,0,0,0,58.0,194.82591202355798,0,1,Mid-American,0
401645348,2024,UTSA,Florida Atlantic,1371.0,1280.0,36582.0,201.5526886,0,1,1,29.4,0.0,19.7,8,91.0,91.0,2651.0,0,0,0,0,-2,0.3333333333333333,0.0,-1,0.3333333333333333,0.0,14.5,5,1,0,0,0,31.0,1835.303325917997,0,0,American Athletic,0
401644749,2024,Buffalo,Western Michigan,1294.0,1223.0,30270.0,181.5759735,0,0,1,17.5,0.0,12.1,8,71.0,71.0,2517.0,0,0,0,0,1,0.6666666666666666,1.0,2,0.5,1.0,15.5,5,1,0,0,0,31.0,563.5452807785521,0,0,Mid-American,0
401635587,2024,California,NC State,1548.0,1454.0,62467.0,125.3108063,0,0,1,22.5,0.0,18.2,8,94.0,94.0,3002.0,0,1,1,0,-3,0.5,0.0,-2,0.42857142857142855,0.0,12.5,5,1,0,0,0,101.0,3845.7316638952957,0,0,ACC,0
401643736,2024,Washington State,Hawai'i,1563.0,1212.0,32952.0,773.9526367,0,0,0,16.5,0.0,11.4,8,351.0,351.0,2775.0,0,0,1,0,1,0.8333333333333334,1.0,-2,0.3333333333333333,0.0,12.5,5,1,0,0,0,52.0,4615.1911537461965,0,0,Pac-12,0
401628518,2024,Illinois,Michigan,1541.0,1878.0,60670.0,223.2471619,0,0,1,20.1,0.0,8.4,8,-337.0,337.0,3419.0,0,1,1,0,1,0.8333333333333334,1.0,-1,0.6666666666666666,0.0,14.5,5,1,0,0,0,101.0,446.0580791105396,0,0,Big Ten,1
401645350,2024,Tulane,Rice,1751.0,1222.0,30000.0,0.0,0,0,1,24.1,0.0,20.6,8,529.0,529.0,2973.0,0,0,0,0,3,0.6666666666666666,1.0,1,0.3333333333333333,1.0,14.5,5,1,0,0,0,10.0,511.12166105563745,0,0,American Athletic,0
401628397,2024,Tennessee,Alabama,1936.0,2010.0,102455.0,271.9517212,1,0,1,20.9,0.0,5.3,8,-74.0,74.0,3946.0,0,1,1,1,1,0.8333333333333334,1.0,1,0.8333333333333334,1.0,15.5,5,1,0,0,0,103.0,450.97330115440457,0,0,SEC,1
401643813,2024,Old Dominion,Texas State,1379.0,1639.0,20118.0,3.147987843,0,0,1,19.2,0.0,16.0,8,-260.0,260.0,3018.0,0,0,0,0,1,0.3333333333333333,1.0,2,0.6666666666666666,1.0,15.5,5,1,0,0,0,88.0,2146.7556745715365,0,0,Sun Belt,1
401645345,2024,South Florida,UAB,1325.0,1091.0,65828.0,11.07972908,1,0,1,27.3,0.0,26.0,8,234.0,234.0,2416.0,0,0,0,0,-3,0.3333333333333333,0.0,-5,0.16666666666666666,0.0,15.5,5,1,0,0,0,26.0,740.6984096783219,0,0,American Athletic,0
401644751,2024,Northern Illinois,Toledo,1470.0,1508.0,23595.0,267.4530029,0,0,1,20.8,0.0,14.3,8,-38.0,38.0,2978.0,0,0,0,0,2,0.6666666666666666,1.0,-1,0.6666666666666666,0.0,14.5,5,1,0,0,0,59.0,429.1480474472979,0,0,Mid-American,0
401645347,2024,Navy,Charlotte,1555.0,1253.0,34000.0,10.74990082,0,0,1,20.0,0.0,4.8,8,302.0,302.0,2808.0,0,0,0,0,5,1.0,1.0,2,0.5,1.0,15.5,5,1,0,0,0,65.0,554.5122051367141,0,0,American Athletic,1
401636897,2024,Arizona,Colorado,1616.0,1490.0,50782.0,742.1530151,0,0,1,18.8,0.0,1.3,8,126.0,126.0,3106.0,0,1,1,0,-2,0.5,0.0,-1,0.6666666666666666,0.0,13.0,5,1,0,0,0,96.0,1003.9328182219116,0,0,Big 12,1
401636902,2024,Texas Tech,Baylor,1644.0,1457.0,60454.0,980.7632446,0,0,1,20.1,0.1,31.5,8,187.0,187.0,3101.0,0,1,1,0,4,0.8333333333333334,1.0,-3,0.3333333333333333,0.0,15.0,5,1,0,0,0,77.0,499.7220031720937,0,1,Big 12,1
401643737,2024,Utah State,New Mexico,1172.0,1271.0,25513.0,1427.914429,0,0,1,13.2,0.0,7.8,8,-99.0,99.0,2443.0,0,0,0,0,-5,0.16666666666666666,0.0,2,0.3333333333333333,1.0,14.0,5,1,0,0,0,56.0,869.3455520505544,0,0,Mountain West,0
401643738,2024,San José State,Wyoming,1563.0,1285.0,30456.0,28.30708694,0,0,1,23.0,0.0,5.3,8,278.0,278.0,2848.0,0,0,0,0,-1,0.6666666666666666,0.0,-1,0.16666666666666666,0.0,13.0,5,1,0,0,0,91.0,1468.21221284519,0,0,Mountain West,0
401628521,2024,Maryland,USC,1546.0,1763.0,51802.0,32.68748093,0,0,1,20.5,0.0,2.4,8,-217.0,217.0,3309.0,0,1,1,0,-2,0.5,0.0,-2,0.5,0.0,16.0,5,1,0,0,0,74.0,3704.27529986206,0,0,Big Ten,0
401643812,2024,Georgia Southern,James Madison,1371.0,1866.0,25000.0,61.25376892,0,0,1,22.5,0.0,16.1,8,-495.0,495.0,3237.0,0,0,0,0,2,0.6666666666666666,1.0,1,0.8333333333333334,1.0,16.0,5,1,0,0,0,40.0,719.7196609140542,0,0,Sun Belt,0
401628394,2024,Mississippi State,Texas A&M,1395.0,1781.0,61337.0,110.2742081,1,0,1,22.4,0.0,5.2,8,-386.0,386.0,3176.0,0,1,1,0,-5,0.16666666666666666,0.0,5,0.8333333333333334,1.0,15.25,5,1,0,0,0,110.0,778.3700541647291,0,0,SEC,0
401628399,2024,Vanderbilt,Ball State,1400.0,1085.0,40351.0,159.9194641,0,0,0,14.5,0.0,9.0,8,315.0,315.0,2485.0,0,0,1,0,2,0.6666666666666666,1.0,1,0.3333333333333333,1.0,18.0,5,1,1,0,0,102.0,468.83562070919015,0,0,SEC,0
401628392,2024,Arkansas,LSU,1513.0,1875.0,80000.0,403.7972412,0,0,1,20.6,0.0,8.8,8,-362.0,362.0,3388.0,0,1,1,1,1,0.6666666666666666,1.0,5,0.8333333333333334,1.0,18.0,5,1,1,0,0,86.0,687.7385985917066,0,0,SEC,1
401643814,2024,Southern Miss,Arkansas State,1095.0,1262.0,36000.0,64.52726746,0,0,1,21.4,0.0,9.1,8,-167.0,167.0,2357.0,0,0,0,0,-4,0.16666666666666666,0.0,-1,0.5,0.0,18.0,5,1,1,0,0,92.0,517.5888727517538,0,0,Sun Belt,0
401628520,2024,Michigan State,Iowa,1410.0,1683.0,75005.0,254.8794861,1,0,1,14.4,0.0,10.1,8,-273.0,273.0,3093.0,0,1,1,0,-3,0.5,0.0,1,0.6666666666666666,1.0,19.5,5,1,1,0,0,101.0,593.9648495120103,0,0,Big Ten,1
401636904,2024,West Virginia,Kansas State,1597.0,1743.0,60000.0,327.409668,0,0,1,12.8,0.0,6.7,8,-146.0,146.0,3340.0,0,1,1,0,-1,0.5,0.0,2,0.8333333333333334,1.0,19.5,5,1,1,0,0,44.0,1427.9488827710798,0,0,Big 12,1
401645349,2024,Memphis,North Texas,1609.0,1459.0,58325.0,90.62445831,0,0,1,19.0,0.0,6.4,8,150.0,150.0,3068.0,0,0,0,0,2,0.8333333333333334,1.0,3,0.8333333333333334,1.0,18.5,5,1,1,0,0,59.0,694.1425106332929,0,0,American Athletic,0
401628398,2024,Texas,Georgia,2138.0,2009.0,100119.0,160.3089447,0,0,1,27.8,0.0,16.8,8,129.0,129.0,4147.0,0,1,1,0,6,1.0,1.0,2,0.8333333333333334,1.0,18.5,5,1,1,0,0,100.0,1410.9849781843982,0,0,SEC,1
401636900,2024,Iowa State,UCF,1773.0,1501.0,61500.0,274.9135437,1,0,1,20.1,0.0,14.6,8,272.0,272.0,3274.0,0,1,1,0,6,1.0,1.0,-3,0.5,0.0,18.5,5,1,1,0,0,49.0,1865.6374236891697,0,0,Big 12,1
401643734,2024,Air Force,Colorado State,1310.0,1277.0,46692.0,2024.875732,0,0,1,8.8,0.0,13.7,8,33.0,33.0,2587.0,0,0,0,0,-5,0.16666666666666666,0.0,1,0.5,1.0,18.0,5,1,1,0,0,62.0,176.16091922267313,0,1,Mountain West,0
401635590,2024,Stanford,SMU,1229.0,1765.0,50424.0,18.38425636,1,0,1,25.1,0.0,6.3,8,-536.0,536.0,2994.0,0,1,1,0,-3,0.3333333333333333,0.0,3,0.8333333333333334,1.0,17.0,5,1,0,0,0,18.0,2355.990706219651,0,0,ACC,0
401643739,2024,Oregon State,UNLV,1587.0,1665.0,43363.0,66.90744781,0,0,0,16.1,0.0,8.9,8,-78.0,78.0,3252.0,0,0,1,0,-1,0.6666666666666666,0.0,1,0.8333333333333334,1.0,19.0,5,1,1,0,0,71.0,1164.024088865523,0,0,Pac-12,0
401636903,2024,Utah,TCU,1589.0,1508.0,51444.0,1411.543579,0,0,1,7.2,0.0,3.8,8,81.0,81.0,3097.0,0,1,1,0,-2,0.6666666666666666,0.0,-1,0.5,0.0,20.5,5,1,1,0,0,26.0,1567.1564327263334,0,0,Big 12,1
401641011,2024,Louisiana Tech,UTEP,1285.0,1161.0,28019.0,72.87982941,0,0,1,20.5,0.0,7.6,9,124.0,124.0,2446.0,0,0,0,0,-1,0.3333333333333333,0.0,1,0.14285714285714285,1.0,19.0,1,0,1,0,0,56.0,1305.8449699209173,0,0,Conference USA,0
401640993,2024,Kennesaw State,Liberty,1255.0,1581.0,11040.0,296.9589844,1,0,1,20.2,0.0,7.2,9,-326.0,326.0,2836.0,0,0,0,0,-6,0.0,0.0,5,1.0,1.0,19.0,2,0,1,0,0,14.0,611.2905034480051,0,0,Conference USA,0
401641003,2024,Jacksonville State,Middle Tennessee,1637.0,1142.0,24000.0,198.0679016,0,0,1,20.9,0.0,6.0,9,495.0,495.0,2779.0,0,0,0,0,3,0.5,1.0,1,0.2857142857142857,1.0,18.5,2,0,1,0,0,77.0,232.42053485907917,0,0,Conference USA,0
401643815,2024,Old Dominion,Georgia Southern,1416.0,1449.0,20118.0,3.147987843,0,0,1,16.6,0.0,10.7,9,-33.0,33.0,2865.0,0,0,0,0,2,0.42857142857142855,1.0,3,0.7142857142857143,1.0,19.0,3,0,1,0,0,88.0,706.1815692746987,0,0,Sun Belt,1
401634770,2024,Pittsburgh,Syracuse,1513.0,1423.0,68400.0,220.5887146,1,0,1,12.5,0.0,1.9,9,90.0,90.0,2936.0,0,1,1,0,6,1.0,1.0,3,0.8333333333333334,1.0,19.5,3,0,1,0,0,23.0,431.77698304960785,0,0,ACC,0
401634771,2024,Boston College,Louisville,1418.0,1691.0,44500.0,39.82634354,0,0,1,10.3,0.0,9.3,9,-273.0,273.0,3109.0,0,1,1,0,-2,0.5714285714285714,0.0,-1,0.5714285714285714,0.0,19.5,4,0,1,0,0,67.0,1318.3404344263013,0,0,ACC,1
401643740,2024,UNLV,Boise State,1674.0,1711.0,65000.0,666.0,0,1,1,23.7,0.0,11.2,9,-37.0,37.0,3385.0,0,0,0,0,2,0.8571428571428571,1.0,4,0.8333333333333334,1.0,19.5,4,0,1,0,0,4.0,839.7489134159525,0,0,Mountain West,0
401628532,2024,USC,Rutgers,1756.0,1432.0,77500.0,42.50374222,1,0,1,16.8,0.0,8.2,9,324.0,324.0,3188.0,0,1,1,0,-3,0.42857142857142855,0.0,-3,0.5714285714285714,0.0,20.0,4,0,1,0,0,101.0,3903.905894477572,0,0,Big Ten,0
401635597,2024,Virginia Tech,Georgia Tech,1674.0,1581.0,65632.0,632.2631226,1,0,1,18.8,0.0,12.9,9,93.0,93.0,3255.0,0,1,1,0,2,0.5714285714285714,1.0,-1,0.625,0.0,12.0,5,1,0,0,0,59.0,525.6612936143282,0,0,ACC,1
401628526,2024,Indiana,Washington,1791.0,1707.0,52656.0,231.6500854,0,0,1,14.8,0.0,13.4,9,84.0,84.0,3498.0,0,1,1,0,7,1.0,1.0,-1,0.5714285714285714,0.0,12.0,5,1,0,0,0,64.0,3008.482290668912,0,0,Big Ten,1
401635598,2024,Virginia,North Carolina,1425.0,1489.0,61500.0,170.4677429,1,0,1,21.5,0.0,11.3,9,-64.0,64.0,2914.0,0,1,1,0,-2,0.5714285714285714,0.0,-4,0.42857142857142855,0.0,12.0,5,1,0,0,0,93.0,240.92319504173904,0,0,ACC,0
401644755,2024,Ohio,Buffalo,1394.0,1275.0,24000.0,194.230896,0,0,1,15.1,0.0,11.0,9,119.0,119.0,2669.0,0,0,0,0,-1,0.5714285714285714,0.0,-1,0.5714285714285714,0.0,12.0,5,1,0,0,0,95.0,494.645438934199,0,0,Mid-American,0
401645354,2024,North Texas,Tulane,1456.0,1738.0,30850.0,198.6871948,0,0,1,22.7,0.0,14.5,9,-282.0,282.0,3194.0,0,0,0,0,-1,0.7142857142857143,0.0,4,0.7142857142857143,1.0,11.0,5,1,0,0,0,13.0,758.9788463208456,0,0,American Athletic,0
401645353,2024,Memphis,Charlotte,1612.0,1196.0,58325.0,90.62445831,0,0,1,21.7,0.0,16.4,9,416.0,416.0,2808.0,0,0,0,0,3,0.8571428571428571,1.0,-1,0.42857142857142855,0.0,11.0,5,1,0,0,0,59.0,839.0968377170543,0,0,American Athletic,0
401628402,2024,Ole Miss,Oklahoma,1905.0,1694.0,64038.0,146.8517151,1,0,1,23.9,0.0,8.3,9,211.0,211.0,3599.0,0,1,1,0,-1,0.7142857142857143,0.0,-2,0.5714285714285714,0.0,11.0,5,1,0,0,0,109.0,728.0804421943817,0,0,SEC,1
401628530,2024,Ohio State,Nebraska,2076.0,1454.0,102780.0,216.6770325,0,0,1,13.6,0.0,9.6,9,622.0,622.0,3530.0,0,1,1,0,-1,0.8333333333333334,0.0,-1,0.7142857142857143,0.0,12.0,5,1,0,0,0,102.0,1161.100803632639,0,0,Big Ten,1
401628403,2024,Mississippi State,Arkansas,1405.0,1490.0,61337.0,110.2742081,1,0,1,25.1,0.0,6.1,9,-85.0,85.0,2895.0,0,1,1,0,-6,0.14285714285714285,0.0,-1,0.5714285714285714,0.0,11.75,5,1,0,0,0,110.0,571.1505923306837,0,0,SEC,0
401643816,2024,App State,Georgia State,1330.0,1291.0,30000.0,991.3414307,0,0,1,19.0,0.9,14.8,9,39.0,39.0,2621.0,0,0,0,0,-3,0.3333333333333333,0.0,-3,0.3333333333333333,0.0,13.0,5,1,0,0,0,62.0,369.4690809062225,0,0,Sun Belt,1
401644687,2024,Miami (OH),Central Michigan,1497.0,1188.0,24286.0,242.2643585,0,0,1,15.3,0.0,15.1,9,309.0,309.0,2685.0,0,0,0,0,2,0.42857142857142855,1.0,-2,0.42857142857142855,0.0,14.0,5,1,0,0,0,41.0,451.24343718020054,0,0,Mid-American,0
401645352,2024,East Carolina,Temple,1292.0,1126.0,50000.0,19.0564537,1,0,1,25.0,0.0,8.7,9,166.0,166.0,2418.0,0,0,0,0,-2,0.42857142857142855,0.0,1,0.2857142857142857,1.0,14.0,5,1,0,0,0,61.0,516.0416622319076,0,0,American Athletic,0
401628400,2024,Alabama,Missouri,1996.0,1735.0,101821.0,70.05136108,1,0,1,28.8,0.0,6.9,9,261.0,261.0,3731.0,0,1,1,0,-1,0.7142857142857143,0.0,2,0.8571428571428571,1.0,14.5,5,1,0,0,0,95.0,768.0869224568605,0,0,SEC,1
401635599,2024,Stanford,Wake Forest,1208.0,1353.0,50424.0,18.38425636,1,0,1,23.4,0.0,4.1,9,-145.0,145.0,2561.0,0,1,1,0,-4,0.2857142857142857,0.0,1,0.42857142857142855,1.0,12.5,5,1,0,0,0,18.0,3703.913896577724,0,0,ACC,0
401636906,2024,Baylor,Oklahoma State,1545.0,1490.0,45140.0,117.0538101,0,0,1,30.7,0.0,6.4,9,55.0,55.0,3035.0,0,1,1,0,1,0.42857142857142855,1.0,-4,0.42857142857142855,0.0,14.5,5,1,0,0,0,10.0,507.89992420047685,0,0,Big 12,1
401636911,2024,UCF,BYU,1503.0,1664.0,44206.0,20.94113731,1,0,1,27.4,0.0,15.6,9,-161.0,161.0,3167.0,0,1,1,0,-4,0.42857142857142855,0.0,7,1.0,1.0,15.5,5,1,0,0,0,17.0,3059.087482416457,0,0,Big 12,1
401636910,2024,TCU,Texas Tech,1525.0,1556.0,46000.0,185.4387054,1,0,1,28.2,0.0,13.2,9,-31.0,31.0,3081.0,0,1,1,1,1,0.5714285714285714,1.0,-1,0.7142857142857143,0.0,14.5,5,1,0,0,0,95.0,430.64054040645954,0,1,Big 12,1
401645308,2024,Massachusetts,Wagner,986.0,1480.0,17000.0,46.58664703,0,0,0,15.1,0.0,18.4,9,-494.0,494.0,2466.0,1,0,0,0,-3,0.14285714285714285,0.0,-1,0.0,0.0,15.5,5,1,0,0,0,59.0,,1,0,FBS Independents,0
401644754,2024,Toledo,Bowling Green,1518.0,1410.0,26038.0,181.4839783,0,0,1,13.5,0.0,15.3,9,108.0,108.0,2928.0,0,0,0,1,1,0.7142857142857143,1.0,1,0.42857142857142855,1.0,15.5,5,1,0,0,0,87.0,31.084137071283532,0,1,Mid-American,1
401644753,2024,Ball State,Northern Illinois,1089.0,1460.0,22500.0,285.481781,0,0,1,14.9,0.0,14.9,9,-371.0,371.0,2549.0,0,0,0,0,-1,0.2857142857142857,0.0,-1,0.5714285714285714,0.0,15.5,5,1,0,0,0,57.0,340.4010284715504,0,0,Mid-American,0
401644752,2024,Akron,Eastern Michigan,1049.0,1262.0,30000.0,321.2875061,0,0,1,12.5,0.0,18.1,9,-213.0,213.0,2311.0,0,0,0,0,-4,0.14285714285714285,0.0,1,0.7142857142857143,1.0,15.5,5,1,0,0,0,15.0,221.09901396551882,0,0,Mid-American,0
401643817,2024,James Madison,Southern Miss,1788.0,1074.0,24877.0,399.303009,0,0,1,18.8,0.0,9.3,9,714.0,714.0,2862.0,0,0,0,0,-1,0.7142857142857143,0.0,-5,0.14285714285714285,0.0,15.5,5,1,0,0,0,49.0,1237.280258813734,0,0,Sun Belt,1
401628527,2024,Iowa,Northwestern,1637.0,1543.0,69250.0,220.6357727,0,0,1,14.9,0.0,10.9,9,94.0,94.0,3180.0,0,1,1,0,-1,0.5714285714285714,0.0,-1,0.42857142857142855,0.0,14.5,5,1,0,0,0,95.0,324.3778941972321,0,0,Big Ten,1
401629035,2024,UConn,Rice,1424.0,1235.0,40000.0,6.515614986,1,0,0,16.6,0.0,20.2,9,189.0,189.0,2659.0,0,0,0,0,-1,0.5714285714285714,0.0,-1,0.2857142857142857,0.0,15.5,5,1,0,0,0,21.0,2442.4209294549923,0,0,FBS Independents,0
401645355,2024,Tulsa,UTSA,1047.0,1391.0,30000.0,235.5928345,0,0,1,21.9,0.0,13.8,9,-344.0,344.0,2438.0,0,0,0,0,-3,0.2857142857142857,0.0,1,0.42857142857142855,1.0,14.5,5,1,0,0,0,94.0,785.0809993632965,0,0,American Athletic,0
401628528,2024,Minnesota,Maryland,1534.0,1553.0,50850.0,254.3902283,0,0,1,14.1,0.0,8.4,9,-19.0,19.0,3087.0,0,1,1,0,2,0.5714285714285714,1.0,1,0.5714285714285714,1.0,14.5,5,1,0,0,0,15.0,1497.3463993233609,0,0,Big Ten,1
401644756,2024,Western Michigan,Kent State,1242.0,924.0,30200.0,243.8211212,0,0,1,12.5,0.0,12.6,9,318.0,318.0,2166.0,0,0,0,0,3,0.5714285714285714,1.0,-7,0.0,0.0,15.5,5,1,0,0,0,85.0,377.97967474619105,0,0,Mid-American,0
401628525,2024,Oregon,Illinois,1987.0,1602.0,54000.0,127.4198303,0,0,1,21.0,0.0,8.9,9,385.0,385.0,3589.0,0,1,1,0,7,1.0,1.0,2,0.8571428571428571,1.0,12.5,5,1,0,0,0,57.0,2886.316568557557,0,0,Big Ten,1
401635594,2024,California,Oregon State,1542.0,1578.0,62467.0,125.3108063,0,0,0,23.9,0.0,5.6,9,-36.0,36.0,3120.0,0,1,1,0,-4,0.42857142857142855,0.0,-2,0.5714285714285714,0.0,13.0,5,1,0,0,0,101.0,748.6787987308352,0,0,ACC,0
401628405,2024,Vanderbilt,Texas,1396.0,2089.0,40351.0,159.9194641,0,0,1,20.7,0.0,14.5,9,-693.0,693.0,3485.0,0,1,1,0,3,0.7142857142857143,1.0,-1,0.8571428571428571,0.0,15.25,5,1,0,0,0,102.0,1205.9584188345937,0,0,SEC,0
401643819,2024,South Alabama,UL Monroe,1606.0,1272.0,25450.0,45.0,0,0,1,30.0,0.0,6.6,9,334.0,334.0,2878.0,0,0,0,0,1,0.42857142857142855,1.0,3,0.8333333333333334,1.0,16.0,5,1,0,0,0,4.0,419.6691869013596,0,0,Sun Belt,0
401643741,2024,Colorado State,New Mexico,1295.0,1273.0,36500.0,1528.4,0,0,1,19.9,0.0,5.6,9,22.0,22.0,2568.0,0,0,0,0,2,0.5714285714285714,1.0,3,0.42857142857142855,1.0,15.0,5,1,0,0,0,7.0,626.6527974885181,0,0,Mountain West,1
401643745,2024,Wyoming,Utah State,1287.0,1170.0,29181.0,2200.153564,0,0,1,13.5,0.0,15.8,9,117.0,117.0,2457.0,0,0,0,0,-2,0.14285714285714285,0.0,-6,0.14285714285714285,0.0,17.0,5,1,0,0,0,74.0,521.8840080149373,0,0,Mountain West,0
401643818,2024,Arkansas State,Troy,1283.0,1432.0,30382.0,89.52690887,0,0,1,19.5,0.0,13.0,9,-149.0,149.0,2715.0,0,0,0,0,1,0.5714285714285714,1.0,-3,0.14285714285714285,0.0,18.0,5,1,1,0,0,50.0,626.3360378761662,0,0,Sun Belt,0
401636905,2024,Arizona,West Virginia,1526.0,1541.0,50782.0,742.1530151,0,0,1,36.5,0.0,10.0,9,-15.0,15.0,3067.0,0,1,1,0,-3,0.42857142857142855,0.0,-2,0.42857142857142855,0.0,16.0,5,1,0,0,0,96.0,2893.457339642024,0,0,Big 12,1
401636908,2024,Houston,Utah,1334.0,1572.0,40000.0,9.57440567,0,0,1,27.7,0.0,12.7,9,-238.0,238.0,2906.0,0,1,1,0,-1,0.2857142857142857,0.0,-3,0.5714285714285714,0.0,18.0,5,1,1,0,0,10.0,1931.1073051319474,0,0,Big 12,0
401635596,2024,Miami,Florida State,1826.0,1526.0,64767.0,2.624486446,0,0,1,24.0,0.0,11.8,9,300.0,300.0,3352.0,0,1,1,1,7,1.0,1.0,-3,0.14285714285714285,0.0,19.0,5,1,1,0,0,37.0,637.7687122745795,0,1,ACC,1
401628404,2024,Texas A&M,LSU,1771.0,1898.0,102733.0,108.824585,1,0,1,31.4,0.0,1.5,9,-127.0,127.0,3669.0,0,1,1,1,6,0.8571428571428571,1.0,6,0.8571428571428571,1.0,18.5,5,1,1,0,0,97.0,494.4349236547837,0,0,SEC,1
401628529,2024,Michigan,Michigan State,1817.0,1456.0,107601.0,255.5500031,0,0,1,6.1,0.0,9.9,9,361.0,361.0,3273.0,0,1,1,1,-2,0.5714285714285714,0.0,1,0.5714285714285714,1.0,19.5,5,1,1,0,0,97.0,79.27908446000761,0,1,Big Ten,1
401628531,2024,Wisconsin,Penn State,1755.0,1897.0,80321.0,263.604126,0,0,1,10.9,0.0,4.7,9,-142.0,142.0,3652.0,0,1,1,0,3,0.7142857142857143,1.0,6,1.0,1.0,18.5,5,1,1,0,0,107.0,987.3630071295726,0,0,Big Ten,1
401628401,2024,Kentucky,Auburn,1559.0,1552.0,61000.0,307.4248962,0,0,1,12.3,0.0,11.5,9,7.0,7.0,3111.0,0,1,1,0,-2,0.42857142857142855,0.0,-4,0.2857142857142857,0.0,19.75,5,1,1,0,0,51.0,609.1964728121566,0,0,SEC,1
401635595,2024,Duke,SMU,1604.0,1786.0,40004.0,103.0028152,1,0,1,18.7,0.0,11.9,9,-182.0,182.0,3390.0,0,1,1,0,1,0.8571428571428571,1.0,4,0.8571428571428571,1.0,20.0,5,1,1,0,0,95.0,1671.2367996579246,0,0,ACC,0
401643742,2024,Fresno State,San José State,1495.0,1561.0,41031.0,102.564064,0,0,1,25.9,0.0,6.9,9,-66.0,66.0,3056.0,0,0,0,0,1,0.5714285714285714,1.0,1,0.7142857142857143,1.0,17.0,5,1,0,0,0,44.0,195.48098325376336,0,1,Mountain West,1
401636909,2024,Kansas State,Kansas,1799.0,1631.0,50000.0,328.0574646,0,0,1,13.2,0.0,11.1,9,168.0,168.0,3430.0,0,1,1,1,3,0.8571428571428571,1.0,1,0.2857142857142857,1.0,19.0,5,1,1,0,0,56.0,119.30343013777686,0,1,Big 12,1
401636907,2024,Colorado,Cincinnati,1580.0,1554.0,50183.0,1634.041138,1,0,1,12.2,0.0,4.0,9,26.0,26.0,3134.0,0,1,1,0,1,0.7142857142857143,1.0,2,0.7142857142857143,1.0,20.25,5,1,1,0,0,100.0,1777.2816139882787,0,0,Big 12,1
401643744,2024,San Diego State,Washington State,1344.0,1608.0,35000.0,62.0,1,0,0,18.9,0.0,5.2,9,-264.0,264.0,2952.0,0,1,0,0,2,0.5,1.0,2,0.8571428571428571,1.0,19.5,5,1,1,0,0,2.0,1550.8819656043072,0,0,Mountain West,0
401643743,2024,Hawai'i,Nevada,1167.0,1267.0,15194.0,20.0,0,0,1,25.2,0.2,15.9,9,-100.0,100.0,2434.0,0,0,0,0,-3,0.2857142857142857,0.0,-1,0.375,0.0,17.983333333333334,5,1,0,0,0,9.0,4127.639068658255,0,0,Mountain West,0
401643820,2024,Texas State,Louisiana,1602.0,1538.0,30000.0,177.8676453,0,0,1,28.9,0.0,28.0,10,64.0,64.0,3140.0,0,0,0,0,-1,0.5714285714285714,0.0,4,0.8571428571428571,1.0,18.5,1,0,1,0,0,43.0,567.3812121230118,0,0,Sun Belt,0
401641012,2024,Sam Houston,Louisiana Tech,1415.0,1284.0,14000.0,127.6225204,0,0,1,25.3,0.0,18.2,10,131.0,131.0,2699.0,0,0,0,0,1,0.75,1.0,1,0.42857142857142855,1.0,19.0,1,0,1,0,0,38.0,339.8928143456973,0,0,Conference USA,0
401640994,2024,Liberty,Jacksonville State,1575.0,1642.0,25000.0,272.9237061,0,0,1,18.7,0.0,12.4,10,-67.0,67.0,3217.0,0,0,0,0,-1,0.8333333333333334,0.0,4,0.5714285714285714,1.0,19.0,2,0,1,0,0,35.0,713.6521599999879,0,0,Conference USA,0
401641020,2024,Western Kentucky,Kennesaw State,1496.0,1261.0,22113.0,154.4346619,0,0,1,20.9,0.0,10.8,10,235.0,235.0,2757.0,0,0,0,0,2,0.7142857142857143,1.0,1,0.14285714285714285,1.0,18.5,2,0,1,0,0,56.0,370.5859375203226,0,0,Conference USA,0
401645356,2024,Charlotte,Tulane,1207.0,1732.0,15300.0,190.365509,0,0,1,20.9,0.0,12.4,10,-525.0,525.0,2939.0,0,0,0,0,-2,0.375,0.0,5,0.75,1.0,19.5,3,0,1,0,0,11.0,1060.7978933620866,0,0,American Athletic,0
401629036,2024,UConn,Georgia State,1423.0,1284.0,40000.0,6.515614986,1,0,0,14.5,0.0,15.8,10,139.0,139.0,2707.0,0,0,0,0,1,0.625,1.0,-4,0.2857142857142857,0.0,19.0,4,0,1,0,0,21.0,1364.171469801116,0,0,FBS Independents,0
401645357,2024,Florida Atlantic,South Florida,1260.0,1326.0,29419.0,3.613628864,0,0,1,25.3,0.0,18.8,10,-66.0,66.0,2586.0,0,0,0,0,-2,0.2857142857142857,0.0,1,0.42857142857142855,1.0,19.5,4,0,1,0,0,13.0,296.7645448616922,0,1,American Athletic,0
401643747,2024,Boise State,San Diego State,1717.0,1355.0,36387.0,823.2221069,0,0,1,12.8,0.0,22.3,10,362.0,362.0,3072.0,0,0,0,0,5,0.8571428571428571,1.0,-1,0.42857142857142855,0.0,18.0,4,0,1,0,0,54.0,1205.6568493594496,0,0,Mountain West,1
401635604,2024,Syracuse,Virginia Tech,1360.0,1697.0,49057.0,162.6989746,0,1,1,5.3,0.2,10.7,10,-337.0,337.0,3057.0,0,1,1,0,-1,0.7142857142857143,0.0,3,0.625,1.0,12.0,5,1,0,0,0,44.0,741.8944071199406,0,0,ACC,0
401628538,2024,Purdue,Northwestern,1212.0,1487.0,57282.0,197.5337677,1,0,1,10.8,0.0,9.3,10,-275.0,275.0,2699.0,0,1,1,0,-6,0.14285714285714285,0.0,-2,0.375,0.0,12.0,5,1,0,0,0,100.0,191.11224966692225,0,0,Big Ten,1
401628410,2024,Oklahoma,Maine,1682.0,1480.0,86112.0,355.0962524,1,0,0,19.7,0.0,18.9,10,202.0,202.0,3162.0,1,0,1,0,-3,0.5,0.0,0,,,11.0,5,1,0,0,0,99.0,,1,0,SEC,1
401628533,2024,Illinois,Minnesota,1569.0,1599.0,60670.0,223.2471619,0,0,1,10.7,0.0,10.7,10,-30.0,30.0,3168.0,0,1,1,0,-1,0.75,0.0,3,0.625,1.0,11.0,5,1,0,0,0,101.0,678.7943773723375,0,0,Big Ten,1
401635601,2024,Miami,Duke,1848.0,1611.0,64767.0,2.624486446,0,0,1,24.6,1.1,15.5,10,237.0,237.0,3459.0,0,1,1,0,8,1.0,1.0,-1,0.75,0.0,12.0,5,1,0,0,0,37.0,1122.9015138667717,0,0,ACC,1
401645359,2024,UTSA,Memphis,1381.0,1601.0,36582.0,201.5526886,0,1,1,24.3,0.1,17.8,10,-220.0,220.0,2982.0,0,0,0,0,-1,0.375,0.0,4,0.875,1.0,11.0,5,1,0,0,0,31.0,1019.6652434689781,0,0,American Athletic,0
401628539,2024,Penn State,Ohio State,1918.0,2063.0,106572.0,354.1551514,1,0,1,10.0,0.0,9.3,10,-145.0,145.0,3981.0,0,1,1,0,7,1.0,1.0,1,0.8571428571428571,1.0,12.0,5,1,0,0,0,64.0,446.3276645007931,0,0,Big Ten,1
401628406,2024,Arkansas,Ole Miss,1573.0,1911.0,80000.0,403.7972412,0,0,1,18.9,0.0,17.1,10,-338.0,338.0,3484.0,0,1,1,0,1,0.625,1.0,1,0.75,1.0,11.0,5,1,0,0,0,86.0,462.56823769108746,0,0,SEC,1
401644757,2024,Akron,Buffalo,1059.0,1206.0,30000.0,321.2875061,0,0,1,11.1,0.0,0.9,10,-147.0,147.0,2265.0,0,0,0,0,1,0.25,1.0,-2,0.5,0.0,12.0,5,1,0,0,0,15.0,311.0251537229958,0,0,Mid-American,0
401644758,2024,Eastern Michigan,Toledo,1252.0,1472.0,30200.0,241.248764,0,0,1,9.4,0.0,2.4,10,-220.0,220.0,2724.0,0,0,0,0,-1,0.625,0.0,-1,0.625,0.0,12.0,5,1,0,0,0,55.0,66.62502323011657,0,0,Mid-American,0
401635516,2024,NC State,Stanford,1460.0,1212.0,58000.0,117.0089951,1,0,1,19.0,0.0,11.8,10,248.0,248.0,2672.0,0,1,1,0,1,0.5,1.0,-5,0.25,0.0,12.0,5,1,0,0,0,58.0,3846.8351611566854,0,0,ACC,1
401643746,2024,Army,Air Force,1649.0,1292.0,38000.0,99.21277618,0,0,0,12.0,0.0,14.4,10,357.0,357.0,2941.0,0,0,0,1,7,1.0,1.0,-6,0.14285714285714285,0.0,12.0,5,1,0,0,0,100.0,2622.3848259774213,0,0,American Athletic,0
401628407,2024,Auburn,Vanderbilt,1585.0,1428.0,87451.0,201.1737976,1,0,1,24.0,0.0,7.8,10,157.0,157.0,3013.0,0,1,1,0,1,0.375,1.0,-1,0.625,0.0,11.75,5,1,0,0,0,85.0,411.97252039279454,0,0,SEC,1
401645358,2024,UAB,Tulsa,1090.0,1057.0,45000.0,187.0,0,0,1,24.3,0.0,5.9,10,33.0,33.0,2147.0,0,0,0,0,-6,0.14285714285714285,0.0,1,0.375,1.0,13.5,5,1,0,0,0,3.0,883.5838133754742,0,0,American Athletic,0
401643821,2024,App State,Old Dominion,1337.0,1494.0,30000.0,991.3414307,0,0,1,12.1,0.0,6.3,10,-157.0,157.0,2831.0,0,0,0,0,1,0.42857142857142855,1.0,3,0.5,1.0,14.5,5,1,0,0,0,62.0,486.4234261013233,0,0,Sun Belt,1
401643822,2024,Marshall,UL Monroe,1417.0,1234.0,38016.0,163.7328186,0,0,1,17.3,0.0,5.9,10,183.0,183.0,2651.0,0,0,0,0,1,0.5714285714285714,1.0,-1,0.7142857142857143,0.0,15.5,5,1,0,0,0,33.0,1090.8267214490118,0,0,Sun Belt,0
401641026,2024,UTEP,Middle Tennessee,1162.0,1137.0,51500.0,1183.697876,0,0,1,22.8,0.0,15.8,10,25.0,25.0,2299.0,0,0,0,0,-1,0.125,0.0,-1,0.25,0.0,13.5,5,1,0,0,0,61.0,1911.3247281563058,0,0,Conference USA,0
401635602,2024,Florida State,North Carolina,1504.0,1555.0,67277.0,19.55942535,1,0,1,28.4,0.0,9.0,10,-51.0,51.0,3059.0,0,1,1,0,-4,0.125,0.0,1,0.5,1.0,15.5,5,1,0,0,0,74.0,780.1758349855613,0,0,ACC,0
401628534,2024,Michigan State,Indiana,1465.0,1812.0,75005.0,254.8794861,1,0,1,10.9,0.0,1.9,10,-347.0,347.0,3277.0,0,1,1,0,-1,0.5,0.0,8,1.0,1.0,15.5,5,1,0,0,0,101.0,430.02204565567445,0,0,Big Ten,1
401636914,2024,Iowa State,Texas Tech,1771.0,1554.0,61500.0,274.9135437,1,0,1,12.9,0.0,13.6,10,217.0,217.0,3325.0,0,1,1,0,7,1.0,1.0,-2,0.625,0.0,14.5,5,1,0,0,0,49.0,1182.3486396683359,0,0,Big 12,1
401636916,2024,UCF,Arizona,1489.0,1518.0,44206.0,20.94113731,1,0,1,26.1,0.1,17.5,10,-29.0,29.0,3007.0,0,1,1,0,-5,0.375,0.0,-4,0.375,0.0,15.5,5,1,0,0,0,17.0,2872.293593448044,0,0,Big 12,1
401636915,2024,Oklahoma State,Arizona State,1477.0,1513.0,55509.0,276.4808655,0,0,1,21.7,0.0,16.0,10,-36.0,36.0,2990.0,0,1,1,0,-5,0.375,0.0,-1,0.7142857142857143,0.0,14.5,5,1,0,0,0,105.0,1389.034519906121,0,0,Big 12,1
401636913,2024,Houston,Kansas State,1338.0,1797.0,40000.0,9.57440567,0,0,1,26.3,0.5,19.4,10,-459.0,459.0,3135.0,0,1,1,0,1,0.375,1.0,4,0.875,1.0,14.5,5,1,0,0,0,10.0,1060.2548239776586,0,0,Big 12,0
401628537,2024,Nebraska,UCLA,1467.0,1456.0,85458.0,354.9318848,0,0,1,12.9,0.3,13.5,10,11.0,11.0,2923.0,0,1,1,0,-2,0.625,0.0,1,0.2857142857142857,1.0,14.5,5,1,0,0,0,101.0,2026.574499639016,0,0,Big Ten,1
401628536,2024,Michigan,Oregon,1808.0,2020.0,107601.0,255.5500031,0,0,1,11.3,0.0,3.9,10,-212.0,212.0,3828.0,0,1,1,0,1,0.625,1.0,8,1.0,1.0,15.5,5,1,0,0,0,97.0,3165.0099308260806,0,0,Big Ten,1
401645360,2024,Rice,Navy,1236.0,1564.0,47000.0,7.148301601,0,0,1,24.9,3.0,19.7,10,-328.0,328.0,2800.0,0,0,0,0,-2,0.25,0.0,-1,0.8571428571428571,0.0,15.0,5,1,0,0,0,74.0,2012.1077553013054,0,0,American Athletic,0
401643824,2024,Troy,Coastal Carolina,1429.0,1402.0,30000.0,154.7746277,0,0,1,26.8,0.0,9.5,10,27.0,27.0,2831.0,0,0,0,0,-4,0.125,0.0,-2,0.5714285714285714,0.0,15.0,5,1,0,0,0,74.0,684.8982459064973,0,0,Sun Belt,0
401643750,2024,New Mexico,Wyoming,1255.0,1278.0,39224.0,1554.471924,0,0,1,19.9,0.0,14.0,10,-23.0,23.0,2533.0,0,0,0,0,-1,0.375,0.0,-3,0.125,0.0,14.0,5,1,0,0,0,64.0,700.5119834921348,0,0,Mountain West,0
401628409,2024,Mississippi State,Massachusetts,1322.0,1025.0,61337.0,110.2742081,1,0,0,26.1,0.0,8.1,10,297.0,297.0,2347.0,0,0,1,0,-7,0.125,0.0,1,0.25,1.0,15.25,5,1,0,0,0,110.0,1732.353560238118,0,0,SEC,0
401643749,2024,Fresno State,Hawai'i,1559.0,1228.0,41031.0,102.564064,0,0,1,20.4,0.0,13.1,10,331.0,331.0,2787.0,0,0,0,0,2,0.625,1.0,1,0.375,1.0,16.0,5,1,0,0,0,44.0,4047.244361696961,0,0,Mountain West,1
401628411,2024,South Carolina,Texas A&M,1744.0,1814.0,80250.0,60.54548645,1,0,1,22.0,0.3,3.4,10,-70.0,70.0,3558.0,0,1,1,0,1,0.5714285714285714,1.0,7,0.875,1.0,19.5,5,1,1,0,0,90.0,1486.2877415090268,0,0,SEC,1
401628540,2024,Washington,USC,1686.0,1776.0,70138.0,11.65622807,0,0,1,11.8,0.0,18.2,10,-90.0,90.0,3462.0,0,1,1,0,-2,0.5,0.0,1,0.5,1.0,16.5,5,1,0,0,0,104.0,1552.8507200041645,0,0,Big Ten,1
401628535,2024,Iowa,Wisconsin,1693.0,1734.0,69250.0,220.6357727,0,0,1,12.8,0.0,14.9,10,-41.0,41.0,3427.0,0,1,1,0,1,0.625,1.0,-1,0.625,0.0,18.5,5,1,1,0,0,95.0,235.5576162182836,0,0,Big Ten,1
401635600,2024,Clemson,Louisville,1863.0,1681.0,81500.0,205.6452179,1,0,1,19.9,0.0,9.4,10,182.0,182.0,3544.0,0,1,1,0,6,0.8571428571428571,1.0,1,0.625,1.0,19.5,5,1,1,0,0,82.0,470.9177490636936,0,0,ACC,1
401643823,2024,South Alabama,Georgia Southern,1644.0,1371.0,25450.0,45.0,0,0,1,24.9,0.0,10.1,10,273.0,273.0,3015.0,0,0,0,0,2,0.5,1.0,-1,0.625,0.0,18.5,5,1,1,0,0,4.0,636.2250901961484,0,0,Sun Belt,0
401628412,2024,Tennessee,Kentucky,1950.0,1526.0,102455.0,271.9517212,1,0,1,16.1,0.0,8.6,10,424.0,424.0,3476.0,0,1,1,1,2,0.8571428571428571,1.0,-3,0.375,0.0,19.75,5,1,1,0,0,103.0,235.55523821292675,0,0,SEC,1
401635627,2024,SMU,Pittsburgh,1779.0,1576.0,32000.0,169.4058075,0,0,1,22.6,0.0,22.9,10,203.0,203.0,3355.0,0,1,1,0,5,0.875,1.0,7,1.0,1.0,19.0,5,1,1,0,0,24.0,1714.433068562683,0,0,ACC,1
401643748,2024,Nevada,Colorado State,1206.0,1313.0,27000.0,1406.57605,0,0,1,10.3,0.0,18.0,10,-107.0,107.0,2519.0,0,0,0,0,-2,0.3333333333333333,0.0,3,0.625,1.0,17.0,5,1,0,0,0,58.0,1257.2246722213338,0,0,Mountain West,0
401636912,2024,Baylor,TCU,1558.0,1527.0,45140.0,117.0538101,0,0,1,24.9,0.0,21.8,10,31.0,31.0,3085.0,0,1,1,1,2,0.5,1.0,2,0.625,1.0,19.0,5,1,1,0,0,10.0,130.22351625283343,0,1,Big 12,1
401644760,2024,Central Michigan,Bowling Green,1116.0,1456.0,30255.0,240.9007721,0,0,1,17.7,0.6,21.3,11,-340.0,340.0,2572.0,0,0,0,0,-3,0.375,0.0,2,0.5,1.0,19.5,1,0,1,0,0,52.0,262.0982587820274,0,0,Mid-American,0
401644688,2024,Ball State,Miami (OH),1094.0,1569.0,22500.0,285.481781,0,0,1,19.6,0.1,26.1,11,-475.0,475.0,2663.0,0,0,0,0,1,0.375,1.0,3,0.5,1.0,20.0,1,0,1,0,0,57.0,96.91314882737669,0,0,Mid-American,0
401644762,2024,Western Michigan,Northern Illinois,1288.0,1455.0,30200.0,243.8211212,0,0,1,10.8,0.0,6.2,11,-167.0,167.0,2743.0,0,0,0,0,4,0.625,1.0,-2,0.5,0.0,19.0,2,0,1,0,0,85.0,264.9713172195878,0,0,Mid-American,0
401644761,2024,Kent State,Ohio,878.0,1463.0,25319.0,321.3641663,0,0,1,15.2,0.0,6.8,11,-585.0,585.0,2341.0,0,0,0,0,-8,0.0,0.0,1,0.625,1.0,19.0,2,0,1,0,0,55.0,212.96337830469702,0,1,Mid-American,0
401643825,2024,Coastal Carolina,App State,1376.0,1359.0,21000.0,13.74894905,0,0,1,20.7,0.0,4.3,11,17.0,17.0,2735.0,0,0,0,0,-3,0.5,0.0,2,0.5,1.0,20.0,3,0,1,0,0,21.0,362.4724046326492,0,0,Sun Belt,1
401645361,2024,East Carolina,Florida Atlantic,1328.0,1207.0,50000.0,19.0564537,1,0,1,20.6,0.0,8.7,11,121.0,121.0,2535.0,0,0,0,0,1,0.5,1.0,-3,0.25,0.0,20.0,3,0,1,0,0,61.0,1057.8003442883023,0,0,American Athletic,0
401634773,2024,Wake Forest,California,1349.0,1653.0,31500.0,283.548584,0,0,1,19.6,0.0,13.3,11,-304.0,304.0,3002.0,0,1,1,0,2,0.5,1.0,1,0.5,1.0,20.0,4,0,1,0,0,56.0,3702.845305374674,0,0,ACC,1
401628542,2024,UCLA,Iowa,1470.0,1786.0,88565.0,245.1772461,1,0,1,16.7,0.0,4.9,11,-316.0,316.0,3256.0,0,1,1,0,2,0.375,1.0,2,0.6666666666666666,1.0,18.0,4,0,1,0,0,102.0,2467.4232884610133,0,0,Big Ten,0
401645362,2024,Memphis,Rice,1574.0,1296.0,58325.0,90.62445831,0,0,1,17.3,0.0,15.1,11,278.0,278.0,2870.0,0,0,0,0,-1,0.7777777777777778,0.0,1,0.3333333333333333,1.0,20.0,4,0,1,0,0,59.0,787.8260960675508,0,0,American Athletic,0
401643754,2024,San Diego State,New Mexico,1311.0,1250.0,35000.0,62.0,1,0,1,15.6,0.0,7.6,11,61.0,61.0,2561.0,0,0,0,0,-2,0.375,0.0,-2,0.3333333333333333,0.0,19.5,4,0,1,0,0,2.0,1000.4351793279553,0,0,Mountain West,0
401636918,2024,Cincinnati,West Virginia,1536.0,1549.0,40000.0,230.0660553,0,0,1,13.7,0.0,14.0,11,-13.0,13.0,3085.0,0,1,1,0,-1,0.625,0.0,1,0.5,1.0,12.0,5,1,0,0,0,109.0,396.1327769327653,0,0,Big 12,1
401635606,2024,Boston College,Syracuse,1428.0,1391.0,44500.0,39.82634354,0,0,1,8.8,0.0,22.2,11,37.0,37.0,2819.0,0,1,1,0,-3,0.5,0.0,1,0.75,1.0,12.0,5,1,0,0,0,67.0,413.5728492733583,0,0,ACC,1
401645363,2024,South Florida,Navy,1379.0,1504.0,65828.0,11.07972908,1,0,1,28.2,0.0,16.7,11,-125.0,125.0,2883.0,0,0,0,0,2,0.5,1.0,-2,0.75,0.0,12.0,5,1,0,0,0,26.0,1343.6551722910724,0,0,American Athletic,0
401635609,2024,Georgia Tech,Miami,1558.0,1877.0,55000.0,279.300415,0,0,1,19.4,0.1,18.3,11,-319.0,319.0,3435.0,0,1,1,0,-2,0.5555555555555556,0.0,9,1.0,1.0,12.0,5,1,0,0,0,111.0,956.5424314000945,0,0,ACC,0
401628544,2024,Rutgers,Minnesota,1412.0,1612.0,52454.0,19.0,0,0,1,11.9,0.0,11.6,11,-200.0,200.0,3024.0,0,1,1,0,-4,0.5,0.0,4,0.6666666666666666,1.0,12.0,5,1,0,0,0,30.0,1605.9180702488152,0,0,Big Ten,0
401628417,2024,Texas,Florida,2057.0,1635.0,100119.0,160.3089447,0,0,1,19.8,0.0,15.1,11,422.0,422.0,3692.0,0,1,1,0,1,0.875,1.0,-1,0.5,0.0,11.0,5,1,0,0,0,100.0,1482.477993651967,0,0,SEC,1
401643828,2024,UL Monroe,Texas State,1236.0,1586.0,27617.0,22.998209,0,0,1,23.3,0.2,15.5,11,-350.0,350.0,2822.0,0,0,0,0,-2,0.625,0.0,-2,0.5,0.0,11.0,5,1,0,0,0,46.0,629.6805123683902,0,0,Sun Belt,0
401628545,2024,Ohio State,Purdue,2065.0,1220.0,102780.0,216.6770325,0,0,1,12.2,0.0,12.8,11,845.0,845.0,3285.0,0,1,1,0,2,0.875,1.0,-7,0.125,0.0,12.0,5,1,0,0,0,102.0,334.51277810353974,0,0,Big Ten,1
401640995,2024,Middle Tennessee,Liberty,1152.0,1560.0,30788.0,191.7279816,0,0,1,24.6,0.0,5.2,11,-408.0,408.0,2712.0,0,0,0,0,1,0.3333333333333333,1.0,-2,0.7142857142857143,0.0,12.0,5,1,0,0,0,91.0,663.311661425671,0,0,Conference USA,0
401629037,2024,UAB,UConn,1195.0,1425.0,45000.0,187.0,0,0,0,25.8,0.1,16.0,11,-230.0,230.0,2620.0,0,0,0,0,1,0.25,1.0,2,0.6666666666666666,1.0,13.5,5,1,0,0,0,3.0,1545.4843497425265,0,0,American Athletic,0
401643829,2024,Southern Miss,Marshall,1096.0,1415.0,36000.0,64.52726746,0,0,1,29.8,0.0,16.2,11,-319.0,319.0,2511.0,0,0,0,0,-6,0.125,0.0,2,0.625,1.0,14.0,5,1,0,0,0,92.0,1009.2155558398325,0,0,Sun Belt,0
401635607,2024,Virginia Tech,Clemson,1666.0,1819.0,65632.0,632.2631226,1,0,1,15.4,0.0,10.6,11,-153.0,153.0,3485.0,0,1,1,0,-1,0.5555555555555556,0.0,-1,0.75,0.0,15.5,5,1,0,0,0,59.0,357.04421455023765,0,0,ACC,1
401643826,2024,James Madison,Georgia State,1766.0,1282.0,24877.0,399.303009,0,0,1,13.6,0.0,0.6,11,484.0,484.0,3048.0,0,0,0,0,1,0.75,1.0,-5,0.25,0.0,15.5,5,1,0,0,0,49.0,720.0628273971369,0,0,Sun Belt,1
401643755,2024,Oregon State,San José State,1467.0,1497.0,43363.0,66.90744781,0,0,0,12.5,0.0,2.3,11,-30.0,30.0,2964.0,0,0,1,0,-3,0.5,0.0,-1,0.625,0.0,12.5,5,1,0,0,0,71.0,813.6938561486619,0,0,Pac-12,0
401628414,2024,Ole Miss,Georgia,1960.0,2057.0,64038.0,146.8517151,1,0,1,21.9,0.5,9.3,11,-97.0,97.0,4017.0,0,1,1,0,2,0.7777777777777778,1.0,4,0.875,1.0,14.5,5,1,0,0,0,109.0,568.6507251142498,0,0,SEC,1
401628541,2024,Indiana,Michigan,1875.0,1778.0,52656.0,231.6500854,0,0,1,15.8,0.0,12.0,11,97.0,97.0,3653.0,0,1,1,0,9,1.0,1.0,-1,0.5555555555555556,0.0,15.5,5,1,0,0,0,64.0,415.1927883802946,0,0,Big Ten,1
401635608,2024,NC State,Duke,1514.0,1582.0,58000.0,117.0089951,1,0,1,17.3,0.0,12.1,11,-68.0,68.0,3096.0,0,1,1,0,2,0.5555555555555556,1.0,-2,0.6666666666666666,0.0,15.5,5,1,0,0,0,58.0,29.472456092742714,0,1,ACC,1
401629045,2024,North Texas,Army,1462.0,1654.0,30850.0,198.6871948,0,0,1,20.8,0.0,8.4,11,-192.0,192.0,3116.0,0,0,0,0,-2,0.625,0.0,8,1.0,1.0,14.5,5,1,0,0,0,13.0,2235.385666515167,0,0,American Athletic,1
401641021,2024,UTEP,Kennesaw State,1147.0,1245.0,51500.0,1183.697876,0,0,1,14.9,0.0,7.7,11,-98.0,98.0,2392.0,0,0,0,0,-2,0.1111111111111111,0.0,-1,0.125,0.0,14.0,5,1,0,0,0,61.0,2059.6549590221885,0,0,Conference USA,0
401636921,2024,Texas Tech,Colorado,1566.0,1598.0,60454.0,980.7632446,0,0,1,17.4,0.0,21.2,11,-32.0,32.0,3164.0,0,1,1,0,1,0.6666666666666666,1.0,2,0.75,1.0,15.0,5,1,0,0,0,77.0,774.8660017370786,0,0,Big 12,1
401645364,2024,Tulane,Temple,1757.0,1090.0,30000.0,0.0,0,0,1,27.3,0.1,22.4,11,667.0,667.0,2847.0,0,0,0,0,6,0.7777777777777778,1.0,-1,0.25,0.0,15.0,5,1,0,0,0,10.0,1751.6310324964852,0,0,American Athletic,1
401628418,2024,Vanderbilt,South Carolina,1463.0,1812.0,40351.0,159.9194641,0,0,1,19.4,0.0,3.8,11,-349.0,349.0,3275.0,0,1,1,0,1,0.6666666666666666,1.0,2,0.625,1.0,15.25,5,1,0,0,0,102.0,579.5060948963586,0,0,SEC,0
401641004,2024,Louisiana Tech,Jacksonville State,1283.0,1657.0,28019.0,72.87982941,0,0,1,22.3,1.7,7.3,11,-374.0,374.0,2940.0,0,0,0,0,-1,0.375,0.0,5,0.625,1.0,15.5,5,1,0,0,0,56.0,656.8598369304348,0,0,Conference USA,0
401643827,2024,Louisiana,Arkansas State,1554.0,1286.0,41426.0,3.556508303,0,0,1,26.3,0.6,11.2,11,268.0,268.0,2840.0,0,0,0,0,5,0.875,1.0,2,0.625,1.0,16.0,5,1,0,0,0,53.0,639.305473011365,0,0,Sun Belt,0
401641036,2024,New Mexico State,Western Kentucky,1115.0,1512.0,28853.0,1208.201294,0,0,1,15.2,0.0,3.5,11,-397.0,397.0,2627.0,0,0,0,0,-1,0.25,0.0,3,0.75,1.0,16.0,5,1,0,0,0,46.0,1923.7219231757208,0,0,Conference USA,0
401636920,2024,TCU,Oklahoma State,1526.0,1427.0,46000.0,185.4387054,1,0,1,16.7,0.0,7.1,11,99.0,99.0,2953.0,0,1,1,0,-1,0.5555555555555556,0.0,-6,0.3333333333333333,0.0,18.0,5,1,1,0,0,95.0,380.84851693317773,0,0,Big 12,1
401636917,2024,Arizona State,UCF,1563.0,1625.0,65870.0,360.1569519,1,0,1,22.0,0.0,8.9,11,-62.0,62.0,3188.0,0,1,1,0,1,0.75,1.0,1,0.4444444444444444,1.0,17.0,5,1,0,0,0,66.0,2966.807134906974,0,0,Big 12,0
401628416,2024,Tennessee,Mississippi State,1939.0,1353.0,102455.0,271.9517212,1,0,1,18.0,0.0,7.8,11,586.0,586.0,3292.0,0,1,1,0,3,0.875,1.0,1,0.2222222222222222,1.0,19.0,5,1,1,0,0,103.0,524.5260587260994,0,0,SEC,1
401628543,2024,Oregon,Maryland,2050.0,1488.0,54000.0,127.4198303,0,0,1,12.5,0.0,4.5,11,562.0,562.0,3538.0,0,1,1,0,9,1.0,1.0,-1,0.5,0.0,16.0,5,1,0,0,0,57.0,3829.8877441807776,0,0,Big Ten,1
401628984,2024,Notre Dame,Florida State,2069.0,1447.0,80795.0,222.645401,0,0,0,10.6,0.0,19.2,11,622.0,622.0,3516.0,0,1,0,0,6,0.875,1.0,-5,0.1111111111111111,0.0,19.5,5,1,1,0,0,94.0,1263.9321461265376,0,0,FBS Independents,1
401628413,2024,LSU,Alabama,1855.0,2058.0,102321.0,7.640734673,1,0,1,24.4,0.0,18.7,11,-203.0,203.0,3913.0,0,1,1,1,-1,0.75,0.0,1,0.75,1.0,18.5,5,1,1,0,0,100.0,463.1347376254576,0,0,SEC,1
401628415,2024,Missouri,Oklahoma,1673.0,1688.0,71168.0,212.6865692,0,0,1,13.5,0.0,12.2,11,-15.0,15.0,3361.0,0,1,1,0,-1,0.75,0.0,1,0.5555555555555556,1.0,18.75,5,1,1,0,0,97.0,614.2038514812649,0,0,SEC,0
401635610,2024,Pittsburgh,Virginia,1541.0,1359.0,68400.0,220.5887146,1,0,1,8.8,0.0,10.5,11,182.0,182.0,2900.0,0,1,1,0,-1,0.875,0.0,-3,0.5,0.0,20.0,5,1,1,0,0,23.0,298.11189236226977,0,0,ACC,0
401643752,2024,Boise State,Nevada,1761.0,1176.0,36387.0,823.2221069,0,0,1,6.0,0.0,9.2,11,585.0,585.0,2937.0,0,0,0,0,6,0.875,1.0,-3,0.3,0.0,18.0,5,1,1,0,0,54.0,542.2353482779085,0,0,Mountain West,1
401628546,2024,Penn State,Washington,1916.0,1695.0,106572.0,354.1551514,1,0,1,4.1,0.0,8.3,11,221.0,221.0,3611.0,0,1,1,0,-1,0.875,0.0,1,0.5555555555555556,1.0,20.0,5,1,1,0,0,64.0,3570.5228016738997,0,0,Big Ten,1
401643753,2024,Hawai'i,UNLV,1247.0,1668.0,15194.0,20.0,0,0,1,26.3,0.1,24.4,11,-421.0,421.0,2915.0,0,0,0,0,2,0.4444444444444444,1.0,-1,0.75,0.0,16.0,5,1,0,0,0,9.0,4430.111419250119,0,0,Mountain West,0
401643751,2024,Air Force,Fresno State,1287.0,1540.0,46692.0,2024.875732,0,0,1,-2.5,0.0,3.6,11,-253.0,253.0,2827.0,0,0,0,0,-7,0.125,0.0,-1,0.5555555555555556,0.0,19.75,5,1,1,0,0,62.0,1329.240741569334,0,0,Mountain West,0
401636922,2024,Utah,BYU,1568.0,1678.0,51444.0,1411.543579,0,0,1,2.4,0.0,4.4,11,-110.0,110.0,3246.0,0,1,1,1,-4,0.5,0.0,8,1.0,1.0,20.25,5,1,1,0,0,26.0,58.23332669653487,0,1,Big 12,1
401643756,2024,Washington State,Utah State,1597.0,1179.0,32952.0,773.9526367,0,0,0,5.6,0.0,3.9,11,418.0,418.0,2776.0,0,0,1,0,3,0.875,1.0,1,0.25,1.0,19.5,5,1,1,0,0,52.0,698.3579965223998,0,0,Pac-12,0
401644763,2024,Buffalo,Ball State,1217.0,1115.0,30270.0,181.5759735,0,0,1,2.4,0.0,4.9,12,102.0,102.0,2332.0,0,0,0,0,1,0.5555555555555556,1.0,-1,0.3333333333333333,0.0,19.0,1,0,1,0,1,31.0,632.5080539132297,0,0,Mid-American,0
401644765,2024,Toledo,Central Michigan,1463.0,1123.0,26038.0,181.4839783,0,0,1,4.8,0.0,6.3,12,340.0,340.0,2586.0,0,0,0,0,1,0.6666666666666666,1.0,-4,0.3333333333333333,0.0,19.0,1,0,1,0,1,87.0,233.57757158971998,0,0,Mid-American,0
401644764,2024,Bowling Green,Western Michigan,1449.0,1272.0,24000.0,205.9057465,0,0,1,4.2,0.0,10.0,12,177.0,177.0,2721.0,0,0,0,0,3,0.5555555555555556,1.0,-1,0.5555555555555556,0.0,19.0,1,0,1,0,1,58.0,192.49570404810274,0,0,Mid-American,0
401644766,2024,Northern Illinois,Akron,1471.0,1048.0,23595.0,267.4530029,0,0,1,9.6,0.0,19.1,12,423.0,423.0,2519.0,0,0,0,0,1,0.5555555555555556,1.0,-1,0.2222222222222222,0.0,18.0,2,0,1,0,1,59.0,612.7092871823216,0,0,Mid-American,0
401644767,2024,Ohio,Eastern Michigan,1510.0,1261.0,24000.0,194.230896,0,0,1,11.6,0.0,10.8,12,249.0,249.0,2771.0,0,0,0,0,2,0.6666666666666666,1.0,-2,0.5555555555555556,0.0,19.0,2,0,1,0,1,95.0,351.2531951335937,0,0,Mid-American,0
401644689,2024,Miami (OH),Kent State,1548.0,831.0,24286.0,242.2643585,0,0,1,12.3,0.0,17.3,12,717.0,717.0,2379.0,0,0,0,0,4,0.5555555555555556,1.0,-9,0.0,0.0,19.0,2,0,1,0,1,41.0,341.2048803707895,0,1,Mid-American,0
401645365,2024,Tulsa,East Carolina,952.0,1410.0,30000.0,235.5928345,0,0,1,12.8,0.0,7.0,12,-458.0,458.0,2362.0,0,0,0,0,-1,0.3333333333333333,0.0,2,0.5555555555555556,1.0,18.5,3,0,1,0,1,94.0,1672.6257771446353,0,0,American Athletic,0
401643759,2024,Colorado State,Wyoming,1343.0,1283.0,36500.0,1528.4,0,0,1,5.3,0.0,1.2,12,60.0,60.0,2626.0,0,0,0,0,4,0.6666666666666666,1.0,1,0.2222222222222222,1.0,18.0,4,0,1,0,1,7.0,91.77878751979729,0,0,Mountain West,1
401645366,2024,UTSA,North Texas,1408.0,1455.0,36582.0,201.5526886,0,1,1,20.3,0.0,8.7,12,-47.0,47.0,2863.0,0,0,0,0,1,0.4444444444444444,1.0,-3,0.5555555555555556,0.0,19.0,4,0,1,0,1,31.0,439.3360997619188,0,1,American Athletic,0
401628553,2024,Washington,UCLA,1644.0,1476.0,70138.0,11.65622807,0,0,1,7.1,0.0,0.4,12,168.0,168.0,3120.0,0,1,1,0,-1,0.5,0.0,3,0.4444444444444444,1.0,18.0,4,0,1,0,1,104.0,1539.0185946102918,0,0,Big Ten,1
401636923,2024,Arizona,Houston,1382.0,1364.0,50782.0,742.1530151,0,0,1,16.9,0.0,12.3,12,18.0,18.0,2746.0,0,1,1,0,-5,0.3333333333333333,0.0,2,0.4444444444444444,1.0,20.25,4,0,1,0,1,96.0,1511.6840164695416,0,0,Big 12,0
401641013,2024,Western Kentucky,Louisiana Tech,1506.0,1297.0,22113.0,154.4346619,0,0,1,13.9,0.0,12.3,12,209.0,209.0,2803.0,0,0,0,0,4,0.7777777777777778,1.0,-2,0.3333333333333333,0.0,11.0,5,1,0,0,1,56.0,751.72287959094,0,0,Conference USA,0
401636925,2024,Colorado,Utah,1627.0,1572.0,50183.0,1634.041138,1,0,1,8.6,0.0,2.6,12,55.0,55.0,3199.0,0,1,1,0,3,0.7777777777777778,1.0,-5,0.4444444444444444,0.0,10.0,5,1,0,0,1,100.0,563.5498616938322,0,0,Big 12,1
401629046,2024,Massachusetts,Liberty,994.0,1568.0,17000.0,46.58664703,0,0,0,13.3,0.0,18.0,12,-574.0,574.0,2562.0,0,0,0,0,-1,0.2222222222222222,0.0,1,0.75,1.0,12.0,5,1,0,0,1,59.0,795.1207396652136,0,0,FBS Independents,0
401628419,2024,Arkansas,Texas,1524.0,2094.0,80000.0,403.7972412,0,0,1,14.9,0.0,15.0,12,-570.0,570.0,3618.0,0,1,1,0,-1,0.5555555555555556,0.0,2,0.8888888888888888,1.0,11.0,5,1,0,0,1,86.0,723.0896961050129,0,0,SEC,1
401645370,2024,Navy,Tulane,1544.0,1807.0,34000.0,10.74990082,0,0,1,15.0,0.0,21.4,12,-263.0,263.0,3351.0,0,0,0,0,1,0.7777777777777778,1.0,7,0.8,1.0,12.0,5,1,0,0,1,65.0,1599.0327828380125,0,0,American Athletic,1
401635582,2024,Pittsburgh,Clemson,1519.0,1827.0,68400.0,220.5887146,1,0,1,10.2,0.0,13.4,12,-308.0,308.0,3346.0,0,1,1,0,-2,0.7777777777777778,0.0,1,0.7777777777777778,1.0,12.0,5,1,0,0,1,23.0,687.9814025116102,0,0,ACC,0
401628426,2024,Auburn,UL Monroe,1550.0,1220.0,87451.0,201.1737976,1,0,0,18.4,0.0,4.2,12,330.0,330.0,2770.0,0,0,1,0,-1,0.3333333333333333,0.0,-3,0.5555555555555556,0.0,11.75,5,1,0,0,1,85.0,616.2279261511272,0,0,SEC,1
401643832,2024,Marshall,Coastal Carolina,1472.0,1403.0,38016.0,163.7328186,0,0,1,13.1,0.0,5.2,12,69.0,69.0,2875.0,0,0,0,0,3,0.6666666666666666,1.0,1,0.5555555555555556,1.0,13.0,5,1,0,0,1,33.0,598.894946920257,0,0,Sun Belt,0
401628422,2024,Kentucky,Murray State,1527.0,1480.0,61000.0,307.4248962,0,0,0,11.8,0.0,8.7,12,47.0,47.0,3007.0,1,0,1,0,-4,0.3333333333333333,0.0,-1,0.0,0.0,13.5,5,1,0,0,1,51.0,,1,0,SEC,0
401645369,2024,Temple,Florida Atlantic,1040.0,1125.0,69879.0,3.198706865,0,0,1,16.3,0.0,19.1,12,-85.0,85.0,2165.0,0,0,0,0,-2,0.2222222222222222,0.0,-4,0.2222222222222222,0.0,14.0,5,1,0,0,1,21.0,1571.7281757706337,0,0,American Athletic,0
401628425,2024,Alabama,Mercer,2130.0,1480.0,101821.0,70.05136108,1,0,0,19.1,0.0,1.4,12,650.0,650.0,3610.0,1,0,1,0,2,0.7777777777777778,1.0,0,,,13.0,5,1,0,0,1,95.0,,1,0,SEC,1
401640986,2024,Jacksonville State,Florida International,1643.0,1297.0,24000.0,198.0679016,0,0,1,18.0,0.0,4.4,12,346.0,346.0,2940.0,0,0,0,0,6,0.6666666666666666,1.0,1,0.3333333333333333,1.0,13.0,5,1,0,0,1,77.0,1036.4572785599887,0,0,Conference USA,0
401628547,2024,Illinois,Michigan State,1556.0,1402.0,60670.0,223.2471619,0,0,1,11.4,0.0,16.1,12,154.0,154.0,2958.0,0,1,1,0,-2,0.6666666666666666,0.0,-2,0.4444444444444444,0.0,13.5,5,1,0,0,1,101.0,428.04478737156074,0,0,Big Ten,0
401635581,2024,California,Syracuse,1649.0,1386.0,62467.0,125.3108063,0,0,1,13.6,0.0,9.6,12,263.0,263.0,3035.0,0,1,1,0,2,0.5555555555555556,1.0,-1,0.6666666666666666,0.0,12.0,5,1,0,0,1,101.0,3894.271312196545,0,0,ACC,0
401641022,2024,Kennesaw State,Sam Houston,1227.0,1416.0,11040.0,296.9589844,1,0,1,17.9,0.0,6.2,12,-189.0,189.0,2643.0,0,0,0,0,-2,0.1111111111111111,0.0,2,0.7777777777777778,1.0,15.0,5,1,0,0,1,14.0,1093.8618111709727,0,0,Conference USA,0
401628985,2024,Notre Dame,Virginia,2133.0,1381.0,80795.0,222.645401,0,0,0,11.2,0.0,15.7,12,752.0,752.0,3514.0,0,1,0,0,7,0.8888888888888888,1.0,1,0.5555555555555556,1.0,15.5,5,1,0,0,1,94.0,774.4073758216521,0,0,FBS Independents,1
401635517,2024,Stanford,Louisville,1158.0,1725.0,50424.0,18.38425636,1,0,1,13.5,0.0,7.3,12,-567.0,567.0,2883.0,0,1,1,0,-6,0.2222222222222222,0.0,2,0.6666666666666666,1.0,12.5,5,1,0,0,1,18.0,3177.8682932516804,0,0,ACC,0
401635580,2024,SMU,Boston College,1814.0,1433.0,32000.0,169.4058075,0,0,1,22.1,0.0,15.2,12,381.0,381.0,3247.0,0,1,1,0,6,0.8888888888888888,1.0,1,0.5555555555555556,1.0,14.5,5,1,0,0,1,24.0,2479.056559436315,0,0,ACC,1
401628420,2024,Florida,LSU,1598.0,1800.0,88548.0,44.97250748,1,0,1,24.0,0.0,8.6,12,-202.0,202.0,3398.0,0,1,1,0,-2,0.4444444444444444,0.0,-2,0.6666666666666666,0.0,15.5,5,1,0,0,1,94.0,854.5348341183544,0,0,SEC,1
401628552,2024,Purdue,Penn State,1192.0,1967.0,57282.0,197.5337677,1,0,1,12.7,0.0,14.0,12,-775.0,775.0,3159.0,0,1,1,0,-8,0.1111111111111111,0.0,1,0.8888888888888888,1.0,15.5,5,1,0,0,1,100.0,765.6616295425873,0,0,Big Ten,1
401645368,2024,Charlotte,South Florida,1182.0,1339.0,15300.0,190.365509,0,0,1,16.3,0.0,2.3,12,-157.0,157.0,2521.0,0,0,0,0,-3,0.3333333333333333,0.0,-1,0.4444444444444444,0.0,15.5,5,1,0,0,1,11.0,832.4295014190003,0,0,American Athletic,1
401643757,2024,Air Force,Oregon State,1316.0,1446.0,46692.0,2024.875732,0,0,0,6.6,0.0,8.0,12,-130.0,130.0,2762.0,0,1,0,0,1,0.2222222222222222,1.0,-4,0.4444444444444444,0.0,13.5,5,1,0,0,1,62.0,1644.6397292057695,0,0,Mountain West,0
401636929,2024,West Virginia,Baylor,1561.0,1559.0,60000.0,327.409668,0,0,1,11.4,0.0,7.7,12,2.0,2.0,3120.0,0,1,1,0,2,0.5555555555555556,1.0,3,0.5555555555555556,1.0,16.0,5,1,0,0,1,44.0,1788.9403081361531,0,0,Big 12,0
401643833,2024,Old Dominion,James Madison,1472.0,1794.0,20118.0,3.147987843,0,0,1,14.8,0.0,10.7,12,-322.0,322.0,3266.0,0,0,0,0,-1,0.4444444444444444,0.0,2,0.7777777777777778,1.0,16.0,5,1,0,0,1,88.0,283.99242985794285,0,1,Sun Belt,1
401643830,2024,Georgia Southern,Troy,1397.0,1455.0,25000.0,61.25376892,0,0,1,19.2,0.0,3.0,12,-58.0,58.0,2852.0,0,0,0,0,1,0.6666666666666666,1.0,1,0.2222222222222222,1.0,16.0,5,1,0,0,1,40.0,398.31982584827773,0,0,Sun Belt,0
401628549,2024,USC,Nebraska,1767.0,1453.0,77500.0,42.50374222,1,0,1,19.4,0.0,7.4,12,314.0,314.0,3220.0,0,1,1,0,-1,0.4444444444444444,0.0,-3,0.5555555555555556,0.0,13.0,5,1,0,0,1,101.0,2044.0037058665903,0,0,Big Ten,1
401628423,2024,South Carolina,Missouri,1829.0,1683.0,80250.0,60.54548645,1,0,1,18.0,0.0,4.2,12,146.0,146.0,3512.0,0,1,1,0,3,0.6666666666666666,1.0,1,0.7777777777777778,1.0,16.25,5,1,0,0,1,90.0,1151.3458748694356,0,0,SEC,1
401643831,2024,Georgia State,Arkansas State,1254.0,1219.0,25000.0,287.0,0,0,1,17.3,0.0,0.4,12,35.0,35.0,2473.0,0,0,0,0,-6,0.2222222222222222,0.0,-1,0.5555555555555556,0.0,17.0,5,1,0,0,1,7.0,619.4124545878341,0,0,Sun Belt,0
401628548,2024,Maryland,Rutgers,1491.0,1434.0,51802.0,32.68748093,0,0,1,11.4,0.0,10.9,12,57.0,57.0,2925.0,0,1,1,1,-2,0.4444444444444444,0.0,1,0.5555555555555556,1.0,18.0,5,1,1,0,1,74.0,271.4852781166967,0,0,Big Ten,0
401643758,2024,San José State,Boise State,1518.0,1741.0,30456.0,28.30708694,0,0,1,13.1,0.0,8.4,12,-223.0,223.0,3259.0,0,0,0,0,1,0.6666666666666666,1.0,7,0.8888888888888888,1.0,16.0,5,1,0,0,1,91.0,847.1219438674982,0,0,Mountain West,0
401643834,2024,Louisiana,South Alabama,1621.0,1618.0,41426.0,3.556508303,0,0,1,21.0,0.0,8.0,12,3.0,3.0,3239.0,0,0,0,0,6,0.8888888888888888,1.0,-1,0.4444444444444444,0.0,18.0,5,1,1,0,1,53.0,372.83986222927973,0,0,Sun Belt,0
401643835,2024,Texas State,Southern Miss,1602.0,1039.0,30000.0,177.8676453,0,0,1,22.6,0.0,9.7,12,563.0,563.0,2641.0,0,0,0,0,1,0.5555555555555556,1.0,-7,0.1111111111111111,0.0,18.0,5,1,1,0,1,43.0,837.5838886243317,0,0,Sun Belt,0
401636927,2024,Kansas State,Arizona State,1771.0,1568.0,50000.0,328.0574646,0,0,1,15.1,0.0,18.8,12,203.0,203.0,3339.0,0,1,1,0,-1,0.7777777777777778,0.0,2,0.7777777777777778,1.0,18.0,5,1,1,0,1,56.0,1514.2789771418293,0,0,Big 12,1
401628551,2024,Wisconsin,Oregon,1641.0,2047.0,80321.0,263.604126,0,0,1,7.5,0.0,18.5,12,-406.0,406.0,3688.0,0,1,1,0,-2,0.5555555555555556,0.0,10,1.0,1.0,18.5,5,1,1,0,1,107.0,2695.023115802356,0,0,Big Ten,1
401628421,2024,Georgia,Tennessee,2007.0,1930.0,92746.0,186.1120758,1,0,1,12.7,0.0,3.4,12,77.0,77.0,3937.0,0,1,1,0,-1,0.7777777777777778,0.0,4,0.8888888888888888,1.0,19.5,5,1,1,0,1,95.0,228.56366872626776,0,0,SEC,1
401628424,2024,Texas A&M,New Mexico State,1746.0,1121.0,102733.0,108.824585,1,0,0,23.1,0.0,16.4,12,625.0,625.0,2867.0,0,0,1,0,-1,0.7777777777777778,0.0,-2,0.2222222222222222,0.0,18.75,5,1,1,0,1,97.0,1003.5486830584931,0,0,SEC,1
401636926,2024,Iowa State,Cincinnati,1728.0,1524.0,61500.0,274.9135437,1,0,1,10.0,0.0,18.1,12,204.0,204.0,3252.0,0,1,1,0,-2,0.7777777777777778,0.0,-2,0.5555555555555556,0.0,19.0,5,1,1,0,1,49.0,833.7339530679163,0,0,Big 12,0
401645367,2024,Memphis,UAB,1569.0,1197.0,58325.0,90.62445831,0,0,1,14.0,0.0,6.9,12,372.0,372.0,2766.0,0,0,0,0,1,0.8,1.0,-1,0.2222222222222222,0.0,19.0,5,1,1,0,1,59.0,341.53248512722286,0,0,American Athletic,0
401635583,2024,North Carolina,Wake Forest,1612.0,1353.0,50500.0,127.7569809,0,0,1,8.2,0.0,5.3,12,259.0,259.0,2965.0,0,1,1,0,2,0.5555555555555556,1.0,-1,0.4444444444444444,0.0,20.0,5,1,1,0,1,97.0,111.33818106514967,0,1,ACC,1
401643761,2024,New Mexico,Washington State,1263.0,1606.0,39224.0,1554.471924,0,0,0,10.6,0.0,6.5,12,-343.0,343.0,2869.0,0,1,0,0,1,0.4,1.0,4,0.8888888888888888,1.0,19.5,5,1,1,0,1,64.0,1567.2356260387628,0,0,Mountain West,0
401636924,2024,BYU,Kansas,1674.0,1664.0,63470.0,1412.097046,1,0,1,-1.3,0.0,1.3,12,10.0,10.0,3338.0,0,1,1,0,9,1.0,1.0,1,0.3333333333333333,1.0,20.25,5,1,1,0,1,60.0,1410.9066340346108,0,0,Big 12,1
401643762,2024,UNLV,San Diego State,1650.0,1298.0,65000.0,666.0,0,1,1,11.5,0.0,8.8,12,352.0,352.0,2948.0,0,0,0,0,1,0.7777777777777778,1.0,-3,0.3333333333333333,0.0,19.5,5,1,1,0,1,4.0,408.36745888329943,0,0,Mountain West,0
401644769,2024,Kent State,Akron,835.0,1055.0,25319.0,321.3641663,0,0,1,13.7,0.0,9.8,13,-220.0,220.0,1890.0,0,0,0,0,-10,0.0,0.0,-2,0.2,0.0,19.0,1,0,1,0,1,55.0,17.926244970089023,0,1,Mid-American,0
401644770,2024,Central Michigan,Western Michigan,1091.0,1249.0,30255.0,240.9007721,0,0,1,12.8,0.0,10.2,13,-158.0,158.0,2340.0,0,0,0,1,-5,0.3,0.0,-2,0.5,0.0,19.5,1,0,1,0,1,52.0,158.72394515725264,0,1,Mid-American,0
401644690,2024,Miami (OH),Northern Illinois,1544.0,1464.0,24286.0,242.2643585,0,0,1,12.7,0.0,6.4,13,80.0,80.0,3008.0,0,0,0,0,5,0.6,1.0,2,0.6,1.0,20.0,1,0,1,0,1,41.0,433.7799688060807,0,0,Mid-American,0
401644773,2024,Toledo,Ohio,1495.0,1546.0,26038.0,181.4839783,0,0,1,4.8,0.0,12.3,13,-51.0,51.0,3041.0,0,0,0,0,2,0.7,1.0,3,0.7,1.0,19.0,2,0,1,0,1,87.0,289.45412773985043,0,1,Mid-American,0
401644772,2024,Eastern Michigan,Buffalo,1225.0,1217.0,30200.0,241.248764,0,0,1,3.4,0.0,13.6,13,8.0,8.0,2442.0,0,0,0,0,-3,0.5,0.0,2,0.6,1.0,19.0,2,0,1,0,1,55.0,406.82797420436265,0,0,Mid-American,0
401634772,2024,Georgia Tech,NC State,1577.0,1499.0,55000.0,279.300415,0,0,1,7.9,0.0,18.0,13,78.0,78.0,3076.0,0,1,1,0,1,0.6,1.0,-1,0.5,0.0,19.5,3,0,1,0,1,111.0,564.9345224235703,0,0,ACC,0
401645374,2024,UTSA,Temple,1463.0,1042.0,36582.0,201.5526886,0,1,1,17.5,0.0,4.6,13,421.0,421.0,2505.0,0,0,0,0,2,0.5,1.0,1,0.3,1.0,18.0,4,0,1,0,1,31.0,2419.4017310877434,0,0,American Athletic,0
401628558,2024,Michigan State,Purdue,1365.0,1172.0,75005.0,254.8794861,1,0,1,6.2,0.0,22.0,13,193.0,193.0,2537.0,0,1,1,0,-3,0.4,0.0,-9,0.1,0.0,20.0,4,0,1,0,1,101.0,325.5205323140764,0,0,Big Ten,0
401643767,2024,San José State,UNLV,1489.0,1665.0,30456.0,28.30708694,0,0,1,15.7,2.5,19.2,13,-176.0,176.0,3154.0,0,0,0,0,-1,0.6,0.0,2,0.8,1.0,19.0,4,0,1,0,1,91.0,611.2314456804017,0,0,Mountain West,0
401635619,2024,Virginia,SMU,1399.0,1806.0,61500.0,170.4677429,1,0,1,12.5,0.0,19.8,13,-407.0,407.0,3205.0,0,1,1,0,-1,0.5,0.0,7,0.9,1.0,12.0,5,1,0,0,1,93.0,1749.4180212354659,0,0,ACC,0
401635518,2024,Syracuse,UConn,1425.0,1423.0,49057.0,162.6989746,0,1,0,6.4,0.0,23.6,13,2.0,2.0,2848.0,0,0,1,0,1,0.7,1.0,3,0.7,1.0,12.0,5,1,0,0,1,44.0,321.8056720832927,0,0,ACC,0
401635612,2024,Boston College,North Carolina,1441.0,1608.0,44500.0,39.82634354,0,0,1,5.9,0.3,21.8,13,-167.0,167.0,3049.0,0,1,1,0,-1,0.5,0.0,3,0.6,1.0,12.0,5,1,0,0,1,67.0,985.6191163430982,0,0,ACC,0
401635618,2024,Miami,Wake Forest,1858.0,1357.0,64767.0,2.624486446,0,0,1,20.1,0.0,9.6,13,501.0,501.0,3215.0,0,1,1,0,-1,0.9,0.0,-2,0.4,0.0,12.0,5,1,0,0,1,37.0,1131.1407404673007,0,0,ACC,1
401628555,2024,Ohio State,Indiana,2086.0,1876.0,102780.0,216.6770325,0,0,1,7.7,0.1,19.3,13,210.0,210.0,3962.0,0,1,1,0,4,0.9,1.0,10,1.0,1.0,12.0,5,1,0,0,1,102.0,313.94391031012094,0,0,Big Ten,1
401628554,2024,Rutgers,Illinois,1472.0,1593.0,52454.0,19.0,0,0,1,7.8,0.0,32.3,13,-121.0,121.0,3065.0,0,1,1,0,2,0.6,1.0,1,0.7,1.0,12.0,5,1,0,0,1,30.0,1167.4300425409651,0,0,Big Ten,1
401628556,2024,Maryland,Iowa,1453.0,1780.0,51802.0,32.68748093,0,0,1,11.3,0.0,25.1,13,-327.0,327.0,3233.0,0,1,1,0,-3,0.4,0.0,-1,0.6,0.0,12.0,5,1,0,0,1,74.0,1271.35890681751,0,0,Big Ten,0
401641005,2024,Jacksonville State,Sam Houston,1640.0,1413.0,24000.0,198.0679016,0,0,1,10.7,0.0,9.6,13,227.0,227.0,3053.0,0,0,0,0,7,0.7,1.0,3,0.8,1.0,11.0,5,1,0,0,1,77.0,981.3472914073027,0,0,Conference USA,0
401628429,2024,Florida,Ole Miss,1634.0,2010.0,88548.0,44.97250748,1,0,1,15.2,0.0,8.6,13,-376.0,376.0,3644.0,0,1,1,0,1,0.5,1.0,3,0.8,1.0,12.0,5,1,0,0,1,94.0,856.0803688343384,0,0,SEC,1
401628430,2024,Georgia,Massachusetts,2029.0,1017.0,92746.0,186.1120758,1,0,0,13.1,0.0,12.8,13,1012.0,1012.0,3046.0,0,0,1,0,1,0.8,1.0,-2,0.2,0.0,12.75,5,1,0,0,1,95.0,1330.4918797554344,0,0,SEC,1
401640996,2024,Liberty,Western Kentucky,1545.0,1482.0,25000.0,272.9237061,0,0,1,11.9,0.0,21.9,13,63.0,63.0,3027.0,0,0,0,0,2,0.7777777777777778,1.0,-1,0.7,0.0,13.0,5,1,0,0,1,35.0,646.5836727444585,0,0,Conference USA,0
401628435,2024,Tennessee,UTEP,1908.0,1165.0,102455.0,271.9517212,1,0,0,9.4,0.0,5.4,13,743.0,743.0,3073.0,0,0,1,0,-1,0.8,0.0,1,0.2,1.0,13.0,5,1,0,0,1,103.0,2131.1443678284095,0,0,SEC,1
401635616,2024,Florida State,Charleston Southern,1353.0,1480.0,67277.0,19.55942535,1,0,0,16.2,0.0,6.2,13,-127.0,127.0,2833.0,1,0,1,0,-6,0.1,0.0,0,,,13.5,5,1,0,0,1,74.0,,1,0,ACC,0
401645373,2024,UAB,Rice,1145.0,1301.0,45000.0,187.0,0,0,1,12.5,0.0,6.5,13,-156.0,156.0,2446.0,0,0,0,0,-2,0.2,0.0,-1,0.3,0.0,13.0,5,1,0,0,1,3.0,917.7538771066744,0,0,American Athletic,0
401644774,2024,Ball State,Bowling Green,1115.0,1472.0,22500.0,285.481781,0,0,1,6.8,0.0,14.9,13,-357.0,357.0,2587.0,0,0,0,0,-2,0.3,0.0,4,0.6,1.0,14.0,5,1,0,0,1,57.0,198.71904001274217,0,0,Mid-American,0
401643836,2024,App State,James Madison,1332.0,1780.0,30000.0,991.3414307,0,0,1,2.1,0.0,21.3,13,-448.0,448.0,3112.0,0,0,0,0,-1,0.4444444444444444,0.0,3,0.8,1.0,14.5,5,1,0,0,1,62.0,350.67365334548657,0,0,Sun Belt,1
401641027,2024,Middle Tennessee,New Mexico State,1144.0,1097.0,30788.0,191.7279816,0,0,1,11.7,0.0,2.6,13,47.0,47.0,2241.0,0,0,0,0,-1,0.3,0.0,-3,0.2,0.0,13.5,5,1,0,0,1,91.0,1914.4230667633392,0,0,Conference USA,0
401643841,2024,Southern Miss,South Alabama,948.0,1621.0,36000.0,64.52726746,0,0,1,16.8,0.0,2.1,13,-673.0,673.0,2569.0,0,0,0,0,-8,0.1,0.0,1,0.5,1.0,14.0,5,1,0,0,1,92.0,129.37365789662886,0,0,Sun Belt,0
401645371,2024,Florida Atlantic,Charlotte,1123.0,1101.0,29419.0,3.613628864,0,0,1,20.6,0.0,5.9,13,22.0,22.0,2224.0,0,0,0,0,-5,0.2,0.0,-4,0.3,0.0,15.0,5,1,0,0,1,13.0,995.290404357083,0,0,American Athletic,0
401640987,2024,Kennesaw State,Florida International,1230.0,1300.0,11040.0,296.9589844,1,0,1,12.0,0.0,13.7,13,-70.0,70.0,2530.0,0,0,0,0,-3,0.1,0.0,-1,0.3,0.0,15.0,5,1,0,0,1,14.0,1004.7443398074381,0,0,Conference USA,0
401643839,2024,Arkansas State,UL Monroe,1235.0,1166.0,30382.0,89.52690887,0,0,1,12.7,0.0,5.2,13,69.0,69.0,2401.0,0,0,0,0,1,0.6,1.0,-4,0.5,0.0,14.0,5,1,0,0,1,50.0,390.7147034077968,0,0,Sun Belt,0
401636935,2024,TCU,Arizona,1578.0,1440.0,46000.0,185.4387054,1,0,1,22.1,0.0,13.4,13,138.0,138.0,3018.0,0,1,1,0,1,0.6,1.0,1,0.4,1.0,14.0,5,1,0,0,1,95.0,1274.3041095135334,0,0,Big 12,1
401636937,2024,West Virginia,UCF,1529.0,1620.0,60000.0,327.409668,0,0,1,7.4,0.0,19.6,13,-91.0,91.0,3149.0,0,1,1,0,-1,0.5,0.0,-1,0.4,0.0,15.5,5,1,0,0,1,44.0,1233.0809874866752,0,0,Big 12,0
401628557,2024,Michigan,Northwestern,1777.0,1486.0,107601.0,255.5500031,0,0,1,7.4,0.0,19.0,13,291.0,291.0,3263.0,0,1,1,0,-2,0.5,0.0,-1,0.4,0.0,15.5,5,1,0,0,1,97.0,324.0726397543481,0,0,Big Ten,1
401628559,2024,Minnesota,Penn State,1590.0,1987.0,50850.0,254.3902283,0,0,1,4.1,0.0,0.8,13,-397.0,397.0,3577.0,0,1,1,0,-1,0.6,0.0,2,0.9,1.0,14.5,5,1,0,0,1,15.0,1332.2756986857778,0,0,Big Ten,0
401636934,2024,Oklahoma State,Texas Tech,1375.0,1537.0,55509.0,276.4808655,0,0,1,18.5,0.0,19.1,13,-162.0,162.0,2912.0,0,1,1,0,-7,0.3,0.0,-1,0.6,0.0,14.5,5,1,0,0,1,105.0,521.1927852922164,0,0,Big 12,1
401635614,2024,Clemson,The Citadel,1824.0,1480.0,81500.0,205.6452179,1,0,0,16.0,0.0,7.2,13,344.0,344.0,3304.0,1,0,1,0,2,0.8,1.0,0,,,15.5,5,1,0,0,1,82.0,,1,0,ACC,1
401628560,2024,Nebraska,Wisconsin,1459.0,1659.0,85458.0,354.9318848,0,0,1,12.2,0.0,12.4,13,-200.0,200.0,3118.0,0,1,1,0,-4,0.5,0.0,-3,0.5,0.0,14.5,5,1,0,0,1,101.0,652.6667492284025,0,0,Big Ten,1
401645375,2024,South Florida,Tulsa,1420.0,971.0,65828.0,11.07972908,1,0,1,18.4,0.0,10.2,13,449.0,449.0,2391.0,0,0,0,0,1,0.5,1.0,-2,0.3,0.0,15.5,5,1,0,0,1,26.0,1556.2982001886016,0,0,American Athletic,0
401643837,2024,Coastal Carolina,Georgia Southern,1386.0,1386.0,21000.0,13.74894905,0,0,1,15.1,0.0,9.9,13,0.0,0.0,2772.0,0,0,0,0,-1,0.5,0.0,-1,0.6,0.0,15.5,5,1,0,0,1,21.0,300.0743298459365,0,0,Sun Belt,0
401628436,2024,Texas,Kentucky,2071.0,1537.0,100119.0,160.3089447,0,0,1,23.1,0.0,14.0,13,534.0,534.0,3608.0,0,1,1,0,3,0.9,1.0,1,0.4,1.0,14.5,5,1,0,0,1,100.0,1488.0888064144658,0,0,SEC,1
401643766,2024,Utah State,San Diego State,1321.0,1283.0,25513.0,1427.914429,0,0,1,7.9,0.0,10.0,13,38.0,38.0,2604.0,0,0,0,0,1,0.3,1.0,-4,0.3,0.0,13.5,5,1,0,0,1,56.0,1101.7449629196446,0,0,Mountain West,0
401645372,2024,North Texas,East Carolina,1400.0,1391.0,30850.0,198.6871948,0,0,1,20.8,0.0,17.1,13,9.0,9.0,2791.0,0,0,0,0,-4,0.5,0.0,3,0.6,1.0,14.5,5,1,0,0,1,13.0,1832.321948955672,0,0,American Athletic,0
401636930,2024,Arizona State,BYU,1608.0,1667.0,65870.0,360.1569519,1,0,1,23.6,0.0,1.3,13,-59.0,59.0,3275.0,0,1,1,0,3,0.8,1.0,-1,0.9,0.0,13.5,5,1,0,0,1,66.0,759.983684248631,0,0,Big 12,0
401635613,2024,California,Stanford,1610.0,1168.0,62467.0,125.3108063,0,0,1,12.9,0.2,12.9,13,442.0,442.0,2778.0,0,1,1,1,-1,0.5,0.0,1,0.3,1.0,12.5,5,1,0,0,1,101.0,49.17267755230968,0,1,ACC,0
401635617,2024,Louisville,Pittsburgh,1715.0,1531.0,60000.0,138.5615997,0,0,1,7.7,0.0,7.9,13,184.0,184.0,3246.0,0,1,1,0,-1,0.6,0.0,-3,0.7,0.0,16.0,5,1,0,0,1,26.0,553.1208871568424,0,0,ACC,0
401628427,2024,Arkansas,Louisiana Tech,1547.0,1321.0,80000.0,403.7972412,0,0,0,16.4,0.0,12.5,13,226.0,226.0,2868.0,0,0,1,0,-2,0.5,0.0,1,0.4,1.0,15.0,5,1,0,0,1,86.0,417.30420196362155,0,0,SEC,0
401628434,2024,South Carolina,Wofford,1827.0,1480.0,80250.0,60.54548645,1,0,0,16.3,0.0,8.7,13,347.0,347.0,3307.0,1,0,1,0,4,0.7,1.0,0,,,16.0,5,1,0,0,1,90.0,,1,0,SEC,1
401628432,2024,Mississippi State,Missouri,1362.0,1684.0,61337.0,110.2742081,1,0,1,14.4,0.0,2.2,13,-322.0,322.0,3046.0,0,1,1,0,-1,0.2,0.0,-1,0.7,0.0,15.25,5,1,0,0,1,110.0,686.9681258829521,0,0,SEC,0
401643840,2024,Louisiana,Troy,1618.0,1466.0,41426.0,3.556508303,0,0,1,17.5,0.0,2.4,13,152.0,152.0,3084.0,0,0,0,0,-1,0.8,0.0,2,0.3,1.0,16.0,5,1,0,0,1,53.0,606.419418221733,0,0,Sun Belt,0
401643842,2024,Texas State,Georgia State,1693.0,1238.0,30000.0,177.8676453,0,0,1,17.9,0.0,6.8,13,455.0,455.0,2931.0,0,0,0,0,2,0.6,1.0,-7,0.2,0.0,18.0,5,1,1,0,1,43.0,1347.2503006079157,0,0,Sun Belt,0
401636931,2024,Houston,Baylor,1306.0,1591.0,40000.0,9.57440567,0,0,1,17.5,0.0,9.6,13,-285.0,285.0,2897.0,0,1,1,0,-1,0.4,0.0,4,0.6,1.0,18.0,5,1,1,0,1,10.0,265.0373418419554,0,1,Big 12,0
401628572,2024,Oregon State,Washington State,1356.0,1600.0,43363.0,66.90744781,0,0,1,8.5,0.0,10.8,13,-244.0,244.0,2956.0,0,1,1,0,-5,0.4,0.0,-1,0.8,0.0,16.0,5,1,0,0,1,71.0,533.411228876167,0,0,Pac-12,0
401643764,2024,Wyoming,Boise State,1260.0,1770.0,29181.0,2200.153564,0,0,1,4.5,0.0,12.4,13,-510.0,510.0,3030.0,0,0,0,0,-1,0.2,0.0,8,0.9,1.0,17.0,5,1,0,0,1,74.0,907.5937973418796,0,0,Mountain West,0
401643838,2024,Old Dominion,Marshall,1486.0,1489.0,20118.0,3.147987843,0,0,1,11.1,0.0,15.5,13,-3.0,3.0,2975.0,0,0,0,0,-2,0.4,0.0,4,0.7,1.0,19.5,5,1,1,0,1,88.0,564.7421510484049,0,0,Sun Belt,0
401636936,2024,Utah,Iowa State,1515.0,1746.0,51444.0,1411.543579,0,0,1,11.1,0.0,13.9,13,-231.0,231.0,3261.0,0,1,1,0,-6,0.4,0.0,1,0.8,1.0,17.5,5,1,0,0,1,26.0,1522.913890879318,0,0,Big 12,1
401628428,2024,Auburn,Texas A&M,1604.0,1770.0,87451.0,201.1737976,1,0,1,9.8,0.0,7.5,13,-166.0,166.0,3374.0,0,1,1,0,1,0.4,1.0,1,0.8,1.0,18.5,5,1,1,0,1,85.0,1050.6661512682406,0,0,SEC,1
401628433,2024,Oklahoma,Alabama,1678.0,2113.0,86112.0,355.0962524,1,0,1,15.3,0.0,23.7,13,-435.0,435.0,3791.0,0,1,1,0,-1,0.5,0.0,3,0.8,1.0,18.5,5,1,1,0,1,99.0,935.9283369956007,0,0,SEC,1
401628431,2024,LSU,Vanderbilt,1764.0,1446.0,102321.0,7.640734673,1,0,1,13.3,0.0,4.0,13,318.0,318.0,3210.0,0,1,1,0,-3,0.6,0.0,-1,0.6,0.0,18.75,5,1,1,0,1,100.0,755.8457631269162,0,0,SEC,1
401636933,2024,Kansas State,Cincinnati,1731.0,1506.0,50000.0,328.0574646,0,0,1,11.6,0.0,16.7,13,225.0,225.0,3237.0,0,1,1,0,-2,0.7,0.0,-3,0.5,0.0,19.0,5,1,1,0,1,56.0,1040.4825694634692,0,0,Big 12,1
401635615,2024,Duke,Virginia Tech,1597.0,1658.0,40004.0,103.0028152,1,0,1,8.1,0.0,10.3,13,-61.0,61.0,3255.0,0,1,1,0,1,0.7,1.0,-2,0.5,0.0,20.0,5,1,1,0,1,95.0,189.48718219945496,0,0,ACC,0
401643763,2024,Nevada,Air Force,1196.0,1406.0,27000.0,1406.57605,0,0,1,3.9,0.0,11.9,13,-210.0,210.0,2602.0,0,0,0,0,-4,0.2727272727272727,0.0,2,0.3,1.0,19.5,5,1,1,0,1,58.0,1288.940372408763,0,0,Mountain West,0
401628561,2024,UCLA,USC,1466.0,1761.0,88565.0,245.1772461,1,0,1,13.4,0.0,2.1,13,-295.0,295.0,3227.0,0,1,1,1,-1,0.4,0.0,1,0.5,1.0,19.5,5,1,1,0,1,102.0,19.75232531784418,0,1,Big Ten,0
401643765,2024,Fresno State,Colorado State,1511.0,1366.0,41031.0,102.564064,0,0,1,13.3,0.0,4.3,13,145.0,145.0,2877.0,0,0,0,0,-2,0.5,0.0,5,0.7,1.0,19.5,5,1,1,0,1,44.0,1337.9738335706954,0,0,Mountain West,1
401644775,2024,Akron,Toledo,1085.0,1459.0,30000.0,321.2875061,0,0,1,2.5,0.0,13.5,14,-374.0,374.0,2544.0,0,0,0,0,1,0.2727272727272727,1.0,-1,0.6363636363636364,0.0,19.0,1,0,1,0,1,15.0,187.33450165733427,0,1,Mid-American,0
401644776,2024,Buffalo,Kent State,1259.0,805.0,30270.0,181.5759735,0,0,1,4.7,0.0,21.9,14,454.0,454.0,2064.0,0,0,0,0,3,0.6363636363636364,1.0,-11,0.0,0.0,19.0,1,0,1,0,1,31.0,294.2431184866098,0,0,Mid-American,0
401645376,2024,Tulane,Memphis,1874.0,1621.0,30000.0,0.0,0,0,1,16.8,0.0,18.4,14,253.0,253.0,3495.0,0,0,0,0,8,0.8181818181818182,1.0,2,0.8181818181818182,1.0,18.5,3,0,1,0,1,10.0,575.7297093251264,0,0,American Athletic,0
401644691,2024,Bowling Green,Miami (OH),1498.0,1558.0,24000.0,205.9057465,0,0,1,-1.1,0.0,27.9,14,-60.0,60.0,3056.0,0,0,0,0,5,0.6363636363636364,1.0,6,0.6363636363636364,1.0,12.0,4,0,0,0,1,58.0,226.99274369547584,0,1,Mid-American,0
401628568,2024,Wisconsin,Minnesota,1594.0,1606.0,80321.0,263.604126,0,0,1,-5.3,0.0,22.7,14,-12.0,12.0,3200.0,0,1,1,1,-4,0.45454545454545453,0.0,-2,0.5454545454545454,0.0,11.0,4,0,0,0,1,107.0,371.1955746055735,0,0,Big Ten,1
401643769,2024,Boise State,Oregon State,1747.0,1360.0,36387.0,823.2221069,0,0,0,-0.7,0.0,0.6,14,387.0,387.0,3107.0,0,1,0,0,9,0.9090909090909091,1.0,1,0.45454545454545453,1.0,10.0,4,0,0,0,1,54.0,575.68704149106,0,0,Mountain West,1
401644777,2024,Ohio,Ball State,1582.0,1089.0,24000.0,194.230896,0,0,1,0.3,0.0,21.2,14,493.0,493.0,2671.0,0,0,0,0,4,0.7272727272727273,1.0,-3,0.2727272727272727,0.0,12.0,4,0,0,0,1,95.0,300.07433247963496,0,0,Mid-American,0
401645379,2024,East Carolina,Navy,1418.0,1477.0,50000.0,19.0564537,1,0,1,10.7,0.0,8.1,14,-59.0,59.0,2895.0,0,0,0,0,4,0.6363636363636364,1.0,-1,0.7,0.0,12.0,4,0,0,0,1,61.0,384.2574666415231,0,0,American Athletic,0
401636938,2024,Colorado,Oklahoma State,1641.0,1372.0,50183.0,1634.041138,1,0,1,-3.0,0.0,4.6,14,269.0,269.0,3013.0,0,1,1,0,-1,0.7272727272727273,0.0,-8,0.2727272727272727,0.0,10.0,4,0,0,0,1,100.0,837.2315119189357,0,0,Big 12,1
401628442,2024,Ole Miss,Mississippi State,1977.0,1348.0,64038.0,146.8517151,1,0,1,7.2,0.0,13.2,14,629.0,629.0,3325.0,0,1,1,1,-1,0.7272727272727273,0.0,-2,0.18181818181818182,0.0,14.5,4,0,0,0,1,109.0,121.71658622819308,0,1,SEC,1
401643770,2024,Colorado State,Utah State,1366.0,1367.0,36500.0,1528.4,0,0,1,2.7,0.0,6.4,14,-1.0,1.0,2733.0,0,0,0,0,-1,0.6363636363636364,0.0,2,0.36363636363636365,1.0,13.5,4,0,0,0,1,7.0,577.7950574051692,0,0,Mountain West,0
401643843,2024,South Alabama,Texas State,1608.0,1635.0,25450.0,45.0,0,0,1,12.2,0.0,19.4,14,-27.0,27.0,3243.0,0,0,0,0,2,0.5454545454545454,1.0,-1,0.5454545454545454,0.0,14.5,4,0,0,0,1,4.0,938.5159809597051,0,0,Sun Belt,0
401640997,2024,Sam Houston,Liberty,1412.0,1576.0,14000.0,127.6225204,0,0,1,13.3,0.0,15.4,14,-164.0,164.0,2988.0,0,0,0,0,-1,0.7272727272727273,0.0,3,0.8,1.0,14.5,4,0,0,0,1,38.0,1675.979997487605,0,0,Conference USA,0
401635625,2024,San José State,Stanford,1481.0,1172.0,30456.0,28.30708694,0,0,0,12.3,0.0,4.8,14,309.0,309.0,2653.0,0,1,0,0,-2,0.5454545454545454,0.0,-1,0.2727272727272727,0.0,13.0,4,0,0,0,1,91.0,28.85686298649283,0,1,Mountain West,0
401628562,2024,Iowa,Nebraska,1786.0,1524.0,69250.0,220.6357727,0,0,1,-6.2,0.0,14.2,14,262.0,262.0,3310.0,0,1,1,1,1,0.6363636363636364,1.0,1,0.5454545454545454,1.0,18.5,4,0,1,0,1,95.0,440.8714406845719,0,0,Big Ten,1
401628439,2024,Georgia,Georgia Tech,2023.0,1575.0,92746.0,186.1120758,1,0,0,5.3,0.0,17.7,14,448.0,448.0,3598.0,0,1,1,1,2,0.8181818181818182,1.0,2,0.6363636363636364,1.0,19.5,4,0,1,0,1,95.0,96.17241304439182,0,0,SEC,1
401636939,2024,UCF,Utah,1596.0,1524.0,44206.0,20.94113731,1,0,1,14.7,0.2,15.1,14,72.0,72.0,3120.0,0,1,1,0,-2,0.36363636363636365,0.0,-7,0.36363636363636365,0.0,20.0,4,0,1,0,1,17.0,3090.176651379775,0,0,Big 12,1
401636941,2024,Baylor,Kansas,1588.0,1714.0,45140.0,117.0538101,0,0,1,11.0,0.0,7.5,14,-126.0,126.0,3302.0,0,1,1,0,5,0.6363636363636364,1.0,3,0.45454545454545453,1.0,11.0,5,1,0,0,1,10.0,840.6199824999245,0,0,Big 12,0
401628444,2024,Clemson,South Carolina,1815.0,1828.0,81500.0,205.6452179,1,0,0,7.7,0.0,5.3,14,-13.0,13.0,3643.0,0,1,1,1,3,0.8181818181818182,1.0,5,0.7272727272727273,1.0,12.0,5,1,0,0,1,82.0,184.97112771961474,0,1,ACC,1
401643848,2024,UL Monroe,Louisiana,1160.0,1652.0,27617.0,22.998209,0,0,1,8.3,0.0,7.5,14,-492.0,492.0,2812.0,0,0,0,0,-5,0.45454545454545453,0.0,1,0.8181818181818182,1.0,11.0,5,1,0,0,1,46.0,257.42277323947417,0,1,Sun Belt,0
401635622,2024,Wake Forest,Duke,1338.0,1599.0,31500.0,283.548584,0,0,1,3.9,0.0,13.9,14,-261.0,261.0,2937.0,0,1,1,0,-3,0.36363636363636365,0.0,2,0.7272727272727273,1.0,12.0,5,1,0,0,1,56.0,118.95840037125959,0,1,ACC,0
401645378,2024,Army,UTSA,1611.0,1479.0,38000.0,99.21277618,0,0,1,1.7,0.0,19.2,14,132.0,132.0,3090.0,0,0,0,0,-1,0.9,0.0,3,0.5454545454545454,1.0,12.0,5,1,0,0,1,100.0,2576.371982138637,0,0,American Athletic,0
401628446,2024,Vanderbilt,Tennessee,1453.0,1979.0,40351.0,159.9194641,0,0,1,3.7,0.0,6.5,14,-526.0,526.0,3432.0,0,1,1,1,-2,0.5454545454545454,0.0,1,0.8181818181818182,1.0,11.0,5,1,0,0,1,102.0,260.10776007483514,0,1,SEC,0
401628566,2024,Ohio State,Michigan,2120.0,1867.0,102780.0,216.6770325,0,0,1,-3.2,0.0,15.2,14,253.0,253.0,3987.0,0,1,1,1,5,0.9090909090909091,1.0,1,0.5454545454545454,1.0,12.0,5,1,0,0,1,102.0,259.0598609717382,0,0,Big Ten,1
401629038,2024,Massachusetts,UConn,1023.0,1414.0,17000.0,46.58664703,0,0,1,2.4,0.0,11.9,14,-391.0,391.0,2437.0,0,0,0,0,-3,0.18181818181818182,0.0,-1,0.6363636363636364,0.0,12.0,5,1,0,0,1,59.0,69.0299002427664,0,0,FBS Independents,0
401628440,2024,Kentucky,Louisville,1545.0,1767.0,61000.0,307.4248962,0,0,0,-0.7,0.0,15.9,14,-222.0,222.0,3312.0,0,1,1,1,-1,0.36363636363636365,0.0,1,0.6363636363636364,1.0,12.0,5,1,0,0,1,51.0,111.54664682328072,0,1,SEC,1
401636945,2024,Texas Tech,West Virginia,1540.0,1553.0,60454.0,980.7632446,0,0,1,9.0,0.0,9.5,14,-13.0,13.0,3093.0,0,1,1,0,1,0.6363636363636364,1.0,1,0.5454545454545454,1.0,11.0,5,1,0,0,1,77.0,2062.489056103411,0,0,Big 12,0
401643845,2024,Georgia State,Coastal Carolina,1296.0,1335.0,25000.0,287.0,0,0,1,7.3,0.0,11.6,14,-39.0,39.0,2631.0,0,0,0,0,1,0.2727272727272727,1.0,-2,0.45454545454545453,0.0,14.0,5,1,0,0,1,7.0,496.68882915421636,0,0,Sun Belt,0
401645382,2024,Rice,South Florida,1215.0,1457.0,47000.0,7.148301601,0,0,1,14.9,0.0,7.7,14,-242.0,242.0,2672.0,0,0,0,0,-2,0.2727272727272727,0.0,2,0.5454545454545454,1.0,13.0,5,1,0,0,1,74.0,1271.1199498293709,0,0,American Athletic,0
401643849,2024,Troy,Southern Miss,1432.0,961.0,30000.0,154.7746277,0,0,1,11.2,0.0,10.7,14,471.0,471.0,2393.0,0,0,0,0,-1,0.2727272727272727,0.0,-9,0.09090909090909091,0.0,13.0,5,1,0,0,1,74.0,324.4661472576382,0,0,Sun Belt,0
401635620,2024,Boston College,Pittsburgh,1506.0,1479.0,44500.0,39.82634354,0,0,1,3.4,0.0,13.8,14,27.0,27.0,2985.0,0,1,1,0,1,0.5454545454545454,1.0,-4,0.6363636363636364,0.0,15.0,5,1,0,0,1,67.0,767.0770781686081,0,0,ACC,0
401643847,2024,Arkansas State,Old Dominion,1241.0,1473.0,30382.0,89.52690887,0,0,1,9.1,0.0,18.8,14,-232.0,232.0,2714.0,0,0,0,0,2,0.6363636363636364,1.0,-3,0.36363636363636365,0.0,14.0,5,1,0,0,1,50.0,1289.9479959467421,0,0,Sun Belt,0
401635621,2024,SMU,California,1830.0,1606.0,32000.0,169.4058075,0,0,1,14.2,0.0,8.5,14,224.0,224.0,3436.0,0,1,1,0,8,0.9090909090909091,1.0,1,0.5454545454545454,1.0,14.5,5,1,0,0,1,24.0,2368.433032120493,0,0,ACC,1
401628565,2024,Penn State,Maryland,1971.0,1447.0,106572.0,354.1551514,1,0,1,-2.9,0.0,18.2,14,524.0,524.0,3418.0,0,1,1,0,3,0.9090909090909091,1.0,-4,0.36363636363636365,0.0,15.5,5,1,0,0,1,64.0,216.90250012143082,0,0,Big Ten,1
401635623,2024,Syracuse,Miami,1434.0,1877.0,49057.0,162.6989746,0,1,1,-0.2,0.0,21.9,14,-443.0,443.0,3311.0,0,1,1,0,2,0.7272727272727273,1.0,1,0.9090909090909091,1.0,15.5,5,1,0,0,1,44.0,1935.2130452077392,0,0,ACC,0
401628571,2024,USC,Notre Dame,1751.0,2165.0,77500.0,42.50374222,1,0,0,24.0,0.0,2.6,14,-414.0,414.0,3916.0,0,0,1,1,2,0.5454545454545454,1.0,9,0.9090909090909091,1.0,12.5,5,1,0,0,1,101.0,2921.812766830573,0,0,Big Ten,1
401628570,2024,UCLA,Fresno State,1476.0,1511.0,88565.0,245.1772461,1,0,0,22.7,0.0,2.2,14,-35.0,35.0,2987.0,0,0,1,0,-2,0.36363636363636365,0.0,1,0.5454545454545454,1.0,12.5,5,1,0,0,1,102.0,328.25303820383823,0,1,Big Ten,0
401645377,2024,Charlotte,UAB,1129.0,1231.0,15300.0,190.365509,0,0,1,7.5,0.0,11.3,14,-102.0,102.0,2360.0,0,0,0,0,1,0.36363636363636365,1.0,1,0.2727272727272727,1.0,15.5,5,1,0,0,1,11.0,590.5146241793508,0,0,American Athletic,0
401644779,2024,Northern Illinois,Central Michigan,1450.0,1094.0,23595.0,267.4530029,0,0,1,-3.7,0.0,20.4,14,356.0,356.0,2544.0,0,0,0,0,-1,0.5454545454545454,0.0,1,0.36363636363636365,1.0,14.5,5,1,0,0,1,59.0,374.67643450622785,0,0,Mid-American,0
401645380,2024,Tulsa,Florida Atlantic,934.0,1095.0,30000.0,235.5928345,0,0,1,11.3,0.0,14.5,14,-161.0,161.0,2029.0,0,0,0,0,-3,0.2727272727272727,0.0,-6,0.18181818181818182,0.0,14.5,5,1,0,0,1,94.0,1852.7562736606828,0,0,American Athletic,0
401628567,2024,Michigan State,Rutgers,1364.0,1468.0,75005.0,254.8794861,1,0,1,-4.4,0.1,20.4,14,-104.0,104.0,2832.0,0,1,1,0,1,0.45454545454545453,1.0,-1,0.5454545454545454,0.0,15.5,5,1,0,0,1,101.0,867.8940237019536,0,0,Big Ten,0
401628443,2024,Missouri,Arkansas,1698.0,1574.0,71168.0,212.6865692,0,0,1,-1.6,1.2,11.2,14,124.0,124.0,3272.0,0,1,1,1,1,0.7272727272727273,1.0,1,0.5454545454545454,1.0,14.5,5,1,0,0,1,97.0,358.024056080617,0,0,SEC,0
401635624,2024,North Carolina,NC State,1543.0,1501.0,50500.0,127.7569809,0,0,1,6.3,0.0,13.7,14,42.0,42.0,3044.0,0,1,1,1,-1,0.5454545454545454,0.0,-2,0.45454545454545453,0.0,15.5,5,1,0,0,1,97.0,31.856548748141567,0,1,ACC,1
401636940,2024,Arizona,Arizona State,1404.0,1615.0,50782.0,742.1530151,0,0,1,24.0,0.0,2.8,14,-211.0,211.0,3019.0,0,1,1,1,-1,0.36363636363636365,0.0,4,0.8181818181818182,1.0,13.5,5,1,0,0,1,96.0,161.8057268895975,0,1,Big 12,1
401628437,2024,Alabama,Auburn,2011.0,1607.0,101821.0,70.05136108,1,0,1,10.4,0.0,1.2,14,404.0,404.0,3618.0,0,1,1,1,-1,0.7272727272727273,0.0,2,0.45454545454545453,1.0,14.5,5,1,0,0,1,95.0,203.8174905289438,0,1,SEC,1
401641006,2024,Western Kentucky,Jacksonville State,1451.0,1641.0,22113.0,154.4346619,0,0,1,2.8,0.0,3.3,14,-190.0,190.0,3092.0,0,0,0,0,-2,0.6363636363636364,0.0,8,0.7272727272727273,1.0,15.0,5,1,0,0,1,56.0,357.45387654837185,0,0,Conference USA,0
401641031,2024,New Mexico State,UTEP,1137.0,1094.0,28853.0,1208.201294,0,0,1,17.4,0.0,4.6,14,43.0,43.0,2231.0,0,0,0,0,1,0.2727272727272727,1.0,-1,0.18181818181818182,0.0,14.0,5,1,0,0,1,46.0,60.435032461563424,0,0,Conference USA,0
401641014,2024,Louisiana Tech,Kennesaw State,1294.0,1233.0,28019.0,72.87982941,0,0,1,13.4,0.0,9.0,14,61.0,61.0,2527.0,0,0,0,0,-1,0.36363636363636365,0.0,1,0.18181818181818182,1.0,15.0,5,1,0,0,1,56.0,769.8504748934929,0,0,Conference USA,0
401643844,2024,Georgia Southern,App State,1437.0,1405.0,25000.0,61.25376892,0,0,1,5.5,0.0,5.5,14,32.0,32.0,2842.0,0,0,0,0,1,0.6363636363636364,1.0,1,0.5,1.0,18.0,5,1,1,0,1,40.0,422.5482465736135,0,0,Sun Belt,1
401636943,2024,Cincinnati,TCU,1465.0,1614.0,40000.0,230.0660553,0,0,1,-0.2,0.0,14.5,14,-149.0,149.0,3079.0,0,1,1,0,-4,0.45454545454545453,0.0,2,0.6363636363636364,1.0,18.0,5,1,1,0,1,109.0,1357.815759799772,0,0,Big 12,0
401643773,2024,Washington State,Wyoming,1596.0,1283.0,32952.0,773.9526367,0,0,0,3.8,0.0,2.4,14,313.0,313.0,2879.0,0,0,1,0,-2,0.7272727272727273,0.0,-2,0.18181818181818182,0.0,15.5,5,1,0,0,1,52.0,1103.872327550184,0,0,Pac-12,0
401628438,2024,Florida State,Florida,1383.0,1667.0,67277.0,19.55942535,1,0,0,7.8,0.0,9.5,14,-284.0,284.0,3050.0,0,1,1,1,1,0.18181818181818182,1.0,2,0.5454545454545454,1.0,19.0,5,1,1,0,1,74.0,207.65605146672047,0,1,ACC,0
401628441,2024,LSU,Oklahoma,1757.0,1780.0,102321.0,7.640734673,1,0,1,10.0,0.0,9.2,14,-23.0,23.0,3537.0,0,1,1,0,1,0.6363636363636364,1.0,1,0.5454545454545454,1.0,18.0,5,1,1,0,1,100.0,791.0138738164924,0,0,SEC,1
401628564,2024,Indiana,Purdue,1842.0,1173.0,52656.0,231.6500854,0,0,1,-2.6,0.3,11.7,14,669.0,669.0,3015.0,0,1,1,1,-1,0.9090909090909091,0.0,-10,0.09090909090909091,0.0,19.0,5,1,1,0,1,64.0,143.45884619698822,0,1,Big Ten,1
401636944,2024,Iowa State,Kansas State,1737.0,1772.0,61500.0,274.9135437,1,0,1,-4.8,0.0,9.5,14,-35.0,35.0,3509.0,0,1,1,0,2,0.8181818181818182,1.0,1,0.7272727272727273,1.0,18.5,5,1,1,0,1,49.0,400.0971782215608,0,0,Big 12,1
401628569,2024,Oregon,Washington,2029.0,1654.0,54000.0,127.4198303,0,0,1,4.3,0.0,5.7,14,375.0,375.0,3683.0,0,1,1,1,11,1.0,1.0,1,0.5454545454545454,1.0,16.5,5,1,0,0,1,57.0,403.8038275564458,0,0,Big Ten,1
401628445,2024,Texas A&M,Texas,1767.0,2063.0,102733.0,108.824585,1,0,1,14.1,0.0,6.7,14,-296.0,296.0,3830.0,0,1,1,1,-1,0.7272727272727273,0.0,4,0.9090909090909091,1.0,18.5,5,1,1,0,1,97.0,138.29375127751683,0,1,SEC,1
401643772,2024,UNLV,Nevada,1673.0,1204.0,65000.0,666.0,0,1,1,12.0,0.0,1.7,14,469.0,469.0,2877.0,0,0,0,0,3,0.8181818181818182,1.0,-5,0.25,0.0,17.0,5,1,0,0,1,4.0,559.6366117295383,0,1,Mountain West,0
401643846,2024,James Madison,Marshall,1707.0,1502.0,24877.0,399.303009,0,0,1,-2.3,0.0,5.4,14,205.0,205.0,3209.0,0,0,0,0,-1,0.7272727272727273,0.0,5,0.7272727272727273,1.0,20.0,5,1,1,0,1,49.0,309.081338314718,0,0,Sun Belt,1
401635640,2024,Virginia Tech,Virginia,1656.0,1375.0,65632.0,632.2631226,1,0,1,-2.1,0.0,13.3,14,281.0,281.0,3031.0,0,1,1,1,-3,0.45454545454545453,0.0,-2,0.45454545454545453,0.0,20.0,5,1,1,0,1,59.0,190.41856976815703,0,1,ACC,1
401636942,2024,BYU,Houston,1660.0,1309.0,63470.0,1412.097046,1,0,1,-0.3,0.0,0.4,14,351.0,351.0,2969.0,0,1,1,0,-2,0.8181818181818182,0.0,-2,0.36363636363636365,0.0,20.25,5,1,1,0,1,60.0,1886.376606249272,0,0,Big 12,1
401643768,2024,San Diego State,Air Force,1237.0,1398.0,35000.0,62.0,1,0,1,16.0,0.0,3.1,14,-161.0,161.0,2635.0,0,0,0,0,-5,0.2727272727272727,0.0,3,0.36363636363636365,1.0,19.5,5,1,1,0,1,2.0,1302.334498858464,0,0,Mountain West,0
401643771,2024,Hawai'i,New Mexico,1114.0,1269.0,15194.0,20.0,0,0,1,23.1,0.0,9.7,14,-155.0,155.0,2383.0,0,0,0,0,-2,0.36363636363636365,0.0,2,0.45454545454545453,1.0,18.0,5,1,1,0,1,9.0,5186.055690930495,0,0,Mountain West,0
401673466,2024,Jacksonville State,Western Kentucky,1638.0,1454.0,24000.0,198.0679016,0,0,1,0.3,0.0,8.8,15,184.0,184.0,3092.0,0,0,0,0,-1,0.6666666666666666,0.0,1,0.6666666666666666,1.0,18.0,4,0,1,0,1,77.0,357.45387654837185,0,0,Conference USA,0
401673462,2024,Army,Tulane,1611.0,1829.0,38000.0,99.21277618,0,0,1,-3.8,0.0,7.8,15,-218.0,218.0,3440.0,0,0,0,0,1,0.9090909090909091,1.0,-1,0.75,0.0,20.0,4,0,1,0,1,100.0,1930.113979624222,0,0,American Athletic,0
401673468,2024,Boise State,UNLV,1748.0,1685.0,36387.0,823.2221069,0,0,1,-3.9,0.0,2.2,15,63.0,63.0,3433.0,0,0,0,0,10,0.9166666666666666,1.0,4,0.8333333333333334,1.0,18.0,4,0,1,0,1,54.0,839.7489134159525,0,0,Mountain West,1
401673470,2024,Louisiana,Marshall,1640.0,1517.0,41426.0,3.556508303,0,0,1,11.3,0.0,8.3,15,123.0,123.0,3157.0,0,0,0,0,2,0.8333333333333334,1.0,6,0.75,1.0,18.5,5,1,1,0,1,53.0,1268.831417226312,0,0,Sun Belt,0
401760371,2025,UNLV,Idaho State,1617.25,1480.0,65000.0,666.0,0,1,0,41.3,0.0,4.4,1,137.25,137.25,3097.25,1,0,0,0,0,,,0,,,13.0,5,1,0,1,0,5.0,,1,0,Mountain West,0
401756847,2025,Kansas,Fresno State,1583.0,1490.0,47000.0,274.855957,0,0,0,28.4,0.0,14.6,1,93.0,93.0,3073.0,0,0,1,0,0,,,0,,,17.5,5,1,0,1,0,104.0,2157.6945596164596,0,0,Big 12,0
401757218,2025,Western Kentucky,Sam Houston,1409.0,1452.0,22113.0,154.4346619,0,0,1,27.9,0.0,15.2,1,-43.0,43.0,2861.0,0,0,0,0,0,,,0,,,18.0,5,1,1,1,0,57.0,1089.7775927200585,0,0,Conference USA,0
401754516,2025,Hawai'i,Stanford,1257.0,1283.0,15194.0,20.0,0,0,0,30.1,0.0,17.3,1,-26.0,26.0,2540.0,0,1,0,0,0,,,0,,,13.5,5,1,0,1,0,10.0,3861.5150316025038,0,0,Mountain West,1
401762522,2025,South Florida,Boise State,1456.0,1676.0,65828.0,11.07972908,1,0,0,30.0,0.2,9.9,1,-220.0,220.0,3132.0,0,0,0,0,0,,,0,,,17.5,3,0,0,1,0,27.0,3466.2168616540735,0,0,American Athletic,0
401752794,2025,Rutgers,Ohio,1522.0,1621.0,52454.0,19.0,0,0,0,24.4,0.0,14.2,1,-99.0,99.0,3143.0,0,0,1,0,0,,,0,,,18.0,3,0,1,1,0,31.0,664.5305586732154,0,0,Big Ten,0
401762790,2025,Bowling Green,Lafayette,1461.0,1480.0,24000.0,205.9057465,0,0,0,21.0,0.2,13.0,1,-19.0,19.0,2941.0,1,0,0,0,0,,,0,,,18.0,3,0,1,1,0,59.0,,1,0,Mid-American,0
401761588,2025,UL Monroe,Saint Francis,1281.0,1480.0,27617.0,22.998209,0,0,0,26.6,4.2,15.3,1,-199.0,199.0,2761.0,1,0,0,0,0,,,0,,,18.0,3,0,1,1,0,47.0,,1,0,Sun Belt,0
401762789,2025,Akron,Wyoming,1245.0,1367.0,30000.0,321.2875061,0,0,0,17.2,0.0,13.2,1,-122.0,122.0,2612.0,0,0,0,0,0,,,0,,,19.0,3,0,1,1,0,16.0,2006.897105878915,0,0,Mid-American,0
401757219,2025,Delaware,Delaware State,1500.0,1480.0,22000.0,28.74350357,0,0,0,22.3,0.0,6.6,1,20.0,20.0,2980.0,1,0,0,0,0,,,0,,,19.0,3,0,1,1,0,73.0,,1,0,Conference USA,0
401754373,2025,NC State,East Carolina,1501.0,1435.0,58000.0,117.0089951,1,0,0,23.5,0.0,2.3,1,66.0,66.0,2936.0,0,0,1,0,0,,,0,,,19.0,3,0,1,1,0,59.0,124.4406492993345,0,1,ACC,1
401756848,2025,UCF,Jacksonville State,1538.0,1650.0,44206.0,20.94113731,1,0,0,24.8,0.6,7.6,1,-112.0,112.0,3188.0,0,0,1,0,0,,,0,,,19.0,3,0,1,1,0,18.0,724.4145381306283,0,0,Big 12,1
401752674,2025,Missouri,Central Arkansas,1640.0,1480.0,71168.0,212.6865692,0,0,0,27.5,0.0,6.0,1,160.0,160.0,3120.0,1,0,1,0,0,,,0,,,18.5,3,0,1,1,0,98.0,,1,0,SEC,0
401754517,2025,Duke,Elon,1526.0,1480.0,40004.0,103.0028152,1,0,0,22.8,0.0,0.7,1,46.0,46.0,3006.0,1,0,1,0,0,,,0,,,19.5,3,0,1,1,0,96.0,,1,0,ACC,0
401756876,2025,Oklahoma State,UT Martin,1334.0,1480.0,55509.0,276.4808655,0,0,0,24.4,0.0,15.6,1,-146.0,146.0,2814.0,1,0,1,0,0,,,0,,,18.5,3,0,1,1,0,106.0,,1,0,Big 12,0
401756852,2025,Houston,Stephen F. Austin,1375.0,1480.0,40000.0,9.57440567,0,0,0,29.9,0.0,8.5,1,-105.0,105.0,2855.0,1,0,1,0,0,,,0,,,19.0,3,0,1,1,0,11.0,,1,0,Big 12,0
401752793,2025,Minnesota,Buffalo,1616.0,1416.0,50850.0,254.3902283,0,0,0,25.0,0.0,9.9,1,200.0,200.0,3032.0,0,0,1,0,0,,,0,,,19.0,3,0,1,1,0,16.0,1174.870163213157,0,0,Big Ten,1
401762430,2025,UAB,Alabama State,1319.0,1480.0,45000.0,187.0,0,0,0,22.8,0.1,6.0,1,-161.0,161.0,2799.0,1,0,0,0,0,,,0,,,19.5,3,0,1,1,0,4.0,,1,0,American Athletic,0
401762791,2025,Wisconsin,Miami (OH),1536.0,1528.0,80321.0,263.604126,0,0,0,18.9,0.0,6.5,1,8.0,8.0,3064.0,0,0,1,0,0,,,0,,,20.0,3,0,1,1,0,108.0,555.4180562935435,0,0,Big Ten,0
401760357,2025,San Diego State,Stony Brook,1318.0,1480.0,35000.0,62.0,1,0,0,24.6,0.0,5.0,1,-162.0,162.0,2798.0,1,0,0,0,0,,,0,,,19.0,3,0,1,1,0,3.0,,1,0,Mountain West,0
401762432,2025,Army,Tarleton State,1607.0,1480.0,38000.0,99.21277618,0,0,0,20.9,0.0,11.3,1,127.0,127.0,3087.0,1,0,0,0,0,,,0,,,18.0,4,0,1,1,0,101.0,,1,0,American Athletic,0
401752802,2025,Michigan State,Western Michigan,1368.0,1345.0,75005.0,254.8794861,1,0,0,18.0,0.0,6.6,1,23.0,23.0,2713.0,0,0,1,0,0,,,0,,,19.0,4,0,1,1,0,102.0,103.84680801370791,0,1,Big Ten,1
401766898,2025,Florida International,Bethune-Cookman,1372.0,1480.0,20000.0,6.0,0,0,0,25.4,5.9,3.7,1,-108.0,108.0,2852.0,1,0,0,0,0,,,0,,,19.0,4,0,1,1,0,30.0,,1,0,Conference USA,1
401754374,2025,Wake Forest,Kennesaw State,1397.0,1266.0,31500.0,283.548584,0,0,0,24.7,0.0,8.2,1,131.0,131.0,2663.0,0,0,1,0,0,,,0,,,19.0,4,0,1,1,0,57.0,456.7037566133835,0,0,ACC,1
401752795,2025,Illinois,Western Illinois,1578.0,1480.0,60670.0,223.2471619,0,0,0,23.2,0.0,10.8,1,98.0,98.0,3058.0,1,0,1,0,0,,,0,,,18.5,4,0,1,1,0,102.0,,1,0,Big Ten,1
401756854,2025,Kansas,Wagner,1633.0,1480.0,47000.0,274.855957,0,0,0,26.4,0.0,7.3,1,153.0,153.0,3113.0,1,0,1,0,1,1.0,1.0,0,,,18.5,4,0,1,1,0,104.0,,1,0,Big 12,0
401752667,2025,Baylor,Auburn,1604.0,1574.0,45140.0,117.0538101,0,0,0,32.1,0.0,8.2,1,30.0,30.0,3178.0,0,1,1,0,0,,,0,,,19.0,4,0,1,1,0,11.0,1100.9237249614266,0,0,Big 12,1
401754375,2025,Colorado,Georgia Tech,1634.0,1536.0,50183.0,1634.041138,1,0,0,21.7,0.5,6.0,1,98.0,98.0,3170.0,0,1,1,0,0,,,0,,,18.0,4,0,1,1,0,101.0,1975.870071893922,0,0,Big 12,1
401760358,2025,San José State,Central Michigan,1484.0,1235.0,30456.0,28.30708694,0,0,0,22.4,0.0,8.0,1,249.0,249.0,2719.0,0,0,0,0,0,,,0,,,19.5,4,0,1,1,0,92.0,3187.3806089677632,0,0,Mountain West,0
401762434,2025,Navy,VMI,1543.0,1480.0,34000.0,10.74990082,0,0,0,20.5,0.0,8.5,1,63.0,63.0,3023.0,1,0,0,0,0,,,0,,,12.0,5,1,0,1,0,66.0,,1,0,American Athletic,0
401752673,2025,Southern Miss,Mississippi State,1119.0,1412.0,36000.0,64.52726746,0,0,0,26.1,0.1,11.1,1,-293.0,293.0,2531.0,0,1,0,0,0,,,0,,,11.0,5,1,0,1,0,93.0,241.89767774091754,0,1,Sun Belt,1
401754520,2025,Pittsburgh,Duquesne,1470.0,1480.0,68400.0,220.5887146,1,0,0,18.7,0.0,4.8,1,-10.0,10.0,2950.0,1,0,1,0,0,,,0,,,12.0,5,1,0,1,0,24.0,,1,0,ACC,0
401762792,2025,Kent State,Merrimack,1006.0,1480.0,25319.0,321.3641663,0,0,0,18.3,0.0,10.1,1,-474.0,474.0,2486.0,1,0,0,0,0,,,0,,,12.0,5,1,0,1,0,56.0,,1,0,Mid-American,0
401752797,2025,Maryland,Florida Atlantic,1438.0,1311.0,51802.0,32.68748093,0,0,0,21.7,0.0,8.1,1,127.0,127.0,2749.0,0,0,1,0,0,,,0,,,12.0,5,1,0,1,0,75.0,1433.0584037770454,0,0,Big Ten,0
401752677,2025,Ohio State,Texas,1974.0,1861.0,102780.0,216.6770325,0,0,0,18.7,0.0,7.9,1,113.0,113.0,3835.0,0,1,1,0,0,,,0,,,12.0,5,1,0,1,0,103.0,1715.6261006640486,0,0,Big Ten,1
401752801,2025,Purdue,Ball State,1207.0,1224.0,57282.0,197.5337677,1,0,0,20.9,0.0,3.2,1,-17.0,17.0,2431.0,0,0,1,0,0,,,0,,,12.0,5,1,0,1,0,101.0,129.68795253701964,0,1,Big Ten,1
401752803,2025,Tulane,Northwestern,1616.0,1431.0,30000.0,0.0,0,0,0,27.7,0.1,9.1,1,185.0,185.0,3047.0,0,1,0,0,0,,,0,,,11.0,5,1,0,1,0,11.0,1364.6530083541468,0,0,American Athletic,0
401752670,2025,Kentucky,Toledo,1498.0,1454.0,61000.0,307.4248962,0,0,0,22.1,0.0,12.2,1,44.0,44.0,2952.0,0,0,1,0,0,,,0,,,12.75,5,1,0,1,0,52.0,411.3373596851499,0,0,SEC,1
401754518,2025,Boston College,Fordham,1508.0,1480.0,44500.0,39.82634354,0,0,0,23.2,0.0,12.8,1,28.0,28.0,2988.0,1,0,1,0,0,,,0,,,14.0,5,1,0,1,0,68.0,,1,0,ACC,1
401756878,2025,West Virginia,Robert Morris,1470.0,1480.0,60000.0,327.409668,0,0,0,20.8,0.0,7.8,1,-10.0,10.0,2950.0,1,0,1,0,0,,,0,,,14.0,5,1,0,1,0,45.0,,1,0,Big 12,1
401757167,2025,UConn,Central Connecticut,1454.0,1480.0,40000.0,6.515614986,1,0,0,21.9,0.0,13.6,1,-26.0,26.0,2934.0,1,0,0,0,0,,,0,,,14.0,5,1,0,1,0,22.0,,1,0,FBS Independents,1
401752806,2025,Indiana,Old Dominion,1800.0,1480.0,52656.0,231.6500854,0,0,0,24.0,0.0,6.2,1,320.0,320.0,3280.0,0,0,1,0,0,,,0,,,14.5,5,1,0,1,0,65.0,930.1152806113935,0,0,Big Ten,0
401754519,2025,Louisville,Eastern Kentucky,1706.0,1480.0,60000.0,138.5615997,0,0,0,26.6,0.0,8.3,1,226.0,226.0,3186.0,1,0,1,0,0,,,0,,,15.0,5,1,0,1,0,27.0,,1,0,ACC,0
401752807,2025,Penn State,Nevada,2063.0,1294.0,106572.0,354.1551514,1,0,0,21.0,0.0,9.3,1,769.0,769.0,3357.0,0,0,1,0,0,,,0,,,15.5,5,1,0,1,0,65.0,3533.3146533221034,0,0,Big Ten,1
401752665,2025,Florida State,Alabama,1408.0,1824.0,67277.0,19.55942535,1,0,0,29.3,0.2,4.7,1,-416.0,416.0,3232.0,0,1,1,0,0,,,0,,,15.5,5,1,0,1,0,75.0,434.6074765658707,0,0,ACC,1
401762456,2025,Massachusetts,Temple,1193.0,1192.0,17000.0,46.58664703,0,0,0,21.8,0.0,15.2,1,1.0,1.0,2385.0,0,0,0,0,0,,,0,,,15.5,5,1,0,1,0,60.0,352.65503024205555,0,0,Mid-American,0
401756853,2025,Iowa State,South Dakota,1621.0,1480.0,61500.0,274.9135437,1,0,0,26.1,0.3,10.3,1,141.0,141.0,3101.0,1,0,1,0,1,1.0,1.0,0,,,14.5,5,1,0,1,0,50.0,,1,0,Big 12,1
401760359,2025,Air Force,Bucknell,1438.0,1480.0,46692.0,2024.875732,0,0,0,21.0,0.0,10.2,1,-42.0,42.0,2918.0,1,0,0,0,0,,,0,,,13.5,5,1,0,1,0,63.0,,1,0,Mountain West,0
401752669,2025,Georgia,Marshall,1998.0,1574.0,92746.0,186.1120758,1,0,0,28.5,0.0,10.1,1,424.0,424.0,3572.0,0,0,1,0,0,,,0,,,15.5,5,1,0,1,0,96.0,504.8555049986394,0,0,SEC,1
401762793,2025,Northern Illinois,Holy Cross,1470.0,1480.0,23595.0,267.4530029,0,0,0,21.6,0.0,4.6,1,-10.0,10.0,2950.0,1,0,0,0,0,,,0,,,14.5,5,1,0,1,0,60.0,,1,0,Mid-American,0
401752804,2025,Oregon,Montana State,1860.0,1480.0,54000.0,127.4198303,0,0,0,23.1,0.0,6.8,1,380.0,380.0,3340.0,1,0,1,0,0,,,0,,,13.0,5,1,0,1,0,58.0,,1,0,Big Ten,1
401757220,2025,Liberty,Maine,1502.0,1480.0,25000.0,272.9237061,0,0,0,24.3,0.0,3.8,1,22.0,22.0,2982.0,1,0,0,0,0,,,0,,,16.0,5,1,0,1,0,36.0,,1,0,Conference USA,0
401752666,2025,Arkansas,Alabama A&M,1574.0,1480.0,80000.0,403.7972412,0,0,0,26.7,0.0,8.8,1,94.0,94.0,3054.0,1,0,1,0,0,,,0,,,15.25,5,1,0,1,0,87.0,,1,0,SEC,0
401762433,2025,Memphis,Chattanooga,1604.0,1480.0,58325.0,90.62445831,0,0,0,32.2,0.0,11.2,1,124.0,124.0,3084.0,1,0,0,0,0,,,0,,,15.5,5,1,0,1,0,60.0,,1,0,American Athletic,0
401752799,2025,Iowa,UAlbany,1682.0,1480.0,69250.0,220.6357727,0,0,0,25.8,0.0,8.8,1,202.0,202.0,3162.0,1,0,1,0,0,,,0,,,17.0,5,1,0,1,0,96.0,,1,0,Big Ten,1
401761590,2025,James Madison,Weber State,1627.0,1480.0,24877.0,399.303009,0,0,0,22.2,0.0,8.5,1,147.0,147.0,3107.0,1,0,0,0,0,,,0,,,18.0,5,1,1,1,0,50.0,,1,0,Sun Belt,1
401752675,2025,Oklahoma,Illinois State,1650.0,1480.0,86112.0,355.0962524,1,0,0,25.1,0.0,3.9,1,170.0,170.0,3130.0,1,0,1,0,0,,,0,,,17.0,5,1,0,1,0,100.0,,1,0,SEC,1
401754616,2025,Virginia,Coastal Carolina,1404.0,1379.0,61500.0,170.4677429,1,0,0,23.4,0.0,5.8,1,25.0,25.0,2783.0,0,0,1,0,0,,,0,,,18.0,5,1,1,1,0,94.0,473.4494685884315,0,0,ACC,0
401756855,2025,Kansas State,North Dakota,1664.0,1480.0,50000.0,328.0574646,0,0,0,22.5,0.2,12.9,1,184.0,184.0,3144.0,1,0,1,0,-1,0.0,0.0,0,,,18.0,5,1,1,1,0,57.0,,1,0,Big 12,1
401757226,2025,Western Kentucky,North Alabama,1445.0,1480.0,22113.0,154.4346619,0,0,0,25.4,0.0,13.6,1,-35.0,35.0,2925.0,1,0,0,0,1,1.0,1.0,0,,,18.0,5,1,1,1,0,57.0,,1,0,Conference USA,0
401752678,2025,Texas A&M,UTSA,1674.0,1529.0,102733.0,108.824585,1,0,0,33.5,0.0,1.7,1,145.0,145.0,3203.0,0,0,1,0,0,,,0,,,18.0,5,1,1,1,0,98.0,244.917135874361,0,1,SEC,1
401761591,2025,Arkansas State,Southeast Missouri State,1344.0,1480.0,30382.0,89.52690887,0,0,0,29.7,0.0,14.7,1,-136.0,136.0,2824.0,1,0,0,0,0,,,0,,,18.0,5,1,1,1,0,51.0,,1,0,Sun Belt,0
401761593,2025,South Alabama,Morgan State,1555.0,1480.0,25450.0,45.0,0,0,0,27.5,0.4,6.7,1,75.0,75.0,3035.0,1,0,0,0,0,,,0,,,18.0,5,1,1,1,0,5.0,,1,0,Sun Belt,0
401761595,2025,Troy,Nicholls,1476.0,1480.0,30000.0,154.7746277,0,0,0,25.2,0.0,5.8,1,-4.0,4.0,2956.0,1,0,0,0,0,,,0,,,18.0,5,1,1,1,0,75.0,,1,0,Sun Belt,0
401752668,2025,Florida,Long Island University,1678.0,1480.0,88548.0,44.97250748,1,0,0,25.2,2.5,5.9,1,198.0,198.0,3158.0,1,0,1,0,0,,,0,,,19.0,5,1,1,1,0,95.0,,1,0,SEC,1
401752679,2025,Vanderbilt,Charleston Southern,1497.0,1480.0,40351.0,159.9194641,0,0,0,27.6,0.0,16.0,1,17.0,17.0,2977.0,1,0,1,0,0,,,0,,,18.0,5,1,1,1,0,103.0,,1,0,SEC,0
401757222,2025,Middle Tennessee,Austin Peay,1228.0,1480.0,30788.0,191.7279816,0,0,0,27.1,0.0,12.7,1,-252.0,252.0,2708.0,1,0,0,0,0,,,0,,,18.0,5,1,1,1,0,92.0,,1,0,Conference USA,0
401752808,2025,Michigan,New Mexico,1772.0,1331.0,107601.0,255.5500031,0,0,0,20.5,0.0,7.1,1,441.0,441.0,3103.0,0,0,1,0,0,,,0,,,19.5,5,1,1,1,0,98.0,2133.269464692113,0,0,Big Ten,1
401757221,2025,Louisiana Tech,SE Louisiana,1397.0,1480.0,28019.0,72.87982941,0,0,0,29.2,0.0,9.9,1,-83.0,83.0,2877.0,1,0,0,0,0,,,0,,,18.5,5,1,1,1,0,57.0,,1,0,Conference USA,0
401752671,2025,Clemson,LSU,1704.0,1718.0,81500.0,205.6452179,1,0,0,25.7,0.1,5.1,1,-14.0,14.0,3422.0,0,1,1,0,0,,,0,,,19.5,5,1,1,1,0,83.0,913.9745047033465,0,0,ACC,1
401752798,2025,USC,Missouri State,1676.0,1500.0,77500.0,42.50374222,1,0,0,29.3,0.0,11.3,1,176.0,176.0,3176.0,0,0,1,0,0,,,0,,,16.5,5,1,0,1,0,102.0,2281.6004926511837,0,0,Big Ten,0
401756877,2025,Texas Tech,Arkansas-Pine Bluff,1571.0,1480.0,60454.0,980.7632446,0,0,0,30.9,0.1,14.3,1,91.0,91.0,3051.0,1,0,1,0,0,,,0,,,18.5,5,1,1,1,0,78.0,,1,0,Big 12,1
401757225,2025,Utah State,UTEP,1408.0,1240.0,25513.0,1427.914429,0,0,0,25.1,0.0,6.9,1,168.0,168.0,2648.0,0,0,0,0,0,,,0,,,17.5,5,1,0,1,0,57.0,1205.2964498011831,0,0,Mountain West,0
401752672,2025,Ole Miss,Georgia State,1838.0,1331.0,64038.0,146.8517151,1,0,0,28.8,0.0,7.3,1,507.0,507.0,3169.0,0,0,1,0,0,,,0,,,18.75,5,1,1,1,0,110.0,478.99163254105895,0,0,SEC,1
401762457,2025,Tulsa,Abilene Christian,1041.0,1480.0,30000.0,235.5928345,0,0,0,25.5,0.0,6.6,1,-439.0,439.0,2521.0,1,0,0,0,0,,,0,,,19.0,5,1,1,1,0,95.0,,1,0,American Athletic,0
401762435,2025,North Texas,Lamar,1411.0,1480.0,30850.0,198.6871948,0,0,0,27.0,0.0,8.6,1,-69.0,69.0,2891.0,1,0,0,0,0,,,0,,,19.0,5,1,1,1,0,14.0,,1,0,American Athletic,0
401756851,2025,BYU,Portland State,1644.0,1480.0,63470.0,1412.097046,1,0,0,25.0,0.0,8.7,1,164.0,164.0,3124.0,1,0,1,0,0,,,0,,,18.0,5,1,1,1,0,61.0,,1,0,Big 12,1
401761594,2025,Texas State,Eastern Michigan,1593.0,1283.0,30000.0,177.8676453,0,0,0,32.8,0.0,4.9,1,310.0,310.0,2876.0,0,0,0,0,0,,,0,,,19.0,5,1,1,1,0,44.0,1875.5310327348136,0,0,Sun Belt,0
401761592,2025,Louisiana,Rice,1474.0,1326.0,41426.0,3.556508303,0,0,0,26.8,0.0,2.5,1,148.0,148.0,2800.0,0,0,0,0,0,,,0,,,19.0,5,1,1,1,0,54.0,329.10876631065935,0,0,Sun Belt,0
401754521,2025,SMU,East Texas A&M,1717.0,1480.0,32000.0,169.4058075,0,0,0,25.0,0.0,6.0,1,237.0,237.0,3197.0,1,0,1,0,0,,,0,,,20.0,5,1,1,1,0,25.0,,1,0,ACC,1
401757223,2025,New Mexico State,Bryant,1246.0,1480.0,28853.0,1208.201294,0,0,0,30.8,0.0,7.7,1,-234.0,234.0,2726.0,1,0,0,0,0,,,0,,,19.0,5,1,1,1,0,47.0,,1,0,Conference USA,0
401760361,2025,Fresno State,Georgia Southern,1441.0,1457.0,41031.0,102.564064,0,0,0,37.8,0.0,14.1,1,-16.0,16.0,2898.0,0,0,0,0,-1,0.0,0.0,0,,,18.5,5,1,1,1,0,45.0,3486.3909389740475,0,0,Mountain West,0
401752947,2025,Washington State,Idaho,1520.0,1480.0,32952.0,773.9526367,0,0,0,27.6,0.0,5.3,1,40.0,40.0,3000.0,1,0,1,0,0,,,0,,,19.0,5,1,1,1,0,53.0,,1,0,Pac-12,0
401756850,2025,Arizona State,Northern Arizona,1700.0,1480.0,65870.0,360.1569519,1,0,0,37.9,0.0,8.4,1,220.0,220.0,3180.0,1,0,1,0,0,,,0,,,19.0,5,1,1,1,0,67.0,,1,0,Big 12,0
401752936,2025,Oregon State,California,1406.0,1519.0,43363.0,66.90744781,0,0,0,21.7,0.0,7.4,1,-113.0,113.0,2925.0,0,1,1,0,0,,,0,,,19.5,5,1,1,1,0,72.0,748.6787987308352,0,0,Pac-12,0
401756849,2025,Arizona,Hawai'i,1371.0,1258.0,50782.0,742.1530151,0,0,0,35.4,0.0,8.1,1,113.0,113.0,2629.0,0,0,1,0,0,,,1,1.0,1.0,19.5,5,1,1,1,0,97.0,4770.602664015782,0,0,Big 12,0
401752805,2025,Washington,Colorado State,1585.0,1382.0,70138.0,11.65622807,0,0,0,19.3,0.0,2.1,1,203.0,203.0,2967.0,0,0,1,0,0,,,0,,,20.0,5,1,1,1,0,105.0,1578.7197988652158,0,0,Big Ten,1
401752800,2025,UCLA,Utah,1492.0,1542.0,88565.0,245.1772461,1,0,0,27.4,0.0,5.5,1,-50.0,50.0,3034.0,0,1,1,0,0,,,0,,,20.0,5,1,1,1,0,103.0,921.0608246525475,0,0,Big Ten,0
401754522,2025,Miami,Notre Dame,1736.0,2173.0,64767.0,2.624486446,0,0,0,25.5,0.2,5.4,1,-437.0,437.0,3909.0,0,0,1,0,0,,,0,,,19.5,6,0,1,1,0,38.0,1834.5073435521394,0,0,ACC,1
401754523,2025,North Carolina,TCU,1497.0,1633.0,50500.0,127.7569809,0,0,0,19.4,0.0,6.6,1,-136.0,136.0,3130.0,0,1,1,0,0,,,0,,,20.0,0,0,1,1,0,98.0,1717.080200274708,0,0,ACC,1
401754528,2025,Louisville,James Madison,1706.0,1627.0,60000.0,138.5615997,0,0,0,25.3,0.0,9.7,2,79.0,79.0,3333.0,0,0,1,0,1,1.0,1.0,1,1.0,1.0,19.0,4,0,1,1,0,27.0,601.1152716445453,0,0,ACC,0
401752817,2025,Northwestern,Western Illinois,1397.0,1480.0,12023.0,179.0,0,0,0,17.3,0.0,18.9,2,-83.0,83.0,2877.0,1,0,1,0,-1,0.0,0.0,-1,0.0,0.0,18.5,4,0,1,1,0,28.0,,1,0,Big Ten,0
401752826,2025,Maryland,Northern Illinois,1509.0,1470.0,51802.0,32.68748093,0,0,0,29.5,0.0,12.0,2,39.0,39.0,2979.0,0,0,1,0,1,1.0,1.0,1,1.0,1.0,19.5,4,0,1,1,0,75.0,1051.9838639568952,0,0,Big Ten,0
401760363,2025,Boise State,Eastern Washington,1596.0,1480.0,36387.0,823.2221069,0,0,0,33.0,0.0,3.8,2,116.0,116.0,3076.0,1,0,0,0,-1,0.0,0.0,0,,,19.0,4,0,1,1,0,55.0,,1,0,Mountain West,1
401754524,2025,NC State,Virginia,1507.0,1521.0,58000.0,117.0089951,1,0,0,29.8,0.0,9.6,2,-14.0,14.0,3028.0,0,1,1,0,1,1.0,1.0,1,1.0,1.0,12.0,5,1,0,1,0,59.0,248.68051077751198,0,0,ACC,1
401754621,2025,Florida State,East Texas A&M,1452.0,1480.0,67277.0,19.55942535,1,0,0,31.9,0.0,4.8,2,-28.0,28.0,2932.0,1,0,1,0,1,1.0,1.0,-1,0.0,0.0,12.0,5,1,0,1,0,75.0,,1,0,ACC,1
401754618,2025,Syracuse,UConn,1476.0,1454.0,49057.0,162.6989746,0,1,0,13.4,0.7,3.8,2,22.0,22.0,2930.0,0,0,1,0,-1,0.0,0.0,1,1.0,1.0,12.0,5,1,0,1,0,45.0,321.8056720832927,0,0,ACC,0
401752825,2025,Duke,Illinois,1526.0,1578.0,40004.0,103.0028152,1,0,0,29.9,0.0,11.2,2,-52.0,52.0,3104.0,0,1,1,0,1,1.0,1.0,1,1.0,1.0,12.0,5,1,0,1,0,96.0,932.3377826867955,0,0,ACC,0
401752811,2025,Penn State,Florida International,2073.0,1372.0,106572.0,354.1551514,1,0,0,17.1,1.0,5.4,2,701.0,701.0,3445.0,0,0,1,0,1,1.0,1.0,1,1.0,1.0,12.0,5,1,0,1,0,65.0,1690.672226143501,0,0,Big Ten,1
401752813,2025,Minnesota,Northwestern State,1630.0,1480.0,50850.0,254.3902283,0,0,0,12.7,0.0,9.6,2,150.0,150.0,3110.0,1,0,1,0,1,1.0,1.0,0,,,11.0,5,1,0,1,0,16.0,,1,0,Big Ten,0
401752693,2025,Texas,San José State,1858.0,1467.0,100119.0,160.3089447,0,0,0,28.1,0.0,7.9,2,391.0,391.0,3325.0,0,0,1,0,-1,0.0,0.0,-1,0.0,0.0,11.0,5,1,0,1,0,101.0,2355.3945139572425,0,0,SEC,1
401756885,2025,Texas Tech,Kent State,1571.0,1006.0,60454.0,980.7632446,0,0,0,16.4,0.0,6.8,2,565.0,565.0,2577.0,0,0,1,0,1,1.0,1.0,1,1.0,1.0,11.0,5,1,0,1,0,78.0,1994.8664021859972,0,0,Big 12,1
401752812,2025,Indiana,Kennesaw State,1800.0,1269.0,52656.0,231.6500854,0,0,0,19.1,0.0,10.6,2,531.0,531.0,3069.0,0,0,1,0,1,1.0,1.0,-1,0.0,0.0,12.0,5,1,0,1,0,65.0,598.8941531540389,0,0,Big Ten,0
401754529,2025,Pittsburgh,Central Michigan,1470.0,1252.0,68400.0,220.5887146,1,0,0,19.0,0.0,9.0,2,218.0,218.0,2722.0,0,0,1,0,1,1.0,1.0,1,1.0,1.0,12.0,5,1,0,1,0,24.0,524.7667800961556,0,0,ACC,0
401757227,2025,Jacksonville State,Liberty,1634.0,1502.0,24000.0,198.0679016,0,0,1,23.5,0.2,7.1,2,132.0,132.0,3136.0,0,0,0,0,-1,0.0,0.0,1,1.0,1.0,11.0,5,1,0,1,0,78.0,713.6521599999879,0,0,Conference USA,0
401752822,2025,Iowa State,Iowa,1619.0,1682.0,61500.0,274.9135437,1,0,0,14.4,0.0,10.6,2,-63.0,63.0,3301.0,0,1,1,1,2,1.0,1.0,1,1.0,1.0,11.0,5,1,0,1,0,50.0,177.16686271286585,0,1,Big 12,1
401754525,2025,SMU,Baylor,1717.0,1569.0,32000.0,169.4058075,0,0,0,18.9,0.8,11.7,2,148.0,148.0,3286.0,0,1,1,0,1,1.0,1.0,-1,0.0,0.0,11.0,5,1,0,1,0,25.0,145.68300230429375,0,1,ACC,1
401752694,2025,Texas A&M,Utah State,1700.0,1418.0,102733.0,108.824585,1,0,0,27.4,0.0,11.0,2,282.0,282.0,3118.0,0,0,1,0,1,1.0,1.0,1,1.0,1.0,11.75,5,1,0,1,0,98.0,1855.5525802687032,0,0,SEC,1
401762462,2025,Temple,Howard,1289.0,1480.0,69879.0,3.198706865,0,0,0,28.4,0.8,13.9,2,-191.0,191.0,2769.0,1,0,0,0,1,1.0,1.0,0,,,14.0,5,1,0,1,0,22.0,,1,0,American Athletic,0
401754620,2025,Wake Forest,Western Carolina,1394.0,1480.0,31500.0,283.548584,0,0,0,29.5,0.0,9.9,2,-86.0,86.0,2874.0,1,0,1,0,1,1.0,1.0,0,,,14.0,5,1,0,1,0,57.0,,1,0,ACC,0
401760366,2025,New Mexico,Idaho State,1317.0,1480.0,39224.0,1554.471924,0,0,0,24.8,0.0,4.8,2,-163.0,163.0,2797.0,1,0,0,0,-1,0.0,0.0,-1,0.0,0.0,13.0,5,1,0,1,0,65.0,,1,0,Mountain West,0
401754637,2025,Clemson,Troy,1692.0,1476.0,81500.0,205.6452179,1,0,0,23.2,0.5,9.9,2,216.0,216.0,3168.0,0,0,1,0,-1,0.0,0.0,1,1.0,1.0,15.5,5,1,0,1,0,83.0,431.31738323638865,0,0,ACC,1
401762816,2025,Massachusetts,Bryant,1096.0,1480.0,17000.0,46.58664703,0,0,0,22.6,1.0,13.4,2,-384.0,384.0,2576.0,1,0,0,0,-1,0.0,0.0,-1,0.0,0.0,15.5,5,1,0,1,0,60.0,,1,0,Mid-American,0
401752686,2025,Kentucky,Ole Miss,1507.0,1939.0,61000.0,307.4248962,0,0,1,16.8,0.1,10.0,2,-432.0,432.0,3446.0,0,1,1,0,1,1.0,1.0,1,1.0,1.0,15.5,5,1,0,1,0,52.0,607.510955004991,0,0,SEC,1
401752692,2025,Tennessee,East Tennessee State,1808.0,1480.0,102455.0,271.9517212,1,0,0,23.4,0.1,6.8,2,328.0,328.0,3288.0,1,0,1,0,1,1.0,1.0,0,,,15.5,5,1,0,1,0,104.0,,1,0,SEC,1
401752815,2025,Ohio State,Grambling,1978.0,1480.0,102780.0,216.6770325,0,0,0,20.5,0.0,14.8,2,498.0,498.0,3458.0,1,0,1,0,1,1.0,1.0,0,,,15.5,5,1,0,1,0,103.0,,1,0,Big Ten,1
401752824,2025,Oregon,Oklahoma State,1860.0,1334.0,54000.0,127.4198303,0,0,0,21.5,0.0,5.6,2,526.0,526.0,3194.0,0,1,1,0,1,1.0,1.0,1,1.0,1.0,12.5,5,1,0,1,0,58.0,2368.7104221158957,0,0,Big Ten,1
401761603,2025,UTSA,Texas State,1503.0,1623.0,36582.0,201.5526886,0,1,0,31.0,0.0,4.4,2,-120.0,120.0,3126.0,0,0,0,0,-1,0.0,0.0,1,1.0,1.0,14.5,5,1,0,1,0,32.0,75.07437431575192,0,1,American Athletic,1
401752937,2025,Oregon State,Fresno State,1371.0,1516.0,43363.0,66.90744781,0,0,0,18.8,0.0,5.4,2,-145.0,145.0,2887.0,0,0,1,0,-1,0.0,0.0,1,0.5,1.0,12.5,5,1,0,1,0,72.0,910.7735153001889,0,0,Pac-12,0
401762458,2025,Navy,UAB,1543.0,1319.0,34000.0,10.74990082,0,0,1,29.6,1.8,10.5,2,224.0,224.0,2862.0,0,0,0,0,1,1.0,1.0,1,1.0,1.0,15.5,5,1,0,1,0,66.0,1104.0006944506777,0,0,American Athletic,0
401752689,2025,Missouri,Kansas,1640.0,1632.0,71168.0,212.6865692,0,0,0,23.0,0.0,18.8,2,8.0,8.0,3272.0,0,1,1,1,1,1.0,1.0,2,1.0,1.0,14.5,5,1,0,1,0,98.0,251.92770957484436,0,0,SEC,0
401761596,2025,App State,Lindenwood,1477.0,1480.0,30000.0,991.3414307,0,0,0,20.0,3.1,12.6,2,-3.0,3.0,2957.0,1,0,0,0,1,1.0,1.0,0,,,15.5,5,1,0,1,0,63.0,,1,0,Sun Belt,1
401752818,2025,Rutgers,Miami (OH),1524.0,1491.0,52454.0,19.0,0,0,0,27.1,0.2,7.1,2,33.0,33.0,3015.0,0,0,1,0,1,1.0,1.0,-1,0.0,0.0,15.5,5,1,0,1,0,31.0,880.8379815372725,0,0,Big Ten,0
401762461,2025,Western Michigan,North Texas,1310.0,1411.0,30200.0,243.8211212,0,0,0,16.5,0.0,17.8,2,-101.0,101.0,2721.0,0,0,0,0,-1,0.0,0.0,1,1.0,1.0,15.5,5,1,0,1,0,86.0,1430.1586631866637,0,0,Mid-American,0
401752685,2025,Georgia,Austin Peay,2072.0,1480.0,92746.0,186.1120758,1,0,0,21.6,11.9,16.6,2,592.0,592.0,3552.0,1,0,1,0,1,1.0,1.0,1,1.0,1.0,15.5,5,1,0,1,0,96.0,,1,0,SEC,1
401754622,2025,Georgia Tech,Gardner-Webb,1556.0,1480.0,55000.0,279.300415,0,0,0,23.8,0.6,4.1,2,76.0,76.0,3036.0,1,0,1,0,1,1.0,1.0,0,,,15.5,5,1,0,1,0,112.0,,1,0,ACC,0
401762794,2025,Buffalo,Saint Francis,1402.0,1480.0,30270.0,181.5759735,0,0,0,19.3,0.0,11.2,2,-78.0,78.0,2882.0,1,0,0,0,-1,0.0,0.0,-1,0.0,0.0,15.5,5,1,0,1,0,32.0,,1,0,Mid-American,0
401756881,2025,Colorado,Delaware,1613.0,1500.0,50183.0,1634.041138,1,0,0,22.8,0.0,7.0,2,113.0,113.0,3113.0,0,0,1,0,-1,0.0,0.0,1,1.0,1.0,13.5,5,1,0,1,0,101.0,2509.083884039285,0,0,Big 12,1
401756880,2025,Cincinnati,Bowling Green,1477.0,1461.0,40000.0,230.0660553,0,0,0,22.3,0.0,14.2,2,16.0,16.0,2938.0,0,0,1,0,-1,0.0,0.0,1,1.0,1.0,15.5,5,1,0,1,0,110.0,261.0817127043113,0,1,Big 12,0
401756883,2025,Ohio,West Virginia,1619.0,1470.0,24000.0,194.230896,0,0,0,17.4,0.1,11.2,2,149.0,149.0,3089.0,0,1,0,0,-1,0.0,0.0,1,1.0,1.0,16.0,5,1,0,1,0,96.0,187.9481412141853,0,0,Mid-American,1
401752820,2025,Wisconsin,Middle Tennessee,1573.0,1228.0,80321.0,263.604126,0,0,0,16.7,0.0,18.2,2,345.0,345.0,2801.0,0,0,1,0,1,1.0,1.0,-1,0.0,0.0,15.0,5,1,0,1,0,108.0,844.0085565699924,0,0,Big Ten,0
401760367,2025,Wyoming,Northern Iowa,1386.0,1480.0,29181.0,2200.153564,0,0,0,21.3,0.0,4.7,2,-94.0,94.0,2866.0,1,0,0,0,1,1.0,1.0,0,,,14.0,5,1,0,1,0,75.0,,1,0,Mountain West,0
401752684,2025,Florida,South Florida,1678.0,1554.0,88548.0,44.97250748,1,0,0,26.9,3.7,6.2,2,124.0,124.0,3232.0,0,0,1,0,1,1.0,1.0,1,1.0,1.0,16.25,5,1,0,1,0,95.0,186.75726398614762,0,1,SEC,1
401760365,2025,Nevada,Sacramento State,1249.0,1483.0,27000.0,1406.57605,0,0,0,29.5,0.0,9.9,2,-234.0,234.0,2732.0,1,0,0,0,-1,0.0,0.0,0,,,14.0,5,1,0,1,0,59.0,177.1047535134664,0,0,Mountain West,0
401761602,2025,Southern Miss,Jackson State,1089.0,1480.0,36000.0,64.52726746,0,0,0,32.2,0.0,10.1,2,-391.0,391.0,2569.0,1,0,0,0,-1,0.0,0.0,0,,,16.0,5,1,0,1,0,93.0,,1,0,Sun Belt,0
401756887,2025,Utah,Cal Poly,1638.0,1480.0,51444.0,1411.543579,0,0,0,25.5,0.0,11.4,2,158.0,158.0,3118.0,1,0,1,0,1,1.0,1.0,0,,,16.0,5,1,0,1,0,27.0,,1,0,Big 12,1
401762459,2025,East Carolina,Campbell,1429.0,1480.0,50000.0,19.0564537,1,0,0,32.0,0.0,10.2,2,-51.0,51.0,2909.0,1,0,0,0,-1,0.0,0.0,0,,,18.0,5,1,1,1,0,62.0,,1,0,American Athletic,0
401762460,2025,Florida Atlantic,Florida A&M,1237.0,1480.0,29419.0,3.613628864,0,0,0,29.0,0.2,2.0,2,-243.0,243.0,2717.0,1,0,0,0,-1,0.0,0.0,0,,,18.0,5,1,1,1,0,14.0,,1,0,American Athletic,0
401761599,2025,Old Dominion,North Carolina Central,1470.0,1480.0,20118.0,3.147987843,0,0,0,32.1,0.0,15.7,2,-10.0,10.0,2950.0,1,0,0,0,-1,0.0,0.0,0,,,18.0,5,1,1,1,0,89.0,,1,0,Sun Belt,1
401757228,2025,Marshall,Missouri State,1519.0,1335.0,38016.0,163.7328186,0,0,0,17.8,0.0,7.5,2,184.0,184.0,2854.0,0,0,0,0,-1,0.0,0.0,-1,0.0,0.0,18.0,5,1,1,1,0,34.0,963.0119462243294,0,0,Sun Belt,0
401754530,2025,California,Texas Southern,1564.0,1480.0,62467.0,125.3108063,0,0,0,20.6,0.0,17.3,2,84.0,84.0,3044.0,1,0,1,0,1,1.0,1.0,0,,,15.0,5,1,0,1,0,102.0,,1,0,ACC,0
401756882,2025,Kansas State,Army,1666.0,1607.0,50000.0,328.0574646,0,0,0,21.8,0.0,13.6,2,59.0,59.0,3273.0,0,0,1,0,1,0.5,1.0,-1,0.0,0.0,18.0,5,1,1,1,0,57.0,1929.0009577904752,0,0,Big 12,1
401754641,2025,Miami,Bethune-Cookman,1752.0,1480.0,64767.0,2.624486446,0,0,0,27.6,0.1,3.6,2,272.0,272.0,3232.0,1,0,1,0,1,1.0,1.0,-1,0.0,0.0,19.0,5,1,1,1,0,38.0,,1,0,ACC,1
401756886,2025,UCF,North Carolina A&T,1550.0,1480.0,44206.0,20.94113731,1,0,0,26.3,0.1,4.4,2,70.0,70.0,3030.0,1,0,1,0,1,1.0,1.0,0,,,19.0,5,1,1,1,0,18.0,,1,0,Big 12,1
401757232,2025,Toledo,Western Kentucky,1445.0,1450.0,26038.0,181.4839783,0,0,0,17.4,0.0,13.9,2,-5.0,5.0,2895.0,0,0,0,0,-1,0.0,0.0,2,1.0,1.0,19.0,5,1,1,1,0,88.0,574.2696067406046,0,0,Mid-American,1
401760364,2025,Colorado State,Northern Colorado,1357.0,1480.0,36500.0,1528.4,0,0,0,24.8,0.0,5.7,2,-123.0,123.0,2837.0,1,0,0,0,-1,0.0,0.0,0,,,17.0,5,1,0,1,0,8.0,,1,0,Mountain West,1
401761598,2025,Georgia State,Memphis,1230.0,1604.0,25000.0,287.0,0,0,0,26.5,0.0,1.4,2,-374.0,374.0,2834.0,0,0,0,0,-1,0.0,0.0,1,1.0,1.0,19.0,5,1,1,1,0,8.0,535.0164418952947,0,0,Sun Belt,0
401754527,2025,Charlotte,North Carolina,1221.0,1417.0,15300.0,190.365509,0,0,0,24.9,0.5,5.4,2,-196.0,196.0,2638.0,0,1,0,0,-1,0.0,0.0,-1,0.0,0.0,19.0,5,1,1,1,0,12.0,166.73569999776964,0,1,American Athletic,1
401761601,2025,South Alabama,Tulane,1555.0,1644.0,25450.0,45.0,0,0,0,29.8,0.0,1.6,2,-89.0,89.0,3199.0,0,0,0,0,1,1.0,1.0,1,1.0,1.0,18.0,5,1,1,1,0,5.0,202.79177782450662,0,0,Sun Belt,0
401756884,2025,Rice,Houston,1337.0,1375.0,47000.0,7.148301601,0,0,0,30.4,0.0,5.8,2,-38.0,38.0,2712.0,0,1,0,0,1,1.0,1.0,1,1.0,1.0,18.0,5,1,1,1,0,75.0,5.843931402352191,0,1,American Athletic,0
401762795,2025,Eastern Michigan,Long Island University,1241.0,1480.0,30200.0,241.248764,0,0,0,16.0,0.0,13.3,2,-239.0,239.0,2721.0,1,0,0,0,-1,0.0,0.0,-1,0.0,0.0,19.0,5,1,1,1,0,56.0,,1,0,Mid-American,0
401752691,2025,South Carolina,South Carolina State,1729.0,1480.0,80250.0,60.54548645,1,0,0,25.9,0.2,4.3,2,249.0,249.0,3209.0,1,0,1,0,1,1.0,1.0,0,,,19.0,5,1,1,1,0,91.0,,1,0,SEC,1
401752819,2025,Purdue,Southern Illinois,1287.0,1480.0,57282.0,197.5337677,1,0,0,18.4,0.0,16.2,2,-193.0,193.0,2767.0,1,0,1,0,1,1.0,1.0,0,,,19.5,5,1,1,1,0,101.0,,1,0,Big Ten,1
401752816,2025,Michigan State,Boston College,1403.0,1508.0,75005.0,254.8794861,1,0,0,14.2,0.0,17.0,2,-105.0,105.0,2911.0,0,1,1,0,1,1.0,1.0,1,1.0,1.0,19.5,5,1,1,1,0,102.0,1091.0533365925417,0,0,Big Ten,1
401761597,2025,Coastal Carolina,Charleston Southern,1266.0,1480.0,21000.0,13.74894905,0,0,0,26.8,0.0,6.6,2,-214.0,214.0,2746.0,1,0,0,0,-1,0.0,0.0,-1,0.0,0.0,19.5,5,1,1,1,0,22.0,,1,0,Sun Belt,1
401752683,2025,Auburn,Ball State,1609.0,1138.0,87451.0,201.1737976,1,0,0,27.7,0.2,5.8,2,471.0,471.0,2747.0,0,0,1,0,1,1.0,1.0,-1,0.0,0.0,18.5,5,1,1,1,0,86.0,846.595776235027,0,0,SEC,1
401752687,2025,LSU,Louisiana Tech,1730.0,1397.0,102321.0,7.640734673,1,0,0,32.2,0.0,8.7,2,333.0,333.0,3127.0,0,0,1,0,1,1.0,1.0,1,1.0,1.0,18.5,5,1,1,1,0,101.0,273.9788757716948,0,1,SEC,1
401752810,2025,Nebraska,Akron,1522.0,1235.0,85458.0,354.9318848,0,0,0,19.3,0.0,7.0,2,287.0,287.0,2757.0,0,0,1,0,1,1.0,1.0,-1,0.0,0.0,18.5,5,1,1,1,0,102.0,1275.07541430192,0,0,Big Ten,1
401752688,2025,Mississippi State,Arizona State,1424.0,1700.0,61337.0,110.2742081,1,0,0,23.1,0.0,13.8,2,-276.0,276.0,3124.0,0,1,1,0,1,1.0,1.0,1,1.0,1.0,18.5,5,1,1,1,0,111.0,2142.5251957690043,0,0,SEC,0
401752690,2025,Oklahoma,Michigan,1650.0,1771.0,86112.0,355.0962524,1,0,0,22.0,0.0,9.9,2,-121.0,121.0,3421.0,0,1,1,0,1,1.0,1.0,1,1.0,1.0,18.5,5,1,1,1,0,100.0,1420.957530323561,0,0,SEC,1
401752695,2025,Virginia Tech,Vanderbilt,1575.0,1497.0,65632.0,632.2631226,1,0,0,19.8,0.2,7.9,2,78.0,78.0,3072.0,0,1,1,0,-1,0.0,0.0,1,1.0,1.0,19.5,5,1,1,1,0,60.0,582.1949024608455,0,0,ACC,1
401752681,2025,Alabama,UL Monroe,1755.0,1281.0,101821.0,70.05136108,1,0,0,28.2,0.0,10.0,2,474.0,474.0,3036.0,0,0,1,0,-1,0.0,0.0,1,1.0,1.0,18.75,5,1,1,1,0,96.0,428.3730304504091,0,0,SEC,1
401752823,2025,UNLV,UCLA,1633.0,1404.0,65000.0,666.0,0,1,0,36.5,0.0,11.4,2,229.0,229.0,3037.0,0,1,0,0,2,1.0,1.0,-1,0.0,0.0,17.0,5,1,0,1,0,5.0,345.9028287285455,0,0,Mountain West,0
401761600,2025,Louisiana,McNeese,1465.0,1480.0,41426.0,3.556508303,0,0,0,30.3,0.0,8.1,2,-15.0,15.0,2945.0,1,0,0,0,-1,0.0,0.0,0,,,19.0,5,1,1,1,0,54.0,,1,0,Sun Belt,0
401757231,2025,UTEP,UT Martin,1227.0,1480.0,51500.0,1183.697876,0,0,0,23.9,0.1,7.0,2,-253.0,253.0,2707.0,1,0,0,0,-1,0.0,0.0,-1,0.0,0.0,19.0,5,1,1,1,0,62.0,,1,0,Conference USA,0
401757229,2025,New Mexico State,Tulsa,1246.0,1041.0,28853.0,1208.201294,0,0,0,24.3,0.0,7.5,2,205.0,205.0,2287.0,0,0,0,0,1,1.0,1.0,1,1.0,1.0,19.0,5,1,1,1,0,47.0,1081.2065148740555,0,0,Conference USA,0
401756879,2025,Arizona,Weber State,1453.0,1480.0,50782.0,742.1530151,0,0,0,28.9,0.0,5.7,2,-27.0,27.0,2933.0,1,0,1,0,1,1.0,1.0,-1,0.0,0.0,19.0,5,1,1,1,0,97.0,,1,0,Big 12,0
401752948,2025,Washington State,San Diego State,1520.0,1318.0,32952.0,773.9526367,0,0,0,26.0,0.0,7.7,2,202.0,202.0,2838.0,0,0,1,0,1,1.0,1.0,1,1.0,1.0,19.25,5,1,1,1,0,53.0,1550.8819656043072,0,0,Pac-12,0
401754526,2025,BYU,Stanford,1644.0,1282.0,63470.0,1412.097046,1,0,0,21.9,0.0,1.8,2,362.0,362.0,2926.0,0,1,1,0,1,1.0,1.0,-1,0.0,0.0,20.25,5,1,1,1,0,61.0,961.7893570146002,0,0,Big 12,1
401752821,2025,Washington,UC Davis,1610.0,1480.0,70138.0,11.65622807,0,0,0,19.4,0.0,2.1,2,130.0,130.0,3090.0,1,0,1,0,1,1.0,1.0,0,,,20.0,5,1,1,1,0,105.0,,1,0,Big Ten,1
401757230,2025,Hawai'i,Sam Houston,1178.0,1397.0,15194.0,20.0,0,0,0,28.0,0.0,15.0,2,-219.0,219.0,2575.0,0,0,0,0,-1,0.5,0.0,-2,0.0,0.0,17.983333333333334,5,1,0,1,0,10.0,6235.175865286522,0,0,Mountain West,0
401754531,2025,Wake Forest,NC State,1394.0,1510.0,31500.0,283.548584,0,0,1,23.0,0.0,4.5,3,-116.0,116.0,2904.0,0,1,1,0,2,1.0,1.0,2,1.0,1.0,19.5,3,0,1,1,0,57.0,142.92954240359535,0,1,ACC,1
401752836,2025,Indiana,Indiana State,1904.0,1480.0,52656.0,231.6500854,0,0,0,29.1,0.0,7.5,3,424.0,424.0,3384.0,1,0,1,0,2,1.0,1.0,0,,,18.5,4,0,1,1,0,65.0,,1,0,Big Ten,0
401754532,2025,Syracuse,Colgate,1475.0,1480.0,49057.0,162.6989746,0,1,0,19.7,0.0,2.3,3,-5.0,5.0,2955.0,1,0,1,0,1,0.5,1.0,0,,,19.0,4,0,1,1,0,45.0,,1,0,ACC,0
401756893,2025,Houston,Colorado,1441.0,1660.0,40000.0,9.57440567,0,0,1,30.7,0.0,10.5,3,-219.0,219.0,3101.0,0,1,1,0,2,1.0,1.0,1,0.5,1.0,18.5,4,0,1,1,0,11.0,1456.4345736156642,0,0,Big 12,1
401756888,2025,Arizona,Kansas State,1451.0,1658.0,50782.0,742.1530151,0,0,0,32.2,0.0,7.7,3,-207.0,207.0,3109.0,0,1,1,0,2,1.0,1.0,-1,0.3333333333333333,0.0,18.0,4,0,1,1,0,97.0,1507.4957772037683,0,0,Big 12,0
401752837,2025,UCLA,New Mexico,1407.0,1332.0,88565.0,245.1772461,1,0,0,22.3,0.0,8.0,3,75.0,75.0,2739.0,0,0,1,0,-2,0.0,0.0,1,0.5,1.0,19.0,4,0,1,1,0,103.0,1060.1873465987142,0,0,Big Ten,0
401752839,2025,Michigan,Central Michigan,1742.0,1204.0,107601.0,255.5500031,0,0,0,18.4,0.0,9.6,3,538.0,538.0,2946.0,0,0,1,0,-1,0.5,0.0,-1,0.5,0.0,12.0,5,1,0,1,0,98.0,167.95183829820132,0,1,Big Ten,1
401752831,2025,Northwestern,Oregon,1403.0,1992.0,12023.0,179.0,0,0,1,20.2,0.0,13.6,3,-589.0,589.0,3395.0,0,1,1,0,1,0.5,1.0,2,1.0,1.0,11.0,5,1,0,1,0,28.0,2862.3133854189373,0,0,Big Ten,1
401761608,2025,Troy,Memphis,1472.0,1621.0,30000.0,154.7746277,0,0,0,28.2,0.0,10.3,3,-149.0,149.0,3093.0,0,0,0,0,-1,0.5,0.0,2,1.0,1.0,11.0,5,1,0,1,0,75.0,525.0986522142338,0,0,Sun Belt,0
401752838,2025,Maryland,Towson,1528.0,1480.0,51802.0,32.68748093,0,0,0,25.0,0.0,6.3,3,48.0,48.0,3008.0,1,0,1,0,2,1.0,1.0,0,,,12.0,5,1,0,1,0,75.0,,1,0,Big Ten,0
401752828,2025,Nebraska,Houston Christian,1712.0,1480.0,85458.0,354.9318848,0,0,0,26.8,0.0,15.8,3,232.0,232.0,3192.0,1,0,1,0,2,1.0,1.0,0,,,11.0,5,1,0,1,0,102.0,,1,0,Big Ten,1
401762817,2025,Kent State,Buffalo,938.0,1407.0,25319.0,321.3641663,0,0,1,23.9,0.0,5.0,3,-469.0,469.0,2345.0,0,0,0,0,-1,0.5,0.0,1,0.5,1.0,12.0,5,1,0,1,0,56.0,294.2431184866098,0,0,Mid-American,0
401752703,2025,Temple,Oklahoma,1284.0,1679.0,69879.0,3.198706865,0,0,0,26.1,0.0,4.9,3,-395.0,395.0,2963.0,0,1,0,0,2,1.0,1.0,2,1.0,1.0,12.0,5,1,0,1,0,22.0,2025.863029630328,0,0,American Athletic,0
401752696,2025,Alabama,Wisconsin,1920.0,1619.0,101821.0,70.05136108,1,0,0,29.7,0.0,5.4,3,301.0,301.0,3539.0,0,1,1,0,1,0.5,1.0,2,1.0,1.0,11.0,5,1,0,1,0,96.0,1108.5118260829445,0,0,SEC,1
401754619,2025,Virginia,William & Mary,1514.0,1480.0,61500.0,170.4677429,1,0,0,24.4,0.0,7.4,3,34.0,34.0,2994.0,1,0,1,0,-1,0.5,0.0,0,,,12.0,5,1,0,1,0,94.0,,1,0,ACC,0
401756891,2025,Baylor,Samford,1579.0,1480.0,45140.0,117.0538101,0,0,0,28.9,0.0,8.5,3,99.0,99.0,3059.0,1,0,1,0,1,0.5,1.0,0,,,11.0,5,1,0,1,0,11.0,,1,0,Big 12,1
401754623,2025,Georgia Tech,Clemson,1557.0,1696.0,55000.0,279.300415,0,0,1,26.4,0.0,6.0,3,-139.0,139.0,3253.0,0,1,1,0,2,1.0,1.0,1,0.5,1.0,12.0,5,1,0,1,0,112.0,174.50351824832083,0,0,ACC,0
401752697,2025,Auburn,South Alabama,1661.0,1557.0,87451.0,201.1737976,1,0,0,27.1,0.0,8.5,3,104.0,104.0,3218.0,0,0,1,0,2,1.0,1.0,-1,0.5,0.0,11.75,5,1,0,1,0,86.0,332.13332485020527,0,1,SEC,1
401752702,2025,Missouri,Louisiana,1659.0,1463.0,71168.0,212.6865692,0,0,0,32.5,0.0,12.4,3,196.0,196.0,3122.0,0,0,1,0,2,1.0,1.0,1,0.5,1.0,12.0,5,1,0,1,0,98.0,969.9858046572338,0,0,SEC,0
401762818,2025,Ball State,New Hampshire,1070.0,1480.0,22500.0,285.481781,0,0,0,26.2,0.0,8.8,3,-410.0,410.0,2550.0,1,0,0,0,-2,0.0,0.0,0,,,14.0,5,1,0,1,0,58.0,,1,0,Mid-American,0
401757168,2025,Delaware,UConn,1453.0,1446.0,22000.0,28.74350357,0,0,0,26.7,0.0,8.2,3,7.0,7.0,2899.0,0,0,0,0,-1,0.5,0.0,-1,0.5,0.0,15.0,5,1,0,1,0,73.0,352.11353622589473,0,0,Conference USA,0
401754638,2025,West Virginia,Pittsburgh,1469.0,1518.0,60000.0,327.409668,0,0,0,28.0,0.0,9.7,3,-49.0,49.0,2987.0,0,1,1,1,-1,0.5,0.0,2,1.0,1.0,15.5,5,1,0,1,0,45.0,88.71563711814021,0,0,Big 12,1
401752833,2025,Rutgers,Norfolk State,1594.0,1480.0,52454.0,19.0,0,0,0,27.6,0.0,9.2,3,114.0,114.0,3074.0,1,0,1,0,2,1.0,1.0,0,,,15.5,5,1,0,1,0,31.0,,1,0,Big Ten,0
401752949,2025,North Texas,Washington State,1409.0,1555.0,30850.0,198.6871948,0,0,0,32.9,0.0,15.4,3,-146.0,146.0,2964.0,0,1,0,0,2,1.0,1.0,2,1.0,1.0,14.5,5,1,0,1,0,14.0,2261.362755688867,0,0,American Athletic,0
401752938,2025,Texas Tech,Oregon State,1639.0,1365.0,60454.0,980.7632446,0,0,0,28.1,0.0,17.3,3,274.0,274.0,3004.0,0,1,1,0,2,1.0,1.0,-2,0.0,0.0,14.5,5,1,0,1,0,78.0,2203.5726456772636,0,0,Big 12,1
401752835,2025,Penn State,Villanova,2152.0,1480.0,106572.0,354.1551514,1,0,0,27.6,0.0,10.0,3,672.0,672.0,3632.0,1,0,1,0,2,1.0,1.0,0,,,15.5,5,1,0,1,0,65.0,,1,0,Big Ten,1
401752705,2025,Tennessee,Georgia,1799.0,2053.0,102455.0,271.9517212,1,0,1,28.4,0.0,0.5,3,-254.0,254.0,3852.0,0,1,1,0,2,1.0,1.0,2,1.0,1.0,15.5,5,1,0,1,0,104.0,228.56366872626776,0,0,SEC,1
401752834,2025,Michigan State,Youngstown State,1406.0,1480.0,75005.0,254.8794861,1,0,0,24.2,0.0,5.4,3,-74.0,74.0,2886.0,1,0,1,0,2,1.0,1.0,0,,,15.5,5,1,0,1,0,102.0,,1,0,Big Ten,1
401752832,2025,Purdue,USC,1293.0,1895.0,57282.0,197.5337677,1,0,1,28.9,0.0,19.1,3,-602.0,602.0,3188.0,0,1,1,0,2,1.0,1.0,2,1.0,1.0,15.5,5,1,0,1,0,101.0,2851.369669913901,0,0,Big Ten,1
401754639,2025,North Carolina,Richmond,1439.0,1480.0,50500.0,127.7569809,0,0,0,25.5,0.0,9.9,3,-41.0,41.0,2919.0,1,0,1,0,1,0.5,1.0,0,,,15.5,5,1,0,1,0,98.0,,1,0,ACC,1
401756892,2025,Cincinnati,Northwestern State,1498.0,1480.0,40000.0,230.0660553,0,0,0,29.9,0.0,8.0,3,18.0,18.0,2978.0,1,0,1,0,1,0.5,1.0,-1,0.0,0.0,15.5,5,1,0,1,0,110.0,,1,0,Big 12,0
401762467,2025,UTSA,Incarnate Word,1489.0,1480.0,36582.0,201.5526886,0,1,0,33.4,0.0,10.9,3,9.0,9.0,2969.0,1,0,0,0,-2,0.0,0.0,0,,,14.5,5,1,0,1,0,32.0,,1,0,American Athletic,0
401762819,2025,Toledo,Morgan State,1501.0,1480.0,26038.0,181.4839783,0,0,0,22.4,0.0,3.4,3,21.0,21.0,2981.0,1,0,0,0,1,0.5,1.0,-1,0.0,0.0,15.5,5,1,0,1,0,88.0,,1,0,Mid-American,0
401754615,2025,Missouri State,SMU,1346.0,1703.0,17337.0,402.368103,0,0,0,33.4,0.0,9.8,3,-357.0,357.0,3049.0,0,1,0,0,1,0.5,1.0,-1,0.5,0.0,14.5,5,1,0,1,0,84.0,580.2239946232783,0,0,Conference USA,0
401756890,2025,Arkansas State,Iowa State,1244.0,1621.0,30382.0,89.52690887,0,0,0,33.5,0.0,6.0,3,-377.0,377.0,2865.0,0,1,0,0,-1,0.5,0.0,3,1.0,1.0,15.0,5,1,0,1,0,51.0,731.890999143901,0,0,Sun Belt,0
401752706,2025,Texas,UTEP,1896.0,1230.0,100119.0,160.3089447,0,0,0,33.1,0.0,11.8,3,666.0,666.0,3126.0,0,0,1,0,1,0.5,1.0,1,0.5,1.0,15.25,5,1,0,1,0,101.0,852.1459327311721,0,1,SEC,1
401754535,2025,Miami,South Florida,1743.0,1564.0,64767.0,2.624486446,0,0,0,24.2,4.6,3.6,3,179.0,179.0,3307.0,0,0,1,0,2,1.0,1.0,2,1.0,1.0,16.5,5,1,0,1,0,38.0,317.33295168033874,0,1,ACC,1
401757256,2025,Bowling Green,Liberty,1434.0,1494.0,24000.0,205.9057465,0,0,0,25.0,0.0,5.8,3,-60.0,60.0,2928.0,0,0,0,0,-1,0.5,0.0,-1,0.5,0.0,17.0,5,1,0,1,0,59.0,588.3313191674857,0,0,Mid-American,1
401757258,2025,Nevada,Middle Tennessee,1284.0,1182.0,27000.0,1406.57605,0,0,0,24.7,0.0,9.4,3,102.0,102.0,2466.0,0,0,0,0,1,0.5,1.0,-2,0.0,0.0,14.0,5,1,0,1,0,59.0,2954.261439635022,0,0,Mountain West,0
401757235,2025,Kennesaw State,Merrimack,1175.0,1480.0,11040.0,296.9589844,1,0,0,28.1,0.0,6.4,3,-305.0,305.0,2655.0,1,0,0,0,-2,0.0,0.0,-1,0.0,0.0,18.0,5,1,1,1,0,15.0,,1,0,Conference USA,1
401752701,2025,Mississippi State,Alcorn State,1454.0,1480.0,61337.0,110.2742081,1,0,0,31.6,0.0,3.4,3,-26.0,26.0,2934.0,1,0,1,0,2,1.0,1.0,0,,,17.0,5,1,0,1,0,111.0,,1,0,SEC,0
401757233,2025,Florida International,Florida Atlantic,1358.0,1240.0,20000.0,6.0,0,0,0,25.8,0.1,2.0,3,118.0,118.0,2598.0,0,0,0,0,-1,0.5,0.0,1,0.5,1.0,18.0,5,1,1,1,0,30.0,74.65654709588435,0,1,Conference USA,0
401761606,2025,Marshall,Eastern Kentucky,1492.0,1480.0,38016.0,163.7328186,0,0,0,28.5,0.0,5.1,3,12.0,12.0,2972.0,1,0,0,0,-2,0.0,0.0,-1,0.0,0.0,18.0,5,1,1,1,0,34.0,,1,0,Sun Belt,0
401762464,2025,Charlotte,Monmouth,1170.0,1480.0,15300.0,190.365509,0,0,0,26.1,0.0,13.6,3,-310.0,310.0,2650.0,1,0,0,0,-2,0.0,0.0,0,,,18.0,5,1,1,1,0,12.0,,1,0,American Athletic,1
401761605,2025,Georgia State,Murray State,1167.0,1480.0,25000.0,287.0,0,0,0,27.0,0.0,5.4,3,-313.0,313.0,2647.0,1,0,0,0,-2,0.0,0.0,0,,,19.0,5,1,1,1,0,8.0,,1,0,Sun Belt,0
401752827,2025,Ohio State,Ohio,1977.0,1620.0,102780.0,216.6770325,0,0,0,27.0,0.0,2.7,3,357.0,357.0,3597.0,0,0,1,0,2,1.0,1.0,1,0.5,1.0,19.0,5,1,1,1,0,103.0,108.97389672841102,0,1,Big Ten,1
401752700,2025,Ole Miss,Arkansas,1922.0,1674.0,64038.0,146.8517151,1,0,1,30.5,0.0,5.6,3,248.0,248.0,3596.0,0,1,1,0,2,1.0,1.0,2,1.0,1.0,18.0,5,1,1,1,0,110.0,462.56823769108746,0,0,SEC,1
401752829,2025,Illinois,Western Michigan,1642.0,1312.0,60670.0,223.2471619,0,0,0,29.8,0.0,9.9,3,330.0,330.0,2954.0,0,0,1,0,2,1.0,1.0,-2,0.0,0.0,18.0,5,1,1,1,0,102.0,328.2026092648312,0,0,Big Ten,1
401757234,2025,Georgia Southern,Jacksonville State,1328.0,1642.0,25000.0,61.25376892,0,0,0,25.3,0.0,9.9,3,-314.0,314.0,2970.0,0,0,0,0,-2,0.0,0.0,1,0.5,1.0,19.0,5,1,1,1,0,41.0,402.46304082347785,0,0,Sun Belt,1
401762466,2025,Rice,Prairie View A&M,1262.0,1480.0,47000.0,7.148301601,0,0,0,31.1,0.0,10.1,3,-218.0,218.0,2742.0,1,0,0,0,-1,0.5,0.0,0,,,18.0,5,1,1,1,0,75.0,,1,0,American Athletic,0
401754536,2025,Virginia Tech,Old Dominion,1502.0,1480.0,65632.0,632.2631226,1,0,0,22.0,0.0,7.9,3,22.0,22.0,2982.0,0,0,1,0,-2,0.0,0.0,1,0.5,1.0,19.0,5,1,1,1,0,60.0,366.82460109790117,0,1,ACC,0
401761607,2025,Southern Miss,App State,1107.0,1461.0,36000.0,64.52726746,0,0,1,31.7,0.0,2.7,3,-354.0,354.0,2568.0,0,0,0,0,1,0.5,1.0,2,1.0,1.0,18.0,5,1,1,1,0,93.0,890.7033254427661,0,0,Sun Belt,0
401752830,2025,Iowa,Massachusetts,1680.0,1101.0,69250.0,220.6357727,0,0,0,31.8,0.0,10.5,3,579.0,579.0,2781.0,0,0,1,0,-1,0.5,0.0,-2,0.0,0.0,18.5,5,1,1,1,0,96.0,1569.5953287414434,0,0,Big Ten,1
401761604,2025,Coastal Carolina,East Carolina,1262.0,1429.0,21000.0,13.74894905,0,0,0,24.0,0.0,8.3,3,-167.0,167.0,2691.0,0,0,0,0,1,0.5,1.0,1,0.5,1.0,19.5,5,1,1,1,0,22.0,251.09319530120843,0,0,Sun Belt,1
401757257,2025,Louisiana Tech,New Mexico State,1392.0,1244.0,28019.0,72.87982941,0,0,1,31.7,0.0,10.9,3,148.0,148.0,2636.0,0,0,0,0,-1,0.5,0.0,2,1.0,1.0,18.5,5,1,1,1,0,57.0,1321.630137777955,0,0,Conference USA,1
401752698,2025,Kentucky,Eastern Michigan,1524.0,1253.0,61000.0,307.4248962,0,0,0,26.2,0.0,3.1,3,271.0,271.0,2777.0,0,0,1,0,-1,0.5,0.0,-2,0.0,0.0,19.5,5,1,1,1,0,52.0,476.4119783189883,0,0,SEC,1
401752699,2025,LSU,Florida,1735.0,1668.0,102321.0,7.640734673,1,0,1,34.2,0.0,11.2,3,67.0,67.0,3403.0,0,1,1,0,2,1.0,1.0,-1,0.5,0.0,18.5,5,1,1,1,0,101.0,854.5348341183544,0,0,SEC,1
401752707,2025,Notre Dame,Texas A&M,2166.0,1724.0,80795.0,222.645401,0,0,0,23.6,0.0,10.0,3,442.0,442.0,3890.0,0,1,0,0,-1,0.0,0.0,2,1.0,1.0,19.5,5,1,1,1,0,95.0,1528.4445537113686,0,0,FBS Independents,1
401752704,2025,South Carolina,Vanderbilt,1729.0,1570.0,80250.0,60.54548645,1,0,1,27.4,0.0,8.9,3,159.0,159.0,3299.0,0,1,1,0,2,1.0,1.0,2,1.0,1.0,19.75,5,1,1,1,0,91.0,579.5060948963586,0,0,SEC,1
401762465,2025,Tulsa,Navy,1043.0,1553.0,30000.0,235.5928345,0,0,1,29.1,0.0,7.8,3,-510.0,510.0,2596.0,0,0,0,0,-1,0.5,0.0,2,1.0,1.0,19.0,5,1,1,1,0,95.0,1738.3391232546646,0,0,American Athletic,0
401754534,2025,Tulane,Duke,1642.0,1462.0,30000.0,0.0,0,0,0,28.2,0.0,6.2,3,180.0,180.0,3104.0,0,1,0,0,2,1.0,1.0,-1,0.5,0.0,19.0,5,1,1,1,0,11.0,1239.4104591766186,0,0,American Athletic,1
401756894,2025,TCU,Abilene Christian,1726.0,1480.0,46000.0,185.4387054,1,0,0,32.1,0.0,14.1,3,246.0,246.0,3206.0,1,0,1,0,1,1.0,1.0,-1,0.0,0.0,19.0,5,1,1,1,0,96.0,,1,0,Big 12,1
401756895,2025,Wyoming,Utah,1377.0,1630.0,29181.0,2200.153564,0,0,0,13.6,0.0,10.2,3,-253.0,253.0,3007.0,0,1,0,0,2,1.0,1.0,2,1.0,1.0,18.0,5,1,1,1,0,75.0,530.2277182774187,0,0,Mountain West,0
401762463,2025,UAB,Akron,1309.0,1058.0,45000.0,187.0,0,0,0,28.3,0.0,4.9,3,251.0,251.0,2367.0,0,0,0,0,-1,0.5,0.0,-2,0.0,0.0,19.5,5,1,1,1,0,4.0,960.9995160625839,0,0,American Athletic,0
401760368,2025,Utah State,Air Force,1394.0,1438.0,25513.0,1427.914429,0,0,1,18.4,0.0,7.9,3,-44.0,44.0,2832.0,0,0,0,0,-1,0.5,0.0,1,1.0,1.0,19.75,5,1,1,1,0,57.0,664.7202393251232,0,0,Mountain West,0
401760369,2025,Fresno State,Southern,1458.0,1480.0,41031.0,102.564064,0,0,0,31.0,0.0,11.5,3,-22.0,22.0,2938.0,1,0,0,0,2,0.6666666666666666,1.0,0,,,19.0,5,1,1,1,0,45.0,,1,0,Mountain West,1
401752840,2025,California,Minnesota,1554.0,1625.0,62467.0,125.3108063,0,0,0,16.0,0.0,11.7,3,-71.0,71.0,3179.0,0,1,1,0,2,1.0,1.0,2,1.0,1.0,19.5,5,1,1,1,0,102.0,2529.9983971167303,0,0,ACC,0
401754533,2025,Stanford,Boston College,1260.0,1506.0,50424.0,18.38425636,1,0,1,18.6,0.0,8.5,3,-246.0,246.0,2766.0,0,1,1,0,-2,0.0,0.0,-1,0.5,0.0,19.5,5,1,1,1,0,19.0,4319.758340947923,0,0,ACC,0
401756889,2025,Arizona State,Texas State,1688.0,1627.0,65870.0,360.1569519,1,0,0,33.6,0.0,9.6,3,61.0,61.0,3315.0,0,0,1,0,-1,0.5,0.0,2,1.0,1.0,19.5,5,1,1,1,0,67.0,1381.4783823116093,0,0,Big 12,0
401760370,2025,Hawai'i,Portland State,1220.0,1480.0,15194.0,20.0,0,0,0,27.9,0.0,19.2,3,-260.0,260.0,2700.0,1,0,0,0,1,0.6666666666666666,1.0,-1,0.0,0.0,17.983333333333334,5,1,0,1,0,10.0,,1,0,Mountain West,0
401762468,2025,Charlotte,Rice,1200.0,1271.0,15300.0,190.365509,0,0,1,27.5,0.0,7.3,4,-71.0,71.0,2471.0,0,0,0,0,1,0.3333333333333333,1.0,1,0.6666666666666666,1.0,19.5,3,0,1,0,0,12.0,1507.5016145653356,0,0,American Athletic,0
401756900,2025,Oklahoma State,Tulsa,1202.0,1046.0,55509.0,276.4808655,0,0,0,29.6,0.0,9.9,4,156.0,156.0,2248.0,0,0,1,0,-1,0.5,0.0,-2,0.3333333333333333,0.0,18.5,4,0,1,0,0,106.0,100.8554304745552,0,1,Big 12,0
401752844,2025,Rutgers,Iowa,1593.0,1723.0,52454.0,19.0,0,0,1,23.4,0.0,9.0,4,-130.0,130.0,3316.0,0,1,1,0,3,1.0,1.0,1,0.6666666666666666,1.0,20.0,4,0,1,0,0,31.0,1435.241647354655,0,0,Big Ten,1
401762469,2025,Army,North Texas,1615.0,1585.0,38000.0,99.21277618,0,0,1,19.1,0.0,6.6,4,30.0,30.0,3200.0,0,0,0,0,1,0.5,1.0,3,1.0,1.0,12.0,5,1,0,0,0,101.0,2235.385666515167,0,0,American Athletic,0
401754537,2025,Clemson,Syracuse,1693.0,1484.0,81500.0,205.6452179,1,0,1,27.2,0.0,2.4,4,209.0,209.0,3177.0,0,1,1,0,-1,0.3333333333333333,0.0,2,0.6666666666666666,1.0,12.0,5,1,0,0,0,83.0,1094.9683397725341,0,0,ACC,1
401754617,2025,Virginia Tech,Wofford,1449.0,1480.0,65632.0,632.2631226,1,0,0,25.0,0.0,5.8,4,-31.0,31.0,2929.0,1,0,1,0,-3,0.0,0.0,0,,,12.0,5,1,0,0,0,60.0,,1,0,ACC,0
401760376,2025,Miami (OH),UNLV,1422.0,1630.0,24286.0,242.2643585,0,0,0,24.6,0.0,6.8,4,-208.0,208.0,3052.0,0,0,0,0,-2,0.0,0.0,3,1.0,1.0,12.0,5,1,0,0,0,42.0,2689.2597275268145,0,0,Mid-American,0
401762470,2025,South Florida,South Carolina State,1477.0,1480.0,65828.0,11.07972908,1,0,0,31.6,0.0,8.8,4,-3.0,3.0,2957.0,1,0,0,0,-1,0.6666666666666666,0.0,-1,0.0,0.0,12.0,5,1,0,0,0,27.0,,1,0,American Athletic,0
401754636,2025,TCU,SMU,1713.0,1711.0,46000.0,185.4387054,1,0,0,30.1,0.0,8.1,4,2.0,2.0,3424.0,0,1,1,1,2,1.0,1.0,1,0.6666666666666666,1.0,11.0,5,1,0,0,0,96.0,56.5443572994207,0,1,Big 12,1
401756901,2025,Utah,Texas Tech,1668.0,1690.0,51444.0,1411.543579,0,0,1,21.5,0.0,6.8,4,-22.0,22.0,3358.0,0,1,1,0,3,1.0,1.0,3,1.0,1.0,10.0,5,1,0,0,0,27.0,1188.7575448002076,0,0,Big 12,1
401754642,2025,Louisville,Bowling Green,1727.0,1456.0,60000.0,138.5615997,0,0,0,27.9,0.0,3.9,4,271.0,271.0,3183.0,0,0,1,0,2,1.0,1.0,1,0.6666666666666666,1.0,12.0,5,1,0,0,0,27.0,397.12939346036814,0,0,ACC,0
401752708,2025,Memphis,Arkansas,1658.0,1678.0,58325.0,90.62445831,0,0,0,27.4,0.0,5.2,4,-20.0,20.0,3336.0,0,1,0,0,3,1.0,1.0,-1,0.6666666666666666,0.0,11.0,5,1,0,0,0,60.0,394.21095882186086,0,0,American Athletic,0
401752845,2025,Wisconsin,Maryland,1591.0,1526.0,80321.0,263.604126,0,0,1,21.9,0.0,12.3,4,65.0,65.0,3117.0,0,1,1,0,-1,0.6666666666666666,0.0,3,1.0,1.0,11.0,5,1,0,0,0,108.0,1138.2910454918062,0,0,Big Ten,0
401752715,2025,Tennessee,UAB,1809.0,1307.0,102455.0,271.9517212,1,0,0,26.6,0.0,4.2,4,502.0,502.0,3116.0,0,0,1,0,-1,0.6666666666666666,0.0,1,0.6666666666666666,1.0,12.75,5,1,0,0,0,104.0,377.32168997502674,0,0,SEC,1
401762822,2025,Central Michigan,Wagner,1069.0,1480.0,30255.0,240.9007721,0,0,0,23.4,0.0,15.3,4,-411.0,411.0,2549.0,1,0,0,0,-2,0.3333333333333333,0.0,-1,0.0,0.0,13.0,5,1,0,0,0,53.0,,1,0,Mid-American,0
401752841,2025,Oregon,Oregon State,1984.0,1314.0,54000.0,127.4198303,0,0,0,20.5,0.0,6.5,4,670.0,670.0,3298.0,0,1,1,1,3,1.0,1.0,-3,0.0,0.0,12.0,5,1,0,0,0,58.0,58.248039111701594,0,1,Big Ten,1
401761613,2025,Buffalo,Troy,1386.0,1435.0,30270.0,181.5759735,0,0,0,21.8,0.0,15.7,4,-49.0,49.0,2821.0,0,0,0,0,2,0.6666666666666666,1.0,-2,0.3333333333333333,0.0,15.5,5,1,0,0,0,32.0,1395.9855457321366,0,0,Mid-American,0
401762820,2025,Western Michigan,Toledo,1246.0,1505.0,30200.0,243.8211212,0,0,1,26.1,0.0,10.3,4,-259.0,259.0,2751.0,0,0,0,0,-3,0.0,0.0,2,0.6666666666666666,1.0,15.5,5,1,0,0,0,86.0,178.52470654178344,0,0,Mid-American,0
401754541,2025,Florida State,Kent State,1477.0,959.0,67277.0,19.55942535,1,0,0,33.6,0.0,4.2,4,518.0,518.0,2436.0,0,0,1,0,2,1.0,1.0,-2,0.3333333333333333,0.0,15.5,5,1,0,0,0,75.0,1219.8638786230783,0,0,ACC,1
401754640,2025,UCF,North Carolina,1554.0,1438.0,44206.0,20.94113731,1,0,0,30.8,0.0,13.8,4,116.0,116.0,2992.0,0,1,1,0,2,1.0,1.0,2,0.6666666666666666,1.0,15.5,5,1,0,0,0,18.0,836.217565281064,0,0,Big 12,1
401752846,2025,Nebraska,Michigan,1699.0,1852.0,85458.0,354.9318848,0,0,1,22.1,0.0,2.9,4,-153.0,153.0,3551.0,0,1,1,0,3,1.0,1.0,1,0.6666666666666666,1.0,14.5,5,1,0,0,0,102.0,1089.1409630573417,0,0,Big Ten,1
401761610,2025,Eastern Michigan,Louisiana,1220.0,1367.0,30200.0,241.248764,0,0,0,24.8,0.0,14.9,4,-147.0,147.0,2587.0,0,0,0,0,-3,0.0,0.0,-1,0.3333333333333333,0.0,15.5,5,1,0,0,0,56.0,1534.09800880288,0,0,Mid-American,0
401752848,2025,Notre Dame,Purdue,2141.0,1310.0,80795.0,222.645401,0,0,0,27.3,0.9,7.1,4,831.0,831.0,3451.0,0,1,0,0,-2,0.0,0.0,-1,0.6666666666666666,0.0,15.5,5,1,0,0,0,95.0,151.73277547197463,0,1,FBS Independents,1
401752714,2025,Oklahoma,Auburn,1742.0,1686.0,86112.0,355.0962524,1,0,1,31.0,0.0,15.3,4,56.0,56.0,3428.0,0,1,1,0,3,1.0,1.0,3,1.0,1.0,14.5,5,1,0,0,0,100.0,1139.6154166152799,0,0,SEC,1
401757262,2025,Liberty,James Madison,1472.0,1606.0,25000.0,272.9237061,0,0,0,28.0,0.0,7.7,4,-134.0,134.0,3078.0,0,0,0,0,-2,0.3333333333333333,0.0,-1,0.5,0.0,15.5,5,1,0,0,0,36.0,123.07457571969502,0,1,Conference USA,1
401762823,2025,Ohio,Gardner-Webb,1572.0,1480.0,24000.0,194.230896,0,0,0,30.8,0.0,6.1,4,92.0,92.0,3052.0,1,0,0,0,-1,0.3333333333333333,0.0,-1,0.0,0.0,15.5,5,1,0,0,0,96.0,,1,0,Mid-American,1
401757169,2025,UConn,Ball State,1445.0,1086.0,40000.0,6.515614986,1,0,0,20.7,0.0,3.7,4,359.0,359.0,2531.0,0,0,0,0,-2,0.3333333333333333,0.0,1,0.3333333333333333,1.0,15.5,5,1,0,0,0,22.0,1086.7224412483524,0,0,FBS Independents,0
401752711,2025,Ole Miss,Tulane,1918.0,1642.0,64038.0,146.8517151,1,0,0,31.3,0.0,7.7,4,276.0,276.0,3560.0,0,0,1,0,3,1.0,1.0,3,1.0,1.0,14.5,5,1,0,0,0,110.0,494.2369650479575,0,0,SEC,1
401754538,2025,Duke,NC State,1462.0,1521.0,40004.0,103.0028152,1,0,1,29.1,0.0,10.9,4,-59.0,59.0,2983.0,0,1,1,0,-2,0.3333333333333333,0.0,3,1.0,1.0,16.0,5,1,0,0,0,96.0,29.472456092742714,0,1,ACC,0
401752712,2025,Mississippi State,Northern Illinois,1436.0,1453.0,61337.0,110.2742081,1,0,0,32.4,0.0,1.1,4,-17.0,17.0,2889.0,0,0,1,0,3,1.0,1.0,-1,0.5,0.0,15.25,5,1,0,0,0,111.0,942.6691302035046,0,0,SEC,0
401754542,2025,Georgia Tech,Temple,1560.0,1221.0,55000.0,279.300415,0,0,0,31.2,0.0,1.1,4,339.0,339.0,2781.0,0,0,1,0,3,1.0,1.0,-1,0.6666666666666666,0.0,16.5,5,1,0,0,0,112.0,1065.9048081006745,0,0,ACC,0
401760375,2025,San José State,Idaho,1416.0,1480.0,30456.0,28.30708694,0,0,0,27.5,0.0,12.4,4,-64.0,64.0,2896.0,1,0,0,0,-2,0.0,0.0,-1,0.0,0.0,14.0,5,1,0,0,0,92.0,,1,0,Mountain West,0
401762821,2025,Akron,Duquesne,1064.0,1480.0,30000.0,321.2875061,0,0,0,23.4,0.3,15.2,4,-416.0,416.0,2544.0,1,0,0,0,-3,0.0,0.0,-1,0.0,0.0,18.0,5,1,1,0,0,16.0,,1,0,Mid-American,0
401757261,2025,Kennesaw State,Arkansas State,1200.0,1257.0,11040.0,296.9589844,1,0,0,30.2,0.0,4.2,4,-57.0,57.0,2457.0,0,0,0,0,1,0.3333333333333333,1.0,-2,0.3333333333333333,0.0,18.0,5,1,1,0,0,15.0,591.5933310831609,0,0,Conference USA,1
401757259,2025,Florida International,Delaware,1367.0,1454.0,20000.0,6.0,0,0,1,26.0,1.7,9.6,4,-87.0,87.0,2821.0,0,0,0,0,1,0.6666666666666666,1.0,1,0.6666666666666666,1.0,18.0,5,1,1,0,0,30.0,1605.4810046069722,0,0,Conference USA,0
401756899,2025,Kansas,West Virginia,1613.0,1481.0,47000.0,274.855957,0,0,1,26.3,0.0,9.0,4,132.0,132.0,3094.0,0,1,1,0,-1,0.6666666666666666,0.0,1,0.6666666666666666,1.0,17.0,5,1,0,0,0,104.0,1316.2616895502838,0,0,Big 12,0
401760372,2025,Air Force,Boise State,1390.0,1578.0,46692.0,2024.875732,0,0,1,18.7,0.0,7.2,4,-188.0,188.0,2968.0,0,0,0,0,-1,0.5,0.0,1,0.5,1.0,17.0,5,1,0,0,0,63.0,1076.4513768781892,0,0,Mountain West,0
401757260,2025,Jacksonville State,Murray State,1623.0,1480.0,24000.0,198.0679016,0,0,0,27.9,0.0,7.8,4,143.0,143.0,3103.0,1,0,0,0,-1,0.3333333333333333,0.0,-1,0.0,0.0,18.0,5,1,1,0,0,78.0,,1,0,Conference USA,0
401757265,2025,Missouri State,UT Martin,1316.0,1480.0,17337.0,402.368103,0,0,0,25.2,0.0,11.2,4,-164.0,164.0,2796.0,1,0,0,0,-1,0.3333333333333333,0.0,-2,0.0,0.0,18.0,5,1,1,0,0,84.0,,1,0,Conference USA,0
401761609,2025,Georgia Southern,Maine,1347.0,1480.0,25000.0,61.25376892,0,0,0,27.8,0.0,5.5,4,-133.0,133.0,2827.0,1,0,0,0,1,0.3333333333333333,1.0,-1,0.0,0.0,19.0,5,1,1,0,0,41.0,,1,0,Sun Belt,1
401752713,2025,Missouri,South Carolina,1755.0,1645.0,71168.0,212.6865692,0,0,1,22.8,0.1,7.5,4,110.0,110.0,3400.0,0,1,1,0,3,1.0,1.0,-1,0.6666666666666666,0.0,18.0,5,1,1,0,0,98.0,1151.3458748694356,0,0,SEC,0
401761611,2025,South Alabama,Coastal Carolina,1532.0,1172.0,25450.0,45.0,0,0,1,29.7,0.0,7.4,4,360.0,360.0,2704.0,0,0,0,0,-2,0.3333333333333333,0.0,-1,0.3333333333333333,0.0,18.0,5,1,1,0,0,5.0,928.5785821574641,0,0,Sun Belt,0
401757268,2025,Western Kentucky,Nevada,1390.0,1278.0,22113.0,154.4346619,0,0,0,27.5,0.0,6.1,4,112.0,112.0,2668.0,0,0,0,0,-1,0.6666666666666666,0.0,-1,0.3333333333333333,0.0,18.0,5,1,1,0,0,57.0,2909.5025159527872,0,0,Conference USA,0
401757264,2025,Middle Tennessee,Marshall,1188.0,1508.0,30788.0,191.7279816,0,0,0,28.4,0.0,8.8,4,-320.0,320.0,2696.0,0,0,0,0,1,0.3333333333333333,1.0,1,0.3333333333333333,1.0,18.0,5,1,1,0,0,92.0,451.8981485271416,0,0,Conference USA,0
401752716,2025,Vanderbilt,Georgia State,1654.0,1213.0,40351.0,159.9194641,0,0,0,29.2,0.0,5.9,4,441.0,441.0,2867.0,0,0,1,0,3,1.0,1.0,1,0.3333333333333333,1.0,18.5,5,1,1,0,0,103.0,346.89720065678546,0,0,SEC,0
401752842,2025,Washington State,Washington,1379.0,1604.0,32952.0,773.9526367,0,0,0,27.0,0.0,9.6,4,-225.0,225.0,2983.0,0,1,1,1,-1,0.6666666666666666,0.0,2,1.0,1.0,16.5,5,1,0,0,0,53.0,401.59091605932485,0,1,Pac-12,1
401754539,2025,Virginia,Stanford,1518.0,1296.0,61500.0,170.4677429,1,0,1,22.6,0.0,3.3,4,222.0,222.0,2814.0,0,1,1,0,1,0.6666666666666666,1.0,1,0.3333333333333333,1.0,19.5,5,1,1,0,0,94.0,3802.9646674253804,0,0,ACC,0
401757263,2025,Louisiana Tech,Southern Miss,1471.0,1178.0,28019.0,72.87982941,0,0,0,30.6,0.0,5.4,4,293.0,293.0,2649.0,0,0,0,0,1,0.6666666666666666,1.0,2,0.6666666666666666,1.0,18.5,5,1,1,0,0,57.0,341.0201480380065,0,0,Conference USA,0
401756896,2025,Baylor,Arizona State,1583.0,1725.0,45140.0,117.0538101,0,0,1,32.9,0.0,11.2,4,-142.0,142.0,3308.0,0,1,1,0,2,0.6666666666666666,1.0,1,0.6666666666666666,1.0,18.5,5,1,1,0,0,11.0,1403.849870389548,0,0,Big 12,1
401752843,2025,Indiana,Illinois,1869.0,1708.0,52656.0,231.6500854,0,0,1,26.0,0.0,1.7,4,161.0,161.0,3577.0,0,1,1,0,3,1.0,1.0,3,1.0,1.0,19.5,5,1,1,0,0,65.0,178.53725898538343,0,0,Big Ten,1
401752709,2025,Miami,Florida,1825.0,1656.0,64767.0,2.624486446,0,0,0,26.0,0.0,9.7,4,169.0,169.0,3481.0,0,1,1,0,3,1.0,1.0,-2,0.3333333333333333,0.0,19.5,5,1,1,0,0,38.0,459.96076736979467,0,1,ACC,1
401756898,2025,East Carolina,BYU,1519.0,1666.0,50000.0,19.0564537,1,0,0,24.0,0.0,9.7,4,-147.0,147.0,3185.0,0,1,0,0,2,0.6666666666666666,1.0,2,1.0,1.0,19.5,5,1,1,0,0,62.0,3032.5029233471364,0,0,American Athletic,1
401752710,2025,LSU,SE Louisiana,1747.0,1480.0,102321.0,7.640734673,1,0,0,32.0,0.0,10.6,4,267.0,267.0,3227.0,1,0,1,0,3,1.0,1.0,-1,0.0,0.0,18.75,5,1,1,0,0,101.0,,1,0,SEC,1
401752723,2025,Texas,Sam Houston,1878.0,1337.0,100119.0,160.3089447,0,0,0,32.1,0.0,11.0,4,541.0,541.0,3215.0,0,0,1,0,2,0.6666666666666666,1.0,-3,0.0,0.0,19.0,5,1,1,0,0,101.0,215.25633493330972,0,1,SEC,1
401761612,2025,Texas State,Nicholls,1590.0,1480.0,30000.0,177.8676453,0,0,0,29.3,0.0,4.9,4,110.0,110.0,3070.0,1,0,0,0,-1,0.6666666666666666,0.0,-1,0.0,0.0,19.0,5,1,1,0,0,44.0,,1,0,Sun Belt,1
401760377,2025,Utah State,McNeese,1436.0,1480.0,25513.0,1427.914429,0,0,0,22.8,0.0,5.4,4,-44.0,44.0,2916.0,1,0,0,0,1,0.6666666666666666,1.0,-1,0.0,0.0,18.0,5,1,1,0,0,57.0,,1,0,Mountain West,0
401757267,2025,UTEP,UL Monroe,1248.0,1116.0,51500.0,1183.697876,0,0,0,26.5,0.0,3.8,4,132.0,132.0,2364.0,0,0,0,0,-1,0.3333333333333333,0.0,-1,0.5,0.0,19.0,5,1,1,0,0,62.0,1361.15095818488,0,0,Conference USA,0
401760373,2025,Colorado State,UTSA,1363.0,1499.0,36500.0,1528.4,0,0,0,16.0,0.7,13.8,4,-136.0,136.0,2862.0,0,0,0,0,1,0.5,1.0,1,0.3333333333333333,1.0,19.5,5,1,1,0,0,8.0,1377.5132492576113,0,0,Mountain West,0
401756897,2025,Colorado,Wyoming,1604.0,1339.0,50183.0,1634.041138,1,0,0,15.8,0.0,3.3,4,265.0,265.0,2943.0,0,0,1,0,-1,0.3333333333333333,0.0,-1,0.6666666666666666,0.0,20.25,5,1,1,0,0,101.0,147.0031593812956,0,0,Big 12,1
401754540,2025,San Diego State,California,1283.0,1586.0,35000.0,62.0,1,0,0,20.7,0.0,8.4,4,-303.0,303.0,2869.0,0,1,0,0,-1,0.5,0.0,3,1.0,1.0,19.5,5,1,1,0,0,3.0,732.0633230258495,0,1,Mountain West,0
401752847,2025,USC,Michigan State,1878.0,1405.0,77500.0,42.50374222,1,0,1,20.4,0.0,3.8,4,473.0,473.0,3283.0,0,1,1,0,3,1.0,1.0,3,1.0,1.0,20.0,5,1,1,0,0,102.0,3078.2693412003605,0,0,Big Ten,0
401760374,2025,Hawai'i,Fresno State,1238.0,1522.0,15194.0,20.0,0,0,1,26.0,0.5,13.8,4,-284.0,284.0,2760.0,0,0,0,0,2,0.75,1.0,3,0.75,1.0,17.983333333333334,5,1,0,0,0,10.0,4047.244361696961,0,0,Mountain West,1
401762471,2025,East Carolina,Army,1482.0,1599.0,50000.0,19.0564537,1,0,1,27.7,0.0,11.3,5,-117.0,117.0,3081.0,0,0,0,0,-1,0.5,0.0,-1,0.3333333333333333,0.0,19.5,3,0,1,0,0,62.0,708.4871401811428,0,0,American Athletic,0
401754543,2025,Virginia,Florida State,1565.0,1577.0,61500.0,170.4677429,1,0,1,22.7,0.1,3.1,5,-12.0,12.0,3142.0,0,1,1,0,2,0.75,1.0,3,1.0,1.0,19.0,4,0,1,0,0,94.0,997.5738767411701,0,0,ACC,0
401756902,2025,Arizona State,TCU,1721.0,1733.0,65870.0,360.1569519,1,0,1,23.0,0.4,13.4,5,-12.0,12.0,3454.0,0,1,1,0,2,0.75,1.0,3,1.0,1.0,18.0,4,0,1,0,0,67.0,1358.3969858912988,0,0,Big 12,0
401752939,2025,Oregon State,Houston,1297.0,1497.0,43363.0,66.90744781,0,0,0,19.8,0.0,10.6,5,-200.0,200.0,2794.0,0,1,1,0,-4,0.0,0.0,3,1.0,1.0,19.5,4,0,1,0,0,72.0,2951.878410244303,0,0,Pac-12,0
401752717,2025,Arkansas,Notre Dame,1677.0,2126.0,80000.0,403.7972412,0,0,0,23.3,0.0,2.1,5,-449.0,449.0,3803.0,0,0,1,0,-2,0.5,0.0,1,0.3333333333333333,1.0,11.0,5,1,0,0,0,87.0,929.22482556348,0,0,SEC,1
401756906,2025,Kansas State,UCF,1640.0,1604.0,50000.0,328.0574646,0,0,1,23.3,0.0,8.2,5,36.0,36.0,3244.0,0,1,1,0,-2,0.25,0.0,3,1.0,1.0,11.0,5,1,0,0,0,57.0,1841.327924176695,0,0,Big 12,1
401752849,2025,Minnesota,Rutgers,1593.0,1583.0,50850.0,254.3902283,0,0,1,18.5,0.0,11.9,5,10.0,10.0,3176.0,0,1,1,0,-1,0.6666666666666666,0.0,-1,0.75,0.0,11.0,5,1,0,0,0,16.0,1605.9180702488152,0,0,Big Ten,1
401752850,2025,Illinois,USC,1567.0,1869.0,60670.0,223.2471619,0,0,1,25.7,0.0,3.0,5,-302.0,302.0,3436.0,0,1,1,0,-1,0.75,0.0,4,1.0,1.0,11.0,5,1,0,0,0,102.0,2736.9879701582354,0,0,Big Ten,1
401754547,2025,Pittsburgh,Louisville,1506.0,1755.0,68400.0,220.5887146,1,0,1,23.1,0.0,4.2,5,-249.0,249.0,3261.0,0,1,1,0,-1,0.6666666666666666,0.0,3,1.0,1.0,12.0,5,1,0,0,0,24.0,553.1208871568424,0,0,ACC,0
401756905,2025,Kansas,Cincinnati,1680.0,1504.0,47000.0,274.855957,0,0,1,23.6,0.0,9.1,5,176.0,176.0,3184.0,0,1,1,0,1,0.75,1.0,2,0.6666666666666666,1.0,11.0,5,1,0,0,0,104.0,926.2770776215209,0,0,Big 12,0
401762825,2025,Ohio,Bowling Green,1587.0,1428.0,24000.0,194.230896,0,0,1,24.6,0.0,6.1,5,159.0,159.0,3015.0,0,0,0,0,1,0.5,1.0,-1,0.5,0.0,12.0,5,1,0,0,0,96.0,262.4273929459891,0,1,Mid-American,0
401754545,2025,Syracuse,Duke,1535.0,1489.0,49057.0,162.6989746,0,1,1,22.8,0.0,5.9,5,46.0,46.0,3024.0,0,1,1,0,3,0.75,1.0,1,0.5,1.0,12.0,5,1,0,0,0,45.0,818.9214638560874,0,0,ACC,1
401761617,2025,North Texas,South Alabama,1601.0,1445.0,30850.0,198.6871948,0,0,0,26.6,0.0,6.9,5,156.0,156.0,3046.0,0,0,0,0,4,1.0,1.0,-3,0.25,0.0,11.0,5,1,0,0,0,14.0,890.4277340014554,0,0,American Athletic,0
401754546,2025,Wake Forest,Georgia Tech,1383.0,1576.0,31500.0,283.548584,0,0,1,21.8,0.1,1.3,5,-193.0,193.0,2959.0,0,1,1,0,-1,0.6666666666666666,0.0,4,1.0,1.0,12.0,5,1,0,0,0,57.0,459.27129983352955,0,0,ACC,1
401752725,2025,Vanderbilt,Utah State,1741.0,1442.0,40351.0,159.9194641,0,0,0,24.4,0.0,5.4,5,299.0,299.0,3183.0,0,0,1,0,4,1.0,1.0,2,0.75,1.0,11.75,5,1,0,0,0,103.0,2241.2588843373555,0,0,SEC,0
401762826,2025,Central Michigan,Eastern Michigan,1094.0,1223.0,30255.0,240.9007721,0,0,1,24.5,0.0,9.9,5,-129.0,129.0,2317.0,0,0,0,0,1,0.5,1.0,1,0.25,1.0,13.0,5,1,0,0,0,53.0,173.1125694550775,0,1,Mid-American,1
401761614,2025,James Madison,Georgia Southern,1636.0,1357.0,24877.0,399.303009,0,0,1,19.8,1.3,8.7,5,279.0,279.0,2993.0,0,0,0,0,1,0.6666666666666666,1.0,2,0.5,1.0,13.5,5,1,0,0,0,50.0,719.7196609140542,0,0,Sun Belt,1
401761616,2025,UL Monroe,Arkansas State,1137.0,1244.0,27617.0,22.998209,0,0,1,28.4,0.0,7.7,5,-107.0,107.0,2381.0,0,0,0,0,1,0.6666666666666666,1.0,-3,0.25,0.0,14.0,5,1,0,0,0,47.0,390.7147034077968,0,0,Sun Belt,0
401752852,2025,Washington,Ohio State,1676.0,2010.0,70138.0,11.65622807,0,0,1,16.8,0.0,1.9,5,-334.0,334.0,3686.0,0,1,1,0,3,1.0,1.0,3,1.0,1.0,12.5,5,1,0,0,0,105.0,3226.2292204090804,0,0,Big Ten,1
401754544,2025,Boston College,California,1470.0,1447.0,44500.0,39.82634354,0,0,1,22.6,0.0,8.4,5,23.0,23.0,2917.0,0,1,1,0,-2,0.3333333333333333,0.0,-1,0.75,0.0,15.5,5,1,0,0,0,68.0,4307.68930006665,0,0,ACC,1
401752851,2025,Northwestern,UCLA,1411.0,1331.0,12023.0,179.0,0,0,1,28.7,0.0,12.2,5,80.0,80.0,2742.0,0,1,1,0,-1,0.3333333333333333,0.0,-3,0.0,0.0,14.5,5,1,0,0,0,28.0,2791.6500178084048,0,0,Big Ten,1
401756908,2025,West Virginia,Utah,1414.0,1607.0,60000.0,327.409668,0,0,1,22.4,0.3,6.0,5,-193.0,193.0,3021.0,0,1,1,0,-1,0.5,0.0,-1,0.75,0.0,15.5,5,1,0,0,0,45.0,2696.406506971027,0,0,Big 12,0
401752853,2025,Iowa,Indiana,1733.0,2010.0,69250.0,220.6357727,0,0,1,28.9,0.0,17.7,5,-277.0,277.0,3743.0,0,1,1,0,2,0.75,1.0,4,1.0,1.0,14.5,5,1,0,0,0,96.0,506.70985253704254,0,0,Big Ten,1
401762473,2025,Navy,Rice,1550.0,1288.0,34000.0,10.74990082,0,0,1,23.7,0.0,5.9,5,262.0,262.0,2838.0,0,0,0,0,3,1.0,1.0,2,0.75,1.0,15.5,5,1,0,0,0,66.0,2012.1077553013054,0,0,American Athletic,0
401757170,2025,Buffalo,UConn,1383.0,1436.0,30270.0,181.5759735,0,0,0,22.4,0.0,10.4,5,-53.0,53.0,2819.0,0,0,0,0,-1,0.5,0.0,1,0.5,1.0,15.5,5,1,0,0,0,32.0,524.1768788743423,0,0,Mid-American,0
401756907,2025,Oklahoma State,Baylor,1176.0,1587.0,55509.0,276.4808655,0,0,1,31.3,0.0,9.9,5,-411.0,411.0,2763.0,0,1,1,0,-2,0.3333333333333333,0.0,-1,0.5,0.0,14.5,5,1,0,0,0,106.0,507.89992420047685,0,0,Big 12,0
401762827,2025,Miami (OH),Lindenwood,1495.0,1480.0,24286.0,242.2643585,0,0,0,25.5,0.0,5.1,5,15.0,15.0,2975.0,1,0,0,0,-3,0.0,0.0,-1,0.0,0.0,15.5,5,1,0,0,0,42.0,,1,0,Mid-American,0
401760380,2025,Northern Illinois,San Diego State,1377.0,1422.0,23595.0,267.4530029,0,0,0,29.1,0.0,18.9,5,-45.0,45.0,2799.0,0,0,0,0,-2,0.3333333333333333,0.0,1,0.6666666666666666,1.0,14.5,5,1,0,0,0,60.0,2688.246495935454,0,0,Mid-American,0
401762824,2025,Toledo,Akron,1497.0,1060.0,26038.0,181.4839783,0,0,1,27.4,0.0,8.7,5,437.0,437.0,2557.0,0,0,0,0,-1,0.5,0.0,1,0.25,1.0,15.5,5,1,0,0,0,88.0,187.33450165733427,0,1,Mid-American,1
401752719,2025,Ole Miss,LSU,1981.0,1747.0,64038.0,146.8517151,1,0,1,27.3,0.0,13.0,5,234.0,234.0,3728.0,0,1,1,0,4,1.0,1.0,4,1.0,1.0,14.5,5,1,0,0,0,110.0,465.7042053800686,0,0,SEC,1
401752724,2025,Texas A&M,Auburn,1749.0,1680.0,102733.0,108.824585,1,0,1,30.5,0.0,7.9,5,69.0,69.0,3429.0,0,1,1,0,3,1.0,1.0,-1,0.75,0.0,14.5,5,1,0,0,0,98.0,1050.6661512682406,0,0,SEC,1
401762474,2025,Tulsa,Tulane,1072.0,1579.0,30000.0,235.5928345,0,0,1,28.4,0.0,7.3,5,-507.0,507.0,2651.0,0,0,0,0,1,0.5,1.0,-1,0.75,0.0,15.0,5,1,0,0,0,95.0,877.6079541935923,0,0,American Athletic,0
401757274,2025,New Mexico,New Mexico State,1408.0,1165.0,39224.0,1554.471924,0,0,0,23.8,0.0,13.3,5,243.0,243.0,2573.0,0,0,0,1,2,0.6666666666666666,1.0,-1,0.6666666666666666,0.0,14.0,5,1,0,0,0,65.0,310.112318228641,0,1,Mountain West,1
401760378,2025,Air Force,Hawai'i,1381.0,1250.0,46692.0,2024.875732,0,0,1,23.7,0.0,18.2,5,131.0,131.0,2631.0,0,0,0,0,-2,0.3333333333333333,0.0,-1,0.6,0.0,14.0,5,1,0,0,0,63.0,5376.442052838482,0,0,Mountain West,0
401752720,2025,Mississippi State,Tennessee,1512.0,1838.0,61337.0,110.2742081,1,0,1,27.6,0.0,11.7,5,-326.0,326.0,3350.0,0,1,1,0,4,1.0,1.0,1,0.75,1.0,15.25,5,1,0,0,0,111.0,524.5260587260994,0,0,SEC,1
401757270,2025,Kennesaw State,Middle Tennessee,1213.0,1185.0,11040.0,296.9589844,1,0,1,26.2,0.0,4.4,5,28.0,28.0,2398.0,0,0,0,0,2,0.5,1.0,-1,0.25,0.0,18.0,5,1,1,0,0,15.0,260.7401804557874,0,0,Conference USA,1
401757271,2025,Old Dominion,Liberty,1530.0,1442.0,20118.0,3.147987843,0,0,0,22.4,0.3,6.8,5,88.0,88.0,2972.0,0,0,0,0,2,0.6666666666666666,1.0,-3,0.25,0.0,18.0,5,1,1,0,0,89.0,259.66817035669374,0,1,Sun Belt,1
401762828,2025,Western Michigan,Rhode Island,1255.0,1480.0,30200.0,243.8211212,0,0,0,24.9,0.0,9.4,5,-225.0,225.0,2735.0,1,0,0,0,1,0.25,1.0,0,,,18.5,5,1,1,0,0,86.0,,1,0,Mid-American,0
401762472,2025,Florida Atlantic,Memphis,1231.0,1659.0,29419.0,3.613628864,0,0,1,26.2,0.4,7.4,5,-428.0,428.0,2890.0,0,0,0,0,-1,0.3333333333333333,0.0,4,1.0,1.0,19.0,5,1,1,0,0,14.0,1353.500090505993,0,0,American Athletic,0
401757273,2025,Missouri State,Western Kentucky,1338.0,1411.0,17337.0,402.368103,0,0,1,24.5,0.0,2.0,5,-73.0,73.0,2749.0,0,0,0,0,1,0.5,1.0,1,0.75,1.0,18.0,5,1,1,0,0,84.0,605.2855311926544,0,0,Conference USA,0
401754548,2025,NC State,Virginia Tech,1494.0,1452.0,58000.0,117.0089951,1,0,1,23.7,0.0,2.3,5,42.0,42.0,2946.0,0,1,1,0,-1,0.75,0.0,1,0.25,1.0,19.0,5,1,1,0,0,59.0,218.95723756425255,0,0,ACC,1
401756904,2025,Iowa State,Arizona,1608.0,1469.0,61500.0,274.9135437,1,0,1,23.9,0.0,12.1,5,139.0,139.0,3077.0,0,1,1,0,4,1.0,1.0,3,1.0,1.0,18.0,5,1,1,0,0,50.0,1875.6318599218978,0,0,Big 12,1
401757269,2025,Southern Miss,Jacksonville State,1181.0,1613.0,36000.0,64.52726746,0,0,0,29.2,0.0,10.8,5,-432.0,432.0,2794.0,0,0,0,0,-1,0.5,0.0,1,0.5,1.0,18.0,5,1,1,0,0,93.0,433.92904283633567,0,0,Sun Belt,0
401760379,2025,Boise State,App State,1587.0,1390.0,36387.0,823.2221069,0,0,0,26.2,0.0,9.4,5,197.0,197.0,2977.0,0,0,0,0,2,0.6666666666666666,1.0,-1,0.6666666666666666,0.0,17.5,5,1,0,0,0,55.0,3032.0656418628255,0,0,Mountain West,1
401754549,2025,Stanford,San José State,1249.0,1429.0,50424.0,18.38425636,1,0,0,24.2,0.0,9.8,5,-180.0,180.0,2678.0,0,0,1,0,-1,0.25,0.0,1,0.3333333333333333,1.0,16.5,5,1,0,0,0,19.0,28.85686298649283,0,1,ACC,0
401752721,2025,Missouri,Massachusetts,1762.0,1058.0,71168.0,212.6865692,0,0,0,24.5,0.0,11.7,5,704.0,704.0,2820.0,0,0,1,0,4,1.0,1.0,-3,0.0,0.0,18.5,5,1,1,0,0,98.0,1709.0365275549327,0,0,SEC,0
401752854,2025,Penn State,Oregon,2087.0,2001.0,106572.0,354.1551514,1,0,1,18.3,0.2,4.7,5,86.0,86.0,4088.0,0,1,1,0,3,1.0,1.0,4,1.0,1.0,19.5,5,1,1,0,0,65.0,3681.211595721991,0,0,Big Ten,1
401752718,2025,Georgia,Alabama,2043.0,1948.0,92746.0,186.1120758,1,0,1,23.8,0.0,3.1,5,95.0,95.0,3991.0,0,1,1,0,3,1.0,1.0,2,0.6666666666666666,1.0,19.5,5,1,1,0,0,96.0,395.6097517609528,0,0,SEC,1
401752950,2025,Colorado State,Washington State,1368.0,1307.0,36500.0,1528.4,0,0,0,23.9,0.0,11.3,5,61.0,61.0,2675.0,0,1,0,0,-1,0.3333333333333333,0.0,-2,0.5,0.0,17.5,5,1,0,0,0,8.0,1186.488782698615,0,0,Mountain West,0
401752722,2025,South Carolina,Kentucky,1638.0,1557.0,80250.0,60.54548645,1,0,1,25.0,0.2,1.1,5,81.0,81.0,3195.0,0,1,1,0,-2,0.5,0.0,1,0.6666666666666666,1.0,19.75,5,1,1,0,0,91.0,548.5924614193636,0,0,SEC,1
401761615,2025,Louisiana,Marshall,1364.0,1511.0,41426.0,3.556508303,0,0,1,25.6,0.0,10.8,5,-147.0,147.0,2875.0,0,0,0,0,-2,0.25,0.0,2,0.5,1.0,19.0,5,1,1,0,0,54.0,1268.831417226312,0,0,Sun Belt,0
401757272,2025,UTEP,Louisiana Tech,1227.0,1468.0,51500.0,1183.697876,0,0,1,27.5,0.0,6.0,5,-241.0,241.0,2695.0,0,0,0,0,-2,0.25,0.0,2,0.75,1.0,19.0,5,1,1,0,0,62.0,1305.8449699209173,0,0,Conference USA,0
401756903,2025,Colorado,BYU,1617.0,1703.0,50183.0,1634.041138,1,0,1,16.2,0.0,8.0,5,-86.0,86.0,3320.0,0,1,1,0,1,0.5,1.0,3,1.0,1.0,20.25,5,1,1,0,0,101.0,543.6157756694117,0,0,Big 12,1
401757275,2025,New Mexico State,Sam Houston,1147.0,1243.0,28853.0,1208.201294,0,0,1,26.9,0.0,14.2,6,-96.0,96.0,2390.0,0,0,0,0,-2,0.5,0.0,-4,0.0,0.0,19.0,3,0,1,0,0,47.0,1075.4703792589912,0,0,Conference USA,0
401757276,2025,Delaware,Western Kentucky,1501.0,1414.0,22000.0,28.74350357,0,0,1,17.4,0.0,7.5,6,87.0,87.0,2915.0,0,0,0,0,2,0.75,1.0,2,0.8,1.0,19.0,4,0,1,0,0,73.0,979.8763849920721,0,0,Conference USA,0
401762475,2025,South Florida,Charlotte,1482.0,1183.0,65828.0,11.07972908,1,0,1,26.1,0.0,18.8,6,299.0,299.0,2665.0,0,0,0,0,1,0.75,1.0,-1,0.25,0.0,19.0,4,0,1,0,0,27.0,832.4295014190003,0,0,American Athletic,0
401760384,2025,San José State,New Mexico,1423.0,1426.0,30456.0,28.30708694,0,0,1,17.4,0.0,5.7,6,-3.0,3.0,2849.0,0,0,0,0,-1,0.25,0.0,3,0.75,1.0,19.0,4,0,1,0,0,92.0,1388.7340157071692,0,0,Mountain West,0
401760382,2025,San Diego State,Colorado State,1424.0,1320.0,35000.0,62.0,1,0,1,19.5,0.0,16.7,6,104.0,104.0,2744.0,0,0,0,0,2,0.75,1.0,-2,0.25,0.0,19.5,4,0,1,0,0,3.0,1376.6022838184147,0,0,Mountain West,0
401756909,2025,BYU,West Virginia,1702.0,1341.0,63470.0,1412.097046,1,0,1,16.2,0.6,11.7,6,361.0,361.0,3043.0,0,1,1,0,4,1.0,1.0,-2,0.4,0.0,20.5,4,0,1,0,0,61.0,2688.3414043115563,0,0,Big 12,1
401756912,2025,Cincinnati,Iowa State,1520.0,1655.0,40000.0,230.0660553,0,0,1,25.5,0.0,2.3,6,-135.0,135.0,3175.0,0,1,1,0,3,0.75,1.0,5,1.0,1.0,12.0,5,1,0,0,0,110.0,833.7339530679163,0,0,Big 12,1
401752861,2025,Purdue,Illinois,1325.0,1571.0,57282.0,197.5337677,1,0,1,26.6,0.0,9.5,6,-246.0,246.0,2896.0,0,1,1,0,-2,0.5,0.0,1,0.8,1.0,12.0,5,1,0,0,0,101.0,117.83952698432697,0,0,Big Ten,1
401754552,2025,North Carolina,Clemson,1388.0,1642.0,50500.0,127.7569809,0,0,1,21.8,0.0,3.0,6,-254.0,254.0,3030.0,0,1,1,0,-1,0.5,0.0,-2,0.25,0.0,12.0,5,1,0,0,0,98.0,370.50890856513644,0,0,ACC,1
401760381,2025,Navy,Air Force,1547.0,1351.0,34000.0,10.74990082,0,0,0,21.4,0.0,4.1,6,196.0,196.0,2898.0,0,0,0,1,4,1.0,1.0,-3,0.25,0.0,12.0,5,1,0,0,0,66.0,2438.946986654211,0,0,American Athletic,1
401762830,2025,Ball State,Ohio,1095.0,1604.0,22500.0,285.481781,0,0,1,25.4,0.0,7.1,6,-509.0,509.0,2699.0,0,0,0,0,-1,0.25,0.0,2,0.6,1.0,12.0,5,1,0,0,0,58.0,300.07433247963496,0,0,Mid-American,0
401752856,2025,Michigan,Wisconsin,1848.0,1543.0,107601.0,255.5500031,0,0,1,26.7,0.0,8.1,6,305.0,305.0,3391.0,0,1,1,0,2,0.75,1.0,-2,0.5,0.0,12.0,5,1,0,0,0,98.0,471.54869012326566,0,0,Big Ten,1
401752728,2025,Georgia,Kentucky,2033.0,1513.0,92746.0,186.1120758,1,0,1,22.5,0.0,15.9,6,520.0,520.0,3546.0,0,1,1,0,-1,0.75,0.0,-1,0.5,0.0,12.0,5,1,0,0,0,96.0,464.11608192938814,0,0,SEC,1
401756911,2025,Baylor,Kansas State,1590.0,1665.0,45140.0,117.0538101,0,0,1,26.3,0.0,2.8,6,-75.0,75.0,3255.0,0,1,1,0,1,0.6,1.0,1,0.4,1.0,11.0,5,1,0,0,0,11.0,851.263404346037,0,0,Big 12,0
401754550,2025,Pittsburgh,Boston College,1511.0,1462.0,68400.0,220.5887146,1,0,1,21.7,0.0,4.3,6,49.0,49.0,2973.0,0,1,1,0,-2,0.5,0.0,-3,0.25,0.0,12.0,5,1,0,0,0,24.0,767.0770781686081,0,0,ACC,0
401762476,2025,UAB,Army,1278.0,1533.0,45000.0,187.0,0,0,1,23.1,0.0,12.4,6,-255.0,255.0,2811.0,0,0,0,0,-1,0.5,0.0,-2,0.25,0.0,11.0,5,1,0,0,0,4.0,1428.9445042676625,0,0,American Athletic,0
401754556,2025,Virginia Tech,Wake Forest,1457.0,1391.0,65632.0,632.2631226,1,0,1,21.2,0.0,3.3,6,66.0,66.0,2848.0,0,1,1,0,2,0.4,1.0,-2,0.5,0.0,13.0,5,1,0,0,0,60.0,122.01392874406415,0,0,ACC,1
401762479,2025,Temple,UTSA,1205.0,1494.0,69879.0,3.198706865,0,0,1,24.8,0.0,5.4,6,-289.0,289.0,2699.0,0,0,0,0,-2,0.5,0.0,2,0.5,1.0,13.0,5,1,0,0,0,22.0,2419.4017310877434,0,0,American Athletic,0
401754557,2025,NC State,Campbell,1488.0,1480.0,58000.0,117.0089951,1,0,0,23.5,0.0,3.2,6,8.0,8.0,2968.0,1,0,1,0,-2,0.6,0.0,-1,0.0,0.0,14.0,5,1,0,0,0,59.0,,1,0,ACC,1
401762832,2025,Massachusetts,Western Michigan,1039.0,1254.0,17000.0,46.58664703,0,0,1,24.4,0.0,5.8,6,-215.0,215.0,2293.0,0,0,0,0,-4,0.0,0.0,2,0.4,1.0,14.5,5,1,0,0,0,60.0,1072.9322317991985,0,0,Mid-American,0
401756910,2025,Arizona,Oklahoma State,1422.0,1173.0,50782.0,742.1530151,0,0,1,30.4,0.0,6.5,6,249.0,249.0,2595.0,0,1,1,0,-1,0.75,0.0,-3,0.25,0.0,12.0,5,1,0,0,0,97.0,1347.0817025127772,0,0,Big 12,0
401752857,2025,Maryland,Washington,1574.0,1665.0,51802.0,32.68748093,0,0,1,24.2,0.0,3.8,6,-91.0,91.0,3239.0,0,1,1,0,4,1.0,1.0,-1,0.75,0.0,15.5,5,1,0,0,0,75.0,3735.876674151068,0,0,Big Ten,0
401752855,2025,UCLA,Penn State,1331.0,2070.0,88565.0,245.1772461,1,0,1,21.4,0.0,4.0,6,-739.0,739.0,3401.0,0,1,1,0,-4,0.0,0.0,-1,0.75,0.0,12.5,5,1,0,0,0,103.0,3600.0086491242714,0,0,Big Ten,0
401752858,2025,Northwestern,UL Monroe,1411.0,1168.0,12023.0,179.0,0,0,0,30.1,0.0,15.7,6,243.0,243.0,2579.0,0,0,1,0,1,0.5,1.0,2,0.75,1.0,14.5,5,1,0,0,0,28.0,1128.0564521610806,0,0,Big Ten,1
401762829,2025,Akron,Central Michigan,995.0,1124.0,30000.0,321.2875061,0,0,1,28.6,0.0,4.6,6,-129.0,129.0,2119.0,0,0,0,0,-1,0.2,0.0,2,0.6,1.0,15.5,5,1,0,0,0,16.0,386.6426193046821,0,0,Mid-American,0
401762873,2025,Northern Illinois,Miami (OH),1375.0,1430.0,23595.0,267.4530029,0,0,1,28.8,0.0,22.0,6,-55.0,55.0,2805.0,0,0,0,0,-3,0.25,0.0,1,0.25,1.0,14.5,5,1,0,0,0,60.0,433.7799688060807,0,0,Mid-American,0
401752727,2025,Florida,Texas,1629.0,1972.0,88548.0,44.97250748,1,0,1,28.7,0.5,22.5,6,-343.0,343.0,3601.0,0,1,1,0,-3,0.25,0.0,3,0.75,1.0,15.5,5,1,0,0,0,95.0,1482.477993651967,0,0,SEC,1
401762831,2025,Buffalo,Eastern Michigan,1382.0,1193.0,30270.0,181.5759735,0,0,1,26.0,0.0,6.8,6,189.0,189.0,2575.0,0,0,0,0,-2,0.4,0.0,-1,0.2,0.0,15.5,5,1,0,0,0,32.0,406.82797420436265,0,0,Mid-American,0
401757165,2025,Notre Dame,Boise State,2195.0,1653.0,80795.0,222.645401,0,0,0,29.5,0.0,12.7,6,542.0,542.0,3848.0,0,0,0,0,2,0.5,1.0,3,0.75,1.0,15.5,5,1,0,0,0,95.0,2446.1942131940637,0,0,FBS Independents,1
401752940,2025,App State,Oregon State,1324.0,1304.0,30000.0,991.3414307,0,0,0,19.0,0.0,7.6,6,20.0,20.0,2628.0,0,1,0,0,-2,0.5,0.0,-5,0.0,0.0,15.5,5,1,0,0,0,63.0,3601.361838084795,0,0,Sun Belt,1
401754554,2025,Louisville,Virginia,1750.0,1578.0,60000.0,138.5615997,0,0,1,27.3,0.0,6.2,6,172.0,172.0,3328.0,0,1,1,0,4,1.0,1.0,3,0.8,1.0,15.5,5,1,0,0,0,27.0,633.9379577598534,0,0,ACC,0
401752726,2025,Alabama,Vanderbilt,1958.0,1758.0,101821.0,70.05136108,1,0,1,28.5,0.0,12.3,6,200.0,200.0,3716.0,0,1,1,0,3,0.75,1.0,5,1.0,1.0,14.5,5,1,0,0,0,96.0,333.40658265983785,0,0,SEC,1
401754555,2025,SMU,Syracuse,1691.0,1426.0,32000.0,169.4058075,0,0,1,30.3,0.0,9.2,6,265.0,265.0,3117.0,0,1,1,0,-1,0.5,0.0,-1,0.6,0.0,14.5,5,1,0,0,0,25.0,2127.553469601236,0,0,ACC,1
401761618,2025,Georgia State,James Madison,1126.0,1669.0,25000.0,287.0,0,0,1,24.7,0.0,15.6,6,-543.0,543.0,2795.0,0,0,0,0,-1,0.25,0.0,2,0.75,1.0,15.5,5,1,0,0,0,8.0,720.0628273971369,0,0,Sun Belt,0
401757171,2025,UConn,Florida International,1437.0,1320.0,40000.0,6.515614986,1,0,0,25.3,0.0,2.4,6,117.0,117.0,2757.0,0,0,0,0,2,0.6,1.0,-1,0.5,0.0,15.5,5,1,0,0,0,22.0,1916.8945808556896,0,0,FBS Independents,0
401752860,2025,Nebraska,Michigan State,1703.0,1414.0,85458.0,354.9318848,0,0,1,28.9,0.0,27.6,6,289.0,289.0,3117.0,0,1,1,0,-1,0.75,0.0,-1,0.75,0.0,15.0,5,1,0,0,0,102.0,1034.3856640906235,0,0,Big Ten,1
401752729,2025,Oklahoma,Kent State,1748.0,859.0,86112.0,355.0962524,1,0,0,28.8,0.0,20.7,6,889.0,889.0,2607.0,0,0,1,0,4,1.0,1.0,-3,0.25,0.0,15.0,5,1,0,0,0,100.0,1553.3979065114554,0,0,SEC,1
401761620,2025,Arkansas State,Texas State,1213.0,1590.0,30382.0,89.52690887,0,0,1,26.5,0.0,11.7,6,-377.0,377.0,2803.0,0,0,0,0,-4,0.2,0.0,1,0.75,1.0,15.0,5,1,0,0,0,51.0,947.2229155977831,0,0,Sun Belt,0
401761619,2025,Old Dominion,Coastal Carolina,1551.0,1259.0,20118.0,3.147987843,0,0,1,20.1,0.0,6.9,6,292.0,292.0,2810.0,0,0,0,0,3,0.75,1.0,1,0.5,1.0,18.0,5,1,1,0,0,89.0,423.0639791156745,0,0,Sun Belt,1
401762477,2025,Rice,Florida Atlantic,1291.0,1201.0,47000.0,7.148301601,0,0,1,29.8,0.0,11.3,6,90.0,90.0,2492.0,0,0,0,0,-1,0.6,0.0,-2,0.25,0.0,18.0,5,1,1,0,0,75.0,1546.1358980197633,0,0,American Athletic,0
401761621,2025,Troy,South Alabama,1438.0,1430.0,30000.0,154.7746277,0,0,1,26.0,0.0,16.8,6,8.0,8.0,2868.0,0,0,0,0,1,0.5,1.0,-4,0.2,0.0,18.0,5,1,1,0,0,75.0,245.72420855364936,0,1,Sun Belt,1
401760385,2025,Wyoming,UNLV,1326.0,1622.0,29181.0,2200.153564,0,0,1,10.4,0.0,0.2,6,-296.0,296.0,2948.0,0,0,0,0,-2,0.5,0.0,4,1.0,1.0,17.0,5,1,0,0,0,75.0,1015.497298593461,0,0,Mountain West,0
401756913,2025,Houston,Texas Tech,1490.0,1751.0,40000.0,9.57440567,0,0,1,29.7,0.0,11.4,6,-261.0,261.0,3241.0,0,1,1,0,4,1.0,1.0,4,1.0,1.0,18.0,5,1,1,0,0,11.0,752.2875184331476,0,1,Big 12,1
401754553,2025,Florida State,Miami,1564.0,1852.0,67277.0,19.55942535,1,0,1,27.4,0.0,15.9,6,-288.0,288.0,3416.0,0,1,1,1,-1,0.75,0.0,4,1.0,1.0,19.5,5,1,1,0,0,75.0,637.7687122745795,0,1,ACC,1
401756915,2025,UCF,Kansas,1579.0,1664.0,44206.0,20.94113731,1,0,1,24.9,0.0,13.9,6,-85.0,85.0,3243.0,0,1,1,0,-1,0.75,0.0,-1,0.6,0.0,19.5,5,1,1,0,0,18.0,1731.8274773161368,0,0,Big 12,1
401756914,2025,TCU,Colorado,1732.0,1618.0,46000.0,185.4387054,1,0,1,29.4,0.0,14.1,6,114.0,114.0,3350.0,0,1,1,0,-1,0.75,0.0,-1,0.4,0.0,18.5,5,1,1,0,0,96.0,1075.6833003804732,0,0,Big 12,1
401752730,2025,Texas A&M,Mississippi State,1753.0,1523.0,102733.0,108.824585,1,0,1,30.6,0.0,16.2,6,230.0,230.0,3276.0,0,1,1,0,4,1.0,1.0,-1,0.8,0.0,18.5,5,1,1,0,0,98.0,778.3700541647291,0,0,SEC,1
401752859,2025,Ohio State,Minnesota,2021.0,1594.0,102780.0,216.6770325,0,0,1,23.9,0.0,6.0,6,427.0,427.0,3615.0,0,1,1,0,4,1.0,1.0,1,0.75,1.0,19.5,5,1,1,0,0,103.0,1001.8838275748172,0,0,Big Ten,1
401762478,2025,Memphis,Tulsa,1689.0,1079.0,58325.0,90.62445831,0,0,1,25.3,0.0,8.6,6,610.0,610.0,2768.0,0,0,0,0,5,1.0,1.0,-1,0.4,0.0,19.0,5,1,1,0,0,60.0,551.1074539387432,0,0,American Athletic,0
401754551,2025,California,Duke,1455.0,1598.0,62467.0,125.3108063,0,0,1,16.0,0.0,7.1,6,-143.0,143.0,3053.0,0,1,1,0,1,0.8,1.0,2,0.6,1.0,19.5,5,1,1,0,0,102.0,3820.3878896622095,0,0,ACC,0
401760383,2025,Fresno State,Nevada,1510.0,1257.0,41031.0,102.564064,0,0,1,22.8,0.0,5.6,6,253.0,253.0,2767.0,0,0,0,0,4,0.8,1.0,-2,0.25,0.0,19.5,5,1,1,0,0,45.0,303.89503170803255,0,0,Mountain West,1
401757278,2025,Middle Tennessee,Missouri State,1175.0,1335.0,30788.0,191.7279816,0,0,1,20.7,0.0,15.8,7,-160.0,160.0,2510.0,0,0,0,0,-2,0.2,0.0,-1,0.4,0.0,18.5,2,0,1,0,0,92.0,635.3249653611888,0,0,Conference USA,0
401757277,2025,UTEP,Liberty,1205.0,1421.0,51500.0,1183.697876,0,0,1,26.7,0.0,17.0,7,-216.0,216.0,2626.0,0,0,0,0,-3,0.2,0.0,-4,0.2,0.0,18.0,2,0,1,0,0,62.0,2568.758762308373,0,0,Conference USA,0
401757280,2025,Kennesaw State,Louisiana Tech,1223.0,1490.0,11040.0,296.9589844,1,0,1,19.6,0.0,11.3,7,-267.0,267.0,2713.0,0,0,0,0,3,0.6,1.0,3,0.8,1.0,19.0,3,0,1,0,0,15.0,769.8504748934929,0,0,Conference USA,0
401762480,2025,Tulane,East Carolina,1572.0,1548.0,30000.0,0.0,0,0,1,28.3,0.0,4.2,7,24.0,24.0,3120.0,0,0,0,0,1,0.8,1.0,1,0.6,1.0,18.5,3,0,1,0,0,11.0,1346.2015038173315,0,0,American Athletic,0
401761622,2025,Georgia Southern,Southern Miss,1324.0,1265.0,25000.0,61.25376892,0,0,1,19.6,0.0,15.1,7,59.0,59.0,2589.0,0,0,0,0,-1,0.4,0.0,1,0.6,1.0,20.0,3,0,1,0,0,41.0,722.6076696507184,0,0,Sun Belt,0
401762481,2025,North Texas,South Florida,1616.0,1521.0,30850.0,198.6871948,0,0,1,29.2,0.0,6.0,7,95.0,95.0,3137.0,0,0,0,0,5,1.0,1.0,2,0.8,1.0,18.5,4,0,1,0,0,14.0,1516.7021596799036,0,0,American Athletic,1
401752862,2025,Washington,Rutgers,1666.0,1582.0,70138.0,11.65622807,0,0,1,15.0,0.0,12.7,7,84.0,84.0,3248.0,0,1,1,0,1,0.8,1.0,-2,0.6,0.0,18.0,4,0,1,0,0,105.0,3838.9363767966993,0,0,Big Ten,1
401760388,2025,Colorado State,Fresno State,1281.0,1508.0,36500.0,1528.4,0,0,1,15.1,0.0,0.9,7,-227.0,227.0,2789.0,0,0,0,0,-3,0.2,0.0,5,0.8333333333333334,1.0,19.0,4,0,1,0,0,8.0,1337.9738335706954,0,0,Mountain West,0
401752734,2025,Missouri,Alabama,1781.0,1974.0,71168.0,212.6865692,0,0,1,19.5,0.0,4.5,7,-193.0,193.0,3755.0,0,1,1,0,5,1.0,1.0,4,0.8,1.0,11.0,5,1,0,0,0,98.0,768.0869224568605,0,0,SEC,0
401762835,2025,Bowling Green,Toledo,1411.0,1562.0,24000.0,205.9057465,0,0,1,17.1,0.0,10.1,7,-151.0,151.0,2973.0,0,0,0,1,-2,0.4,0.0,1,0.6,1.0,12.0,5,1,0,0,0,59.0,31.084137071283532,0,1,Mid-American,1
401756920,2025,Oklahoma State,Houston,1128.0,1456.0,55509.0,276.4808655,0,0,1,24.7,0.0,6.2,7,-328.0,328.0,2584.0,0,1,1,0,-4,0.2,0.0,-1,0.8,0.0,11.0,5,1,0,0,0,106.0,729.8340751485833,0,0,Big 12,0
401754559,2025,Florida State,Pittsburgh,1573.0,1624.0,67277.0,19.55942535,1,0,1,23.0,0.0,16.3,7,-51.0,51.0,3197.0,0,1,1,0,-2,0.6,0.0,1,0.6,1.0,12.0,5,1,0,0,0,75.0,1178.348277354562,0,0,ACC,1
401752865,2025,Illinois,Ohio State,1585.0,2078.0,60670.0,223.2471619,0,0,1,19.3,0.0,12.0,7,-493.0,493.0,3663.0,0,1,1,0,2,0.8333333333333334,1.0,5,1.0,1.0,11.0,5,1,0,0,0,102.0,444.0603206813025,0,0,Big Ten,1
401754561,2025,SMU,Stanford,1695.0,1255.0,32000.0,169.4058075,0,0,1,26.0,0.0,3.7,7,440.0,440.0,2950.0,0,1,1,0,1,0.6,1.0,1,0.4,1.0,11.0,5,1,0,0,0,25.0,2355.990706219651,0,0,ACC,1
401762833,2025,Akron,Miami (OH),1009.0,1449.0,30000.0,321.2875061,0,0,1,17.9,0.1,7.7,7,-440.0,440.0,2458.0,0,0,0,0,1,0.3333333333333333,1.0,2,0.4,1.0,12.0,5,1,0,0,0,16.0,323.3972682053826,0,1,Mid-American,0
401752863,2025,Michigan State,UCLA,1415.0,1373.0,75005.0,254.8794861,1,0,1,14.6,0.0,14.0,7,42.0,42.0,2788.0,0,1,1,0,-2,0.6,0.0,1,0.2,1.0,12.0,5,1,0,0,0,102.0,3060.772993416427,0,0,Big Ten,1
401762483,2025,Army,Charlotte,1551.0,1144.0,38000.0,99.21277618,0,0,1,15.2,0.0,7.3,7,407.0,407.0,2695.0,0,0,0,0,1,0.4,1.0,-2,0.2,0.0,12.0,5,1,0,0,0,101.0,897.0355488946368,0,0,American Athletic,0
401756917,2025,Cincinnati,UCF,1541.0,1572.0,40000.0,230.0660553,0,0,1,18.0,0.0,3.9,7,-31.0,31.0,3113.0,0,1,1,0,4,0.8,1.0,-2,0.6,0.0,12.0,5,1,0,0,0,110.0,1209.4360401280435,0,0,Big 12,0
401752733,2025,Ole Miss,Washington State,1977.0,1355.0,64038.0,146.8517151,1,0,0,23.3,0.0,3.6,7,622.0,622.0,3332.0,0,1,1,0,5,1.0,1.0,1,0.6,1.0,11.75,5,1,0,0,0,110.0,2688.4518938132355,0,0,SEC,1
401762836,2025,Eastern Michigan,Northern Illinois,1198.0,1356.0,30200.0,241.248764,0,0,1,15.3,0.0,11.9,7,-158.0,158.0,2554.0,0,0,0,0,-2,0.16666666666666666,0.0,-4,0.2,0.0,13.0,5,1,0,0,0,56.0,424.77157124452526,0,0,Mid-American,0
401762837,2025,Kent State,Massachusetts,838.0,1017.0,25319.0,321.3641663,0,0,1,19.1,0.0,9.9,7,-179.0,179.0,1855.0,0,0,0,0,-4,0.2,0.0,-5,0.0,0.0,14.5,5,1,0,0,0,56.0,740.6073787041953,0,0,Mid-American,0
401754563,2025,Oregon State,Wake Forest,1302.0,1409.0,43363.0,66.90744781,0,0,0,14.4,0.2,13.2,7,-107.0,107.0,2711.0,0,1,1,0,-6,0.0,0.0,1,0.6,1.0,12.5,5,1,0,0,0,72.0,3718.9516278342176,0,0,Pac-12,0
401754562,2025,Notre Dame,NC State,2194.0,1489.0,80795.0,222.645401,0,0,0,17.4,0.0,10.0,7,705.0,705.0,3683.0,0,1,0,0,3,0.6,1.0,1,0.6666666666666666,1.0,15.5,5,1,0,0,0,95.0,923.7694940201425,0,0,FBS Independents,1
401756919,2025,Kansas State,TCU,1662.0,1751.0,50000.0,328.0574646,0,0,1,26.4,0.0,21.3,7,-89.0,89.0,3413.0,0,1,1,0,-1,0.3333333333333333,0.0,1,0.8,1.0,14.5,5,1,0,0,0,57.0,725.2628765342173,0,0,Big 12,1
401756918,2025,Colorado,Iowa State,1599.0,1634.0,50183.0,1634.041138,1,0,1,17.3,0.0,4.9,7,-35.0,35.0,3233.0,0,1,1,0,-2,0.3333333333333333,0.0,-1,0.8333333333333334,0.0,13.5,5,1,0,0,0,101.0,1000.1759932862159,0,0,Big 12,1
401760386,2025,UNLV,Air Force,1627.0,1352.0,65000.0,666.0,0,1,1,28.2,0.0,16.8,7,275.0,275.0,2979.0,0,0,0,0,5,1.0,1.0,-4,0.2,0.0,12.5,5,1,0,0,0,5.0,966.5282596597194,0,0,Mountain West,0
401754560,2025,Georgia Tech,Virginia Tech,1568.0,1439.0,55000.0,279.300415,0,0,1,23.6,0.0,9.7,7,129.0,129.0,3007.0,0,1,1,0,5,1.0,1.0,-1,0.3333333333333333,0.0,15.5,5,1,0,0,0,112.0,525.6612936143282,0,0,ACC,1
401762834,2025,Western Michigan,Ball State,1276.0,1131.0,30200.0,243.8211212,0,0,1,15.8,0.0,10.5,7,145.0,145.0,2407.0,0,0,0,0,3,0.5,1.0,1,0.4,1.0,15.5,5,1,0,0,0,86.0,230.69744395734563,0,0,Mid-American,0
401761626,2025,Marshall,Old Dominion,1508.0,1628.0,38016.0,163.7328186,0,0,1,22.4,0.0,4.4,7,-120.0,120.0,3136.0,0,0,0,0,-1,0.4,0.0,4,0.8,1.0,15.5,5,1,0,0,0,34.0,564.7421510484049,0,0,Sun Belt,0
401752870,2025,Oregon,Indiana,2018.0,2000.0,54000.0,127.4198303,0,0,1,14.3,0.0,12.4,7,18.0,18.0,4018.0,0,1,1,0,5,1.0,1.0,5,1.0,1.0,12.5,5,1,0,0,0,58.0,3059.8171002240883,0,0,Big Ten,1
401752866,2025,Penn State,Northwestern,2028.0,1478.0,106572.0,354.1551514,1,0,1,17.8,0.0,13.4,7,550.0,550.0,3506.0,0,1,1,0,-2,0.6,0.0,2,0.6,1.0,15.5,5,1,0,0,0,65.0,829.3551379050665,0,0,Big Ten,1
401752867,2025,Maryland,Nebraska,1573.0,1702.0,51802.0,32.68748093,0,0,1,20.3,0.0,9.5,7,-129.0,129.0,3275.0,0,1,1,0,-1,0.8,0.0,1,0.8,1.0,15.5,5,1,0,0,0,75.0,1693.9264120587502,0,0,Big Ten,0
401761624,2025,Georgia State,App State,1150.0,1326.0,25000.0,287.0,0,0,1,23.4,0.0,9.6,7,-176.0,176.0,2476.0,0,0,0,0,-2,0.2,0.0,1,0.6,1.0,15.5,5,1,0,0,0,8.0,369.4690809062225,0,0,Sun Belt,0
401762484,2025,Temple,Navy,1228.0,1546.0,69879.0,3.198706865,0,0,1,18.7,0.4,9.5,7,-318.0,318.0,2774.0,0,0,0,0,1,0.6,1.0,5,1.0,1.0,16.0,5,1,0,0,0,22.0,153.68122876248435,0,0,American Athletic,0
401752735,2025,Tennessee,Arkansas,1827.0,1608.0,102455.0,271.9517212,1,0,1,22.3,0.0,11.6,7,219.0,219.0,3435.0,0,1,1,0,2,0.8,1.0,-3,0.4,0.0,16.25,5,1,0,0,0,104.0,921.954005247353,0,0,SEC,1
401762482,2025,Florida Atlantic,UAB,1219.0,1260.0,29419.0,3.613628864,0,0,1,26.5,0.0,7.9,7,-41.0,41.0,2479.0,0,0,0,0,1,0.4,1.0,-2,0.4,0.0,18.0,5,1,1,0,0,14.0,1023.0856977859665,0,0,American Athletic,0
401761623,2025,Coastal Carolina,UL Monroe,1182.0,1101.0,21000.0,13.74894905,0,0,1,17.2,2.9,26.7,7,81.0,81.0,2283.0,0,0,0,0,-1,0.4,0.0,-1,0.6,0.0,19.0,5,1,1,0,0,22.0,1221.93414573492,0,0,Sun Belt,0
401760391,2025,Wyoming,San José State,1321.0,1433.0,29181.0,2200.153564,0,0,1,13.8,0.0,14.9,7,-112.0,112.0,2754.0,0,0,0,0,-3,0.4,0.0,1,0.4,1.0,17.0,5,1,0,0,0,75.0,1468.21221284519,0,0,Mountain West,0
401752737,2025,Texas A&M,Florida,1782.0,1665.0,102733.0,108.824585,1,0,1,31.2,0.0,7.4,7,117.0,117.0,3447.0,0,1,1,0,5,1.0,1.0,1,0.4,1.0,18.0,5,1,1,0,0,98.0,1348.9623361882946,0,0,SEC,1
401752869,2025,Wisconsin,Iowa,1540.0,1743.0,80321.0,263.604126,0,0,1,16.0,0.0,6.0,7,-203.0,203.0,3283.0,0,1,1,0,-3,0.4,0.0,-1,0.6,0.0,18.0,5,1,1,0,0,108.0,235.5576162182836,0,0,Big Ten,1
401752731,2025,Auburn,Georgia,1676.0,2033.0,87451.0,201.1737976,1,0,1,20.9,0.0,6.7,7,-357.0,357.0,3709.0,0,1,1,1,-2,0.6,0.0,1,0.8,1.0,18.5,5,1,1,0,0,86.0,247.27600137369907,0,0,SEC,1
401762485,2025,UTSA,Rice,1471.0,1273.0,36582.0,201.5526886,0,1,1,31.8,0.0,9.1,7,198.0,198.0,2744.0,0,0,0,0,-1,0.4,0.0,-2,0.5,0.0,18.5,5,1,1,0,0,32.0,298.7176752651568,0,1,American Athletic,0
401752864,2025,Minnesota,Purdue,1537.0,1311.0,50850.0,254.3902283,0,0,1,17.0,0.0,17.3,7,226.0,226.0,2848.0,0,1,1,0,-1,0.6,0.0,-3,0.4,0.0,18.5,5,1,1,0,0,16.0,721.018618018476,0,0,Big Ten,1
401754558,2025,Boston College,Clemson,1349.0,1688.0,44500.0,39.82634354,0,0,1,14.5,0.0,10.4,7,-339.0,339.0,3037.0,0,1,1,0,-4,0.2,0.0,1,0.4,1.0,19.5,5,1,1,0,0,68.0,1323.3599538694336,0,0,ACC,1
401756921,2025,Texas Tech,Kansas,1785.0,1671.0,60454.0,980.7632446,0,0,1,27.8,0.0,22.5,7,114.0,114.0,3456.0,0,1,1,0,5,1.0,1.0,1,0.6666666666666666,1.0,18.5,5,1,1,0,0,78.0,841.9228806531836,0,0,Big 12,1
401752868,2025,USC,Michigan,1865.0,1851.0,77500.0,42.50374222,1,0,1,26.6,0.0,8.5,7,14.0,14.0,3716.0,0,1,1,0,-1,0.8,0.0,3,0.8,1.0,16.5,5,1,0,0,0,102.0,3132.6823667844005,0,0,Big Ten,1
401752732,2025,LSU,South Carolina,1751.0,1682.0,102321.0,7.640734673,1,0,1,27.9,0.0,9.4,7,69.0,69.0,3433.0,0,1,1,0,-1,0.8,0.0,1,0.6,1.0,18.75,5,1,1,0,0,101.0,1034.5728155729453,0,0,SEC,1
401756916,2025,Arizona,BYU,1467.0,1701.0,50782.0,742.1530151,0,0,1,24.5,0.1,6.5,7,-234.0,234.0,3168.0,0,1,1,0,1,0.8,1.0,5,1.0,1.0,17.0,5,1,0,0,0,97.0,894.9845258875446,0,0,Big 12,1
401761627,2025,Texas State,Troy,1579.0,1447.0,30000.0,177.8676453,0,0,1,26.8,0.0,5.6,7,132.0,132.0,3026.0,0,0,0,0,-1,0.6,0.0,2,0.6,1.0,19.0,5,1,1,0,0,44.0,1161.9827507830414,0,0,Sun Belt,0
401760387,2025,Boise State,New Mexico,1654.0,1416.0,36387.0,823.2221069,0,0,1,13.0,0.0,8.9,7,238.0,238.0,3070.0,0,0,0,0,-1,0.6,0.0,-1,0.6,0.0,19.75,5,1,1,0,0,55.0,1254.4162564777707,0,0,Mountain West,1
401756922,2025,Utah,Arizona State,1680.0,1722.0,51444.0,1411.543579,0,0,1,6.6,1.2,7.3,7,-42.0,42.0,3402.0,0,1,1,0,1,0.8,1.0,3,0.8,1.0,20.25,5,1,1,0,0,27.0,815.4844543597679,0,0,Big 12,1
401760390,2025,Nevada,San Diego State,1259.0,1463.0,27000.0,1406.57605,0,0,1,10.3,0.0,7.0,7,-204.0,204.0,2722.0,0,0,0,0,-3,0.2,0.0,3,0.8,1.0,19.5,5,1,1,0,0,59.0,789.7933481994883,0,0,Mountain West,0
401760389,2025,Hawai'i,Utah State,1280.0,1425.0,15194.0,20.0,0,0,1,27.3,0.0,13.9,7,-145.0,145.0,2705.0,0,0,0,0,1,0.6666666666666666,1.0,-1,0.6,0.0,17.983333333333334,5,1,0,0,0,10.0,4843.952242402416,0,0,Mountain West,0
401757282,2025,Liberty,New Mexico State,1426.0,1229.0,25000.0,272.9237061,0,0,1,19.1,0.0,14.8,8,197.0,197.0,2655.0,0,0,0,0,1,0.3333333333333333,1.0,1,0.6,1.0,19.0,1,0,1,0,0,36.0,2569.1529549388815,0,0,Conference USA,0
401761628,2025,South Alabama,Arkansas State,1421.0,1224.0,25450.0,45.0,0,0,1,25.3,0.0,5.7,8,197.0,197.0,2645.0,0,0,0,0,-5,0.16666666666666666,0.0,1,0.3333333333333333,1.0,18.5,1,0,1,0,0,5.0,617.3132161935021,0,0,Sun Belt,0
401757281,2025,Western Kentucky,Florida International,1424.0,1216.0,22113.0,154.4346619,0,0,1,19.1,0.0,10.0,8,208.0,208.0,2640.0,0,0,0,0,3,0.8333333333333334,1.0,-2,0.4,0.0,19.0,1,0,1,0,0,57.0,1375.129510749861,0,0,Conference USA,0
401757283,2025,Jacksonville State,Delaware,1517.0,1491.0,24000.0,198.0679016,0,0,1,23.7,0.0,1.1,8,26.0,26.0,3008.0,0,0,0,0,1,0.5,1.0,-1,0.6,0.0,18.0,2,0,1,0,0,78.0,1102.7903746918,0,0,Conference USA,0
401762486,2025,East Carolina,Tulsa,1540.0,1045.0,50000.0,19.0564537,1,0,1,14.7,0.0,8.5,8,495.0,495.0,2585.0,0,0,0,0,-1,0.5,0.0,-2,0.3333333333333333,0.0,19.5,3,0,1,0,0,62.0,1672.6257771446353,0,0,American Athletic,0
401754564,2025,Miami,Louisville,1843.0,1735.0,64767.0,2.624486446,0,0,1,24.5,0.0,9.6,8,108.0,108.0,3578.0,0,1,1,0,5,1.0,1.0,-1,0.8,0.0,19.0,4,0,1,0,0,38.0,1457.018978290515,0,0,ACC,1
401752872,2025,Minnesota,Nebraska,1534.0,1699.0,50850.0,254.3902283,0,0,1,17.5,0.0,10.8,8,-165.0,165.0,3233.0,0,1,1,0,1,0.6666666666666666,1.0,2,0.8333333333333334,1.0,19.0,4,0,1,0,0,16.0,542.0424235818477,0,0,Big Ten,1
401760396,2025,Utah State,San José State,1370.0,1417.0,25513.0,1427.914429,0,0,1,7.7,0.0,4.0,8,-47.0,47.0,2787.0,0,0,0,0,-2,0.5,0.0,-1,0.3333333333333333,0.0,19.0,4,0,1,0,0,57.0,992.3477612990946,0,0,Mountain West,0
401754371,2025,California,North Carolina,1408.0,1342.0,62467.0,125.3108063,0,0,1,17.1,0.0,1.1,8,66.0,66.0,2750.0,0,1,1,0,-1,0.6666666666666666,0.0,-2,0.4,0.0,19.5,4,0,1,0,0,102.0,3814.0041246674364,0,0,ACC,0
401762488,2025,Tulane,Army,1580.0,1552.0,30000.0,0.0,0,0,1,27.9,0.5,15.9,8,28.0,28.0,3132.0,0,0,0,0,2,0.8333333333333334,1.0,2,0.5,1.0,11.0,5,1,0,0,0,11.0,1930.113979624222,0,0,American Athletic,0
401754569,2025,Boston College,UConn,1303.0,1541.0,44500.0,39.82634354,0,0,0,13.2,0.0,1.8,8,-238.0,238.0,2844.0,0,0,1,0,-5,0.16666666666666666,0.0,3,0.6666666666666666,1.0,12.0,5,1,0,0,0,68.0,135.92733061029344,0,0,ACC,0
401754566,2025,Duke,Georgia Tech,1645.0,1588.0,40004.0,103.0028152,1,0,1,20.0,0.0,8.2,8,57.0,57.0,3233.0,0,1,1,0,3,0.6666666666666666,1.0,6,1.0,1.0,12.0,5,1,0,0,0,96.0,555.1419619287971,0,0,ACC,0
401752745,2025,Vanderbilt,LSU,1742.0,1763.0,40351.0,159.9194641,0,0,1,26.8,0.0,13.2,8,-21.0,21.0,3505.0,0,1,1,0,-1,0.8333333333333334,0.0,1,0.8333333333333334,1.0,11.0,5,1,0,0,0,103.0,755.8457631269162,0,0,SEC,0
401752873,2025,Michigan,Washington,1812.0,1701.0,107601.0,255.5500031,0,0,1,20.9,0.0,16.8,8,111.0,111.0,3513.0,0,1,1,0,-1,0.6666666666666666,0.0,2,0.8333333333333334,1.0,12.0,5,1,0,0,0,98.0,3059.0379080421776,0,0,Big Ten,1
401762839,2025,Bowling Green,Central Michigan,1422.0,1110.0,24000.0,205.9057465,0,0,1,24.1,0.0,20.6,8,312.0,312.0,2532.0,0,0,0,0,1,0.5,1.0,-1,0.5,0.0,12.0,5,1,0,0,0,59.0,262.0982587820274,0,0,Mid-American,1
401756927,2025,TCU,Baylor,1718.0,1593.0,46000.0,185.4387054,1,0,1,25.3,0.2,16.3,8,125.0,125.0,3311.0,0,1,1,1,-1,0.6666666666666666,0.0,2,0.6666666666666666,1.0,11.0,5,1,0,0,0,96.0,130.22351625283343,0,1,Big 12,1
401762841,2025,Miami (OH),Eastern Michigan,1440.0,1213.0,24286.0,242.2643585,0,0,1,22.1,0.0,15.5,8,227.0,227.0,2653.0,0,0,0,0,3,0.5,1.0,1,0.2857142857142857,1.0,12.0,5,1,0,0,0,42.0,317.66208372104165,0,0,Mid-American,0
401756925,2025,Houston,Arizona,1477.0,1473.0,40000.0,9.57440567,0,0,1,28.8,0.0,12.8,8,4.0,4.0,2950.0,0,1,1,0,1,0.8333333333333334,1.0,-1,0.6666666666666666,0.0,11.0,5,1,0,0,0,11.0,1511.6840164695416,0,0,Big 12,0
401752744,2025,South Carolina,Oklahoma,1670.0,1741.0,80250.0,60.54548645,1,0,1,22.5,0.0,6.0,8,-71.0,71.0,3411.0,0,1,1,0,-1,0.5,0.0,-1,0.8333333333333334,0.0,12.75,5,1,0,0,0,91.0,1507.8844579282418,0,0,SEC,1
401756928,2025,UCF,West Virginia,1555.0,1342.0,44206.0,20.94113731,1,0,1,27.2,0.0,7.2,8,213.0,213.0,2897.0,0,1,1,0,-3,0.5,0.0,-3,0.3333333333333333,0.0,13.0,5,1,0,0,0,18.0,1233.0809874866752,0,0,Big 12,1
401762842,2025,Toledo,Kent State,1551.0,966.0,26038.0,181.4839783,0,0,1,28.1,0.0,16.1,8,585.0,585.0,2517.0,0,0,0,0,-1,0.5,0.0,1,0.3333333333333333,1.0,14.0,5,1,0,0,0,88.0,200.31806709209823,0,1,Mid-American,0
401762840,2025,Massachusetts,Buffalo,889.0,1377.0,17000.0,46.58664703,0,0,1,15.6,0.0,3.6,8,-488.0,488.0,2266.0,0,0,0,0,-6,0.0,0.0,1,0.5,1.0,14.5,5,1,0,0,0,60.0,514.6809598655016,0,0,Mid-American,0
401761633,2025,UL Monroe,Troy,1077.0,1471.0,27617.0,22.998209,0,0,1,31.3,0.0,17.8,8,-394.0,394.0,2548.0,0,0,0,0,-2,0.5,0.0,3,0.6666666666666666,1.0,14.0,5,1,0,0,0,47.0,581.1527393521818,0,0,Sun Belt,0
401752874,2025,Northwestern,Purdue,1510.0,1314.0,12023.0,179.0,0,0,1,22.4,0.2,11.5,8,196.0,196.0,2824.0,0,1,1,0,3,0.6666666666666666,1.0,-4,0.3333333333333333,0.0,14.0,5,1,0,0,0,28.0,191.11224966692225,0,0,Big Ten,1
401760392,2025,Air Force,Wyoming,1354.0,1337.0,46692.0,2024.875732,0,0,1,17.0,0.0,22.7,8,17.0,17.0,2691.0,0,0,0,0,-5,0.16666666666666666,0.0,1,0.5,1.0,13.5,5,1,0,0,0,63.0,264.6363418840252,0,0,Mountain West,0
401760393,2025,Boise State,UNLV,1667.0,1625.0,36387.0,823.2221069,0,0,1,13.1,0.0,4.8,8,42.0,42.0,3292.0,0,0,0,0,1,0.6666666666666666,1.0,6,1.0,1.0,13.5,5,1,0,0,0,55.0,839.7489134159525,0,0,Mountain West,1
401761632,2025,Marshall,Texas State,1582.0,1555.0,38016.0,163.7328186,0,0,1,28.3,0.0,13.4,8,27.0,27.0,3137.0,0,0,0,0,1,0.5,1.0,-2,0.5,0.0,15.5,5,1,0,0,0,34.0,1709.5764592829014,0,0,Sun Belt,0
401752877,2025,Wisconsin,Ohio State,1459.0,2074.0,80321.0,263.604126,0,0,1,22.7,0.0,9.8,8,-615.0,615.0,3533.0,0,1,1,0,-4,0.3333333333333333,0.0,6,1.0,1.0,14.5,5,1,0,0,0,108.0,631.8152329039661,0,0,Big Ten,1
401752739,2025,Arkansas,Texas A&M,1610.0,1808.0,80000.0,403.7972412,0,0,1,21.3,0.2,25.5,8,-198.0,198.0,3418.0,0,1,1,0,-4,0.3333333333333333,0.0,6,1.0,1.0,14.5,5,1,0,0,0,87.0,639.2168217491632,0,0,SEC,1
401762838,2025,Ball State,Akron,1028.0,1018.0,22500.0,285.481781,0,0,1,26.8,0.0,22.6,8,10.0,10.0,2046.0,0,0,0,0,-1,0.3333333333333333,0.0,-1,0.2857142857142857,0.0,15.5,5,1,0,0,0,58.0,343.1512921571847,0,0,Mid-American,0
401762491,2025,North Texas,UTSA,1530.0,1588.0,30850.0,198.6871948,0,0,1,22.8,1.1,19.5,8,-58.0,58.0,3118.0,0,0,0,0,-1,0.8333333333333334,0.0,1,0.5,1.0,14.5,5,1,0,0,0,14.0,439.3360997619188,0,1,American Athletic,0
401762489,2025,Charlotte,Temple,1143.0,1241.0,15300.0,190.365509,0,0,1,27.2,0.0,8.7,8,-98.0,98.0,2384.0,0,0,0,0,-3,0.16666666666666666,0.0,-1,0.5,0.0,15.5,5,1,0,0,0,12.0,707.8691423370772,0,0,American Athletic,0
401754565,2025,Clemson,SMU,1734.0,1709.0,81500.0,205.6452179,1,0,1,24.4,0.0,15.3,8,25.0,25.0,3443.0,0,1,1,0,2,0.5,1.0,2,0.6666666666666666,1.0,15.5,5,1,0,0,0,83.0,1303.7171587452542,0,0,ACC,1
401761631,2025,James Madison,Old Dominion,1643.0,1554.0,24877.0,399.303009,0,0,1,24.4,0.0,9.6,8,89.0,89.0,3197.0,0,0,0,0,4,0.8333333333333334,1.0,-1,0.6666666666666666,0.0,15.5,5,1,0,0,0,50.0,283.99242985794285,0,1,Sun Belt,1
401761629,2025,App State,Coastal Carolina,1360.0,1206.0,30000.0,991.3414307,0,0,1,21.3,0.0,8.3,8,154.0,154.0,2566.0,0,0,0,0,2,0.6666666666666666,1.0,1,0.5,1.0,15.5,5,1,0,0,0,63.0,362.4724046326492,0,0,Sun Belt,1
401752878,2025,Indiana,Michigan State,2022.0,1343.0,52656.0,231.6500854,0,0,1,26.5,0.0,16.8,8,679.0,679.0,3365.0,0,1,1,0,6,1.0,1.0,-3,0.5,0.0,15.5,5,1,0,0,0,65.0,430.02204565567445,0,0,Big Ten,1
401752742,2025,Georgia,Ole Miss,2025.0,1971.0,92746.0,186.1120758,1,0,1,25.8,0.0,10.4,8,54.0,54.0,3996.0,0,1,1,0,2,0.8333333333333334,1.0,6,1.0,1.0,15.5,5,1,0,0,0,96.0,568.6507251142498,0,0,SEC,1
401762843,2025,Ohio,Northern Illinois,1568.0,1341.0,24000.0,194.230896,0,0,1,26.3,0.0,13.9,8,227.0,227.0,2909.0,0,0,0,0,-1,0.5,0.0,-5,0.16666666666666666,0.0,15.5,5,1,0,0,0,96.0,633.5155672606334,0,0,Mid-American,1
401756923,2025,Arizona State,Texas Tech,1629.0,1835.0,65870.0,360.1569519,1,0,1,27.4,0.0,1.8,8,-206.0,206.0,3464.0,0,1,1,0,-1,0.6666666666666666,0.0,6,1.0,1.0,13.0,5,1,0,0,0,67.0,932.4855217195859,0,0,Big 12,0
401762487,2025,UAB,Memphis,1209.0,1723.0,45000.0,187.0,0,0,1,29.1,0.0,18.0,8,-514.0,514.0,2932.0,0,0,0,0,-3,0.3333333333333333,0.0,6,1.0,1.0,15.0,5,1,0,0,0,4.0,341.53248512722286,0,0,American Athletic,0
401752741,2025,Florida,Mississippi State,1639.0,1494.0,88548.0,44.97250748,1,0,1,27.7,0.0,8.8,8,145.0,145.0,3133.0,0,1,1,0,-1,0.3333333333333333,0.0,-2,0.6666666666666666,0.0,16.25,5,1,0,0,0,95.0,742.745110250229,0,0,SEC,1
401761668,2025,Louisiana,Southern Miss,1369.0,1273.0,41426.0,3.556508303,0,0,1,27.1,0.2,20.7,8,96.0,96.0,2642.0,0,0,0,0,-1,0.3333333333333333,0.0,2,0.6666666666666666,1.0,16.0,5,1,0,0,0,54.0,286.9546501455613,0,0,Sun Belt,0
401752951,2025,Virginia,Washington State,1593.0,1361.0,61500.0,170.4677429,1,0,0,21.0,0.0,9.7,8,232.0,232.0,2954.0,0,1,1,0,4,0.8333333333333334,1.0,-1,0.5,0.0,18.5,5,1,1,0,0,94.0,3281.4381071521652,0,0,ACC,1
401752876,2025,Rutgers,Oregon,1547.0,1996.0,52454.0,19.0,0,0,1,17.3,0.0,7.1,8,-449.0,449.0,3543.0,0,1,1,0,-3,0.5,0.0,-1,0.8333333333333334,0.0,18.5,5,1,1,0,0,31.0,3959.3746988195317,0,0,Big Ten,1
401752879,2025,UCLA,Maryland,1445.0,1576.0,88565.0,245.1772461,1,0,1,26.5,0.0,3.6,8,-131.0,131.0,3021.0,0,1,1,0,2,0.3333333333333333,1.0,-2,0.6666666666666666,0.0,16.0,5,1,0,0,0,103.0,3688.1434601050582,0,0,Big Ten,0
401760394,2025,Colorado State,Hawai'i,1384.0,1335.0,36500.0,1528.4,0,0,1,9.7,0.0,8.3,8,49.0,49.0,2719.0,0,0,0,0,1,0.3333333333333333,1.0,2,0.7142857142857143,1.0,17.0,5,1,0,0,0,8.0,5374.598922769173,0,0,Mountain West,1
401752875,2025,Iowa,Penn State,1824.0,1996.0,69250.0,220.6357727,0,0,1,21.1,0.0,7.6,8,-172.0,172.0,3820.0,0,1,1,0,1,0.6666666666666666,1.0,-3,0.5,0.0,18.0,5,1,1,0,0,96.0,1147.8095358151547,0,0,Big Ten,1
401752743,2025,Kentucky,Texas,1513.0,1964.0,61000.0,307.4248962,0,0,1,23.5,0.0,13.2,8,-451.0,451.0,3477.0,0,1,1,0,-2,0.4,0.0,1,0.6666666666666666,1.0,19.0,5,1,1,0,0,52.0,1488.0888064144658,0,0,SEC,1
401761630,2025,Georgia Southern,Georgia State,1316.0,1116.0,25000.0,61.25376892,0,0,1,20.7,0.0,14.0,8,200.0,200.0,2432.0,0,0,0,0,-2,0.3333333333333333,0.0,-3,0.16666666666666666,0.0,19.0,5,1,1,0,0,41.0,283.8154825862011,0,1,Sun Belt,1
401752738,2025,Alabama,Tennessee,1967.0,1825.0,101821.0,70.05136108,1,0,1,28.4,0.0,13.4,8,142.0,142.0,3792.0,0,1,1,1,5,0.8333333333333334,1.0,3,0.8333333333333334,1.0,18.5,5,1,1,0,0,96.0,450.97330115440457,0,0,SEC,1
401752871,2025,Notre Dame,USC,2196.0,1904.0,80795.0,222.645401,0,0,0,17.9,0.1,11.0,8,292.0,292.0,4100.0,0,1,0,1,4,0.6666666666666666,1.0,1,0.8333333333333334,1.0,19.5,5,1,1,0,0,95.0,2921.812766830573,0,0,FBS Independents,1
401754568,2025,Syracuse,Pittsburgh,1422.0,1625.0,49057.0,162.6989746,0,1,1,15.0,0.0,18.9,8,-203.0,203.0,3047.0,0,1,1,0,-2,0.5,0.0,2,0.6666666666666666,1.0,19.5,5,1,1,0,0,45.0,431.77698304960785,0,0,ACC,0
401762490,2025,South Florida,Florida Atlantic,1607.0,1270.0,65828.0,11.07972908,1,0,1,27.8,0.0,8.3,8,337.0,337.0,2877.0,0,0,0,0,3,0.8333333333333334,1.0,2,0.5,1.0,19.5,5,1,1,0,0,27.0,296.7645448616922,0,1,American Athletic,0
401752740,2025,Auburn,Missouri,1684.0,1788.0,87451.0,201.1737976,1,0,1,23.9,0.0,12.0,8,-104.0,104.0,3472.0,0,1,1,0,-3,0.5,0.0,-1,0.8333333333333334,0.0,18.75,5,1,1,0,0,86.0,935.9511975566577,0,0,SEC,1
401756924,2025,BYU,Utah,1695.0,1773.0,63470.0,1412.097046,1,0,1,13.2,0.0,2.2,8,-78.0,78.0,3468.0,0,1,1,1,6,1.0,1.0,2,0.8333333333333334,1.0,18.0,5,1,1,0,0,61.0,58.23332669653487,0,1,Big 12,1
401756926,2025,Oklahoma State,Cincinnati,1107.0,1558.0,55509.0,276.4808655,0,0,1,22.0,0.0,25.2,8,-451.0,451.0,2665.0,0,1,1,0,-5,0.16666666666666666,0.0,5,0.8333333333333334,1.0,19.0,5,1,1,0,0,106.0,1153.5376060678934,0,0,Big 12,0
401760395,2025,New Mexico,Nevada,1403.0,1188.0,39224.0,1554.471924,0,0,1,18.2,0.0,3.0,8,215.0,215.0,2591.0,0,0,0,0,-2,0.5,0.0,-4,0.16666666666666666,0.0,19.75,5,1,1,0,0,65.0,1266.8047626471143,0,0,Mountain West,0
401752941,2025,Oregon State,Lafayette,1237.0,1480.0,43363.0,66.90744781,0,0,0,14.2,0.0,7.3,8,-243.0,243.0,2717.0,1,0,1,0,-7,0.0,0.0,-1,0.0,0.0,19.0,5,1,1,0,0,72.0,,1,0,Pac-12,0
401754567,2025,Stanford,Florida State,1241.0,1572.0,50424.0,18.38425636,1,0,1,20.1,0.0,4.2,8,-331.0,331.0,2813.0,0,1,1,0,-1,0.3333333333333333,0.0,-3,0.5,0.0,19.5,5,1,1,0,0,19.0,3553.086538837648,0,0,ACC,0
401757285,2025,Florida International,Kennesaw State,1288.0,1332.0,20000.0,6.0,0,0,1,26.0,0.0,3.6,9,-44.0,44.0,2620.0,0,0,0,0,1,0.5,1.0,4,0.6666666666666666,1.0,19.0,1,0,1,0,0,30.0,1004.7443398074381,0,0,Conference USA,0
401757286,2025,Louisiana Tech,Western Kentucky,1381.0,1352.0,28019.0,72.87982941,0,0,1,22.1,0.0,7.6,9,29.0,29.0,2733.0,0,0,0,0,-1,0.6666666666666666,0.0,-1,0.7142857142857143,0.0,18.5,1,0,1,0,0,57.0,751.72287959094,0,0,Conference USA,0
401757287,2025,Delaware,Middle Tennessee,1468.0,1181.0,22000.0,28.74350357,0,0,1,12.9,0.0,6.5,9,287.0,287.0,2649.0,0,0,0,0,-2,0.5,0.0,-3,0.16666666666666666,0.0,19.5,2,0,1,0,0,73.0,1024.3386134071418,0,0,Conference USA,0
401757288,2025,New Mexico State,Missouri State,1231.0,1329.0,28853.0,1208.201294,0,0,1,23.9,0.0,9.4,9,-98.0,98.0,2560.0,0,0,0,0,-1,0.5,0.0,1,0.5,1.0,19.0,2,0,1,0,0,47.0,1344.4322564519762,0,0,Conference USA,0
401761634,2025,Georgia State,South Alabama,1097.0,1410.0,25000.0,287.0,0,0,1,20.4,0.0,8.5,9,-313.0,313.0,2507.0,0,0,0,0,-4,0.14285714285714285,0.0,-6,0.14285714285714285,0.0,19.5,3,0,1,0,0,8.0,491.9353262167473,0,0,Sun Belt,0
401762492,2025,Charlotte,North Texas,1054.0,1648.0,15300.0,190.365509,0,0,1,13.6,0.0,4.4,9,-594.0,594.0,2702.0,0,0,0,0,-4,0.14285714285714285,0.0,1,0.8571428571428571,1.0,19.0,4,0,1,0,0,12.0,1525.24135074055,0,0,American Athletic,0
401754372,2025,Virginia Tech,California,1419.0,1408.0,65632.0,632.2631226,1,0,1,7.8,0.0,7.6,9,11.0,11.0,2827.0,0,1,1,0,-2,0.2857142857142857,0.0,1,0.7142857142857143,1.0,19.5,4,0,1,0,0,60.0,3657.3741610162137,0,0,ACC,0
401760397,2025,Nevada,Boise State,1190.0,1725.0,27000.0,1406.57605,0,0,1,14.8,0.0,4.1,9,-535.0,535.0,2915.0,0,0,0,0,-5,0.14285714285714285,0.0,2,0.7142857142857143,1.0,19.0,4,0,1,0,0,59.0,542.2353482779085,0,0,Mountain West,0
401752883,2025,Nebraska,Northwestern,1641.0,1534.0,85458.0,354.9318848,0,0,1,11.5,0.0,9.7,9,107.0,107.0,3175.0,0,1,1,0,-1,0.7142857142857143,0.0,4,0.7142857142857143,1.0,11.0,5,1,0,0,0,102.0,765.1992491602117,0,0,Big Ten,1
401752750,2025,Oklahoma,Ole Miss,1781.0,1962.0,86112.0,355.0962524,1,0,1,17.8,0.0,6.7,9,-181.0,181.0,3743.0,0,1,1,0,1,0.8571428571428571,1.0,-1,0.8571428571428571,0.0,11.0,5,1,0,0,0,100.0,728.0804421943817,0,0,SEC,1
401754571,2025,Georgia Tech,Syracuse,1611.0,1402.0,55000.0,279.300415,0,0,1,17.2,0.0,12.6,9,209.0,209.0,3013.0,0,1,1,0,7,1.0,1.0,-3,0.42857142857142855,0.0,12.0,5,1,0,0,0,112.0,1255.0217875363496,0,0,ACC,1
401762846,2025,Kent State,Bowling Green,938.0,1329.0,25319.0,321.3641663,0,0,1,10.9,0.0,6.2,9,-391.0,391.0,2267.0,0,0,0,0,-1,0.2857142857142857,0.0,-1,0.42857142857142855,0.0,12.0,5,1,0,0,0,56.0,194.82591202355798,0,1,Mid-American,0
401762848,2025,Eastern Michigan,Ohio,1204.0,1612.0,30200.0,241.248764,0,0,1,10.2,0.0,0.4,9,-408.0,408.0,2816.0,0,0,0,0,-1,0.25,0.0,1,0.5714285714285714,1.0,12.0,5,1,0,0,0,56.0,351.2531951335937,0,0,Mid-American,0
401762494,2025,Memphis,South Florida,1680.0,1663.0,58325.0,90.62445831,0,0,1,19.5,0.0,12.0,9,17.0,17.0,3343.0,0,0,0,0,-1,0.8571428571428571,0.0,4,0.8571428571428571,1.0,11.0,5,1,0,0,0,60.0,1063.5869872666344,0,0,American Athletic,0
401761635,2025,Old Dominion,App State,1464.0,1331.0,20118.0,3.147987843,0,0,1,13.6,0.0,7.5,9,133.0,133.0,2795.0,0,0,0,0,-2,0.5714285714285714,0.0,-1,0.5714285714285714,0.0,12.0,5,1,0,0,0,89.0,486.4234261013233,0,0,Sun Belt,0
401752884,2025,Purdue,Rutgers,1290.0,1468.0,57282.0,197.5337677,1,0,1,8.0,0.0,6.6,9,-178.0,178.0,2758.0,0,1,1,0,-5,0.2857142857142857,0.0,-4,0.42857142857142855,0.0,12.0,5,1,0,0,0,101.0,1052.5378536491319,0,0,Big Ten,1
401752942,2025,Wake Forest,SMU,1463.0,1735.0,31500.0,283.548584,0,0,1,13.3,0.0,7.5,9,-272.0,272.0,3198.0,0,1,1,0,2,0.6666666666666666,1.0,3,0.7142857142857143,1.0,12.0,5,1,0,0,0,57.0,1556.393990537005,0,0,ACC,1
401752885,2025,Indiana,UCLA,2017.0,1448.0,52656.0,231.6500854,0,0,1,10.4,0.0,8.1,9,569.0,569.0,3465.0,0,1,1,0,7,1.0,1.0,3,0.42857142857142855,1.0,12.0,5,1,0,0,0,65.0,2861.564968323127,0,0,Big Ten,1
401754573,2025,North Carolina,Virginia,1342.0,1590.0,50500.0,127.7569809,0,0,1,14.2,0.0,7.7,9,-248.0,248.0,2932.0,0,1,1,0,-3,0.3333333333333333,0.0,5,0.8571428571428571,1.0,12.0,5,1,0,0,0,98.0,240.92319504173904,0,0,ACC,1
401752746,2025,Arkansas,Auburn,1617.0,1681.0,80000.0,403.7972412,0,0,1,14.3,0.0,21.1,9,-64.0,64.0,3298.0,0,1,1,0,-5,0.2857142857142857,0.0,-4,0.42857142857142855,0.0,11.75,5,1,0,0,0,87.0,885.5403471829816,0,0,SEC,0
401762844,2025,Buffalo,Akron,1356.0,991.0,30270.0,181.5759735,0,0,1,11.0,0.0,12.3,9,365.0,365.0,2347.0,0,0,0,0,2,0.5714285714285714,1.0,-2,0.25,0.0,13.0,5,1,0,0,0,32.0,311.0251537229958,0,0,Mid-American,0
401757172,2025,Rice,UConn,1156.0,1553.0,47000.0,7.148301601,0,0,0,26.0,0.0,2.9,9,-397.0,397.0,2709.0,0,0,0,0,-3,0.42857142857142855,0.0,4,0.7142857142857143,1.0,14.0,5,1,0,0,0,75.0,2442.4209294549923,0,0,American Athletic,0
401760400,2025,New Mexico,Utah State,1401.0,1377.0,39224.0,1554.471924,0,0,1,17.6,0.0,6.6,9,24.0,24.0,2778.0,0,0,0,0,1,0.5714285714285714,1.0,1,0.5714285714285714,1.0,13.0,5,1,0,0,0,65.0,869.3455520505544,0,0,Mountain West,0
401752751,2025,South Carolina,Alabama,1630.0,1991.0,80250.0,60.54548645,1,0,1,20.4,0.0,10.3,9,-361.0,361.0,3621.0,0,1,1,0,-2,0.42857142857142855,0.0,6,0.8571428571428571,1.0,15.5,5,1,0,0,0,91.0,610.801820130442,0,0,SEC,1
401756931,2025,Iowa State,BYU,1622.0,1697.0,61500.0,274.9135437,1,0,1,13.8,0.0,17.1,9,-75.0,75.0,3319.0,0,1,1,0,-2,0.7142857142857143,0.0,7,1.0,1.0,14.5,5,1,0,0,0,50.0,1518.7239272348495,0,0,Big 12,1
401760399,2025,Fresno State,San Diego State,1405.0,1534.0,41031.0,102.564064,0,0,1,20.6,0.0,3.1,9,-129.0,129.0,2939.0,0,0,0,0,-1,0.7142857142857143,0.0,4,0.8333333333333334,1.0,12.5,5,1,0,0,0,45.0,508.55824014974235,0,1,Mountain West,1
401754574,2025,Pittsburgh,NC State,1645.0,1487.0,68400.0,220.5887146,1,0,1,11.4,0.0,2.7,9,158.0,158.0,3132.0,0,1,1,0,3,0.7142857142857143,1.0,-1,0.5714285714285714,0.0,15.5,5,1,0,0,0,24.0,528.8848938460633,0,0,ACC,0
401762495,2025,Tulsa,Temple,1055.0,1330.0,30000.0,235.5928345,0,0,1,16.7,0.1,19.0,9,-275.0,275.0,2385.0,0,0,0,0,-3,0.2857142857142857,0.0,1,0.5714285714285714,1.0,14.5,5,1,0,0,0,95.0,1862.4455398961354,0,0,American Athletic,0
401752952,2025,Washington State,Toledo,1364.0,1579.0,32952.0,773.9526367,0,0,0,12.5,0.0,24.6,9,-215.0,215.0,2943.0,0,0,1,0,-2,0.42857142857142855,0.0,1,0.5714285714285714,1.0,12.5,5,1,0,0,0,53.0,2711.624774696274,0,0,Pac-12,0
401762874,2025,Miami (OH),Western Michigan,1449.0,1379.0,24286.0,242.2643585,0,0,1,11.9,0.0,9.5,9,70.0,70.0,2828.0,0,0,0,0,4,0.5714285714285714,1.0,4,0.5714285714285714,1.0,15.5,5,1,0,0,0,42.0,316.12054343301725,0,0,Mid-American,0
401752880,2025,Washington,Illinois,1674.0,1589.0,70138.0,11.65622807,0,0,1,12.6,0.0,15.5,9,85.0,85.0,3263.0,0,1,1,0,-1,0.7142857142857143,0.0,-1,0.7142857142857143,0.0,12.5,5,1,0,0,0,105.0,2830.786466920899,0,0,Big Ten,1
401752752,2025,Vanderbilt,Missouri,1753.0,1791.0,40351.0,159.9194641,0,0,1,21.5,0.0,8.1,9,-38.0,38.0,3544.0,0,1,1,0,1,0.8571428571428571,1.0,1,0.8571428571428571,1.0,14.5,5,1,0,0,0,103.0,577.4204215530305,0,0,SEC,0
401762845,2025,Northern Illinois,Ball State,1297.0,1055.0,23595.0,267.4530029,0,0,1,12.2,0.0,13.4,9,242.0,242.0,2352.0,0,0,0,0,-6,0.14285714285714285,0.0,1,0.42857142857142855,1.0,14.5,5,1,0,0,0,60.0,340.4010284715504,0,0,Mid-American,0
401762847,2025,Central Michigan,Massachusetts,1203.0,910.0,30255.0,240.9007721,0,0,1,11.0,0.0,1.4,9,293.0,293.0,2113.0,0,0,0,0,1,0.5714285714285714,1.0,-7,0.0,0.0,15.5,5,1,0,0,0,53.0,1003.3150312796306,0,0,Mid-American,0
401752882,2025,Iowa,Minnesota,1830.0,1592.0,69250.0,220.6357727,0,0,1,12.9,0.0,16.4,9,238.0,238.0,3422.0,0,1,1,1,2,0.7142857142857143,1.0,2,0.7142857142857143,1.0,14.5,5,1,0,0,0,96.0,392.9675444261499,0,0,Big Ten,1
401761637,2025,Southern Miss,UL Monroe,1309.0,1060.0,36000.0,64.52726746,0,0,1,24.4,0.0,16.9,9,249.0,249.0,2369.0,0,0,0,0,3,0.7142857142857143,1.0,-3,0.42857142857142855,0.0,14.5,5,1,0,0,0,93.0,290.57274012842277,0,0,Sun Belt,0
401762493,2025,Navy,Florida Atlantic,1533.0,1214.0,34000.0,10.74990082,0,0,1,14.2,0.0,1.9,9,319.0,319.0,2747.0,0,0,0,0,6,1.0,1.0,-1,0.42857142857142855,0.0,15.5,5,1,0,0,0,66.0,1441.4088473250745,0,0,American Athletic,1
401756930,2025,Cincinnati,Baylor,1594.0,1592.0,40000.0,230.0660553,0,0,1,12.5,0.0,6.8,9,2.0,2.0,3186.0,0,1,1,0,6,0.8571428571428571,1.0,-1,0.5714285714285714,0.0,16.0,5,1,0,0,0,110.0,1417.2148403491212,0,0,Big 12,1
401756933,2025,Texas Tech,Oklahoma State,1826.0,1071.0,60454.0,980.7632446,0,0,1,16.9,0.0,9.6,9,755.0,755.0,2897.0,0,1,1,0,-1,0.8571428571428571,0.0,-6,0.14285714285714285,0.0,15.0,5,1,0,0,0,78.0,521.1927852922164,0,0,Big 12,1
401752749,2025,Mississippi State,Texas,1495.0,1944.0,61337.0,110.2742081,1,0,1,22.4,0.0,15.9,9,-449.0,449.0,3439.0,0,1,1,0,-3,0.5714285714285714,0.0,2,0.7142857142857143,1.0,15.25,5,1,0,0,0,111.0,914.4610749289731,0,0,SEC,0
401756935,2025,West Virginia,TCU,1281.0,1719.0,60000.0,327.409668,0,0,1,10.3,0.0,4.2,9,-438.0,438.0,3000.0,0,1,1,0,-4,0.2857142857142857,0.0,1,0.7142857142857143,1.0,18.0,5,1,1,0,0,45.0,1738.8965471643792,0,0,Big 12,1
401752886,2025,Oregon,Wisconsin,2075.0,1435.0,54000.0,127.4198303,0,0,1,10.9,0.6,31.2,9,640.0,640.0,3510.0,0,1,1,0,1,0.8571428571428571,1.0,-5,0.2857142857142857,0.0,16.0,5,1,0,0,0,58.0,2695.023115802356,0,0,Big Ten,1
401761638,2025,Troy,Louisiana,1488.0,1333.0,30000.0,154.7746277,0,0,1,22.8,0.0,10.6,9,155.0,155.0,2821.0,0,0,0,0,4,0.7142857142857143,1.0,-2,0.2857142857142857,0.0,18.0,5,1,1,0,0,75.0,606.419418221733,0,0,Sun Belt,0
401761636,2025,Arkansas State,Georgia Southern,1235.0,1335.0,30382.0,89.52690887,0,0,1,19.8,0.1,19.4,9,-100.0,100.0,2570.0,0,0,0,0,2,0.42857142857142855,1.0,1,0.42857142857142855,1.0,18.0,5,1,1,0,0,51.0,901.9973677937346,0,0,Sun Belt,0
401754572,2025,Miami,Stanford,1832.0,1271.0,64767.0,2.624486446,0,0,1,24.0,0.3,12.9,9,561.0,561.0,3103.0,0,1,1,0,-1,0.8333333333333334,0.0,1,0.42857142857142855,1.0,19.0,5,1,1,0,0,38.0,4128.600972227136,0,0,ACC,1
401754570,2025,Louisville,Boston College,1746.0,1291.0,60000.0,138.5615997,0,0,1,12.5,0.0,7.5,9,455.0,455.0,3037.0,0,1,1,0,1,0.8333333333333334,1.0,-6,0.14285714285714285,0.0,19.5,5,1,1,0,0,27.0,1318.3404344263013,0,0,ACC,0
401752881,2025,Michigan State,Michigan,1348.0,1839.0,75005.0,254.8794861,1,0,1,8.5,0.0,7.8,9,-491.0,491.0,3187.0,0,1,1,1,-4,0.42857142857142855,0.0,1,0.7142857142857143,1.0,19.5,5,1,1,0,0,102.0,79.27908446000761,0,1,Big Ten,1
401760398,2025,Wyoming,Colorado State,1336.0,1353.0,29181.0,2200.153564,0,0,1,13.3,0.0,13.2,9,-17.0,17.0,2689.0,0,0,0,0,-1,0.42857142857142855,0.0,-1,0.2857142857142857,0.0,17.5,5,1,0,0,0,75.0,91.77878751979729,0,0,Mountain West,0
401752748,2025,LSU,Texas A&M,1752.0,1801.0,102321.0,7.640734673,1,0,1,22.1,0.0,13.7,9,-49.0,49.0,3553.0,0,1,1,1,-1,0.7142857142857143,0.0,7,1.0,1.0,18.5,5,1,1,0,0,101.0,494.4349236547837,0,0,SEC,1
401752747,2025,Kentucky,Tennessee,1533.0,1801.0,61000.0,307.4248962,0,0,1,11.4,0.0,8.9,9,-268.0,268.0,3334.0,0,1,1,1,-3,0.3333333333333333,0.0,-1,0.7142857142857143,0.0,19.75,5,1,1,0,0,52.0,235.55523821292675,0,0,SEC,1
401756929,2025,Arizona State,Houston,1638.0,1478.0,65870.0,360.1569519,1,0,1,27.5,0.0,1.9,9,160.0,160.0,3116.0,0,1,1,0,1,0.7142857142857143,1.0,2,0.8571428571428571,1.0,17.0,5,1,0,0,0,67.0,1622.0806970013507,0,0,Big 12,0
401756934,2025,Utah,Colorado,1771.0,1611.0,51444.0,1411.543579,0,0,1,18.9,0.0,17.9,9,160.0,160.0,3382.0,0,1,1,0,-1,0.7142857142857143,0.0,1,0.42857142857142855,1.0,20.25,5,1,1,0,0,27.0,563.5498616938322,0,0,Big 12,1
401757289,2025,Kennesaw State,UTEP,1374.0,1234.0,11040.0,296.9589844,1,0,1,10.8,0.0,12.8,10,140.0,140.0,2608.0,0,0,0,0,5,0.7142857142857143,1.0,1,0.2857142857142857,1.0,20.0,1,0,1,0,0,15.0,2059.6549590221885,0,0,Conference USA,1
401761639,2025,Texas State,James Madison,1554.0,1733.0,30000.0,177.8676453,0,0,1,21.6,0.0,21.7,10,-179.0,179.0,3287.0,0,0,0,0,-3,0.42857142857142855,0.0,5,0.8571428571428571,1.0,19.0,1,0,1,0,0,44.0,1988.2202292110323,0,0,Sun Belt,0
401757292,2025,Middle Tennessee,Jacksonville State,1184.0,1540.0,30788.0,191.7279816,0,0,1,10.5,0.0,8.3,10,-356.0,356.0,2724.0,0,0,0,0,-4,0.14285714285714285,0.0,2,0.5714285714285714,1.0,18.5,2,0,1,0,0,92.0,232.42053485907917,0,0,Conference USA,0
401757291,2025,Missouri State,Florida International,1335.0,1246.0,17337.0,402.368103,0,0,1,8.8,0.0,21.1,10,89.0,89.0,2581.0,0,0,0,0,2,0.5714285714285714,1.0,-1,0.42857142857142855,0.0,19.0,2,0,1,0,0,84.0,1761.9224777403979,0,0,Conference USA,0
401762443,2025,UTSA,Tulane,1470.0,1588.0,36582.0,201.5526886,0,1,1,19.8,0.0,1.3,10,-118.0,118.0,3058.0,0,0,0,0,-1,0.42857142857142855,0.0,3,0.8571428571428571,1.0,18.5,3,0,1,0,0,32.0,809.7766133089071,0,0,American Athletic,0
401761640,2025,Coastal Carolina,Marshall,1235.0,1583.0,21000.0,13.74894905,0,0,1,14.9,0.0,17.9,10,-348.0,348.0,2818.0,0,0,0,0,2,0.5714285714285714,1.0,2,0.5714285714285714,1.0,19.5,3,0,1,0,0,22.0,598.894946920257,0,0,Sun Belt,0
401762497,2025,Rice,Memphis,1163.0,1681.0,47000.0,7.148301601,0,0,1,19.4,0.0,3.1,10,-518.0,518.0,2844.0,0,0,0,0,1,0.5,1.0,1,0.875,1.0,18.0,4,0,1,0,0,75.0,787.8260960675508,0,0,American Athletic,0
401754575,2025,Syracuse,North Carolina,1362.0,1352.0,49057.0,162.6989746,0,1,1,3.9,1.8,32.9,10,10.0,10.0,2714.0,0,1,1,0,-4,0.375,0.0,-4,0.2857142857142857,0.0,19.5,4,0,1,0,0,45.0,831.0522470237548,0,0,ACC,0
401757290,2025,Louisiana Tech,Sam Houston,1378.0,1139.0,28019.0,72.87982941,0,0,1,13.6,0.0,5.5,10,239.0,239.0,2517.0,0,0,0,0,-2,0.5714285714285714,0.0,-7,0.0,0.0,19.0,4,0,1,0,0,57.0,339.8928143456973,0,0,Conference USA,0
401756938,2025,Houston,West Virginia,1507.0,1300.0,40000.0,9.57440567,0,0,1,19.1,0.0,6.7,10,207.0,207.0,2807.0,0,1,1,0,3,0.875,1.0,-5,0.25,0.0,11.0,5,1,0,0,0,11.0,1784.350059487175,0,0,Big 12,0
401762499,2025,North Texas,Navy,1674.0,1529.0,30850.0,198.6871948,0,0,1,13.7,0.3,11.6,10,145.0,145.0,3203.0,0,0,0,0,2,0.875,1.0,7,1.0,1.0,11.0,5,1,0,0,0,14.0,1958.4921817362333,0,0,American Athletic,0
401752889,2025,Ohio State,Penn State,2098.0,1990.0,102780.0,216.6770325,0,0,1,10.6,0.0,6.5,10,108.0,108.0,4088.0,0,1,1,0,7,1.0,1.0,-4,0.42857142857142855,0.0,12.0,5,1,0,0,0,103.0,446.3276645007931,0,0,Big Ten,1
401754581,2025,SMU,Miami,1727.0,1863.0,32000.0,169.4058075,0,0,1,14.2,0.3,7.1,10,-136.0,136.0,3590.0,0,1,1,0,-1,0.625,0.0,1,0.8571428571428571,1.0,11.0,5,1,0,0,0,25.0,1773.0093409175408,0,0,ACC,1
401756936,2025,Baylor,UCF,1542.0,1616.0,45140.0,117.0538101,0,0,1,14.1,0.9,6.1,10,-74.0,74.0,3158.0,0,1,1,0,-2,0.5,0.0,1,0.5714285714285714,1.0,11.0,5,1,0,0,0,11.0,1565.2338556054394,0,0,Big 12,0
401752891,2025,Illinois,Rutgers,1560.0,1462.0,60670.0,223.2471619,0,0,1,8.6,0.0,9.7,10,98.0,98.0,3022.0,0,1,1,0,-2,0.625,0.0,1,0.5,1.0,11.0,5,1,0,0,0,102.0,1167.4300425409651,0,0,Big Ten,1
401757173,2025,UConn,UAB,1546.0,1252.0,40000.0,6.515614986,1,0,0,11.3,0.0,22.0,10,294.0,294.0,2798.0,0,0,0,0,-1,0.625,0.0,1,0.42857142857142855,1.0,12.0,5,1,0,0,0,22.0,1545.4843497425265,0,0,FBS Independents,0
401752758,2025,Texas,Vanderbilt,1925.0,1765.0,100119.0,160.3089447,0,0,1,15.8,5.9,7.1,10,160.0,160.0,3690.0,0,1,1,0,3,0.75,1.0,2,0.875,1.0,11.0,5,1,0,0,0,101.0,1205.9584188345937,0,0,SEC,1
401754577,2025,Clemson,Duke,1708.0,1622.0,81500.0,205.6452179,1,0,1,12.5,0.0,2.5,10,86.0,86.0,3330.0,0,1,1,0,-1,0.42857142857142855,0.0,-1,0.5714285714285714,0.0,12.0,5,1,0,0,0,83.0,382.94526649168034,0,0,ACC,1
401762849,2025,Bowling Green,Buffalo,1322.0,1307.0,24000.0,205.9057465,0,0,1,10.5,0.0,12.8,10,15.0,15.0,2629.0,0,0,0,0,-2,0.375,0.0,-1,0.5,0.0,12.0,5,1,0,0,0,59.0,437.895406307567,0,0,Mid-American,0
401760401,2025,Air Force,Army,1355.0,1544.0,46692.0,2024.875732,0,0,0,7.4,0.0,1.8,10,-189.0,189.0,2899.0,0,0,0,1,1,0.2857142857142857,1.0,-1,0.42857142857142855,0.0,10.0,5,1,0,0,0,63.0,2622.3848259774213,0,0,Mountain West,0
401756939,2025,Iowa State,Arizona State,1597.0,1609.0,61500.0,274.9135437,1,0,1,7.3,0.1,18.1,10,-12.0,12.0,3206.0,0,1,1,0,-3,0.625,0.0,-1,0.625,0.0,12.0,5,1,0,0,0,50.0,1865.431451989741,0,0,Big 12,1
401762498,2025,Temple,East Carolina,1319.0,1530.0,69879.0,3.198706865,0,0,1,14.4,0.0,16.4,10,-211.0,211.0,2849.0,0,0,0,0,2,0.625,1.0,1,0.5714285714285714,1.0,14.0,5,1,0,0,0,22.0,516.0416622319076,0,0,American Athletic,0
401754580,2025,Virginia Tech,Louisville,1430.0,1738.0,65632.0,632.2631226,1,0,1,14.3,0.0,14.9,10,-308.0,308.0,3168.0,0,1,1,0,1,0.375,1.0,2,0.8571428571428571,1.0,15.0,5,1,0,0,0,60.0,482.33801621119807,0,0,ACC,0
401760404,2025,UNLV,New Mexico,1567.0,1442.0,65000.0,666.0,0,1,1,24.5,0.0,2.0,10,125.0,125.0,3009.0,0,0,0,0,-1,0.8571428571428571,0.0,2,0.625,1.0,12.0,5,1,0,0,0,5.0,781.7842831911695,0,0,Mountain West,0
401757294,2025,Western Kentucky,New Mexico State,1355.0,1225.0,22113.0,154.4346619,0,0,1,13.4,0.0,3.8,10,130.0,130.0,2580.0,0,0,0,0,1,0.75,1.0,-2,0.42857142857142855,0.0,14.5,5,1,0,0,0,57.0,1923.7219231757208,0,0,Conference USA,0
401754583,2025,Boston College,Notre Dame,1299.0,2193.0,44500.0,39.82634354,0,0,0,12.8,0.0,20.2,10,-894.0,894.0,3492.0,0,0,1,0,-7,0.125,0.0,5,0.7142857142857143,1.0,15.5,5,1,0,0,0,68.0,1245.13929343932,0,0,ACC,1
401761642,2025,South Alabama,Louisiana,1400.0,1322.0,25450.0,45.0,0,0,1,19.4,0.0,5.7,10,78.0,78.0,2722.0,0,0,0,0,1,0.25,1.0,-3,0.25,0.0,14.5,5,1,0,0,0,5.0,372.83986222927973,0,0,Sun Belt,0
401752888,2025,Minnesota,Michigan State,1515.0,1364.0,50850.0,254.3902283,0,0,1,6.9,0.1,7.2,10,151.0,151.0,2879.0,0,1,1,0,-1,0.625,0.0,-5,0.375,0.0,14.5,5,1,0,0,0,16.0,743.591353631827,0,0,Big Ten,0
401760402,2025,Boise State,Fresno State,1724.0,1360.0,36387.0,823.2221069,0,0,1,17.6,0.0,20.0,10,364.0,364.0,3084.0,0,0,0,1,3,0.75,1.0,-2,0.625,0.0,13.5,5,1,0,0,0,55.0,812.9895440721148,0,0,Mountain West,1
401761641,2025,UL Monroe,Old Dominion,1015.0,1463.0,27617.0,22.998209,0,0,1,16.7,0.0,1.7,10,-448.0,448.0,2478.0,0,0,0,0,-4,0.375,0.0,1,0.625,1.0,14.5,5,1,0,0,0,47.0,1517.796022031232,0,0,Sun Belt,0
401757293,2025,Liberty,Delaware,1424.0,1465.0,25000.0,272.9237061,0,0,1,16.2,0.0,13.5,10,-41.0,41.0,2889.0,0,0,0,0,2,0.42857142857142855,1.0,1,0.5714285714285714,1.0,15.5,5,1,0,0,0,36.0,393.2622170500475,0,0,Conference USA,0
401756941,2025,Kansas State,Texas Tech,1753.0,1855.0,50000.0,328.0574646,0,0,1,8.7,0.0,16.3,10,-102.0,102.0,3608.0,0,1,1,0,2,0.5,1.0,1,0.875,1.0,14.5,5,1,0,0,0,57.0,782.2985278960232,0,0,Big 12,1
401754582,2025,Stanford,Pittsburgh,1240.0,1673.0,50424.0,18.38425636,1,0,1,19.3,0.0,3.6,10,-433.0,433.0,2913.0,0,1,1,0,-1,0.375,0.0,4,0.75,1.0,12.5,5,1,0,0,0,19.0,3625.820555348104,0,0,ACC,0
401752887,2025,Maryland,Indiana,1573.0,2091.0,51802.0,32.68748093,0,0,1,15.8,0.0,17.3,10,-518.0,518.0,3664.0,0,1,1,0,-3,0.5714285714285714,0.0,8,1.0,1.0,15.5,5,1,0,0,0,75.0,826.5856388570714,0,0,Big Ten,0
401754576,2025,California,Virginia,1397.0,1580.0,62467.0,125.3108063,0,0,1,18.3,0.0,6.8,10,-183.0,183.0,2977.0,0,1,1,0,-1,0.625,0.0,6,0.875,1.0,12.75,5,1,0,0,0,102.0,3798.5255689963856,0,0,ACC,0
401752753,2025,Arkansas,Mississippi State,1604.0,1514.0,80000.0,403.7972412,0,0,1,13.1,0.0,18.1,10,90.0,90.0,3118.0,0,1,1,0,-6,0.25,0.0,-4,0.5,0.0,15.0,5,1,0,0,0,87.0,571.1505923306837,0,0,SEC,0
401762850,2025,Western Michigan,Central Michigan,1369.0,1234.0,30200.0,243.8211212,0,0,1,9.3,0.0,12.9,10,135.0,135.0,2603.0,0,0,0,1,-1,0.5,0.0,2,0.625,1.0,16.0,5,1,0,0,0,86.0,158.72394515725264,0,1,Mid-American,1
401756940,2025,Kansas,Oklahoma State,1563.0,1042.0,47000.0,274.855957,0,0,1,9.9,0.0,18.5,10,521.0,521.0,2605.0,0,1,1,0,-2,0.5,0.0,-7,0.125,0.0,15.0,5,1,0,0,0,104.0,353.9347099119874,0,0,Big 12,0
401756937,2025,Colorado,Arizona,1495.0,1472.0,50183.0,1634.041138,1,0,1,14.8,0.0,2.9,10,23.0,23.0,2967.0,0,1,1,0,-1,0.375,0.0,-2,0.5714285714285714,0.0,17.0,5,1,0,0,0,101.0,1003.9328182219116,0,0,Big 12,1
401752756,2025,Ole Miss,South Carolina,1963.0,1643.0,64038.0,146.8517151,1,0,1,14.8,0.0,6.6,10,320.0,320.0,3606.0,0,1,1,0,1,0.875,1.0,-3,0.375,0.0,18.0,5,1,1,0,0,110.0,784.3673617071047,0,0,SEC,1
401760405,2025,San Diego State,Wyoming,1579.0,1412.0,35000.0,62.0,1,0,1,20.4,0.0,6.5,10,167.0,167.0,2991.0,0,0,0,0,5,0.8571428571428571,1.0,1,0.5,1.0,16.0,5,1,0,0,0,3.0,1394.2880986085445,0,0,Mountain West,0
401752890,2025,Michigan,Purdue,1823.0,1296.0,107601.0,255.5500031,0,0,1,7.8,0.0,9.6,10,527.0,527.0,3119.0,0,1,1,0,2,0.75,1.0,-6,0.25,0.0,19.0,5,1,1,0,0,98.0,333.80066317051626,0,0,Big Ten,1
401752757,2025,Tennessee,Oklahoma,1828.0,1780.0,102455.0,271.9517212,1,0,1,12.8,0.0,5.5,10,48.0,48.0,3608.0,0,1,1,0,1,0.75,1.0,-1,0.75,0.0,19.5,5,1,1,0,0,104.0,1224.2863328702613,0,0,SEC,1
401754578,2025,Florida State,Wake Forest,1542.0,1471.0,67277.0,19.55942535,1,0,1,15.7,0.0,4.0,10,71.0,71.0,3013.0,0,1,1,0,-4,0.42857142857142855,0.0,3,0.7142857142857143,1.0,19.5,5,1,1,0,0,75.0,736.2546684085247,0,0,ACC,1
401752892,2025,Nebraska,USC,1645.0,1907.0,85458.0,354.9318848,0,0,1,7.0,0.0,2.9,10,-262.0,262.0,3552.0,0,1,1,0,1,0.75,1.0,-1,0.7142857142857143,0.0,18.5,5,1,1,0,0,102.0,2044.0037058665903,0,0,Big Ten,1
401752943,2025,Oregon State,Washington State,1248.0,1438.0,43363.0,66.90744781,0,0,1,14.3,0.0,5.2,10,-190.0,190.0,2686.0,0,1,1,0,1,0.125,1.0,1,0.5,1.0,16.5,5,1,0,0,0,72.0,533.411228876167,0,0,Pac-12,0
401754579,2025,NC State,Georgia Tech,1459.0,1651.0,58000.0,117.0089951,1,0,1,12.1,0.0,1.9,10,-192.0,192.0,3110.0,0,1,1,0,-2,0.5,0.0,8,1.0,1.0,19.5,5,1,1,0,0,59.0,564.9345224235703,0,0,ACC,1
401752754,2025,Auburn,Kentucky,1694.0,1506.0,87451.0,201.1737976,1,0,1,13.6,0.0,1.2,10,188.0,188.0,3200.0,0,1,1,0,1,0.5,1.0,-4,0.2857142857142857,0.0,18.5,5,1,1,0,0,86.0,609.1964728121566,0,0,SEC,1
401761643,2025,Troy,Arkansas State,1499.0,1260.0,30000.0,154.7746277,0,0,1,14.2,0.0,2.2,10,239.0,239.0,2759.0,0,0,0,0,5,0.75,1.0,3,0.5,1.0,19.0,5,1,1,0,0,75.0,626.3360378761662,0,0,Sun Belt,0
401756942,2025,Utah,Cincinnati,1887.0,1644.0,51444.0,1411.543579,0,0,1,10.6,0.0,4.9,10,243.0,243.0,3531.0,0,1,1,0,1,0.75,1.0,7,0.875,1.0,20.25,5,1,1,0,0,27.0,2327.6458163696584,0,0,Big 12,1
401760403,2025,San José State,Hawai'i,1410.0,1366.0,30456.0,28.30708694,0,0,1,17.7,0.0,4.1,10,44.0,44.0,2776.0,0,0,0,0,-2,0.2857142857142857,0.0,3,0.75,1.0,19.5,5,1,1,0,0,92.0,3882.4084736723225,0,0,Mountain West,0
401762852,2025,Ohio,Miami (OH),1596.0,1459.0,24000.0,194.230896,0,0,1,9.8,0.0,10.5,11,137.0,137.0,3055.0,0,0,0,0,2,0.625,1.0,5,0.625,1.0,19.0,1,0,1,0,0,96.0,226.9456930053717,0,1,Mid-American,1
401762851,2025,Akron,Massachusetts,1040.0,879.0,30000.0,321.2875061,0,0,1,8.3,0.0,10.2,11,161.0,161.0,1919.0,0,0,0,0,1,0.3333333333333333,1.0,-8,0.0,0.0,19.0,1,0,1,0,0,16.0,758.2292779760726,0,0,Mid-American,0
401762854,2025,Toledo,Northern Illinois,1505.0,1305.0,26038.0,181.4839783,0,0,1,9.8,0.0,20.5,11,200.0,200.0,2810.0,0,0,0,0,-1,0.5,0.0,1,0.25,1.0,19.0,2,0,1,0,0,88.0,429.1480474472979,0,0,Mid-American,0
401762853,2025,Ball State,Kent State,1047.0,945.0,22500.0,285.481781,0,0,1,10.3,0.0,17.4,11,102.0,102.0,1992.0,0,0,0,0,-1,0.375,0.0,1,0.375,1.0,19.0,2,0,1,0,0,58.0,360.8385528145968,0,0,Mid-American,0
401762500,2025,South Florida,UTSA,1662.0,1537.0,65828.0,11.07972908,1,0,1,22.4,0.0,5.5,11,125.0,125.0,3199.0,0,0,0,0,-1,0.75,0.0,1,0.5,1.0,19.5,3,0,1,0,0,27.0,1565.1848231585043,0,0,American Athletic,0
401761644,2025,App State,Georgia Southern,1332.0,1310.0,30000.0,991.3414307,0,0,1,7.0,0.0,5.0,11,22.0,22.0,2642.0,0,0,0,0,-2,0.5,0.0,-1,0.375,0.0,19.5,3,0,1,0,0,63.0,422.5482465736135,0,0,Sun Belt,1
401756946,2025,UCF,Houston,1537.0,1467.0,44206.0,20.94113731,1,0,1,22.3,0.0,4.3,11,70.0,70.0,3004.0,0,1,1,0,-1,0.5,0.0,-1,0.7777777777777778,0.0,20.0,4,0,1,0,0,18.0,1379.2546675294366,0,0,Big 12,1
401752896,2025,USC,Northwestern,1897.0,1530.0,77500.0,42.50374222,1,0,1,18.8,0.0,4.1,11,367.0,367.0,3427.0,0,1,1,0,1,0.75,1.0,-1,0.625,0.0,18.0,4,0,1,0,0,102.0,2809.017891195514,0,0,Big Ten,0
401762501,2025,Memphis,Tulane,1689.0,1521.0,58325.0,90.62445831,0,0,1,18.1,0.0,8.2,11,168.0,168.0,3210.0,0,0,0,0,2,0.8888888888888888,1.0,-1,0.75,0.0,20.0,4,0,1,0,0,60.0,575.7297093251264,0,0,American Athletic,0
401756945,2025,Texas Tech,BYU,1903.0,1722.0,60454.0,980.7632446,0,0,1,19.5,0.0,13.7,11,181.0,181.0,3625.0,0,1,1,0,2,0.8888888888888888,1.0,8,1.0,1.0,11.0,5,1,0,0,0,78.0,1141.3094919385767,0,0,Big 12,1
401752762,2025,Mississippi State,Georgia,1524.0,2017.0,61337.0,110.2742081,1,0,1,21.4,0.0,7.3,11,-493.0,493.0,3541.0,0,1,1,0,1,0.5555555555555556,1.0,4,0.875,1.0,11.0,5,1,0,0,0,111.0,504.3126430809521,0,0,SEC,0
401752893,2025,Penn State,Indiana,1942.0,2158.0,106572.0,354.1551514,1,0,1,14.5,0.0,9.5,11,-216.0,216.0,4100.0,0,1,1,0,-5,0.375,0.0,9,1.0,1.0,12.0,5,1,0,0,0,65.0,760.1013525703505,0,0,Big Ten,1
401762503,2025,Army,Temple,1537.0,1258.0,38000.0,99.21277618,0,0,1,15.1,0.0,13.1,11,279.0,279.0,2795.0,0,0,0,0,1,0.5,1.0,-1,0.5555555555555556,0.0,12.0,5,1,0,0,0,101.0,194.00002898887976,0,0,American Athletic,0
401761647,2025,Arkansas State,Southern Miss,1314.0,1354.0,30382.0,89.52690887,0,0,1,18.5,0.0,2.3,11,-40.0,40.0,2668.0,0,0,0,0,4,0.5555555555555556,1.0,4,0.75,1.0,11.0,5,1,0,0,0,51.0,517.5888727517538,0,0,Sun Belt,0
401761646,2025,Marshall,James Madison,1509.0,1801.0,38016.0,163.7328186,0,0,1,17.0,0.0,9.7,11,-292.0,292.0,3310.0,0,0,0,0,-1,0.5,0.0,6,0.875,1.0,12.0,5,1,0,0,0,34.0,309.081338314718,0,0,Sun Belt,0
401756947,2025,West Virginia,Colorado,1340.0,1389.0,60000.0,327.409668,0,0,1,16.0,0.1,17.6,11,-49.0,49.0,2729.0,0,1,1,0,1,0.3333333333333333,1.0,-2,0.3333333333333333,0.0,12.0,5,1,0,0,0,45.0,2154.493152926104,0,0,Big 12,1
401754584,2025,Boston College,SMU,1339.0,1741.0,44500.0,39.82634354,0,0,1,15.0,0.0,13.4,11,-402.0,402.0,3080.0,0,1,1,0,-8,0.1111111111111111,0.0,1,0.6666666666666666,1.0,12.0,5,1,0,0,0,68.0,2479.056559436315,0,0,ACC,0
401762855,2025,Eastern Michigan,Bowling Green,1220.0,1253.0,30200.0,241.248764,0,0,1,5.5,0.0,11.3,11,-33.0,33.0,2473.0,0,0,0,0,-2,0.2222222222222222,0.0,-3,0.3333333333333333,0.0,13.0,5,1,0,0,0,56.0,97.66348787762199,0,0,Mid-American,0
401752897,2025,Purdue,Ohio State,1310.0,2146.0,57282.0,197.5337677,1,0,1,10.5,0.1,6.4,11,-836.0,836.0,3456.0,0,1,1,0,-7,0.2222222222222222,0.0,8,1.0,1.0,13.0,5,1,0,0,0,101.0,334.51277810353974,0,0,Big Ten,1
401752761,2025,Ole Miss,The Citadel,1980.0,1480.0,64038.0,146.8517151,1,0,0,22.8,0.1,7.1,11,500.0,500.0,3460.0,1,0,1,0,2,0.8888888888888888,1.0,0,,,12.0,5,1,0,0,0,110.0,,1,0,SEC,1
401757299,2025,Liberty,Missouri State,1506.0,1340.0,25000.0,272.9237061,0,0,1,20.6,0.0,9.0,11,166.0,166.0,2846.0,0,0,0,0,3,0.5,1.0,3,0.625,1.0,13.0,5,1,0,0,0,36.0,1246.9637021809501,0,0,Conference USA,0
401762502,2025,Rice,UAB,1155.0,1237.0,47000.0,7.148301601,0,0,1,29.2,0.0,9.2,11,-82.0,82.0,2392.0,0,0,0,0,-1,0.4444444444444444,0.0,-1,0.375,0.0,13.0,5,1,0,0,0,75.0,917.7538771066744,0,0,American Athletic,0
401752894,2025,Rutgers,Maryland,1419.0,1506.0,52454.0,19.0,0,0,1,18.1,0.0,10.3,11,-87.0,87.0,2925.0,0,1,1,1,-1,0.4444444444444444,0.0,-4,0.5,0.0,14.5,5,1,0,0,0,31.0,271.4852781166967,0,0,Big Ten,0
401762504,2025,East Carolina,Charlotte,1591.0,1028.0,50000.0,19.0564537,1,0,1,22.7,0.0,3.8,11,563.0,563.0,2619.0,0,0,0,0,2,0.625,1.0,-5,0.125,0.0,15.0,5,1,0,0,0,62.0,307.38783037106725,0,1,American Athletic,0
401757297,2025,UTEP,Jacksonville State,1220.0,1525.0,51500.0,1183.697876,0,0,1,24.9,0.0,9.5,11,-305.0,305.0,2745.0,0,0,0,0,-1,0.25,0.0,3,0.625,1.0,13.0,5,1,0,0,0,62.0,1948.6810452135574,0,0,Conference USA,0
401757296,2025,Middle Tennessee,Florida International,1199.0,1241.0,30788.0,191.7279816,0,0,1,22.7,0.0,6.3,11,-42.0,42.0,2440.0,0,0,0,0,-5,0.125,0.0,-2,0.375,0.0,14.0,5,1,0,0,0,92.0,1259.5476481551625,0,0,Conference USA,0
401757295,2025,Delaware,Louisiana Tech,1383.0,1465.0,22000.0,28.74350357,0,0,1,18.6,0.0,7.1,11,-82.0,82.0,2848.0,0,0,0,0,-1,0.5,0.0,1,0.625,1.0,15.0,5,1,0,0,0,73.0,1709.5318677481932,0,0,Conference USA,0
401762505,2025,Florida Atlantic,Tulsa,1218.0,1066.0,29419.0,3.613628864,0,0,1,26.8,1.9,8.6,11,152.0,152.0,2284.0,0,0,0,0,-2,0.375,0.0,-4,0.25,0.0,15.0,5,1,0,0,0,14.0,1852.7562736606828,0,0,American Athletic,0
401752763,2025,Missouri,Texas A&M,1779.0,1859.0,71168.0,212.6865692,0,0,1,14.9,0.0,4.1,11,-80.0,80.0,3638.0,0,1,1,0,-1,0.75,0.0,8,1.0,1.0,14.5,5,1,0,0,0,98.0,995.2284758597656,0,0,SEC,0
401756944,2025,TCU,Iowa State,1700.0,1589.0,46000.0,185.4387054,1,0,1,27.1,0.0,1.9,11,111.0,111.0,3289.0,0,1,1,0,2,0.75,1.0,-4,0.5555555555555556,0.0,14.5,5,1,0,0,0,96.0,1085.5979540615363,0,0,Big 12,1
401752898,2025,Iowa,Oregon,1907.0,2055.0,69250.0,220.6357727,0,0,1,5.5,0.4,8.4,11,-148.0,148.0,3962.0,0,1,1,0,3,0.75,1.0,2,0.875,1.0,14.5,5,1,0,0,0,96.0,2567.007007835719,0,0,Big Ten,1
401754590,2025,UConn,Duke,1561.0,1627.0,40000.0,6.515614986,1,0,0,15.9,0.0,9.4,11,-66.0,66.0,3188.0,0,1,0,0,1,0.6666666666666666,1.0,1,0.625,1.0,15.5,5,1,0,0,0,22.0,842.3394525509624,0,0,FBS Independents,1
401756943,2025,Arizona,Kansas,1578.0,1556.0,50782.0,742.1530151,0,0,1,28.2,0.0,0.2,11,22.0,22.0,3134.0,0,1,1,0,1,0.625,1.0,1,0.5555555555555556,1.0,13.5,5,1,0,0,0,97.0,1601.963104235231,0,0,Big 12,0
401754587,2025,Miami,Syracuse,1849.0,1320.0,64767.0,2.624486446,0,0,1,27.4,3.5,4.2,11,529.0,529.0,3169.0,0,1,1,0,-1,0.75,0.0,-5,0.3333333333333333,0.0,15.5,5,1,0,0,0,38.0,1935.2130452077392,0,0,ACC,1
401757298,2025,New Mexico State,Kennesaw State,1194.0,1388.0,28853.0,1208.201294,0,0,1,25.5,0.0,5.3,11,-194.0,194.0,2582.0,0,0,0,0,-3,0.375,0.0,6,0.75,1.0,14.0,5,1,0,0,0,47.0,2069.273634615858,0,0,Conference USA,0
401752764,2025,Vanderbilt,Auburn,1766.0,1665.0,40351.0,159.9194641,0,0,1,21.6,0.0,7.4,11,101.0,101.0,3431.0,0,1,1,0,-1,0.7777777777777778,0.0,-1,0.4444444444444444,0.0,15.0,5,1,0,0,0,103.0,411.97252039279454,0,0,SEC,0
401761645,2025,Coastal Carolina,Georgia State,1309.0,1107.0,21000.0,13.74894905,0,0,1,24.3,0.1,5.0,11,202.0,202.0,2416.0,0,0,0,0,3,0.625,1.0,-5,0.125,0.0,16.0,5,1,0,0,0,22.0,496.68882915421636,0,0,Sun Belt,0
401754588,2025,North Carolina,Stanford,1394.0,1245.0,50500.0,127.7569809,0,0,1,21.1,0.0,3.4,11,149.0,149.0,2639.0,0,1,1,0,1,0.375,1.0,-2,0.3333333333333333,0.0,16.5,5,1,0,0,0,98.0,3815.1496424304496,0,0,ACC,1
401752899,2025,Wisconsin,Washington,1455.0,1703.0,80321.0,263.604126,0,0,1,4.3,0.1,12.3,11,-248.0,248.0,3158.0,0,1,1,0,-6,0.25,0.0,1,0.75,1.0,15.5,5,1,0,0,0,108.0,2599.1107816242834,0,0,Big Ten,0
401761648,2025,Louisiana,Texas State,1347.0,1486.0,41426.0,3.556508303,0,0,1,26.7,0.0,11.7,11,-139.0,139.0,2833.0,0,0,0,0,1,0.3333333333333333,1.0,-4,0.375,0.0,16.0,5,1,0,0,0,54.0,567.3812121230118,0,0,Sun Belt,0
401760406,2025,San José State,Air Force,1417.0,1362.0,30456.0,28.30708694,0,0,1,21.3,0.0,5.7,11,55.0,55.0,2779.0,0,0,0,0,1,0.375,1.0,-1,0.25,0.0,15.0,5,1,0,0,0,92.0,1497.9276044972005,0,0,Mountain West,0
401754586,2025,Clemson,Florida State,1703.0,1631.0,81500.0,205.6452179,1,0,1,16.2,0.0,4.1,11,72.0,72.0,3334.0,0,1,1,0,-2,0.375,0.0,1,0.5,1.0,19.0,5,1,1,0,0,83.0,490.9961188260252,0,0,ACC,1
401754589,2025,Virginia,Wake Forest,1585.0,1382.0,61500.0,170.4677429,1,0,1,13.1,0.0,6.1,11,203.0,203.0,2967.0,0,1,1,0,7,0.8888888888888888,1.0,-1,0.625,0.0,19.0,5,1,1,0,0,94.0,261.73526074447847,0,0,ACC,1
401754585,2025,Louisville,California,1737.0,1392.0,60000.0,138.5615997,0,0,1,14.3,0.0,6.3,11,345.0,345.0,3129.0,0,1,1,0,3,0.875,1.0,-2,0.5555555555555556,0.0,19.0,5,1,1,0,0,27.0,3175.0635465093033,0,0,ACC,0
401757166,2025,Notre Dame,Navy,2153.0,1513.0,80795.0,222.645401,0,0,0,4.5,0.0,12.1,11,640.0,640.0,3666.0,0,0,0,1,6,0.75,1.0,-1,0.875,0.0,19.5,5,1,1,0,0,95.0,877.20357786908,0,0,FBS Independents,1
401752760,2025,Kentucky,Florida,1535.0,1655.0,61000.0,307.4248962,0,0,1,13.2,0.0,4.6,11,-120.0,120.0,3190.0,0,1,1,0,1,0.375,1.0,-1,0.375,0.0,19.5,5,1,1,0,0,52.0,951.9275425874566,0,0,SEC,1
401760409,2025,Utah State,Nevada,1336.0,1191.0,25513.0,1427.914429,0,0,1,6.1,0.0,1.1,11,145.0,145.0,2527.0,0,0,0,0,-1,0.5,0.0,-6,0.125,0.0,17.5,5,1,0,0,0,57.0,718.1920278063761,0,0,Mountain West,0
401752759,2025,Alabama,LSU,1978.0,1694.0,101821.0,70.05136108,1,0,1,20.0,0.0,2.1,11,284.0,284.0,3672.0,0,1,1,1,7,0.875,1.0,-2,0.625,0.0,18.5,5,1,1,0,0,96.0,463.1347376254576,0,0,SEC,1
401752895,2025,UCLA,Nebraska,1374.0,1655.0,88565.0,245.1772461,1,0,1,20.5,0.0,1.3,11,-281.0,281.0,3029.0,0,1,1,0,-1,0.375,0.0,-1,0.6666666666666666,0.0,18.0,5,1,1,0,0,103.0,2026.574499639016,0,0,Big Ten,0
401760407,2025,Colorado State,UNLV,1277.0,1549.0,36500.0,1528.4,0,0,1,4.6,0.0,5.5,11,-272.0,272.0,2826.0,0,0,0,0,-2,0.25,0.0,-2,0.75,0.0,19.5,5,1,1,0,0,8.0,1010.7339465366134,0,0,Mountain West,0
401752944,2025,Oregon State,Sam Houston,1252.0,1052.0,43363.0,66.90744781,0,0,0,8.9,0.0,5.7,11,200.0,200.0,2304.0,0,0,1,0,2,0.2222222222222222,1.0,-8,0.0,0.0,19.0,5,1,1,0,0,72.0,2865.543328676233,0,0,Pac-12,0
401760408,2025,Hawai'i,San Diego State,1359.0,1601.0,15194.0,20.0,0,0,1,23.1,0.1,13.4,11,-242.0,242.0,2960.0,0,0,0,0,-1,0.6666666666666666,0.0,6,0.875,1.0,18.0,5,1,1,0,0,10.0,4199.238711665948,0,0,Mountain West,1
401762856,2025,Akron,Kent State,1114.0,945.0,30000.0,321.2875061,0,0,1,-0.1,0.0,21.4,12,169.0,169.0,2059.0,0,0,0,0,2,0.4,1.0,-1,0.3333333333333333,0.0,19.5,1,0,1,0,1,16.0,17.926244970089023,0,1,Mid-American,0
401762857,2025,Western Michigan,Ohio,1368.0,1595.0,30200.0,243.8211212,0,0,1,0.3,0.0,18.7,12,-227.0,227.0,2963.0,0,0,0,0,1,0.5555555555555556,1.0,3,0.6666666666666666,1.0,20.0,1,0,1,0,1,86.0,441.87753684904203,0,0,Mid-American,0
401762858,2025,Central Michigan,Buffalo,1235.0,1376.0,30255.0,240.9007721,0,0,1,4.3,0.0,14.5,12,-141.0,141.0,2611.0,0,0,0,0,-1,0.5555555555555556,0.0,1,0.5555555555555556,1.0,19.0,2,0,1,0,1,53.0,489.2494780529535,0,0,Mid-American,0
401762859,2025,Massachusetts,Northern Illinois,805.0,1219.0,17000.0,46.58664703,0,0,1,3.9,0.0,7.1,12,-414.0,414.0,2024.0,0,0,0,0,-9,0.0,0.0,-1,0.2222222222222222,0.0,19.0,2,0,1,0,1,60.0,1337.704219130527,0,0,Mid-American,0
401762860,2025,Miami (OH),Toledo,1460.0,1591.0,24286.0,242.2643585,0,0,1,6.1,0.0,14.4,12,-131.0,131.0,3051.0,0,0,0,0,-1,0.5555555555555556,0.0,1,0.5555555555555556,1.0,19.0,2,0,1,0,1,42.0,255.80909453962212,0,1,Mid-American,0
401761649,2025,Old Dominion,Troy,1480.0,1445.0,20118.0,3.147987843,0,0,1,10.0,0.0,5.9,12,35.0,35.0,2925.0,0,0,0,0,2,0.6666666666666666,1.0,-1,0.6666666666666666,0.0,19.5,3,0,1,0,1,89.0,1050.1697839675596,0,0,Sun Belt,1
401754591,2025,Louisville,Clemson,1709.0,1725.0,60000.0,138.5615997,0,0,1,16.8,0.0,11.0,12,-16.0,16.0,3434.0,0,1,1,0,-1,0.7777777777777778,0.0,1,0.4444444444444444,1.0,19.5,4,0,1,0,1,27.0,470.9177490636936,0,0,ACC,0
401752904,2025,Oregon,Minnesota,2050.0,1514.0,54000.0,127.4198303,0,0,1,13.1,0.0,6.4,12,536.0,536.0,3564.0,0,1,1,0,3,0.8888888888888888,1.0,1,0.6666666666666666,1.0,18.0,4,0,1,0,1,58.0,2355.017318284815,0,0,Big Ten,1
401752772,2025,Texas A&M,South Carolina,1904.0,1637.0,102733.0,108.824585,1,0,1,23.8,0.0,18.8,12,267.0,267.0,3541.0,0,1,1,0,9,1.0,1.0,-4,0.3333333333333333,0.0,11.0,5,1,0,0,1,98.0,1486.2877415090268,0,0,SEC,1
401757174,2025,UConn,Air Force,1563.0,1388.0,40000.0,6.515614986,1,0,0,6.0,0.0,2.5,12,175.0,175.0,2951.0,0,0,0,0,2,0.7,1.0,1,0.3333333333333333,1.0,12.0,5,1,0,0,1,22.0,2730.7898712559354,0,0,FBS Independents,0
401762507,2025,Charlotte,UTSA,1020.0,1465.0,15300.0,190.365509,0,0,1,21.0,0.0,11.1,12,-445.0,445.0,2485.0,0,0,0,0,-6,0.1111111111111111,0.0,-1,0.4444444444444444,0.0,12.0,5,1,0,0,1,12.0,1787.0181324380965,0,0,American Athletic,0
401762861,2025,Ball State,Eastern Michigan,1047.0,1229.0,22500.0,285.481781,0,0,1,19.6,0.0,28.9,12,-182.0,182.0,2276.0,0,0,0,0,1,0.4444444444444444,1.0,1,0.3,1.0,12.0,5,1,0,0,1,58.0,270.80014791901095,0,0,Mid-American,0
401762510,2025,Navy,South Florida,1480.0,1734.0,34000.0,10.74990082,0,0,1,12.8,0.0,5.9,12,-254.0,254.0,3214.0,0,0,0,0,-2,0.7777777777777778,0.0,1,0.7777777777777778,1.0,12.0,5,1,0,0,1,66.0,1343.6551722910724,0,0,American Athletic,1
401756952,2025,Oklahoma State,Kansas State,1049.0,1705.0,55509.0,276.4808655,0,0,1,22.0,0.0,14.4,12,-656.0,656.0,2754.0,0,1,1,0,-8,0.1111111111111111,0.0,-1,0.4444444444444444,0.0,11.0,5,1,0,0,1,106.0,344.5923071349576,0,0,Big 12,0
401754597,2025,Pittsburgh,Notre Dame,1668.0,2186.0,68400.0,220.5887146,1,0,0,15.8,0.1,15.0,12,-518.0,518.0,3854.0,0,0,1,0,5,0.7777777777777778,1.0,7,0.7777777777777778,1.0,12.0,5,1,0,0,1,24.0,539.3740574742214,0,0,ACC,1
401756951,2025,Cincinnati,Arizona,1590.0,1580.0,40000.0,230.0660553,0,0,1,17.8,0.0,17.7,12,10.0,10.0,3170.0,0,1,1,0,-1,0.7777777777777778,0.0,2,0.6666666666666666,1.0,12.0,5,1,0,0,1,110.0,2497.325311217347,0,0,Big 12,1
401752901,2025,Indiana,Wisconsin,2150.0,1459.0,52656.0,231.6500854,0,0,1,20.1,0.0,23.7,12,691.0,691.0,3609.0,0,1,1,0,10,1.0,1.0,1,0.3333333333333333,1.0,12.0,5,1,0,0,1,65.0,495.38304845830197,0,0,Big Ten,1
401752768,2025,LSU,Arkansas,1695.0,1594.0,102321.0,7.640734673,1,0,1,22.8,0.0,7.4,12,101.0,101.0,3289.0,0,1,1,1,-3,0.5555555555555556,0.0,-7,0.2222222222222222,0.0,11.75,5,1,0,0,1,101.0,687.7385985917066,0,0,SEC,1
401752945,2025,Tulsa,Oregon State,1037.0,1232.0,30000.0,235.5928345,0,0,0,25.8,0.0,9.5,12,-195.0,195.0,2269.0,0,1,0,0,-5,0.2222222222222222,0.0,-1,0.2,0.0,12.0,5,1,0,0,1,95.0,2483.3738196795275,0,0,American Athletic,0
401756948,2025,Arizona State,West Virginia,1617.0,1352.0,65870.0,360.1569519,1,0,1,24.0,0.0,6.3,12,265.0,265.0,2969.0,0,1,1,0,1,0.6666666666666666,1.0,2,0.4,1.0,11.0,5,1,0,0,1,67.0,2922.840579731143,0,0,Big 12,0
401752767,2025,Kentucky,Tennessee Tech,1622.0,1480.0,61000.0,307.4248962,0,0,0,18.8,0.0,23.5,12,142.0,142.0,3102.0,1,0,1,0,2,0.4444444444444444,1.0,0,,,13.5,5,1,0,0,1,52.0,,1,0,SEC,0
401762506,2025,UAB,North Texas,1223.0,1690.0,45000.0,187.0,0,0,1,23.4,0.0,15.6,12,-467.0,467.0,2913.0,0,0,0,0,-2,0.3333333333333333,0.0,3,0.8888888888888888,1.0,13.0,5,1,0,0,1,4.0,962.0940428887487,0,0,American Athletic,0
401761651,2025,Georgia State,Marshall,1098.0,1508.0,25000.0,287.0,0,0,1,22.7,0.0,13.6,12,-410.0,410.0,2606.0,0,0,0,0,-6,0.1111111111111111,0.0,-2,0.4444444444444444,0.0,14.0,5,1,0,0,1,8.0,550.590728047016,0,0,Sun Belt,0
401757304,2025,Missouri State,UTEP,1358.0,1233.0,17337.0,402.368103,0,0,1,24.8,0.0,15.6,12,125.0,125.0,2591.0,0,0,0,0,4,0.6666666666666666,1.0,-2,0.2222222222222222,0.0,14.0,5,1,0,0,1,84.0,1352.406281665944,0,0,Conference USA,0
401760411,2025,New Mexico,Colorado State,1460.0,1221.0,39224.0,1554.471924,0,0,1,21.0,0.0,2.3,12,239.0,239.0,2681.0,0,0,0,0,3,0.6666666666666666,1.0,-3,0.2222222222222222,0.0,13.0,5,1,0,0,1,65.0,626.6527974885181,0,0,Mountain West,0
401754595,2025,Miami,NC State,1865.0,1498.0,64767.0,2.624486446,0,0,1,25.7,0.0,9.9,12,367.0,367.0,3363.0,0,1,1,0,1,0.7777777777777778,1.0,1,0.5555555555555556,1.0,15.5,5,1,0,0,1,38.0,1103.9865034650861,0,0,ACC,1
401754593,2025,Duke,Virginia,1625.0,1555.0,40004.0,103.0028152,1,0,1,22.2,0.0,12.5,12,70.0,70.0,3180.0,0,1,1,0,-1,0.5555555555555556,0.0,-1,0.8,0.0,15.5,5,1,0,0,1,96.0,229.538042212035,0,0,ACC,0
401754592,2025,Boston College,Georgia Tech,1298.0,1612.0,44500.0,39.82634354,0,0,1,7.0,0.0,9.2,12,-314.0,314.0,2910.0,0,1,1,0,-9,0.1,0.0,-1,0.8888888888888888,0.0,15.5,5,1,0,0,1,68.0,1496.1037407482586,0,0,ACC,0
401752903,2025,Michigan State,Penn State,1365.0,1950.0,75005.0,254.8794861,1,0,1,16.5,0.0,22.5,12,-585.0,585.0,3315.0,0,1,1,0,-6,0.3333333333333333,0.0,-6,0.3333333333333333,0.0,15.5,5,1,0,0,1,102.0,589.3637937568582,0,0,Big Ten,0
401752906,2025,Illinois,Maryland,1603.0,1467.0,60670.0,223.2471619,0,0,1,22.3,0.0,22.8,12,136.0,136.0,3070.0,0,1,1,0,1,0.6666666666666666,1.0,-5,0.4444444444444444,0.0,14.5,5,1,0,0,1,102.0,975.090175262486,0,0,Big Ten,1
401752907,2025,USC,Iowa,1911.0,1912.0,77500.0,42.50374222,1,0,1,14.4,5.3,1.8,12,-1.0,1.0,3823.0,0,1,1,0,2,0.7777777777777778,1.0,-1,0.6666666666666666,0.0,12.5,5,1,0,0,1,102.0,2484.8296039556817,0,0,Big Ten,0
401756953,2025,Texas Tech,UCF,1937.0,1528.0,60454.0,980.7632446,0,0,1,30.7,0.0,17.5,12,409.0,409.0,3465.0,0,1,1,0,3,0.9,1.0,-2,0.4444444444444444,0.0,14.5,5,1,0,0,1,78.0,2041.4733653056294,0,0,Big 12,1
401757303,2025,Western Kentucky,Middle Tennessee,1386.0,1134.0,22113.0,154.4346619,0,0,1,23.5,0.0,25.2,12,252.0,252.0,2520.0,0,0,0,0,2,0.7777777777777778,1.0,-6,0.1111111111111111,0.0,14.5,5,1,0,0,1,57.0,126.31951313460195,0,0,Conference USA,0
401752765,2025,Alabama,Oklahoma,1977.0,1794.0,101821.0,70.05136108,1,0,1,24.1,0.0,16.1,12,183.0,183.0,3771.0,0,1,1,0,8,0.8888888888888888,1.0,1,0.7777777777777778,1.0,14.5,5,1,0,0,1,96.0,935.9283369956007,0,0,SEC,1
401760413,2025,Nevada,San José State,1105.0,1391.0,27000.0,1406.57605,0,0,1,15.0,0.0,10.3,12,-286.0,286.0,2496.0,0,0,0,0,-7,0.1111111111111111,0.0,-1,0.3333333333333333,0.0,12.5,5,1,0,0,1,59.0,305.337121428237,0,0,Mountain West,0
401761653,2025,UL Monroe,South Alabama,998.0,1375.0,27617.0,22.998209,0,0,1,26.5,0.0,16.1,12,-377.0,377.0,2373.0,0,0,0,0,-5,0.3333333333333333,0.0,-1,0.2222222222222222,0.0,14.5,5,1,0,0,1,47.0,419.6691869013596,0,0,Sun Belt,0
401761654,2025,Southern Miss,Texas State,1362.0,1483.0,36000.0,64.52726746,0,0,1,25.4,0.0,11.5,12,-121.0,121.0,2845.0,0,0,0,0,5,0.7777777777777778,1.0,-5,0.3333333333333333,0.0,14.5,5,1,0,0,1,93.0,837.5838886243317,0,0,Sun Belt,0
401761652,2025,James Madison,App State,1802.0,1328.0,24877.0,399.303009,0,0,1,21.1,0.0,18.5,12,474.0,474.0,3130.0,0,0,0,0,7,0.8888888888888888,1.0,-3,0.4444444444444444,0.0,15.5,5,1,0,0,1,50.0,350.67365334548657,0,0,Sun Belt,1
401762508,2025,East Carolina,Memphis,1599.0,1665.0,50000.0,19.0564537,1,0,1,19.6,0.0,12.2,12,-66.0,66.0,3264.0,0,0,0,0,3,0.6666666666666666,1.0,-1,0.8,0.0,16.0,5,1,0,0,1,62.0,1144.2031736465885,0,0,American Athletic,0
401762509,2025,Tulane,Florida Atlantic,1545.0,1247.0,30000.0,0.0,0,0,1,24.2,0.0,10.5,12,298.0,298.0,2792.0,0,0,0,0,1,0.7777777777777778,1.0,1,0.4444444444444444,1.0,15.0,5,1,0,0,1,11.0,1058.4172725139554,0,0,American Athletic,1
401752771,2025,Tennessee,New Mexico State,1814.0,1201.0,102455.0,271.9517212,1,0,0,19.7,0.0,21.0,12,613.0,613.0,3015.0,0,0,1,0,-1,0.6666666666666666,0.0,-4,0.3333333333333333,0.0,16.25,5,1,0,0,1,104.0,2134.605138201689,0,0,SEC,1
401754596,2025,Wake Forest,North Carolina,1412.0,1393.0,31500.0,283.548584,0,0,1,20.7,0.0,14.2,12,19.0,19.0,2805.0,0,1,1,0,1,0.6666666666666666,1.0,2,0.4444444444444444,1.0,16.5,5,1,0,0,1,57.0,111.33818106514967,0,1,ACC,1
401757301,2025,Florida International,Liberty,1306.0,1488.0,20000.0,6.0,0,0,1,23.6,0.0,8.1,12,-182.0,182.0,2794.0,0,0,0,0,1,0.4444444444444444,1.0,-1,0.4444444444444444,0.0,17.0,5,1,0,0,1,30.0,1295.0633918461785,0,0,Conference USA,0
401761650,2025,Georgia Southern,Coastal Carolina,1314.0,1318.0,25000.0,61.25376892,0,0,1,17.5,0.0,12.9,12,-4.0,4.0,2632.0,0,0,0,0,1,0.4444444444444444,1.0,4,0.6666666666666666,1.0,18.0,5,1,1,0,1,41.0,300.0743298459365,0,0,Sun Belt,1
401752769,2025,Ole Miss,Florida,1969.0,1555.0,64038.0,146.8517151,1,0,1,20.8,0.0,19.9,12,414.0,414.0,3524.0,0,1,1,0,3,0.9,1.0,-2,0.3333333333333333,0.0,18.0,5,1,1,0,1,110.0,856.0803688343384,0,0,SEC,1
401752902,2025,Washington,Purdue,1699.0,1331.0,70138.0,11.65622807,0,0,1,12.8,0.0,5.7,12,368.0,368.0,3030.0,0,1,1,0,-1,0.6666666666666666,0.0,-8,0.2,0.0,16.0,5,1,0,0,1,105.0,2911.5785585722506,0,0,Big Ten,1
401760414,2025,UNLV,Utah State,1605.0,1422.0,65000.0,666.0,0,1,1,14.0,1.6,9.3,12,183.0,183.0,3027.0,0,0,0,0,1,0.7777777777777778,1.0,1,0.5555555555555556,1.0,16.0,5,1,0,0,1,5.0,693.6321508648924,0,0,Mountain West,0
401756949,2025,Baylor,Utah,1621.0,1941.0,45140.0,117.0538101,0,0,1,25.5,0.0,16.5,12,-320.0,320.0,3562.0,0,1,1,0,1,0.5555555555555556,1.0,2,0.7777777777777778,1.0,18.0,5,1,1,0,1,11.0,1668.3126426808415,0,0,Big 12,0
401754594,2025,Florida State,Virginia Tech,1609.0,1431.0,67277.0,19.55942535,1,0,1,16.7,0.0,10.9,12,178.0,178.0,3040.0,0,1,1,0,-1,0.4444444444444444,0.0,-1,0.3333333333333333,0.0,19.5,5,1,1,0,1,75.0,834.9675053631228,0,0,ACC,1
401752900,2025,Ohio State,UCLA,2125.0,1381.0,102780.0,216.6770325,0,0,1,17.1,0.1,21.8,12,744.0,744.0,3506.0,0,1,1,0,9,1.0,1.0,-2,0.3333333333333333,0.0,19.5,5,1,1,0,1,103.0,3163.437711592123,0,0,Big Ten,1
401752766,2025,Georgia,Texas,2018.0,1924.0,92746.0,186.1120758,1,0,1,18.7,0.0,15.8,12,94.0,94.0,3942.0,0,1,1,0,5,0.8888888888888888,1.0,4,0.7777777777777778,1.0,19.5,5,1,1,0,1,96.0,1410.9849781843982,0,0,SEC,1
401752770,2025,Missouri,Mississippi State,1734.0,1523.0,71168.0,212.6865692,0,0,1,19.3,0.0,10.3,12,211.0,211.0,3257.0,0,1,1,0,-2,0.6666666666666666,0.0,-1,0.5,0.0,18.75,5,1,1,0,1,98.0,686.9681258829521,0,0,SEC,0
401757302,2025,Jacksonville State,Kennesaw State,1512.0,1381.0,24000.0,198.0679016,0,0,1,17.6,0.0,15.6,12,131.0,131.0,2893.0,0,0,0,0,4,0.6666666666666666,1.0,7,0.7777777777777778,1.0,19.0,5,1,1,0,1,78.0,113.02374511780158,0,0,Conference USA,1
401752953,2025,Washington State,Louisiana Tech,1434.0,1462.0,32952.0,773.9526367,0,0,0,9.5,0.0,12.6,12,-28.0,28.0,2896.0,0,0,1,0,-1,0.4444444444444444,0.0,-1,0.5555555555555556,0.0,19.0,5,1,1,0,1,53.0,2607.682351092224,0,0,Pac-12,0
401756950,2025,BYU,TCU,1688.0,1689.0,63470.0,1412.097046,1,0,1,11.8,0.0,4.2,12,-1.0,1.0,3377.0,0,1,1,0,-1,0.8888888888888888,0.0,-1,0.6666666666666666,0.0,20.25,5,1,1,0,1,61.0,1525.3060359145948,0,0,Big 12,1
401760410,2025,San Diego State,Boise State,1480.0,1616.0,35000.0,62.0,1,0,1,14.0,0.7,13.5,12,-136.0,136.0,3096.0,0,0,0,0,-1,0.7777777777777778,0.0,-1,0.6666666666666666,0.0,19.5,5,1,1,0,1,3.0,1205.6568493594496,0,0,Mountain West,0
401760412,2025,Fresno State,Wyoming,1468.0,1390.0,41031.0,102.564064,0,0,1,13.6,3.3,11.1,12,78.0,78.0,2858.0,0,0,0,0,1,0.6666666666666666,1.0,-1,0.4444444444444444,0.0,19.5,5,1,1,0,1,45.0,1321.228069338851,0,0,Mountain West,0
401762862,2025,Bowling Green,Akron,1244.0,1087.0,24000.0,205.9057465,0,0,1,3.0,0.4,12.1,13,157.0,157.0,2331.0,0,0,0,0,-4,0.3,0.0,-1,0.36363636363636365,0.0,19.0,1,0,1,0,1,59.0,180.04003328468423,0,1,Mid-American,0
401762864,2025,Northern Illinois,Western Michigan,1289.0,1378.0,23595.0,267.4530029,0,0,1,5.0,0.0,15.4,13,-89.0,89.0,2667.0,0,0,0,0,1,0.3,1.0,2,0.6,1.0,18.0,1,0,1,0,1,60.0,264.9713172195878,0,0,Mid-American,0
401762863,2025,Ohio,Massachusetts,1585.0,735.0,24000.0,194.230896,0,0,1,5.2,3.0,5.4,13,850.0,850.0,2320.0,0,0,0,0,-1,0.6,0.0,-10,0.0,0.0,19.0,1,0,1,0,1,96.0,872.8781201260535,0,0,Mid-American,0
401762865,2025,Buffalo,Miami (OH),1318.0,1421.0,30270.0,181.5759735,0,0,1,0.5,0.0,2.3,13,-103.0,103.0,2739.0,0,0,0,0,-1,0.5,0.0,-2,0.5,0.0,19.0,2,0,1,0,1,32.0,630.2042428829272,0,0,Mid-American,0
401762866,2025,Kent State,Central Michigan,972.0,1293.0,25319.0,321.3641663,0,0,1,3.9,0.0,3.1,13,-321.0,321.0,2265.0,0,0,0,0,1,0.4,1.0,1,0.6,1.0,19.0,2,0,1,0,1,56.0,392.66524311488723,0,0,Mid-American,0
401761655,2025,Arkansas State,Louisiana,1306.0,1350.0,30382.0,89.52690887,0,0,1,15.9,0.2,0.7,13,-44.0,44.0,2656.0,0,0,0,0,-1,0.5,0.0,2,0.4,1.0,18.5,3,0,1,0,1,51.0,639.305473011365,0,0,Sun Belt,0
401754598,2025,NC State,Florida State,1449.0,1638.0,58000.0,117.0089951,1,0,1,15.0,0.7,8.3,13,-189.0,189.0,3087.0,0,1,1,0,-1,0.5,0.0,1,0.5,1.0,20.0,4,0,1,0,1,59.0,790.9322667550738,0,0,ACC,1
401760418,2025,UNLV,Hawai'i,1604.0,1480.0,65000.0,666.0,0,1,1,10.1,0.2,2.6,13,124.0,124.0,3084.0,0,0,0,0,2,0.8,1.0,1,0.7,1.0,19.5,4,0,1,0,1,5.0,4430.111419250119,0,0,Mountain West,0
401752778,2025,Oklahoma,Missouri,1807.0,1765.0,86112.0,355.0962524,1,0,1,11.7,0.0,11.8,13,42.0,42.0,3572.0,0,1,1,0,2,0.8,1.0,1,0.7,1.0,11.0,5,1,0,0,1,100.0,614.2038514812649,0,0,SEC,1
401754603,2025,Virginia Tech,Miami,1402.0,1914.0,65632.0,632.2631226,1,0,1,17.5,0.1,23.3,13,-512.0,512.0,3316.0,0,1,1,0,-2,0.3,0.0,2,0.8,1.0,12.0,5,1,0,0,1,60.0,1252.3938162268457,0,0,ACC,1
401754602,2025,SMU,Louisville,1782.0,1709.0,32000.0,169.4058075,0,0,1,14.7,0.0,9.3,13,73.0,73.0,3491.0,0,1,1,0,2,0.7,1.0,-2,0.7,0.0,11.0,5,1,0,0,1,25.0,1161.366927559328,0,0,ACC,1
401752781,2025,Texas A&M,Samford,1896.0,1480.0,102733.0,108.824585,1,0,0,20.1,0.0,12.1,13,416.0,416.0,3376.0,1,0,1,0,10,1.0,1.0,-1,0.0,0.0,11.0,5,1,0,0,1,98.0,,1,0,SEC,1
401756958,2025,Iowa State,Kansas,1600.0,1554.0,61500.0,274.9135437,1,0,1,8.6,0.0,13.7,13,46.0,46.0,3154.0,0,1,1,0,1,0.6,1.0,-1,0.5,0.0,11.0,5,1,0,0,1,50.0,365.5624261196552,0,0,Big 12,1
401762512,2025,Army,Tulsa,1529.0,1094.0,38000.0,99.21277618,0,0,1,6.3,0.1,12.5,13,435.0,435.0,2623.0,0,0,0,0,2,0.5555555555555556,1.0,1,0.3,1.0,12.0,5,1,0,0,1,101.0,1986.331235473075,0,0,American Athletic,0
401754606,2025,Wake Forest,Delaware,1444.0,1364.0,31500.0,283.548584,0,0,0,22.9,0.0,15.7,13,80.0,80.0,2808.0,0,0,1,0,2,0.7,1.0,-1,0.5,0.0,12.0,5,1,0,0,1,57.0,557.0627865108461,0,0,ACC,0
401752776,2025,Georgia,Charlotte,2070.0,1013.0,92746.0,186.1120758,1,0,0,23.0,0.1,20.3,13,1057.0,1057.0,3083.0,0,0,1,0,6,0.9,1.0,-7,0.1,0.0,12.75,5,1,0,0,1,96.0,284.4818622869125,0,0,SEC,1
401761657,2025,Georgia Southern,Old Dominion,1319.0,1566.0,25000.0,61.25376892,0,0,1,24.2,0.1,20.9,13,-247.0,247.0,2885.0,0,0,0,0,2,0.5,1.0,3,0.7,1.0,13.0,5,1,0,0,1,41.0,706.1815692746987,0,0,Sun Belt,0
401752954,2025,James Madison,Washington State,1882.0,1500.0,24877.0,399.303009,0,0,0,11.5,0.0,18.3,13,382.0,382.0,3382.0,0,1,0,0,8,0.9,1.0,1,0.5,1.0,13.0,5,1,0,0,1,50.0,3232.0678786828585,0,0,Sun Belt,1
401756954,2025,Arizona,Baylor,1592.0,1585.0,50782.0,742.1530151,0,0,1,21.7,0.0,14.6,13,7.0,7.0,3177.0,0,1,1,0,3,0.7,1.0,-1,0.5,0.0,11.0,5,1,0,0,1,97.0,1307.1880544910578,0,0,Big 12,0
401752773,2025,Alabama,Eastern Illinois,1966.0,1480.0,101821.0,70.05136108,1,0,0,26.0,0.0,12.8,13,486.0,486.0,3446.0,1,0,1,0,-1,0.8,0.0,0,,,13.0,5,1,0,0,1,96.0,,1,0,SEC,1
401757306,2025,Kennesaw State,Missouri State,1375.0,1376.0,11040.0,296.9589844,1,0,1,23.5,0.0,16.6,13,-1.0,1.0,2751.0,0,0,0,0,-1,0.7,0.0,5,0.7,1.0,14.0,5,1,0,0,1,15.0,862.3172878643416,0,0,Conference USA,1
401760419,2025,Wyoming,Nevada,1348.0,1288.0,29181.0,2200.153564,0,0,1,7.2,0.0,14.3,13,60.0,60.0,2636.0,0,0,0,0,-2,0.4,0.0,1,0.2,1.0,12.0,5,1,0,0,1,75.0,1220.516574241479,0,0,Mountain West,0
401762867,2025,Toledo,Ball State,1630.0,1030.0,26038.0,181.4839783,0,0,1,6.8,0.0,5.0,13,600.0,600.0,2660.0,0,0,0,0,2,0.6,1.0,-1,0.4,0.0,14.0,5,1,0,0,1,88.0,220.48824317497798,0,0,Mid-American,0
401752774,2025,Auburn,Mercer,1660.0,1480.0,87451.0,201.1737976,1,0,0,24.4,0.1,14.3,13,180.0,180.0,3140.0,1,0,1,0,-2,0.4,0.0,0,,,13.0,5,1,0,0,1,86.0,,1,0,SEC,1
401761656,2025,App State,Marshall,1248.0,1499.0,30000.0,991.3414307,0,0,1,15.4,0.0,25.0,13,-251.0,251.0,2747.0,0,0,0,0,-4,0.4,0.0,1,0.5,1.0,14.5,5,1,0,0,1,63.0,254.56353193354667,0,0,Sun Belt,1
401762511,2025,UAB,South Florida,1197.0,1729.0,45000.0,187.0,0,0,1,24.7,0.0,14.6,13,-532.0,532.0,2926.0,0,0,0,0,-3,0.3,0.0,-1,0.7,0.0,14.0,5,1,0,0,1,4.0,740.6984096783219,0,0,American Athletic,0
401757175,2025,Florida Atlantic,UConn,1249.0,1568.0,29419.0,3.613628864,0,0,0,27.3,0.0,8.0,13,-319.0,319.0,2817.0,0,0,0,0,-1,0.4,0.0,3,0.7272727272727273,1.0,15.0,5,1,0,0,1,14.0,1842.2746935142793,0,0,American Athletic,0
401757308,2025,Middle Tennessee,Sam Houston,1122.0,1094.0,30788.0,191.7279816,0,0,1,19.8,0.1,11.6,13,28.0,28.0,2216.0,0,0,0,0,-7,0.1,0.0,2,0.2,1.0,14.0,5,1,0,0,1,92.0,1025.6336557190134,0,0,Conference USA,0
401757309,2025,UTEP,New Mexico State,1215.0,1181.0,51500.0,1183.697876,0,0,1,16.7,0.0,12.8,13,34.0,34.0,2396.0,0,0,0,0,-3,0.2,0.0,-5,0.3,0.0,13.0,5,1,0,0,1,62.0,60.435032461563424,0,0,Conference USA,0
401757307,2025,Louisiana Tech,Liberty,1396.0,1468.0,28019.0,72.87982941,0,0,1,23.3,0.0,11.9,13,-72.0,72.0,2864.0,0,0,0,0,-2,0.5,0.0,-2,0.4,0.0,14.0,5,1,0,0,1,57.0,1338.9981024091567,0,0,Conference USA,0
401752782,2025,Vanderbilt,Kentucky,1770.0,1635.0,40351.0,159.9194641,0,0,1,16.7,0.0,10.9,13,135.0,135.0,3405.0,0,1,1,0,1,0.8,1.0,3,0.5,1.0,14.5,5,1,0,0,1,103.0,292.1521196737669,0,0,SEC,0
401754600,2025,North Carolina,Duke,1361.0,1576.0,50500.0,127.7569809,0,0,1,23.1,0.0,9.3,13,-215.0,215.0,2937.0,0,1,1,1,-1,0.4,0.0,-2,0.5,0.0,15.5,5,1,0,0,1,98.0,13.710432922112929,0,1,ACC,1
401752911,2025,Oregon,USC,2068.0,1916.0,54000.0,127.4198303,0,0,1,6.6,0.0,3.4,13,152.0,152.0,3984.0,0,1,1,0,4,0.9,1.0,3,0.8,1.0,12.5,5,1,0,0,1,58.0,1190.1757872752935,0,0,Big Ten,1
401762513,2025,UTSA,East Carolina,1472.0,1604.0,36582.0,201.5526886,0,1,1,23.8,0.2,7.0,13,-132.0,132.0,3076.0,0,0,0,0,1,0.5,1.0,4,0.7,1.0,14.5,5,1,0,0,1,32.0,2090.7109839323,0,0,American Athletic,0
401752780,2025,Texas,Arkansas,1872.0,1596.0,100119.0,160.3089447,0,0,1,22.7,0.0,11.0,13,276.0,276.0,3468.0,0,1,1,0,-1,0.7,0.0,-8,0.2,0.0,14.5,5,1,0,0,1,101.0,723.0896961050129,0,0,SEC,1
401761658,2025,South Alabama,Southern Miss,1369.0,1303.0,25450.0,45.0,0,0,1,27.1,0.0,9.7,13,66.0,66.0,2672.0,0,0,0,0,1,0.3,1.0,-1,0.7,0.0,14.5,5,1,0,0,1,5.0,129.37365789662886,0,0,Sun Belt,0
401757305,2025,Florida International,Jacksonville State,1326.0,1518.0,20000.0,6.0,0,0,1,28.1,0.0,4.4,13,-192.0,192.0,2844.0,0,0,0,0,2,0.5,1.0,5,0.7,1.0,15.5,5,1,0,0,1,30.0,1036.4572785599887,0,0,Conference USA,0
401752913,2025,Iowa,Michigan State,1907.0,1377.0,69250.0,220.6357727,0,0,1,11.5,0.0,16.5,13,530.0,530.0,3284.0,0,1,1,0,-2,0.6,0.0,-7,0.3,0.0,14.5,5,1,0,0,1,96.0,593.9648495120103,0,0,Big Ten,1
401754604,2025,Notre Dame,Syracuse,2189.0,1304.0,80795.0,222.645401,0,0,0,7.9,0.0,8.6,13,885.0,885.0,3493.0,0,1,0,0,8,0.8,1.0,-6,0.3,0.0,15.5,5,1,0,0,1,95.0,842.2603980695525,0,0,FBS Independents,1
401762515,2025,Temple,Tulane,1266.0,1543.0,69879.0,3.198706865,0,0,1,11.2,0.0,12.6,13,-277.0,277.0,2809.0,0,0,0,0,-2,0.5,0.0,2,0.8,1.0,15.75,5,1,0,0,1,22.0,1751.6310324964852,0,0,American Athletic,0
401756959,2025,UCF,Oklahoma State,1468.0,1080.0,44206.0,20.94113731,1,0,1,26.9,0.0,4.9,13,388.0,388.0,2548.0,0,1,1,0,-3,0.4,0.0,-9,0.1,0.0,16.0,5,1,0,0,1,18.0,1705.959051383609,0,0,Big 12,1
401752914,2025,Maryland,Michigan,1440.0,1799.0,51802.0,32.68748093,0,0,1,12.5,0.0,10.7,13,-359.0,359.0,3239.0,0,1,1,0,-6,0.4,0.0,4,0.8,1.0,16.0,5,1,0,0,1,75.0,679.4483784479035,0,0,Big Ten,0
401756957,2025,Houston,TCU,1476.0,1605.0,40000.0,9.57440567,0,0,1,25.2,0.0,6.7,13,-129.0,129.0,3081.0,0,1,1,0,1,0.8,1.0,-2,0.6,0.0,15.0,5,1,0,0,1,11.0,383.6774685949277,0,1,Big 12,0
401761660,2025,Troy,Georgia State,1359.0,1107.0,30000.0,154.7746277,0,0,1,24.8,0.3,14.8,13,252.0,252.0,2466.0,0,0,0,0,-2,0.6,0.0,-7,0.1,0.0,15.0,5,1,0,0,1,75.0,260.0977405412154,0,0,Sun Belt,0
401756960,2025,Utah,Kansas State,1977.0,1674.0,51444.0,1411.543579,0,0,1,8.6,0.0,7.6,13,303.0,303.0,3651.0,0,1,1,0,3,0.8,1.0,1,0.5,1.0,14.0,5,1,0,0,1,27.0,1309.5784874851902,0,0,Big 12,1
401752779,2025,South Carolina,Coastal Carolina,1645.0,1313.0,80250.0,60.54548645,1,0,0,25.7,0.0,15.3,13,332.0,332.0,2958.0,0,0,1,0,-5,0.3,0.0,-1,0.6,0.0,16.25,5,1,0,0,1,91.0,185.9314007454134,0,1,SEC,1
401754605,2025,Clemson,Furman,1727.0,1480.0,81500.0,205.6452179,1,0,0,24.8,0.0,15.8,13,247.0,247.0,3207.0,1,0,1,0,2,0.5,1.0,0,,,16.5,5,1,0,0,1,83.0,,1,0,ACC,1
401761659,2025,Texas State,UL Monroe,1542.0,1004.0,30000.0,177.8676453,0,0,1,23.3,0.0,13.1,13,538.0,538.0,2546.0,0,0,0,0,1,0.4,1.0,-6,0.3,0.0,16.0,5,1,0,0,1,44.0,629.6805123683902,0,0,Sun Belt,0
401752908,2025,Penn State,Nebraska,1938.0,1648.0,106572.0,354.1551514,1,0,1,2.7,0.0,3.6,13,290.0,290.0,3586.0,0,1,1,0,1,0.4,1.0,1,0.7,1.0,19.0,5,1,1,0,1,65.0,1583.171088057417,0,0,Big Ten,1
401754601,2025,Georgia Tech,Pittsburgh,1599.0,1665.0,55000.0,279.300415,0,0,1,20.2,0.0,10.5,13,-66.0,66.0,3264.0,0,1,1,0,1,0.9,1.0,-1,0.7,0.0,19.0,5,1,1,0,1,112.0,837.2271714587754,0,0,ACC,1
401760416,2025,Boise State,Colorado State,1589.0,1223.0,36387.0,823.2221069,0,0,1,9.0,0.0,0.6,13,366.0,366.0,2812.0,0,0,0,0,-2,0.6,0.0,-4,0.2,0.0,17.0,5,1,0,0,1,55.0,975.7224855657922,0,0,Mountain West,1
401760415,2025,Air Force,New Mexico,1383.0,1458.0,46692.0,2024.875732,0,0,1,6.4,0.0,7.9,13,-75.0,75.0,2841.0,0,0,0,0,-1,0.3,0.0,4,0.7,1.0,17.0,5,1,0,0,1,63.0,464.79899547629554,0,0,Mountain West,0
401754599,2025,Stanford,California,1246.0,1420.0,50424.0,18.38425636,1,0,1,16.8,0.0,2.0,13,-174.0,174.0,2666.0,0,1,1,1,-3,0.3,0.0,1,0.6,1.0,16.5,5,1,0,0,1,19.0,49.17267755230968,0,1,ACC,1
401752775,2025,Florida,Tennessee,1565.0,1834.0,88548.0,44.97250748,1,0,1,21.9,0.0,12.5,13,-269.0,269.0,3399.0,0,1,1,0,-3,0.3,0.0,1,0.7,1.0,19.5,5,1,1,0,1,95.0,716.3730220630811,0,0,SEC,1
401762514,2025,Rice,North Texas,1169.0,1716.0,47000.0,7.148301601,0,0,1,23.0,0.0,4.1,13,-547.0,547.0,2885.0,0,0,0,0,1,0.5,1.0,4,0.9,1.0,18.5,5,1,1,0,1,75.0,421.804831556798,0,1,American Athletic,0
401752777,2025,LSU,Western Kentucky,1693.0,1398.0,102321.0,7.640734673,1,0,0,23.7,0.0,2.9,13,295.0,295.0,3091.0,0,0,1,0,1,0.6,1.0,3,0.8,1.0,18.75,5,1,1,0,1,101.0,851.2637317060357,0,0,SEC,1
401756956,2025,Colorado,Arizona State,1377.0,1614.0,50183.0,1634.041138,1,0,1,6.9,0.0,3.6,13,-237.0,237.0,2991.0,0,1,1,0,-3,0.3,0.0,2,0.7,1.0,18.0,5,1,1,0,1,101.0,942.1377842583213,0,0,Big 12,0
401756955,2025,Cincinnati,BYU,1578.0,1772.0,40000.0,230.0660553,0,0,1,6.6,0.0,4.0,13,-194.0,194.0,3350.0,0,1,1,0,-2,0.7,0.0,1,0.9,1.0,20.0,5,1,1,0,1,110.0,2316.2738192718725,0,0,Big 12,1
401760417,2025,Fresno State,Utah State,1510.0,1423.0,41031.0,102.564064,0,0,1,10.3,0.0,3.9,13,87.0,87.0,2933.0,0,0,0,0,2,0.7,1.0,-1,0.5,0.0,19.5,5,1,1,0,1,45.0,876.3585996648156,0,0,Mountain West,1
401752910,2025,UCLA,Washington,1361.0,1754.0,88565.0,245.1772461,1,0,1,14.6,0.0,1.5,13,-393.0,393.0,3115.0,0,1,1,0,-3,0.3,0.0,1,0.7,1.0,19.5,5,1,1,0,1,103.0,1539.0185946102918,0,0,Big Ten,0
401760420,2025,San Diego State,San José State,1507.0,1208.0,35000.0,62.0,1,0,1,14.1,0.0,3.9,13,299.0,299.0,2715.0,0,0,0,0,1,0.8,1.0,-2,0.3,0.0,19.5,5,1,1,0,1,3.0,663.8011983507209,0,1,Mountain West,0
401762868,2025,Massachusetts,Bowling Green,748.0,1230.0,17000.0,46.58664703,0,0,1,6.5,0.0,10.7,14,-482.0,482.0,1978.0,0,0,0,0,-11,0.0,0.0,-5,0.2727272727272727,0.0,16.5,1,0,0,0,1,60.0,923.9028155707708,0,0,Mid-American,0
401762869,2025,Eastern Michigan,Western Michigan,1246.0,1407.0,30200.0,241.248764,0,0,1,10.0,0.0,13.0,14,-161.0,161.0,2653.0,0,0,0,0,2,0.36363636363636365,1.0,3,0.6363636363636364,1.0,19.5,1,0,1,0,1,56.0,160.7644748769001,0,1,Mid-American,0
401762516,2025,Memphis,Navy,1660.0,1485.0,58325.0,90.62445831,0,0,1,6.2,0.0,5.8,14,175.0,175.0,3145.0,0,0,0,0,-2,0.7272727272727273,0.0,1,0.8,1.0,18.5,3,0,1,0,1,60.0,1268.6619456442259,0,0,American Athletic,0
401762870,2025,Buffalo,Ohio,1288.0,1572.0,30270.0,181.5759735,0,0,1,-0.3,0.1,29.7,14,-284.0,284.0,2860.0,0,0,0,0,-2,0.45454545454545453,0.0,1,0.6363636363636364,1.0,12.0,4,0,0,0,1,32.0,494.645438934199,0,0,Mid-American,0
401752916,2025,Nebraska,Iowa,1611.0,1902.0,85458.0,354.9318848,0,0,1,-2.1,0.0,13.4,14,-291.0,291.0,3513.0,0,1,1,1,-1,0.6363636363636364,0.0,1,0.6363636363636364,1.0,11.0,4,0,0,0,1,102.0,440.8714406845719,0,0,Big Ten,1
401752788,2025,Mississippi State,Ole Miss,1492.0,1959.0,61337.0,110.2742081,1,0,1,7.9,0.0,2.4,14,-467.0,467.0,3451.0,0,1,1,1,-2,0.45454545454545453,0.0,4,0.9090909090909091,1.0,11.0,4,0,0,0,1,111.0,121.71658622819308,0,1,SEC,1
401756964,2025,Kansas,Utah,1499.0,1971.0,47000.0,274.855957,0,0,1,-0.3,0.0,14.3,14,-472.0,472.0,3470.0,0,1,1,0,-2,0.45454545454545453,0.0,4,0.8181818181818182,1.0,11.0,4,0,0,0,1,104.0,1428.8819131721364,0,0,Big 12,0
401762871,2025,Northern Illinois,Kent State,1260.0,974.0,23595.0,267.4530029,0,0,1,-2.2,0.0,15.3,14,286.0,286.0,2234.0,0,0,0,0,-1,0.2727272727272727,0.0,-1,0.36363636363636365,0.0,11.0,4,0,0,0,1,60.0,627.3304894537168,0,0,Mid-American,0
401760421,2025,Colorado State,Air Force,1191.0,1350.0,36500.0,1528.4,0,0,1,8.6,0.0,5.4,14,-159.0,159.0,2541.0,0,0,0,0,-5,0.18181818181818182,0.0,-2,0.2727272727272727,0.0,13.0,4,0,0,0,1,8.0,176.16091922267313,0,1,Mountain West,0
401760426,2025,New Mexico,San Diego State,1491.0,1530.0,39224.0,1554.471924,0,0,1,13.0,0.0,7.8,14,-39.0,39.0,3021.0,0,0,0,0,5,0.7272727272727273,1.0,2,0.8181818181818182,1.0,13.5,4,0,0,0,1,65.0,1000.4351793279553,0,0,Mountain West,0
401762442,2025,North Texas,Temple,1741.0,1234.0,30850.0,198.6871948,0,0,1,13.1,0.0,16.8,14,507.0,507.0,2975.0,0,0,0,0,5,0.9090909090909091,1.0,-3,0.45454545454545453,0.0,14.5,4,0,0,0,1,14.0,2093.9846156112244,0,0,American Athletic,0
401760422,2025,Utah State,Boise State,1455.0,1621.0,25513.0,1427.914429,0,0,1,7.5,0.1,3.3,14,-166.0,166.0,3076.0,0,0,0,0,1,0.5454545454545454,1.0,1,0.6363636363636364,1.0,14.0,4,0,0,0,1,57.0,413.2288841293764,0,0,Mountain West,0
401752792,2025,Texas,Texas A&M,1880.0,1896.0,100119.0,160.3089447,0,0,1,18.1,0.0,16.5,14,-16.0,16.0,3776.0,0,1,1,1,1,0.7272727272727273,1.0,11,1.0,1.0,18.5,4,0,1,0,1,101.0,138.29375127751683,0,1,SEC,1
401752924,2025,Purdue,Indiana,1276.0,2142.0,57282.0,197.5337677,1,0,1,-4.0,0.0,3.9,14,-866.0,866.0,3418.0,0,1,1,1,-9,0.18181818181818182,0.0,11,1.0,1.0,19.5,4,0,1,0,1,101.0,143.45884619698822,0,1,Big Ten,1
401756961,2025,Arizona State,Arizona,1653.0,1651.0,65870.0,360.1569519,1,0,1,17.3,0.0,3.6,14,2.0,2.0,3304.0,0,1,1,1,3,0.7272727272727273,1.0,4,0.7272727272727273,1.0,19.0,4,0,1,0,1,67.0,161.8057268895975,0,1,Big 12,0
401762519,2025,Florida Atlantic,East Carolina,1263.0,1491.0,29419.0,3.613628864,0,0,1,23.8,0.0,22.2,14,-228.0,228.0,2754.0,0,0,0,0,-2,0.36363636363636365,0.0,-1,0.6363636363636364,0.0,12.0,5,1,0,0,1,14.0,1057.8003442883023,0,0,American Athletic,0
401762875,2025,Miami (OH),Ball State,1451.0,1018.0,24286.0,242.2643585,0,0,1,-1.5,0.1,13.2,14,433.0,433.0,2469.0,0,0,0,0,1,0.5454545454545454,1.0,-2,0.36363636363636365,0.0,12.0,5,1,0,0,1,42.0,96.91314882737669,0,0,Mid-American,0
401756968,2025,West Virginia,Texas Tech,1355.0,1997.0,60000.0,327.409668,0,0,1,1.6,0.0,0.6,14,-642.0,642.0,3352.0,0,1,1,0,-1,0.36363636363636365,0.0,4,0.9090909090909091,1.0,12.0,5,1,0,0,1,45.0,2062.489056103411,0,0,Big 12,0
401762872,2025,Central Michigan,Toledo,1291.0,1642.0,30255.0,240.9007721,0,0,1,-1.5,0.1,13.4,14,-351.0,351.0,2933.0,0,0,0,0,2,0.6363636363636364,1.0,3,0.6363636363636364,1.0,12.0,5,1,0,0,1,53.0,233.57757158971998,0,0,Mid-American,0
401752921,2025,Michigan,Ohio State,1825.0,2158.0,107601.0,255.5500031,0,0,1,-1.6,0.1,11.3,14,-333.0,333.0,3983.0,0,1,1,1,5,0.8181818181818182,1.0,11,1.0,1.0,12.0,5,1,0,0,1,98.0,259.0598609717382,0,0,Big Ten,1
401754611,2025,Pittsburgh,Miami,1691.0,1907.0,68400.0,220.5887146,1,0,1,1.0,0.0,4.0,14,-216.0,216.0,3598.0,0,1,1,0,1,0.7272727272727273,1.0,3,0.8181818181818182,1.0,12.0,5,1,0,0,1,24.0,1611.2129474548747,0,0,ACC,0
401756962,2025,Baylor,Houston,1526.0,1479.0,45140.0,117.0538101,0,0,1,17.7,0.0,19.5,14,47.0,47.0,3005.0,0,1,1,0,-2,0.45454545454545453,0.0,-1,0.7272727272727273,0.0,11.0,5,1,0,0,1,11.0,265.0373418419554,0,1,Big 12,0
401756966,2025,Oklahoma State,Iowa State,1084.0,1655.0,55509.0,276.4808655,0,0,1,13.7,0.0,27.6,14,-571.0,571.0,2739.0,0,1,1,0,-10,0.09090909090909091,0.0,2,0.6363636363636364,1.0,11.0,5,1,0,0,1,106.0,718.4555382060969,0,0,Big 12,0
401756965,2025,Kansas State,Colorado,1680.0,1338.0,50000.0,328.0574646,0,0,1,0.2,0.5,33.9,14,342.0,342.0,3018.0,0,1,1,0,-1,0.45454545454545453,0.0,-4,0.2727272727272727,0.0,11.0,5,1,0,0,1,57.0,748.1219737234522,0,0,Big 12,1
401752787,2025,Louisville,Kentucky,1631.0,1578.0,60000.0,138.5615997,0,0,0,1.6,0.0,8.4,14,53.0,53.0,3209.0,0,1,1,1,-3,0.6363636363636364,0.0,-1,0.45454545454545453,0.0,12.0,5,1,0,0,1,27.0,111.54664682328072,0,1,ACC,0
401752790,2025,South Carolina,Clemson,1730.0,1725.0,80250.0,60.54548645,1,0,0,7.0,0.0,8.6,14,5.0,5.0,3455.0,0,1,1,1,1,0.36363636363636365,1.0,3,0.5454545454545454,1.0,12.0,5,1,0,0,1,91.0,184.97112771961474,0,1,SEC,1
401756963,2025,BYU,UCF,1781.0,1464.0,63470.0,1412.097046,1,0,1,4.8,0.0,3.3,14,317.0,317.0,3245.0,0,1,1,0,2,0.9090909090909091,1.0,1,0.45454545454545453,1.0,11.0,5,1,0,0,1,61.0,3059.087482416457,0,0,Big 12,1
401757310,2025,Delaware,UTEP,1266.0,1208.0,22000.0,28.74350357,0,0,1,4.7,0.0,10.9,14,58.0,58.0,2474.0,0,0,0,0,-2,0.45454545454545453,0.0,-4,0.18181818181818182,0.0,13.0,5,1,0,0,1,73.0,2895.755429944531,0,0,Conference USA,0
401761663,2025,Marshall,Georgia Southern,1495.0,1250.0,38016.0,163.7328186,0,0,1,4.6,0.0,9.6,14,245.0,245.0,2745.0,0,0,0,0,-1,0.45454545454545453,0.0,-1,0.45454545454545453,0.0,13.5,5,1,0,0,1,34.0,671.0324757987335,0,0,Sun Belt,0
401761664,2025,Old Dominion,Georgia State,1635.0,1104.0,20118.0,3.147987843,0,0,1,5.1,0.0,3.1,14,531.0,531.0,2739.0,0,0,0,0,4,0.7272727272727273,1.0,-8,0.09090909090909091,0.0,14.0,5,1,0,0,1,89.0,812.721439071374,0,0,Sun Belt,0
401757312,2025,Jacksonville State,Western Kentucky,1501.0,1401.0,24000.0,198.0679016,0,0,1,11.1,0.0,13.5,14,100.0,100.0,2902.0,0,0,0,0,-1,0.6363636363636364,0.0,-1,0.7272727272727273,0.0,13.0,5,1,0,0,1,78.0,357.45387654837185,0,0,Conference USA,0
401757314,2025,Missouri State,Louisiana Tech,1366.0,1407.0,17337.0,402.368103,0,0,1,7.7,0.6,24.0,14,-41.0,41.0,2773.0,0,0,0,0,-1,0.6363636363636364,0.0,1,0.5454545454545454,1.0,13.0,5,1,0,0,1,84.0,521.8854332413234,0,0,Conference USA,0
401761661,2025,App State,Arkansas State,1252.0,1302.0,30000.0,991.3414307,0,0,1,0.5,0.0,13.3,14,-50.0,50.0,2554.0,0,0,0,0,1,0.45454545454545453,1.0,-2,0.45454545454545453,0.0,14.5,5,1,0,0,1,63.0,808.4428009887447,0,0,Sun Belt,0
401757315,2025,New Mexico State,Middle Tennessee,1188.0,1148.0,28853.0,1208.201294,0,0,1,20.3,0.0,3.5,14,40.0,40.0,2336.0,0,0,0,0,1,0.36363636363636365,1.0,1,0.18181818181818182,1.0,13.0,5,1,0,0,1,47.0,1914.4230667633392,0,0,Conference USA,0
401762517,2025,Tulsa,UAB,1119.0,1175.0,30000.0,235.5928345,0,0,1,9.4,0.0,24.2,14,-56.0,56.0,2294.0,0,0,0,0,2,0.36363636363636365,1.0,-4,0.2727272727272727,0.0,14.0,5,1,0,0,1,95.0,883.5838133754742,0,0,American Athletic,0
401761667,2025,Texas State,South Alabama,1533.0,1375.0,30000.0,177.8676453,0,0,1,24.4,0.1,19.0,14,158.0,158.0,2908.0,0,0,0,0,2,0.45454545454545453,1.0,2,0.36363636363636365,1.0,14.0,5,1,0,0,1,44.0,938.5159809597051,0,0,Sun Belt,0
401761665,2025,Louisiana,UL Monroe,1354.0,1013.0,41426.0,3.556508303,0,0,1,20.9,0.0,21.5,14,341.0,341.0,2367.0,0,0,0,0,3,0.45454545454545453,1.0,-7,0.2727272727272727,0.0,14.0,5,1,0,0,1,54.0,257.42277323947417,0,1,Sun Belt,0
401754608,2025,Syracuse,Boston College,1230.0,1311.0,49057.0,162.6989746,0,1,1,-1.0,0.0,9.2,14,-81.0,81.0,2541.0,0,1,1,0,-7,0.2727272727272727,0.0,-10,0.09090909090909091,0.0,15.0,5,1,0,0,1,45.0,413.5728492733583,0,0,ACC,0
401752783,2025,Arkansas,Missouri,1588.0,1748.0,80000.0,403.7972412,0,0,1,8.7,0.2,22.2,14,-160.0,160.0,3336.0,0,1,1,1,-9,0.18181818181818182,0.0,-1,0.6363636363636364,0.0,14.5,5,1,0,0,1,87.0,358.024056080617,0,0,SEC,0
401752918,2025,Minnesota,Wisconsin,1491.0,1521.0,50850.0,254.3902283,0,0,1,-4.9,0.6,15.1,14,-30.0,30.0,3012.0,0,1,1,1,-2,0.5454545454545454,0.0,1,0.36363636363636365,1.0,14.5,5,1,0,0,1,16.0,371.1955746055735,0,0,Big Ten,1
401752917,2025,Washington,Oregon,1802.0,2086.0,70138.0,11.65622807,0,0,1,7.6,0.0,2.1,14,-284.0,284.0,3888.0,0,1,1,1,2,0.7272727272727273,1.0,5,0.9090909090909091,1.0,12.5,5,1,0,0,1,105.0,403.8038275564458,0,0,Big Ten,1
401754610,2025,Duke,Wake Forest,1573.0,1542.0,40004.0,103.0028152,1,0,1,5.9,0.0,4.1,14,31.0,31.0,3115.0,0,1,1,0,1,0.5454545454545454,1.0,3,0.7272727272727273,1.0,15.5,5,1,0,0,1,96.0,118.95840037125959,0,1,ACC,0
401752920,2025,Rutgers,Penn State,1445.0,1975.0,52454.0,19.0,0,0,1,5.2,0.0,9.9,14,-530.0,530.0,3420.0,0,1,1,0,-1,0.45454545454545453,0.0,2,0.45454545454545453,1.0,15.5,5,1,0,0,1,31.0,287.9099445221252,0,0,Big Ten,1
401762441,2025,UTSA,Army,1585.0,1504.0,36582.0,201.5526886,0,1,1,24.9,0.0,15.9,14,81.0,81.0,3089.0,0,0,0,0,2,0.5454545454545454,1.0,-1,0.5,0.0,14.5,5,1,0,0,1,32.0,2576.371982138637,0,0,American Athletic,0
401752789,2025,Oklahoma,LSU,1824.0,1690.0,86112.0,355.0962524,1,0,1,11.0,0.0,24.2,14,134.0,134.0,3514.0,0,1,1,0,3,0.8181818181818182,1.0,2,0.6363636363636364,1.0,14.5,5,1,0,0,1,100.0,791.0138738164924,0,0,SEC,1
401756967,2025,TCU,Cincinnati,1602.0,1569.0,46000.0,185.4387054,1,0,1,19.8,0.5,5.4,14,33.0,33.0,3171.0,0,1,1,0,1,0.6363636363636364,1.0,-3,0.6363636363636364,0.0,14.5,5,1,0,0,1,96.0,1357.815759799772,0,0,Big 12,0
401761666,2025,Southern Miss,Troy,1297.0,1362.0,36000.0,64.52726746,0,0,1,15.7,0.0,15.4,14,-65.0,65.0,2659.0,0,0,0,0,-2,0.6363636363636364,0.0,1,0.6363636363636364,1.0,14.5,5,1,0,0,1,93.0,324.4661472576382,0,0,Sun Belt,0
401752791,2025,Tennessee,Vanderbilt,1856.0,1827.0,102455.0,271.9517212,1,0,1,8.1,0.0,3.9,14,29.0,29.0,3683.0,0,1,1,1,2,0.7272727272727273,1.0,2,0.8181818181818182,1.0,15.5,5,1,0,0,1,104.0,260.10776007483514,0,1,SEC,1
401757313,2025,Liberty,Kennesaw State,1457.0,1385.0,25000.0,272.9237061,0,0,1,4.5,0.0,7.3,14,72.0,72.0,2842.0,0,0,0,0,-3,0.36363636363636365,0.0,1,0.7272727272727273,1.0,15.5,5,1,0,0,1,36.0,611.2905034480051,0,0,Conference USA,0
401761662,2025,Coastal Carolina,James Madison,1228.0,1874.0,21000.0,13.74894905,0,0,1,9.4,0.0,5.5,14,-646.0,646.0,3102.0,0,0,0,0,-2,0.5454545454545454,0.0,9,0.9090909090909091,1.0,15.75,5,1,0,0,1,22.0,516.3771897771672,0,0,Sun Belt,0
401752785,2025,Florida,Florida State,1543.0,1606.0,88548.0,44.97250748,1,0,0,19.8,0.0,16.2,14,-63.0,63.0,3149.0,0,1,1,1,-4,0.2727272727272727,0.0,-1,0.45454545454545453,0.0,16.5,5,1,0,0,1,95.0,207.65605146672047,0,1,SEC,1
401752946,2025,Washington State,Oregon State,1508.0,1175.0,32952.0,773.9526367,0,0,1,1.4,0.0,12.7,14,333.0,333.0,2683.0,0,1,1,0,-1,0.45454545454545453,0.0,-2,0.18181818181818182,0.0,15.5,5,1,0,0,1,53.0,533.411228876167,0,0,Pac-12,0
401754613,2025,Virginia,Virginia Tech,1604.0,1409.0,61500.0,170.4677429,1,0,1,1.9,0.0,9.4,14,195.0,195.0,3013.0,0,1,1,1,1,0.8181818181818182,1.0,-3,0.2727272727272727,0.0,19.0,5,1,1,0,1,94.0,190.41856976815703,0,1,ACC,1
401762520,2025,South Florida,Rice,1751.0,1144.0,65828.0,11.07972908,1,0,1,20.5,0.0,17.6,14,607.0,607.0,2895.0,0,0,0,0,1,0.7272727272727273,1.0,-1,0.45454545454545453,0.0,19.0,5,1,1,0,1,27.0,1271.1199498293709,0,0,American Athletic,0
401752784,2025,Auburn,Alabama,1661.0,1964.0,87451.0,201.1737976,1,0,1,10.3,0.0,12.5,14,-303.0,303.0,3625.0,0,1,1,1,1,0.45454545454545453,1.0,1,0.8181818181818182,1.0,18.5,5,1,1,0,1,86.0,203.8174905289438,0,1,SEC,1
401754612,2025,NC State,North Carolina,1481.0,1364.0,58000.0,117.0089951,1,0,1,1.4,0.0,6.2,14,117.0,117.0,2845.0,0,1,1,1,1,0.5454545454545454,1.0,-2,0.36363636363636365,0.0,19.5,5,1,1,0,1,59.0,31.856548748141567,0,1,ACC,1
401752919,2025,USC,UCLA,1898.0,1313.0,77500.0,42.50374222,1,0,1,18.4,0.0,5.7,14,585.0,585.0,3211.0,0,1,1,1,-1,0.7272727272727273,0.0,-4,0.2727272727272727,0.0,16.5,5,1,0,0,1,102.0,19.75232531784418,0,1,Big Ten,0
401762518,2025,Tulane,Charlotte,1575.0,1035.0,30000.0,0.0,0,0,1,17.4,0.0,10.4,14,540.0,540.0,2610.0,0,0,0,0,3,0.8181818181818182,1.0,-8,0.09090909090909091,0.0,18.5,5,1,1,0,1,11.0,1060.7978933620866,0,0,American Athletic,0
401754609,2025,California,SMU,1351.0,1860.0,62467.0,125.3108063,0,0,1,7.6,0.0,6.8,14,-509.0,509.0,3211.0,0,1,1,0,-1,0.5454545454545454,0.0,3,0.7272727272727273,1.0,17.0,5,1,0,0,1,102.0,2368.433032120493,0,0,ACC,0
401754614,2025,Stanford,Notre Dame,1315.0,2263.0,50424.0,18.38425636,1,0,0,9.1,0.0,1.1,14,-948.0,948.0,3578.0,0,0,1,0,1,0.36363636363636365,1.0,9,0.8181818181818182,1.0,19.5,5,1,1,0,1,19.0,3093.083345059022,0,0,ACC,0
401760423,2025,San José State,Fresno State,1185.0,1478.0,30456.0,28.30708694,0,0,1,8.4,0.0,0.4,14,-293.0,293.0,2663.0,0,0,0,0,-3,0.2727272727272727,0.0,-1,0.6363636363636364,0.0,19.5,5,1,1,0,1,92.0,195.48098325376336,0,1,Mountain West,0
401760424,2025,Hawai'i,Wyoming,1421.0,1333.0,15194.0,20.0,0,0,1,24.0,0.0,1.5,14,88.0,88.0,2754.0,0,0,0,0,-1,0.6363636363636364,0.0,-3,0.36363636363636365,0.0,18.0,5,1,1,0,1,10.0,5345.429671193205,0,0,Mountain West,1
401777325,2025,Jacksonville State,Kennesaw State,1501.0,1401.0,24000.0,198.0679016,0,0,0,6.6,0.0,5.8,15,100.0,100.0,2902.0,0,0,0,0,1,0.6666666666666666,1.0,2,0.75,1.0,18.0,4,0,1,0,1,78.0,113.02374511780158,0,0,Conference USA,0
401777352,2025,James Madison,Troy,1937.0,1377.0,24877.0,399.303009,0,0,0,-1.2,0.0,4.1,15,560.0,560.0,3314.0,0,0,0,0,10,0.9166666666666666,1.0,2,0.6666666666666666,1.0,19.0,4,0,1,0,1,50.0,978.6035601997852,0,0,Sun Belt,0
401777324,2025,Tulane,North Texas,1587.0,1756.0,30000.0,0.0,0,0,0,10.7,0.0,6.9,15,-169.0,169.0,3343.0,0,0,0,0,4,0.8333333333333334,1.0,6,0.9166666666666666,1.0,19.0,4,0,1,0,1,11.0,758.9788463208456,0,0,American Athletic,0
401777326,2025,Boise State,UNLV,1614.0,1689.0,36387.0,823.2221069,0,0,0,4.7,0.3,12.4,15,-75.0,75.0,3303.0,0,0,0,0,2,0.6666666666666666,1.0,4,0.8333333333333334,1.0,18.0,4,0,1,0,1,55.0,839.7489134159525,0,0,Mountain West,0
