id,season,week,startDate,startTimeTBD,neutralSite,conferenceGame,attendance,venueId,venue,homeId,homeTeam,homeConference,homePoints,homeLineScores,homePostgameWinProbability,homePregameElo,homePostgameElo,awayId,awayTeam,awayClassification,awayConference,awayPoints,awayLineScores,awayPostgameWinProbability,awayPregameElo,awayPostgameElo,excitementIndex,capacity,grass,dome,city,state,zip,countryCode,timezone,latitude,longitude,elevation,constructionYear,game_date,temperature_c,precip_mm,windspeed_kmh,attendance_pct,high_attendance,flag_missing_attendance,flag_missing_capacity,flag_over_capacity,awayEloMissing,homeEloMissing
401635525,2024,1,2024-08-24T16:00:00.000Z,False,True,True,47998.0,3504,Aviva Stadium,59,Georgia Tech,ACC,24.0,"[7, 7, 0, 10]",0.9345302581787108,1497.0,1513.0,52,Florida State,fbs,ACC,21.0,"[8, 6, 0, 7]",0.065469741821289,1692.0,1676.0,4.952562146005351,51700.0,True,False,Dublin,,,IE,Europe/Dublin,53.33523,-6.228447,2.264276505,2010.0,2024-08-24,17.1,0.0,22.8,0.928394584139265,,False,False,False,False,False
401643697,2024,1,2024-08-24T20:00:00.000Z,False,False,False,17314.0,3971,University Stadium (NM),167,New Mexico,Mountain West,31.0,"[10, 14, 7, 0]",0.5594903230667114,1234.0,1234.0,147,Montana State,fcs,Big Sky,35.0,"[0, 14, 0, 21]",0.4405096769332886,1480.0,1472.0,5.319334519577319,39224.0,False,False,Albuquerque,NM,87131.0,US,America/Denver,35.0669479,-106.6283225,1554.471924,1960.0,2024-08-24,30.6,0.0,2.6,0.4414134203548848,0.0,False,False,False,True,False
401643696,2024,1,2024-08-25T00:00:00.000Z,False,False,False,20263.0,3816,Mackay Stadium,2440,Nevada,Mountain West,24.0,"[7, 10, 7, 0]",0.0737816542387008,1222.0,1243.0,2567,SMU,fbs,ACC,29.0,"[0, 10, 3, 16]",0.9262183457612992,1690.0,1669.0,5.96225907281757,27000.0,False,False,Reno,NV,89557.0,US,America/Los_Angeles,39.5469459,-119.8175435,1406.57605,1966.0,2024-08-25,15.1,0.0,11.7,0.7504814814814815,0.0,False,False,False,False,False
401643858,2024,1,2024-08-25T03:59:00.000Z,False,False,False,12206.0,7220,Clarence T.C. Ching Athletics Complex,62,Hawai'i,Mountain West,35.0,"[14, 0, 7, 14]",0.9564689570884496,1227.0,1227.0,2169,Delaware State,fcs,MEAC,14.0,"[0, 7, 7, 0]",0.0435310429115503,1480.0,1472.0,5.224356278,15194.0,False,False,Honolulu,HI,96822.0,US,Pacific/Honolulu,21.294294,-157.819338,20.0,2015.0,2024-08-25,26.8,0.1,33.0,0.8033434250361985,0.0,False,False,False,True,False
401628458,2024,1,2024-08-29T22:00:00.000Z,False,False,False,47803.0,6577,SHI Stadium,164,Rutgers,Big Ten,44.0,"[7, 10, 14, 13]",0.990104913711548,1460.0,1460.0,47,Howard,fcs,MEAC,7.0,"[0, 7, 0, 0]",0.0098950862884521,1480.0,1472.0,2.843802521321338,52454.0,False,False,Piscataway,NJ,8854.0,US,America/New_York,40.513611,-74.465278,19.0,1994.0,2024-08-29,23.4,0.0,16.1,0.9113318336065886,1.0,False,False,False,True,False
401644727,2024,1,2024-08-29T23:00:00.000Z,False,False,False,16400.0,3965,UB Stadium,2084,Buffalo,Mid-American,30.0,"[13, 3, 7, 7]",0.981427013874054,1357.0,1357.0,322,Lafayette,fcs,Patriot,13.0,"[0, 0, 6, 7]",0.018572986125946,1480.0,1472.0,2.959181739704556,30270.0,False,False,Amherst,NY,14260.0,US,America/New_York,42.9991334,-78.7775113,181.5759735,1993.0,2024-08-29,21.9,0.0,11.5,0.5417905517013545,0.0,False,False,False,True,False
401644730,2024,1,2024-08-29T23:00:00.000Z,False,False,False,18055.0,3786,Kelly/Shorts Stadium,2117,Central Michigan,Mid-American,66.0,"[14, 28, 24, 0]",0.8601021766662598,1333.0,1333.0,2115,Central Connecticut,fcs,NEC,10.0,"[7, 0, 3, 0]",0.1398978233337402,1480.0,1472.0,2.5520731835134005,30255.0,False,False,Mount Pleasant,MI,48859.0,US,America/Detroit,43.5777313,-84.7709904,240.9007721,1972.0,2024-08-29,25.1,0.0,4.0,0.5967608659725665,0.0,False,False,False,True,False
401644729,2024,1,2024-08-29T23:00:00.000Z,False,False,False,12786.0,3700,Doyt L. Perry Stadium,189,Bowling Green,Mid-American,41.0,"[20, 7, 7, 7]",0.8227765560150146,1431.0,1431.0,2230,Fordham,fcs,Patriot,17.0,"[0, 3, 7, 7]",0.1772234439849853,1480.0,1472.0,2.0955176328791945,24000.0,False,False,Bowling Green,OH,43403.0,US,America/New_York,41.3780114,-83.6225,205.9057465,1966.0,2024-08-29,27.1,0.0,13.8,0.53275,0.0,False,False,False,True,False
401634299,2024,1,2024-08-29T23:00:00.000Z,False,False,False,56919.0,3670,Carter-Finley Stadium,152,NC State,ACC,38.0,"[7, 7, 3, 21]",0.9725978970527648,1606.0,1606.0,2717,Western Carolina,fcs,Southern,21.0,"[14, 0, 7, 0]",0.0274021029472351,1480.0,1472.0,7.864829086653119,58000.0,True,False,Raleigh,NC,27695.0,US,America/New_York,35.8008001,-78.7195655,117.0089951,1966.0,2024-08-29,30.7,0.0,4.7,0.9813620689655173,1.0,False,False,False,True,False
401628582,2024,1,2024-08-29T23:00:00.000Z,False,False,False,44206.0,3652,FBC Mortgage Stadium,2116,UCF,Big 12,57.0,"[6, 23, 28, 0]",1.0,1578.0,1578.0,160,New Hampshire,fcs,Coastal Athletic,3.0,"[0, 3, 0, 0]",0.0,1480.0,1472.0,2.317428368851348,44206.0,True,False,Orlando,FL,32816.0,US,America/New_York,28.6079765,-81.1927233,20.94113731,2007.0,2024-08-29,28.4,0.0,8.0,1.0,1.0,False,False,False,True,False
401628581,2024,1,2024-08-29T23:00:00.000Z,False,False,False,29450.0,3630,Allegacy Federal Credit Union Stadium,154,Wake Forest,ACC,45.0,"[7, 10, 21, 7]",0.982387900352478,1431.0,1431.0,2448,North Carolina A&T,fcs,Coastal Athletic,13.0,"[7, 3, 0, 3]",0.0176120996475219,1480.0,1472.0,3.697231428764851,31500.0,False,False,Winston-Salem,NC,27105.0,US,America/New_York,36.1305507,-80.2545851,283.548584,1968.0,2024-08-29,29.1,0.0,12.0,0.9349206349206348,1.0,False,False,False,True,False
401636387,2024,1,2024-08-29T23:00:00.000Z,False,False,False,11145.0,3817,Malone Stadium,2433,UL Monroe,Sun Belt,30.0,"[7, 7, 7, 9]",0.9698949195350997,1156.0,1156.0,2296,Jackson State,fcs,SWAC,14.0,"[0, 7, 7, 0]",0.0301050804649003,1480.0,1472.0,6.4645770987,27617.0,False,False,Monroe,LA,71209.0,US,America/Chicago,32.5308089,-92.0660602,22.998209,1978.0,2024-08-29,28.3,0.1,5.5,0.4035557808596154,0.0,False,False,False,True,False
401644728,2024,1,2024-08-29T23:30:00.000Z,False,False,False,23515.0,3739,Glass Bowl,2649,Toledo,Mid-American,49.0,"[21, 7, 14, 7]",0.978938102722168,1526.0,1526.0,2184,Duquesne,fcs,NEC,10.0,"[7, 3, 0, 0]",0.021061897277832,1480.0,1472.0,3.0303738346295788,26038.0,False,False,Toledo,OH,43606.0,US,America/New_York,41.6574777,-83.6135652,181.4839783,1937.0,2024-08-29,24.5,0.0,13.2,0.9031031569244948,1.0,False,False,False,True,False
401628320,2024,1,2024-08-29T23:30:00.000Z,False,True,False,40127.0,3983,War Memorial Stadium (AR),8,Arkansas,SEC,70.0,"[28, 21, 7, 14]",0.9989700310726486,1454.0,1454.0,2029,Arkansas-Pine Bluff,fcs,SWAC,0.0,"[0, 0, 0, 0]",0.0010299689273514,1480.0,1472.0,2.5735528941,54120.0,False,False,Little Rock,AR,72205.0,US,America/Chicago,34.749848,-92.330127,112.1398163,1948.0,2024-08-29,32.0,0.0,9.7,0.7414449371766445,,False,False,False,True,False
401645316,2024,1,2024-08-30T00:00:00.000Z,False,False,False,21267.0,7221,Protective Stadium,5,UAB,American Athletic,41.0,"[14, 14, 3, 10]",0.9941887855529784,1363.0,1363.0,2016,Alcorn State,fcs,SWAC,3.0,"[3, 0, 0, 0]",0.0058112144470214,1480.0,1472.0,2.457954599383663,45000.0,False,False,Birmingham,AL,35203.0,US,America/Chicago,33.5206824,-86.8024326,187.0,2021.0,2024-08-30,29.5,0.0,8.6,0.4726,0.0,False,False,False,True,False
401628327,2024,1,2024-08-30T00:00:00.000Z,False,False,False,62621.0,3838,Memorial Stadium,142,Missouri,SEC,51.0,"[28, 7, 10, 6]",0.9774129390716552,1744.0,1744.0,93,Murray State,fcs,MVFC,0.0,"[0, 0, 0, 0]",0.0225870609283447,1480.0,1472.0,1.712941538765301,71168.0,False,False,Columbia,MO,65211.0,US,America/Chicago,38.9358491,-92.3332009,212.6865692,1927.0,2024-08-30,29.0,0.0,2.9,0.8799038893884892,0.0,False,False,False,True,False
401645318,2024,1,2024-08-30T00:00:00.000Z,False,False,False,16483.0,3674,Chapman Stadium,202,Tulsa,American Athletic,62.0,"[14, 27, 7, 14]",0.9918601512908936,1248.0,1248.0,2466,Northwestern State,fcs,Southland,28.0,"[14, 0, 0, 14]",0.0081398487091064,1480.0,1472.0,3.903791429464651,30000.0,False,False,Tulsa,OK,74194.0,US,America/Chicago,36.1489175,-95.9437853,235.5928345,1930.0,2024-08-30,32.9,0.0,11.1,0.5494333333333333,0.0,False,False,False,True,False
401645317,2024,1,2024-08-30T00:00:00.000Z,False,False,False,20143.0,4729,Yulman Stadium,2655,Tulane,American Athletic,52.0,"[7, 14, 14, 17]",0.9875071048736572,1565.0,1565.0,2545,SE Louisiana,fcs,Southland,0.0,"[0, 0, 0, 0]",0.0124928951263427,1480.0,1472.0,2.15213815031093,30000.0,False,False,New Orleans,LA,70118.0,US,America/Chicago,29.944616,-90.116692,0.0,2014.0,2024-08-30,25.9,0.1,11.6,0.6714333333333333,0.0,False,False,False,True,False
401628448,2024,1,2024-08-30T00:00:00.000Z,False,False,False,50805.0,3953,Huntington Bank Stadium,135,Minnesota,Big Ten,17.0,"[0, 14, 0, 3]",0.9122595191001892,1492.0,1492.0,153,North Carolina,fbs,ACC,19.0,"[0, 7, 6, 6]",0.0877404808998107,1546.0,1546.0,5.521270141362677,50850.0,False,False,Minneapolis,MN,55488.0,US,America/Chicago,44.976525,-93.2245462,254.3902283,2009.0,2024-08-30,23.1,0.6,16.1,0.9991150442477876,1.0,False,False,False,False,False
401640998,2024,1,2024-08-30T00:00:00.000Z,False,False,False,18977.0,3662,AmFirst Stadium,55,Jacksonville State,Conference USA,27.0,"[3, 7, 0, 17]",0.0,1538.0,1449.0,324,Coastal Carolina,fbs,Sun Belt,55.0,"[17, 14, 10, 14]",1.0,1448.0,1537.0,2.6124580530927535,24000.0,False,False,Jacksonville,AL,36265.0,US,America/Chicago,33.8201052,-85.76647,198.0679016,1947.0,2024-08-30,29.0,0.0,6.2,0.7907083333333333,0.0,False,False,False,False,False
401636606,2024,1,2024-08-30T00:00:00.000Z,False,True,False,20829.0,3486,Children's Mercy Park,2305,Kansas,Big 12,48.0,"[7, 27, 7, 7]",0.998935341835022,1619.0,1619.0,2815,Lindenwood,fcs,Big South-OVC,3.0,"[0, 0, 0, 3]",0.001064658164978,1480.0,1472.0,2.5591263641735407,18467.0,True,False,Kansas City,KS,66111.0,US,America/Chicago,39.121768,-94.823198,300.8,2011.0,2024-08-30,30.5,0.0,6.4,1.12790382845075,,False,False,True,True,False
401634206,2024,1,2024-08-30T00:00:00.000Z,False,False,False,49438.0,3726,Folsom Field,38,Colorado,Big 12,31.0,"[14, 3, 7, 7]",0.3524485528469085,1324.0,1324.0,2449,North Dakota State,fcs,MVFC,26.0,"[10, 10, 0, 6]",0.6475514471530914,1566.5,1580.5,5.152339932073766,50183.0,True,False,Boulder,CO,80309.0,US,America/Denver,40.0094746,-105.266905,1634.041138,1924.0,2024-08-30,26.4,0.0,14.5,0.9851543351334116,1.0,False,False,False,True,False
401636607,2024,1,2024-08-30T01:00:00.000Z,False,False,False,52210.0,587,Rice-Eccles Stadium,254,Utah,Big 12,49.0,"[7, 28, 7, 7]",0.9919071197509766,1622.0,1622.0,253,Southern Utah,fcs,UAC,0.0,"[0, 0, 0, 0]",0.0080928802490234,1480.0,1472.0,1.8134759040786976,51444.0,False,False,Salt Lake City,UT,84112.0,US,America/Denver,40.7599724,-111.8488255,1411.543579,1998.0,2024-08-30,23.7,0.0,7.1,1.014889977451209,1.0,False,False,True,True,False
401654845,2024,1,2024-08-30T01:00:00.000Z,False,False,False,43849.0,3832,"Memorial Stadium (Champaign, IL)",356,Illinois,Big Ten,45.0,"[14, 17, 7, 7]",0.9923451542854308,1502.0,1502.0,2197,Eastern Illinois,fcs,Big South-OVC,0.0,"[0, 0, 0, 0]",0.007654845714569,1480.0,1472.0,2.4551539303536507,60670.0,False,False,Champaign,IL,61820.0,US,America/Chicago,40.0993268,-88.2359569,223.2471619,1923.0,2024-08-30,27.1,0.0,9.6,0.72274600296687,0.0,False,False,False,True,False
401643698,2024,1,2024-08-30T02:00:00.000Z,False,False,False,13811.0,3935,CEFCU Stadium,23,San José State,Mountain West,42.0,"[7, 7, 7, 21]",0.9956003427505492,1544.0,1544.0,16,Sacramento State,fcs,Big Sky,24.0,"[14, 3, 7, 0]",0.0043996572494506,1483.0,1395.0,6.442913215712913,30456.0,False,False,San Jose,CA,95112.0,US,America/Los_Angeles,37.3196675,-121.8682962,28.30708694,1933.0,2024-08-30,22.6,0.0,14.7,0.4534738639348568,0.0,False,False,False,True,False
401645319,2024,1,2024-08-30T22:00:00.000Z,False,False,False,23760.0,3841,Michie Stadium,349,Army,American Athletic,42.0,"[7, 14, 7, 14]",0.954264521598816,1425.0,1425.0,2329,Lehigh,fcs,Patriot,7.0,"[7, 0, 0, 0]",0.045735478401184,1480.0,1472.0,2.3715897160909445,38000.0,False,False,West Point,NY,10996.0,US,America/New_York,41.3874924,-73.9640891,99.21277618,1924.0,2024-08-30,21.2,0.0,8.7,0.6252631578947369,0.0,False,False,False,True,False
401628453,2024,1,2024-08-30T23:00:00.000Z,False,False,False,70271.0,3936,Spartan Stadium,127,Michigan State,Big Ten,16.0,"[2, 14, 0, 0]",0.8807753324508667,1392.0,1401.0,2226,Florida Atlantic,fbs,American Athletic,10.0,"[0, 3, 7, 0]",0.1192246675491333,1422.0,1413.0,3.9106104302508538,75005.0,True,False,East Lansing,MI,48824.0,US,America/Detroit,42.7281474,-84.4848526,254.8794861,1923.0,2024-08-30,27.3,0.0,10.0,0.9368842077194852,1.0,False,False,False,False,False
401628328,2024,1,2024-08-30T23:00:00.000Z,False,False,False,83329.0,3835,"Memorial Stadium (Norman, OK)",201,Oklahoma,SEC,51.0,"[17, 17, 3, 14]",0.9779277443885804,1786.0,1849.0,218,Temple,fbs,American Athletic,3.0,"[0, 0, 3, 0]",0.0220722556114196,1178.0,1115.0,2.0425201022360624,86112.0,True,False,Norman,OK,73019.0,US,America/Chicago,35.2058537,-97.4423145,355.0962524,1925.0,2024-08-30,30.0,0.0,12.1,0.967681623931624,1.0,False,False,False,False,False
401628584,2024,1,2024-08-30T23:30:00.000Z,False,False,False,18466.0,3982,Wallace Wade Stadium,150,Duke,ACC,26.0,"[3, 7, 9, 7]",0.5600078105926514,1602.0,1602.0,2210,Elon,fcs,Coastal Athletic,3.0,"[0, 0, 0, 3]",0.4399921894073486,1480.0,1472.0,3.2282799740134647,40004.0,True,False,Durham,NC,27708.0,US,America/New_York,35.9953688,-78.9417564,103.0028152,1929.0,2024-08-30,27.2,0.0,4.7,0.4616038396160384,0.0,False,False,False,True,False
401628461,2024,1,2024-08-31T01:00:00.000Z,False,False,False,75158.0,347,Camp Randall Stadium,275,Wisconsin,Big Ten,28.0,"[0, 10, 3, 15]",0.9123791456222534,1587.0,1593.0,2711,Western Michigan,fbs,Mid-American,14.0,"[0, 7, 0, 7]",0.0876208543777465,1315.0,1309.0,4.26093839948511,80321.0,False,False,Madison,WI,53711.0,US,America/Chicago,43.06994,-89.4126943,263.604126,1917.0,2024-08-31,20.4,0.0,7.8,0.9357204218074974,1.0,False,False,False,False,False
401634300,2024,1,2024-08-31T02:30:00.000Z,False,False,False,36026.0,3940,Stanford Stadium,24,Stanford,ACC,27.0,"[7, 10, 0, 10]",0.0335695371031761,1286.0,1295.0,2628,TCU,fbs,Big 12,34.0,"[7, 3, 10, 14]",0.966430462896824,1587.0,1578.0,7.363318406375972,50424.0,True,False,Stanford,CA,94305.0,US,America/Los_Angeles,37.4345556,-122.1611271,18.38425636,2006.0,2024-08-31,22.2,0.0,6.3,0.7144613676027288,0.0,False,False,False,False,False
401643703,2024,1,2024-08-31T04:00:00.000Z,True,False,False,17037.0,3905,Maverik Stadium,328,Utah State,Mountain West,36.0,"[7, 3, 10, 16]",0.9518612027168274,1346.0,1346.0,2523,Robert Morris,fcs,NEC,14.0,"[0, 14, 0, 0]",0.0481387972831726,1480.0,1472.0,6.101459371659212,25513.0,False,False,Logan,UT,84322.0,US,America/Denver,41.7517394,-111.8116007,1427.914429,1968.0,2024-08-31,17.5,0.0,5.6,0.6677772116176067,0.0,False,False,False,True,False
401628450,2024,1,2024-08-31T16:00:00.000Z,False,False,False,69250.0,3793,Kinnick Stadium,2294,Iowa,Big Ten,40.0,"[3, 3, 13, 21]",1.0,1550.0,1550.0,2287,Illinois State,fcs,MVFC,0.0,"[0, 0, 0, 0]",0.0,1480.0,1472.0,2.793911585006647,69250.0,False,False,Iowa City,IA,52242.0,US,America/Chicago,41.6586045,-91.5510829,220.6357727,1929.0,2024-08-31,24.0,0.0,6.5,1.0,1.0,False,False,False,True,False
401628451,2024,1,2024-08-31T16:00:00.000Z,False,False,False,35421.0,3665,SECU Stadium,120,Maryland,Big Ten,50.0,"[14, 9, 13, 14]",0.9924694895744324,1630.0,1703.0,41,UConn,fbs,FBS Independents,7.0,"[0, 0, 7, 0]",0.0075305104255676,1230.0,1157.0,2.404775825788813,51802.0,False,False,College Park,MD,20742.0,US,America/New_York,38.9903332,-76.9473792,32.68748093,1950.0,2024-08-31,24.9,0.1,8.9,0.6837766881587584,0.0,False,False,False,False,False
401645322,2024,1,2024-08-31T16:00:00.000Z,False,False,False,28763.0,3852,Navy-Marine Corps Memorial Stadium,2426,Navy,American Athletic,49.0,"[6, 22, 7, 14]",0.9987257122993468,1368.0,1368.0,2083,Bucknell,fcs,Patriot,21.0,"[7, 0, 7, 7]",0.001274287700653,1480.0,1472.0,3.6932632596516344,34000.0,False,False,Annapolis,MD,21402.0,US,America/New_York,38.9846985,-76.5076335,10.74990082,1959.0,2024-08-31,25.6,0.0,7.3,0.8459705882352941,0.0,False,False,False,True,False
401628323,2024,1,2024-08-31T16:00:00.000Z,False,True,False,78827.0,5348,Mercedes-Benz Stadium,61,Georgia,SEC,34.0,"[0, 6, 14, 14]",0.980593204498291,2015.0,2066.0,228,Clemson,fbs,ACC,3.0,"[0, 0, 3, 0]",0.0194067955017089,1676.0,1625.0,2.8789609314034847,75000.0,False,True,Atlanta,GA,30313.0,US,America/New_York,33.755578,-84.400881,307.9,2017.0,2024-08-31,31.0,0.0,5.6,1.0510266666666668,,False,False,True,False,False
401628457,2024,1,2024-08-31T16:00:00.000Z,False,False,False,62084.0,3842,Milan Puskar Stadium,277,West Virginia,Big 12,12.0,"[0, 6, 0, 6]",0.0,1574.0,1546.0,213,Penn State,fbs,Big Ten,34.0,"[0, 20, 7, 7]",1.0,1833.0,1861.0,3.735104165386895,60000.0,False,False,Morgantown,WV,26507.0,US,America/New_York,39.6502744,-79.9551873,327.409668,1980.0,2024-08-31,25.8,0.0,4.8,1.0347333333333333,1.0,False,False,True,False,False
401634305,2024,1,2024-08-31T16:00:00.000Z,False,False,False,44616.0,3752,Acrisure Stadium,221,Pittsburgh,ACC,55.0,"[14, 14, 14, 13]",0.965776264667511,1436.0,1486.0,2309,Kent State,fbs,Mid-American,24.0,"[7, 7, 10, 0]",0.034223735332489,1158.0,1108.0,3.4014438325652123,68400.0,True,False,Pittsburgh,PA,15260.0,US,America/New_York,40.4467648,-80.0157603,220.5887146,2001.0,2024-08-31,27.8,0.0,6.6,0.652280701754386,0.0,False,False,False,False,False
401634169,2024,1,2024-08-31T16:00:00.000Z,False,False,False,59488.0,3907,Ross-Ade Stadium,2509,Purdue,Big Ten,49.0,"[7, 14, 14, 14]",0.9893006086349488,1492.0,1492.0,282,Indiana State,fcs,MVFC,0.0,"[0, 0, 0, 0]",0.0106993913650512,1480.0,1472.0,2.3671068601956624,57282.0,True,False,West Lafayette,IN,47907.0,US,America/Indiana/Indianapolis,40.4352253,-86.9186843,197.5337677,1924.0,2024-08-31,25.7,0.0,5.2,1.038511225166719,1.0,False,False,True,True,False
401628333,2024,1,2024-08-31T16:00:00.000Z,False,False,False,,3973,FirstBank Stadium,238,Vanderbilt,SEC,34.0,"[3, 14, 3, 7, 7]",1.0,1284.0,1313.0,259,Virginia Tech,fbs,ACC,27.0,"[0, 3, 10, 14, 0]",0.0,1604.0,1575.0,6.107332935925761,40351.0,False,False,Nashville,TN,37212.0,US,America/Chicago,36.1440455,-86.8088942,159.9194641,1922.0,2024-08-31,29.4,0.0,1.9,,,True,False,False,False,False
401632062,2024,1,2024-08-31T16:00:00.000Z,False,False,False,47067.0,3873,L&N Federal Credit Union Stadium,97,Louisville,ACC,62.0,"[10, 28, 21, 3]",0.9891191124916076,1625.0,1625.0,2046,Austin Peay,fcs,UAC,0.0,"[0, 0, 0, 0]",0.0108808875083923,1480.0,1472.0,1.876884352027366,60000.0,False,False,Louisville,KY,40292.0,US,America/Kentucky/Louisville,38.2057621,-85.7588141,138.5615997,1998.0,2024-08-31,26.9,0.0,4.1,0.78445,0.0,False,False,False,True,False
401628330,2024,1,2024-08-31T16:45:00.000Z,False,False,False,101915.0,3853,Neyland Stadium,2633,Tennessee,SEC,69.0,"[24, 21, 10, 14]",0.9840481877326964,1751.0,1751.0,236,Chattanooga,fcs,Southern,3.0,"[0, 0, 3, 0]",0.0159518122673034,1480.0,1472.0,2.0430216449479515,102455.0,True,False,Knoxville,TN,37996.0,US,America/New_York,35.9550131,-83.9250128,271.9517212,1921.0,2024-08-31,30.4,0.0,4.8,0.994729393392221,1.0,False,False,False,True,False
401634212,2024,1,2024-08-31T18:00:00.000Z,False,False,False,52202.0,3646,Boone Pickens Stadium,197,Oklahoma State,Big 12,44.0,"[10, 7, 21, 6]",0.9937065839767456,1522.0,1522.0,2571,South Dakota State,fcs,MVFC,20.0,"[0, 6, 7, 7]",0.0062934160232543,1480.0,1472.0,2.9147172692536496,55509.0,False,False,Stillwater,OK,74078.0,US,America/Chicago,36.125673,-97.066513,276.4808655,1919.0,2024-08-31,29.2,0.2,10.5,0.9404240753751644,1.0,False,False,False,True,False
401628591,2024,1,2024-08-31T18:30:00.000Z,False,False,False,37654.0,3854,Nippert Stadium,2132,Cincinnati,Big 12,38.0,"[21, 7, 10, 0]",0.9920116662979126,1394.0,1394.0,119,Towson,fcs,Coastal Athletic,20.0,"[3, 14, 3, 0]",0.0079883337020874,1480.0,1472.0,2.9961249219906474,40000.0,False,False,Cincinnati,OH,45221.0,US,America/New_York,39.1312495,-84.5161913,230.0660553,1915.0,2024-08-31,26.4,3.3,6.4,0.94135,1.0,False,False,False,True,False
401637159,2024,1,2024-08-31T19:00:00.000Z,False,False,False,20089.0,3820,Gesa Field,265,Washington State,Pac-12,70.0,"[22, 27, 14, 7]",0.9906681180000304,1530.0,1530.0,2502,Portland State,fcs,Big Sky,30.0,"[7, 10, 6, 7]",0.0093318819999694,1480.0,1472.0,2.983677029155857,32952.0,False,False,Pullman,WA,99164.0,US,America/Los_Angeles,46.731831,-117.1604991,773.9526367,1972.0,2024-08-31,29.2,0.0,7.7,0.6096443311483369,0.0,False,False,False,True,False
401634197,2024,1,2024-08-31T19:30:00.000Z,False,False,False,56148.0,3772,Jack Trice Stadium,66,Iowa State,Big 12,21.0,"[7, 7, 0, 7]",0.9792457818984984,1612.0,1612.0,155,North Dakota,fcs,MVFC,3.0,"[0, 3, 0, 0]",0.0207542181015014,1480.0,1472.0,2.7771316305979155,61500.0,True,False,Ames,IA,50011.0,US,America/Chicago,42.0139977,-93.6357716,274.9135437,1975.0,2024-08-31,26.2,0.0,10.7,0.9129756097560976,1.0,False,False,False,True,False
401628454,2024,1,2024-08-31T19:30:00.000Z,False,False,False,86072.0,3834,"Memorial Stadium (Lincoln, NE)",158,Nebraska,Big Ten,40.0,"[7, 23, 7, 3]",0.953879415988922,1507.0,1571.0,2638,UTEP,fbs,Conference USA,7.0,"[7, 0, 0, 0]",0.0461205840110778,1296.0,1232.0,3.5714442090281193,85458.0,False,False,Lincoln,NE,68588.0,US,America/Chicago,40.820682,-96.705594,354.9318848,1923.0,2024-08-31,28.3,0.0,6.1,1.0071848159329728,1.0,False,False,True,False,False
401628322,2024,1,2024-08-31T19:30:00.000Z,False,False,False,90544.0,3634,Ben Hill Griffin Stadium,57,Florida,SEC,17.0,"[3, 7, 0, 7]",0.0082863792777061,1562.0,1497.0,2390,Miami,fbs,ACC,41.0,"[7, 17, 14, 3]",0.991713620722294,1553.0,1618.0,3.1975890118592023,88548.0,True,False,Gainesville,FL,32653.0,US,America/New_York,29.6499357,-82.3485788,44.97250748,1930.0,2024-08-31,32.5,0.0,12.1,1.0225414464471247,1.0,False,False,True,False,False
401634133,2024,1,2024-08-31T19:30:00.000Z,False,False,False,36232.0,3792,Kidd Brewer Stadium,2026,App State,Sun Belt,38.0,"[10, 7, 7, 14]",0.9833067655563354,1578.0,1578.0,2193,East Tennessee State,fcs,Southern,10.0,"[0, 7, 3, 0]",0.0166932344436645,1480.0,1472.0,3.2225527344981484,30000.0,False,False,Boone,NC,28608.0,US,America/New_York,36.2114267,-81.6854278,991.3414307,1962.0,2024-08-31,23.3,0.6,6.9,1.207733333333333,1.0,False,False,True,True,False
401628331,2024,1,2024-08-31T19:30:00.000Z,False,False,False,99171.0,3910,DKR-Texas Memorial Stadium,251,Texas,SEC,52.0,"[7, 24, 14, 7]",0.9847278594970704,1850.0,1939.0,36,Colorado State,fbs,Mountain West,0.0,"[0, 0, 0, 0]",0.0152721405029296,1350.0,1261.0,1.9847637724366325,100119.0,False,False,Austin,TX,78712.0,US,America/Chicago,30.2836813,-97.7325345,160.3089447,1924.0,2024-08-31,32.4,0.0,15.6,0.9905312677913284,1.0,False,False,False,False,False
401641015,2024,1,2024-08-31T19:30:00.000Z,False,False,False,25911.0,3604,Alamodome,2636,UTSA,American Athletic,28.0,"[14, 7, 0, 7]",0.9809761643409728,1598.0,1613.0,338,Kennesaw State,fbs,Conference USA,16.0,"[3, 3, 3, 7]",0.0190238356590271,1500.0,1485.0,4.051633624226645,36582.0,False,True,San Antonio,TX,78299.0,US,America/Chicago,29.4169834,-98.4788143,201.5526886,1993.0,2024-08-31,34.1,0.1,15.6,0.7082991635230441,0.0,False,False,False,False,False
401628455,2024,1,2024-08-31T19:30:00.000Z,False,False,False,102011.0,3861,Ohio Stadium,194,Ohio State,Big Ten,52.0,"[7, 10, 21, 14]",0.9925321340560912,1876.0,1927.0,2006,Akron,fbs,Mid-American,6.0,"[3, 0, 3, 0]",0.0074678659439086,1212.0,1161.0,2.516653106939922,102780.0,False,False,Columbus,OH,43210.0,US,America/New_York,40.0016447,-83.0197266,216.6770325,1922.0,2024-08-31,27.7,2.1,15.6,0.9925179996108192,1.0,False,False,False,False,False
401628449,2024,1,2024-08-31T19:30:00.000Z,False,False,False,44150.0,3830,"Memorial Stadium (Bloomington, IN)",84,Indiana,Big Ten,31.0,"[14, 7, 3, 7]",0.9948592782020568,1395.0,1430.0,2229,Florida International,fbs,Conference USA,7.0,"[0, 7, 0, 0]",0.0051407217979431,1164.0,1129.0,2.3762521935476086,52656.0,False,False,Bloomington,IN,47408.0,US,America/Indiana/Indianapolis,39.1808959,-86.5256217,231.6500854,1960.0,2024-08-31,23.4,2.7,4.3,0.8384609541172896,0.0,False,False,False,False,False
401629039,2024,1,2024-08-31T19:30:00.000Z,False,False,False,12810.0,3985,Warren McGuirk Alumni Stadium,113,Massachusetts,FBS Independents,14.0,"[0, 0, 7, 7]",0.0516481772065162,1141.0,1123.0,2199,Eastern Michigan,fbs,Mid-American,28.0,"[0, 14, 3, 11]",0.9483518227934836,1287.0,1305.0,4.213328917079542,17000.0,False,False,Hadley,MA,1003.0,US,America/New_York,42.3773244,-72.5360595,46.58664703,1965.0,2024-08-31,24.9,0.0,14.6,0.7535294117647059,0.0,False,False,False,False,False
401634304,2024,1,2024-08-31T19:30:00.000Z,False,False,False,37225.0,1964,JMA Wireless Dome,183,Syracuse,ACC,38.0,"[0, 17, 14, 7]",0.9857051968574524,1330.0,1383.0,195,Ohio,fbs,Mid-American,22.0,"[6, 3, 7, 6]",0.0142948031425476,1522.0,1469.0,3.7649885928754214,49057.0,False,True,Syracuse,NY,13244.0,US,America/New_York,43.0362269,-76.1363161,162.6989746,1980.0,2024-08-31,26.4,0.0,12.8,0.7588111788327864,0.0,False,False,False,False,False
401644731,2024,1,2024-08-31T19:30:00.000Z,False,False,False,10828.0,3764,Huskie Stadium,2459,Northern Illinois,Mid-American,54.0,"[6, 28, 13, 7]",0.9901735782623292,1446.0,1446.0,2710,Western Illinois,fcs,Big South-OVC,15.0,"[3, 0, 5, 7]",0.0098264217376708,1480.0,1472.0,2.6824886934792875,23595.0,False,False,DeKalb,IL,60115.0,US,America/Chicago,41.9339586,-88.7778357,267.4530029,1965.0,2024-08-31,26.6,0.0,8.3,0.4589107861835134,0.0,False,False,False,True,False
401644683,2024,1,2024-08-31T19:30:00.000Z,False,True,False,12023.0,5960,Lanny and Sharon Martin Stadium,77,Northwestern,Big Ten,13.0,"[3, 0, 7, 3]",0.5036942958831787,1498.0,1514.0,193,Miami (OH),fbs,Mid-American,6.0,"[3, 0, 0, 3]",0.4963057041168213,1506.0,1490.0,3.9585540485657753,12023.0,False,False,Evanston,IL,60208.0,US,America/Chicago,42.058246,-87.670876,179.0,1997.0,2024-08-31,27.8,0.0,6.3,1.0,,False,False,False,False,False
401643699,2024,1,2024-08-31T19:30:00.000Z,False,False,False,31658.0,3713,Falcon Stadium,2005,Air Force,Mountain West,21.0,"[7, 7, 0, 7]",0.9875192046165466,1572.0,1572.0,2771,Merrimack,fcs,FCS Independents,6.0,"[0, 0, 0, 6]",0.0124807953834533,1480.0,1472.0,3.0020065660070876,46692.0,False,False,Colorado Springs,CO,80840.0,US,America/Denver,38.9969701,-104.8436165,2024.875732,1962.0,2024-08-31,27.7,0.0,6.0,0.6780176475627516,0.0,False,False,False,True,False
401643700,2024,1,2024-08-31T20:00:00.000Z,False,False,False,24134.0,3608,Allen E. Paulson Stadium,290,Georgia Southern,Sun Belt,45.0,"[0, 16, 14, 15]",0.1535815000534057,1384.0,1381.0,68,Boise State,fbs,Mountain West,56.0,"[14, 14, 8, 20]",0.8464184999465942,1626.0,1629.0,6.415953292529481,25000.0,False,False,Statesboro,GA,30460.0,US,America/New_York,32.4122471,-81.7849296,61.25376892,1984.0,2024-08-31,33.0,0.0,10.0,0.96536,1.0,False,False,False,False,False
401628329,2024,1,2024-08-31T20:15:00.000Z,False,False,False,78496.0,3994,Williams-Brice Stadium,2579,South Carolina,SEC,23.0,"[10, 3, 3, 7]",0.9613243341445924,1562.0,1560.0,295,Old Dominion,fbs,Sun Belt,19.0,"[7, 0, 9, 3]",0.0386756658554077,1406.0,1408.0,5.344174217300797,80250.0,True,False,Columbia,SC,29208.0,US,America/New_York,33.9730239,-81.0191726,60.54548645,1934.0,2024-08-31,28.4,2.9,4.6,0.9781433021806852,1.0,False,False,False,False,False
401634301,2024,1,2024-08-31T21:00:00.000Z,False,False,False,32275.0,3831,California Memorial Stadium,25,California,ACC,31.0,"[7, 7, 10, 7]",0.1978875249624252,1483.0,1483.0,302,UC Davis,fcs,Big Sky,13.0,"[6, 7, 0, 0]",0.8021124750375748,1480.0,1472.0,3.103797912597656,62467.0,False,False,Berkeley,CA,94720.0,US,America/Los_Angeles,37.8710434,-122.2507729,125.3108063,1923.0,2024-08-31,20.9,0.0,16.1,0.5166728032401108,0.0,False,False,False,True,False
401643775,2024,1,2024-08-31T21:00:00.000Z,False,False,False,15559.0,6526,Hancock Whitney Stadium,6,South Alabama,Sun Belt,38.0,"[3, 16, 7, 12]",0.467881441116333,1650.0,1593.0,249,North Texas,fbs,American Athletic,52.0,"[7, 7, 28, 10]",0.532118558883667,1412.0,1469.0,6.0740383434957135,25450.0,False,False,Mobile,AL,36688.0,US,America/Chicago,30.696904,-88.192013,45.0,2020.0,2024-08-31,26.7,0.1,3.8,0.6113555992141454,0.0,False,False,False,False,False
401628590,2024,1,2024-08-31T21:00:00.000Z,False,False,False,25032.0,3775,Joan C. Edwards Stadium,276,Marshall,Sun Belt,45.0,"[7, 10, 7, 21]",0.9932472109794616,1406.0,1406.0,2619,Stony Brook,fcs,Coastal Athletic,3.0,"[0, 0, 3, 0]",0.0067527890205383,1480.0,1472.0,3.017729382763726,38016.0,False,False,Huntington,WV,25755.0,US,America/New_York,38.4247042,-82.4214412,163.7328186,1991.0,2024-08-31,30.5,0.0,12.1,0.6584595959595959,0.0,False,False,False,True,False
401645320,2024,1,2024-08-31T22:00:00.000Z,False,False,False,36467.0,3699,Dowdy-Ficklen Stadium,151,East Carolina,American Athletic,42.0,"[14, 14, 7, 7]",0.8727564811706543,1404.0,1404.0,2450,Norfolk State,fcs,MEAC,3.0,"[3, 0, 0, 0]",0.1272435188293457,1480.0,1472.0,2.3093746490890448,50000.0,True,False,Greenville,NC,27858.0,US,America/New_York,35.5968486,-77.364564,19.0564537,1963.0,2024-08-31,29.6,0.0,1.0,0.72934,0.0,False,False,False,True,False
401628589,2024,1,2024-08-31T22:00:00.000Z,False,False,False,40811.0,3923,Scott Stadium,258,Virginia,ACC,34.0,"[17, 10, 7, 0]",0.9931436777114868,1310.0,1310.0,257,Richmond,fcs,Coastal Athletic,13.0,"[0, 7, 3, 3]",0.0068563222885131,1480.0,1472.0,2.34711357614246,61500.0,True,False,Charlottesville,VA,22904.0,US,America/New_York,38.0311801,-78.5137897,170.4677429,1931.0,2024-08-31,28.8,0.1,7.3,0.6635934959349593,0.0,False,False,False,True,False
401628586,2024,1,2024-08-31T22:00:00.000Z,False,False,False,21573.0,3992,Williams Stadium (VA),2335,Liberty,Conference USA,41.0,"[7, 10, 10, 14]",1.0,1572.0,1572.0,2097,Campbell,fcs,Coastal Athletic,24.0,"[3, 7, 7, 7]",0.0,1480.0,1472.0,3.788145792359345,25000.0,False,False,Lynchburg,VA,24502.0,US,America/New_York,37.3544305,-79.1750239,272.9237061,1989.0,2024-08-31,26.1,0.0,8.1,0.86292,0.0,False,False,False,True,False
401628326,2024,1,2024-08-31T22:00:00.000Z,False,False,False,48724.0,3693,Davis Wade Stadium,344,Mississippi State,SEC,56.0,"[14, 21, 7, 14]",0.936838686466217,1447.0,1447.0,2198,Eastern Kentucky,fcs,UAC,7.0,"[0, 7, 0, 0]",0.0631613135337829,1480.0,1472.0,2.095558575056547,61337.0,True,False,Starkville,MS,39762.0,US,America/Chicago,33.4563403,-88.7933652,110.2742081,1914.0,2024-08-31,26.3,1.3,11.5,0.7943655542331708,0.0,False,False,False,True,False
401643704,2024,1,2024-08-31T22:30:00.000Z,False,False,False,31013.0,3893,Reser Stadium,204,Oregon State,Pac-12,38.0,"[7, 10, 14, 7]",0.992974579334259,1648.0,1648.0,304,Idaho State,fcs,Big Sky,15.0,"[9, 0, 6, 0]",0.0070254206657409,1480.0,1472.0,3.5831568074348135,43363.0,False,False,Corvallis,OR,97331.0,US,America/Los_Angeles,44.5594559,-123.2814341,66.90744781,1953.0,2024-08-31,32.4,0.0,4.0,0.7151949818970089,0.0,False,False,False,True,False
401636611,2024,1,2024-08-31T23:00:00.000Z,False,False,False,25750.0,4728,TDECU Stadium,248,Houston,Big 12,7.0,"[0, 0, 0, 7]",0.0,1447.0,1402.0,2439,UNLV,fbs,Mountain West,27.0,"[7, 7, 10, 3]",1.0,1496.0,1541.0,2.872623398404453,40000.0,False,False,Houston,TX,77004.0,US,America/Chicago,29.7219885,-95.3491623,9.57440567,2014.0,2024-08-31,28.2,0.5,18.1,0.64375,0.0,False,False,False,False,False
401628325,2024,1,2024-08-31T23:00:00.000Z,False,False,False,66105.0,3974,Vaught-Hemingway Stadium,145,Ole Miss,SEC,76.0,"[24, 28, 21, 3]",0.9876115322113036,1658.0,1658.0,231,Furman,fcs,Southern,0.0,"[0, 0, 0, 0]",0.0123884677886962,1480.0,1472.0,2.078582645170884,64038.0,True,False,Oxford,MS,38677.0,US,America/Chicago,34.3619837,-89.5342076,146.8517151,1915.0,2024-08-31,28.0,0.0,6.0,1.0322777101096223,1.0,False,False,True,True,False
401643701,2024,1,2024-08-31T23:00:00.000Z,False,False,False,27412.0,3975,Veterans Memorial Stadium (AL),2653,Troy,Sun Belt,26.0,"[7, 7, 3, 9]",0.0993794575333595,1657.0,1629.0,2440,Nevada,fbs,Mountain West,28.0,"[0, 6, 15, 7]",0.9006205424666405,1243.0,1271.0,5.118414180981349,30000.0,False,False,Troy,AL,36082.0,US,America/Chicago,31.7995565,-85.9518328,154.7746277,1950.0,2024-08-31,32.7,0.0,2.6,0.9137333333333332,1.0,False,False,False,False,False
401645321,2024,1,2024-08-31T23:00:00.000Z,False,False,False,25849.0,3805,Simmons Bank Liberty Stadium,235,Memphis,American Athletic,40.0,"[7, 24, 3, 6]",0.99004065990448,1569.0,1569.0,2453,North Alabama,fcs,UAC,0.0,"[0, 0, 0, 0]",0.00995934009552,1480.0,1472.0,1.896845397834977,58325.0,False,False,Memphis,TN,38152.0,US,America/Chicago,35.1209429,-89.977147,90.62445831,1965.0,2024-08-31,28.6,0.0,8.9,0.4431890270038577,0.0,False,False,False,True,False
401641023,2024,1,2024-08-31T23:00:00.000Z,False,False,False,16000.0,3725,"Johnny ""Red"" Floyd Stadium",2393,Middle Tennessee,Conference USA,32.0,"[7, 14, 0, 11]",0.4409990906715393,1400.0,1400.0,2635,Tennessee Tech,fcs,Big South-OVC,25.0,"[0, 5, 6, 14]",0.5590009093284607,1480.0,1472.0,4.508355150612762,30788.0,False,False,Murfreesboro,TN,37132.0,US,America/Chicago,35.8511463,-86.3681649,191.7279816,1933.0,2024-08-31,28.8,0.0,8.1,0.5196829933740418,0.0,False,False,False,True,False
401636612,2024,1,2024-08-31T23:00:00.000Z,False,False,False,51240.0,3636,Bill Snyder Family Stadium,2306,Kansas State,Big 12,41.0,"[14, 3, 10, 14]",0.9845443964004515,1794.0,1794.0,2630,UT Martin,fcs,Big South-OVC,6.0,"[0, 3, 3, 0]",0.0154556035995483,1480.0,1472.0,2.76967873508945,50000.0,False,False,Manhattan,KS,66502.0,US,America/Chicago,39.2020096,-96.5938395,328.0574646,1968.0,2024-08-31,27.4,0.0,0.8,1.0248,1.0,False,False,True,True,False
401636610,2024,1,2024-08-31T23:00:00.000Z,False,False,False,42272.0,4727,McLane Stadium,239,Baylor,Big 12,45.0,"[21, 7, 7, 10]",0.9881401658058168,1422.0,1422.0,2627,Tarleton State,fcs,UAC,3.0,"[0, 0, 3, 0]",0.0118598341941833,1480.0,1472.0,1.9740995609871808,45140.0,False,False,Waco,TX,76704.0,US,America/Chicago,31.5582015,-97.1156702,117.0538101,2014.0,2024-08-31,34.0,0.0,16.9,0.9364643331856448,1.0,False,False,False,True,False
401636363,2024,1,2024-08-31T23:00:00.000Z,False,False,False,,3886,Raymond James Stadium,58,South Florida,American Athletic,48.0,"[14, 17, 17, 0]",0.9894034266471864,1442.0,1442.0,2065,Bethune-Cookman,fcs,SWAC,3.0,"[0, 3, 0, 0]",0.0105965733528137,1480.0,1472.0,2.6146601166694183,65828.0,True,False,Tampa,FL,33620.0,US,America/New_York,27.9758691,-82.5033344,11.07972908,1998.0,2024-08-31,26.0,1.6,8.2,,,True,False,False,True,False
401632064,2024,1,2024-08-31T23:00:00.000Z,False,False,False,21708.0,3625,Centennial Bank Stadium,2032,Arkansas State,Sun Belt,34.0,"[6, 7, 7, 14]",0.5000490546226501,1406.0,1406.0,2110,Central Arkansas,fcs,UAC,31.0,"[0, 0, 10, 21]",0.4999509453773498,1480.0,1472.0,6.284371400998511,30382.0,False,False,Jonesboro,AR,72404.0,US,America/Chicago,35.8488977,-90.6677436,89.52690887,1974.0,2024-08-31,29.5,0.0,3.6,0.7145020077677572,0.0,False,False,False,True,False
401641039,2024,1,2024-08-31T23:00:00.000Z,False,False,False,17298.0,3895,Rice Stadium,242,Rice,American Athletic,14.0,"[0, 7, 7, 0]",0.0208956394344568,1362.0,1314.0,2534,Sam Houston,fbs,Conference USA,34.0,"[17, 7, 10, 0]",0.9791043605655432,1388.0,1436.0,3.5503441904816904,47000.0,False,False,Houston,TX,77251.0,US,America/Chicago,29.7163297,-95.4093261,7.148301601,1950.0,2024-08-31,28.4,0.5,17.7,0.3680425531914894,0.0,False,False,False,False,False
401628319,2024,1,2024-08-31T23:00:00.000Z,False,False,False,100077.0,3657,Bryant-Denny Stadium,333,Alabama,SEC,63.0,"[21, 21, 14, 7]",0.9892138242721558,1854.0,1997.0,98,Western Kentucky,fbs,Conference USA,0.0,"[0, 0, 0, 0]",0.0107861757278442,1466.0,1323.0,2.0994842554552258,101821.0,True,False,Tuscaloosa,AL,35487.0,US,America/Chicago,33.2082752,-87.5503836,70.05136108,1929.0,2024-08-31,26.9,0.0,6.7,0.9828719026526944,1.0,False,False,False,False,False
401628321,2024,1,2024-08-31T23:30:00.000Z,False,False,False,88043.0,3785,Jordan-Hare Stadium,2,Auburn,SEC,73.0,"[28, 24, 14, 7]",0.9892137050628662,1556.0,1556.0,2010,Alabama A&M,fcs,SWAC,3.0,"[0, 3, 0, 0]",0.0107862949371337,1480.0,1472.0,1.844879981360457,87451.0,True,False,Auburn,AL,36849.0,US,America/Chicago,32.6025532,-85.4897479,201.1737976,1939.0,2024-08-31,31.5,0.0,3.1,1.0067695052086312,1.0,False,False,True,True,False
401628452,2024,1,2024-08-31T23:30:00.000Z,False,False,False,110665.0,3558,Michigan Stadium,130,Michigan,Big Ten,30.0,"[7, 3, 3, 17]",1.0,1973.0,1980.0,278,Fresno State,fbs,Mountain West,10.0,"[0, 3, 0, 7]",0.0,1558.0,1551.0,3.7357864560743543,107601.0,False,False,Ann Arbor,MI,48109.0,US,America/Detroit,42.2658365,-83.7486956,255.5500031,1927.0,2024-08-31,25.7,0.0,5.0,1.0284755717883662,1.0,False,False,True,False,False
401628459,2024,1,2024-08-31T23:30:00.000Z,False,False,False,15194.0,7220,Clarence T.C. Ching Athletics Complex,62,Hawai'i,Mountain West,13.0,"[7, 3, 3, 0]",0.566781222820282,1227.0,1242.0,26,UCLA,fbs,Big Ten,16.0,"[0, 0, 10, 6]",0.433218777179718,1568.0,1553.0,5.060538179534148,15194.0,False,False,Honolulu,HI,96822.0,US,Pacific/Honolulu,21.294294,-157.819338,20.0,2015.0,2024-08-31,29.7,0.1,11.5,1.0,1.0,False,False,False,False,False
401628456,2024,1,2024-08-31T23:30:00.000Z,False,False,False,57435.0,3626,Autzen Stadium,2483,Oregon,Big Ten,24.0,"[7, 7, 0, 10]",0.9564478993415833,1904.0,1904.0,70,Idaho,fcs,Big Sky,14.0,"[0, 0, 7, 7]",0.0435521006584167,1480.0,1472.0,3.293333875527962,54000.0,False,False,Eugene,OR,97401.0,US,America/Los_Angeles,44.0582712,-123.0684883,127.4198303,1967.0,2024-08-31,32.7,0.0,4.7,1.063611111111111,1.0,False,False,True,True,False
401628332,2024,1,2024-08-31T23:30:00.000Z,False,False,False,,3795,Kyle Field,245,Texas A&M,SEC,13.0,"[3, 3, 0, 7]",0.1166847273707389,1681.0,1677.0,87,Notre Dame,fbs,FBS Independents,23.0,"[3, 3, 7, 10]",0.883315272629261,1884.0,1888.0,6.42230706776738,102733.0,True,False,College Station,TX,77843.0,US,America/Chicago,30.6098891,-96.3403828,108.824585,1927.0,2024-08-31,33.3,0.1,15.8,,,True,False,False,False,False
401636613,2024,1,2024-08-31T23:30:00.000Z,False,False,False,,3784,Jones AT&T Stadium,2641,Texas Tech,Big 12,52.0,"[22, 10, 7, 6, 7]",0.662904679775238,1541.0,1541.0,2000,Abilene Christian,fcs,UAC,51.0,"[7, 14, 7, 17, 6]",0.3370953202247619,1480.0,1472.0,8.44736610307328,60454.0,False,False,Lubbock,TX,79409.0,US,America/Chicago,33.5910518,-101.8728824,980.7632446,1947.0,2024-08-31,29.6,0.0,16.1,,,True,False,False,True,False
401628324,2024,1,2024-08-31T23:45:00.000Z,False,False,False,61627.0,3683,Kroger Field,96,Kentucky,SEC,31.0,"[7, 17, 7]",0.9930383563041688,1594.0,1640.0,2572,Southern Miss,fbs,Sun Belt,0.0,"[0, 0, 0]",0.0069616436958312,1276.0,1230.0,2.213364541530609,61000.0,False,False,Lexington,KY,40506.0,US,America/New_York,38.0220905,-84.5053408,307.4248962,1973.0,2024-08-31,24.6,2.2,11.6,1.0102786885245902,1.0,False,False,True,False,False
401636380,2024,1,2024-09-01T00:00:00.000Z,False,False,False,23107.0,3666,Cajun Field,309,Louisiana,Sun Belt,40.0,"[7, 23, 7, 3]",0.9625090956687928,1496.0,1496.0,2755,Grambling,fcs,SWAC,10.0,"[0, 0, 7, 3]",0.0374909043312072,1480.0,1472.0,2.044324133531423,41426.0,False,False,Lafayette,LA,70506.0,US,America/Chicago,30.2158434,-92.0417371,3.556508303,1971.0,2024-09-01,25.5,0.1,10.5,0.5577897938492734,0.0,False,False,False,True,False
401643776,2024,1,2024-09-01T00:00:00.000Z,False,False,False,19637.0,3644,Bobcat Stadium (TX),326,Texas State,Sun Belt,34.0,"[15, 3, 3, 13]",0.9913235902786256,1399.0,1399.0,2320,Lamar,fcs,Southland,27.0,"[0, 0, 10, 17]",0.0086764097213745,1480.0,1472.0,3.6638370202947153,30000.0,False,False,San Marcos,TX,78666.0,US,America/Chicago,29.8910008,-97.9255735,177.8676453,1981.0,2024-09-01,31.6,0.0,12.3,0.6545666666666666,0.0,False,False,False,True,False
401634303,2024,1,2024-09-01T00:00:00.000Z,False,False,False,27080.0,3735,Gerald J. Ford Stadium,2567,SMU,ACC,59.0,"[28, 14, 7, 10]",0.9895529747009276,1684.0,1684.0,2277,Houston Christian,fcs,Southland,7.0,"[0, 7, 0, 0]",0.0104470252990722,1480.0,1472.0,2.048850774861513,32000.0,False,False,University Park,TX,75275.0,US,America/Chicago,32.8377223,-96.7827859,169.4058075,2000.0,2024-09-01,32.7,0.0,13.2,0.84625,0.0,False,False,False,True,False
401643702,2024,1,2024-09-01T00:00:00.000Z,False,False,False,25180.0,7311,Snapdragon Stadium,21,San Diego State,Mountain West,45.0,"[3, 0, 21, 21]",0.951508641242981,1416.0,1416.0,2837,East Texas A&M,fcs,Southland,14.0,"[0, 6, 8, 0]",0.048491358757019,1480.0,1472.0,4.359621429975252,35000.0,True,False,San Diego,CA,92093.0,US,America/Los_Angeles,32.784444,-117.122833,62.0,2022.0,2024-09-01,23.0,0.0,11.8,0.7194285714285714,0.0,False,False,False,True,False
401641007,2024,1,2024-09-01T00:00:00.000Z,False,False,False,16570.0,3776,Joe Aillet Stadium,2348,Louisiana Tech,Conference USA,25.0,"[9, 6, 0, 10]",0.7930136322975159,1246.0,1246.0,2447,Nicholls,fcs,Southland,17.0,"[7, 3, 0, 7]",0.2069863677024841,1480.0,1472.0,5.509162046377392,28019.0,False,False,Ruston,LA,71272.0,US,America/Chicago,32.5321487,-92.6560019,72.87982941,1968.0,2024-09-01,27.8,0.0,7.8,0.5913844177165495,0.0,False,False,False,True,False
401643774,2024,1,2024-09-01T00:00:00.000Z,False,False,False,15614.0,4418,Jerry Richardson Stadium,2429,Charlotte,American Athletic,7.0,"[0, 7, 0, 0]",0.0,1203.0,1195.0,256,James Madison,fbs,Sun Belt,30.0,"[3, 6, 7, 14]",1.0,1691.0,1699.0,5.219903622148383,15300.0,False,False,Charlotte,NC,28223.0,US,America/New_York,35.3105033,-80.7401194,190.365509,2013.0,2024-09-01,25.7,0.0,5.5,1.0205228758169935,1.0,False,False,True,False,False
401634302,2024,1,2024-09-01T00:00:00.000Z,False,False,False,40113.0,721,Bobby Dodd Stadium,59,Georgia Tech,ACC,35.0,"[7, 7, 14, 7]",0.9883953332901,1513.0,1559.0,2247,Georgia State,fbs,Sun Belt,12.0,"[0, 3, 9, 0]",0.0116046667098999,1416.0,1370.0,2.79266360511285,55000.0,False,False,Atlanta,GA,30332.0,US,America/New_York,33.7724449,-84.3928054,279.300415,1913.0,2024-09-01,26.7,0.0,4.7,0.7293272727272727,0.0,False,False,False,False,False
401634240,2024,1,2024-09-01T00:00:00.000Z,False,False,False,63712.0,3801,LaVell Edwards Stadium,252,BYU,Big 12,41.0,"[14, 3, 14, 10]",0.9939239621162416,1409.0,1409.0,79,Southern Illinois,fcs,MVFC,13.0,"[0, 6, 7, 0]",0.0060760378837585,1480.0,1472.0,2.8656754836713834,63470.0,True,False,Provo,UT,84602.0,US,America/Denver,40.2575347,-111.6545247,1412.097046,1964.0,2024-09-01,30.2,0.0,6.0,1.0038128249566725,1.0,False,False,True,True,False
401641032,2024,1,2024-09-01T01:00:00.000Z,False,False,False,10738.0,3601,Aggie Memorial Stadium,166,New Mexico State,Conference USA,23.0,"[0, 10, 0, 13]",0.7747358083724976,1432.0,1432.0,2546,Southeast Missouri State,fcs,Big South-OVC,16.0,"[7, 3, 3, 3]",0.2252641916275024,1480.0,1472.0,6.669492879326449,28853.0,False,False,Las Cruces,NM,88003.0,US,America/Denver,32.2796202,-106.7411148,1208.201294,1978.0,2024-09-01,25.7,0.0,4.3,0.3721623401379406,0.0,False,False,False,True,False
401636608,2024,1,2024-09-01T02:30:00.000Z,False,False,False,44748.0,3619,Arizona Stadium,12,Arizona,Big 12,61.0,"[14, 13, 21, 13]",1.0,1714.0,1720.0,167,New Mexico,fbs,Mountain West,39.0,"[14, 10, 7, 8]",0.0,1234.0,1228.0,6.344794804431931,50782.0,False,False,Tucson,AZ,85721.0,US,America/Phoenix,32.2288054,-110.9488677,742.1530151,1928.0,2024-09-01,33.2,0.0,5.6,0.881178370288685,0.0,False,False,False,False,False
401636609,2024,1,2024-09-01T02:30:00.000Z,False,False,False,48108.0,3947,Mountain America Stadium,9,Arizona State,Big 12,48.0,"[17, 10, 21, 0]",0.9907545447349548,1355.0,1497.0,2751,Wyoming,fbs,Mountain West,7.0,"[0, 0, 0, 7]",0.0092454552650451,1496.0,1354.0,2.0747835987465097,65870.0,True,False,Tempe,AZ,85287.0,US,America/Phoenix,33.4264471,-111.9325005,360.1569519,1958.0,2024-09-01,35.5,0.0,30.9,0.7303476544709275,0.0,False,False,False,False,False
401628460,2024,1,2024-09-01T03:00:00.000Z,False,False,False,66984.0,3765,Husky Stadium,264,Washington,Big Ten,35.0,"[0, 14, 14, 7]",0.9939773678779602,1752.0,1752.0,2692,Weber State,fcs,Big Sky,3.0,"[0, 0, 3, 0]",0.0060226321220397,1480.0,1472.0,3.155760778429135,70138.0,False,False,Seattle,WA,98195.0,US,America/Los_Angeles,47.6503235,-122.3015746,11.65622807,1920.0,2024-09-01,19.7,0.0,10.1,0.955031509310217,1.0,False,False,False,True,False
401628334,2024,1,2024-09-01T23:30:00.000Z,False,True,False,63969.0,6501,Allegiant Stadium,99,LSU,SEC,20.0,"[0, 10, 7, 3]",0.2162651270627975,1823.0,1803.0,30,USC,fbs,Big Ten,27.0,"[0, 10, 3, 14]",0.7837348729372025,1648.0,1668.0,6.961932840784732,65000.0,False,True,Las Vegas,NV,89118.0,US,America/Los_Angeles,36.09075,-115.183722,666.0,2020.0,2024-09-01,39.1,0.0,12.6,0.9841384615384616,,False,False,False,False,False
401634306,2024,1,2024-09-02T23:30:00.000Z,False,False,True,51719.0,3697,Doak Campbell Stadium,52,Florida State,ACC,13.0,"[0, 6, 7, 0]",0.0,1676.0,1610.0,103,Boston College,fbs,ACC,28.0,"[0, 14, 14, 0]",1.0,1396.0,1462.0,3.702239133775595,67277.0,True,False,Tallahassee,FL,32306.0,US,America/New_York,30.4381692,-84.3044032,19.55942535,1950.0,2024-09-02,33.4,0.0,7.9,0.7687471201153441,0.0,False,False,False,False,False
401634765,2024,2,2024-09-06T23:00:00.000Z,False,False,False,31172.0,3735,Gerald J. Ford Stadium,2567,SMU,ACC,15.0,"[0, 9, 3, 3]",0.4060007929801941,1669.0,1648.0,252,BYU,fbs,Big 12,18.0,"[7, 0, 8, 3]",0.5939992070198059,1409.0,1430.0,6.1588267572600675,32000.0,False,False,University Park,TX,75275.0,US,America/Chicago,32.8377223,-96.7827859,169.4058075,2000.0,2024-09-06,31.0,0.0,15.3,0.974125,1.0,False,False,False,False,False
401628463,2024,2,2024-09-06T23:00:00.000Z,False,False,False,39082.0,3830,"Memorial Stadium (Bloomington, IN)",84,Indiana,Big Ten,77.0,"[28, 14, 14, 21]",0.9930822253227234,1438.0,1438.0,2710,Western Illinois,fcs,Big South-OVC,3.0,"[0, 3, 0, 0]",0.0069177746772766,1480.0,1472.0,1.5636748517539911,52656.0,False,False,Bloomington,IN,47408.0,US,America/Indiana/Indianapolis,39.1808959,-86.5256217,231.6500854,1960.0,2024-09-06,22.8,0.0,15.4,0.742213612883622,0.0,False,False,False,True,False
401635533,2024,2,2024-09-07T01:00:00.000Z,False,True,False,11062.0,5960,Lanny and Sharon Martin Stadium,77,Northwestern,Big Ten,20.0,"[3, 7, 0, 3, 7, 0]",0.3426882028579712,1514.0,1514.0,150,Duke,fbs,ACC,26.0,"[7, 0, 3, 3, 7, 6]",0.6573117971420288,1602.0,1602.0,8.391282619490461,12023.0,False,False,Evanston,IL,60208.0,US,America/Chicago,42.058246,-87.670876,179.0,1997.0,2024-09-07,15.6,0.0,15.5,0.9200698660899942,,False,False,False,False,False
401628347,2024,2,2024-09-07T16:00:00.000Z,False,False,False,111170.0,3558,Michigan Stadium,130,Michigan,Big Ten,12.0,"[0, 3, 3, 6]",0.0203863177448511,1980.0,1928.0,251,Texas,fbs,SEC,31.0,"[7, 17, 7, 0]",0.9796136822551488,1939.0,1991.0,3.3875016933001283,107601.0,False,False,Ann Arbor,MI,48109.0,US,America/Detroit,42.2658365,-83.7486956,255.5500031,1927.0,2024-09-07,13.3,0.0,20.6,1.0331688367208482,1.0,False,False,True,False,False
401635534,2024,2,2024-09-07T16:00:00.000Z,False,False,True,39550.0,1964,JMA Wireless Dome,183,Syracuse,ACC,31.0,"[7, 14, 3, 7]",0.8480484485626221,1383.0,1386.0,59,Georgia Tech,fbs,ACC,28.0,"[7, 7, 0, 14]",0.1519515514373779,1559.0,1556.0,4.14882037870088,49057.0,False,True,Syracuse,NY,13244.0,US,America/New_York,43.0362269,-76.1363161,162.6989746,1980.0,2024-09-07,15.0,1.7,10.7,0.8062050268055527,0.0,False,False,False,False,False
401628471,2024,2,2024-09-07T16:00:00.000Z,False,False,False,41021.0,6577,SHI Stadium,164,Rutgers,Big Ten,49.0,"[7, 14, 14, 14]",0.9931941032409668,1460.0,1511.0,2006,Akron,fbs,Mid-American,17.0,"[0, 3, 7, 7]",0.0068058967590332,1161.0,1110.0,3.0386438020649287,52454.0,False,False,Piscataway,NJ,8854.0,US,America/New_York,40.513611,-74.465278,19.0,1994.0,2024-09-07,24.1,0.2,12.9,0.782037594845007,0.0,False,False,False,False,False
401636616,2024,2,2024-09-07T16:00:00.000Z,False,False,False,25034.0,4729,Yulman Stadium,2655,Tulane,American Athletic,27.0,"[7, 13, 0, 7]",0.5240082740783691,1565.0,1569.0,2306,Kansas State,fbs,Big 12,34.0,"[3, 7, 10, 14]",0.4759917259216308,1794.0,1790.0,5.538814788554292,30000.0,False,False,New Orleans,LA,70118.0,US,America/Chicago,29.944616,-90.116692,0.0,2014.0,2024-09-07,23.7,4.3,15.4,0.8344666666666667,0.0,False,False,False,False,False
401635538,2024,2,2024-09-07T16:00:00.000Z,False,False,False,37992.0,3854,Nippert Stadium,2132,Cincinnati,Big 12,27.0,"[14, 3, 10, 0]",0.7313023209571838,1394.0,1397.0,221,Pittsburgh,fbs,ACC,28.0,"[3, 3, 7, 15]",0.2686976790428161,1486.0,1483.0,4.295273637788174,40000.0,False,False,Cincinnati,OH,45221.0,US,America/New_York,39.1312495,-84.5161913,230.0660553,1915.0,2024-09-07,17.7,0.0,18.2,0.9498,1.0,False,False,False,False,False
401628336,2024,2,2024-09-07T16:00:00.000Z,False,False,False,52202.0,3646,Boone Pickens Stadium,197,Oklahoma State,Big 12,39.0,"[0, 7, 6, 18, 0, 8]",0.3044510185718536,1522.0,1530.0,8,Arkansas,fbs,SEC,31.0,"[14, 7, 0, 10, 0, 0]",0.6955489814281464,1454.0,1446.0,8.765053543167511,55509.0,False,False,Stillwater,OK,74078.0,US,America/Chicago,36.125673,-97.066513,276.4808655,1919.0,2024-09-07,21.6,0.0,13.7,0.9404240753751644,1.0,False,False,False,False,False
401643784,2024,2,2024-09-07T16:00:00.000Z,False,False,False,23246.0,3805,Simmons Bank Liberty Stadium,235,Memphis,American Athletic,38.0,"[7, 14, 10, 7]",0.9747728705406188,1569.0,1625.0,2653,Troy,fbs,Sun Belt,17.0,"[0, 7, 3, 7]",0.0252271294593811,1629.0,1573.0,2.788899546320005,58325.0,False,False,Memphis,TN,38152.0,US,America/Chicago,35.1209429,-89.977147,90.62445831,1965.0,2024-09-07,23.5,0.0,25.4,0.3985597942563223,0.0,False,False,False,False,False
401636999,2024,2,2024-09-07T16:00:00.000Z,False,False,False,32351.0,3892,Pratt & Whitney Stadium,41,UConn,FBS Independents,63.0,"[35, 21, 7, 0]",0.9976685047149658,1139.0,1139.0,2771,Merrimack,fcs,FCS Independents,17.0,"[7, 0, 0, 10]",0.0023314952850341,1480.0,1472.0,2.0065422113994913,40000.0,True,False,East Hartford,CT,6118.0,US,America/New_York,41.7595675,-72.6187728,6.515614986,2003.0,2024-09-07,23.5,0.0,10.2,0.808775,0.0,False,False,False,True,False
401628466,2024,2,2024-09-07T16:00:00.000Z,False,False,False,41006.0,3953,Huntington Bank Stadium,135,Minnesota,Big Ten,48.0,"[3, 14, 14, 17]",0.9912123680114746,1490.0,1490.0,227,Rhode Island,fcs,Coastal Athletic,0.0,"[0, 0, 0, 0]",0.0087876319885253,1480.0,1472.0,1.8414549011241264,50850.0,False,False,Minneapolis,MN,55488.0,US,America/Chicago,44.976525,-93.2245462,254.3902283,2009.0,2024-09-07,15.7,0.0,6.5,0.8064110127826942,0.0,False,False,False,True,False
401628470,2024,2,2024-09-07T16:00:00.000Z,False,False,False,103861.0,3632,Beaver Stadium,213,Penn State,Big Ten,34.0,"[7, 13, 7, 7]",0.9979978799819946,1861.0,1848.0,189,Bowling Green,fbs,Mid-American,27.0,"[10, 14, 0, 3]",0.0020021200180053,1431.0,1444.0,6.638447287522661,106572.0,True,False,University Park,PA,16802.0,US,America/New_York,40.8121958,-77.8561023,354.1551514,1960.0,2024-09-07,19.0,0.0,17.7,0.974561798596254,1.0,False,False,False,False,False
401645323,2024,2,2024-09-07T16:00:00.000Z,False,False,True,21810.0,3715,FAU Stadium,2226,Florida Atlantic,American Athletic,7.0,"[0, 7, 0, 0]",0.0528622381389141,1413.0,1373.0,349,Army,fbs,American Athletic,24.0,"[14, 0, 3, 7]",0.947137761861086,1425.0,1465.0,3.224387081978644,29419.0,False,False,Boca Raton,FL,33499.0,US,America/New_York,26.3763763,-80.1015759,3.613628864,2011.0,2024-09-07,29.8,0.1,12.4,0.7413576260239981,0.0,False,False,False,False,False
401628348,2024,2,2024-09-07T16:45:00.000Z,False,False,False,92345.0,3795,Kyle Field,245,Texas A&M,SEC,52.0,"[14, 24, 7, 7]",1.0,1666.0,1666.0,2377,McNeese,fcs,Southland,10.0,"[0, 0, 0, 10]",0.0,1480.0,1472.0,2.052852433234934,102733.0,True,False,College Station,TX,77843.0,US,America/Chicago,30.6098891,-96.3403828,108.824585,1927.0,2024-09-07,28.1,0.0,25.1,0.898883513574022,0.0,False,False,False,True,False
401634181,2024,2,2024-09-07T18:00:00.000Z,False,False,False,10018.0,3919,Scheumann Stadium,2050,Ball State,Mid-American,42.0,"[0, 7, 7, 28]",0.7886424660682678,1341.0,1341.0,2623,Missouri State,fcs,MVFC,34.0,"[7, 0, 7, 20]",0.2113575339317321,1371.4285714285713,1336.142857142857,5.422839298593091,22500.0,False,False,Muncie,IN,47306.0,US,America/Indiana/Indianapolis,40.2159422,-85.4161148,285.481781,1967.0,2024-09-07,17.6,0.0,21.3,0.4452444444444444,0.0,False,False,False,True,False
401628339,2024,2,2024-09-07T18:00:00.000Z,False,False,False,93033.0,3917,Sanford Stadium,61,Georgia,SEC,48.0,"[14, 10, 21, 3]",0.9855786561965942,2079.0,2079.0,2635,Tennessee Tech,fcs,Big South-OVC,3.0,"[0, 0, 0, 3]",0.0144213438034057,1480.0,1472.0,1.864636604599209,92746.0,True,False,Athens,GA,30602.0,US,America/New_York,33.9498197,-83.3733813,186.1120758,1929.0,2024-09-07,30.8,0.0,4.7,1.003094473077006,1.0,False,False,True,True,False
401644732,2024,2,2024-09-07T18:30:00.000Z,False,False,False,11585.0,3696,Dix Stadium,2309,Kent State,Mid-American,17.0,"[0, 14, 0, 3]",0.0,1096.0,1096.0,2598,Saint Francis,fcs,NEC,23.0,"[10, 10, 3, 0]",1.0,1480.0,1472.0,4.309314242353065,25319.0,False,False,Kent,OH,44242.0,US,America/New_York,41.1390935,-81.31346,321.3641663,1969.0,2024-09-07,15.4,0.1,22.7,0.4575615150677357,0.0,False,False,False,True,False
401632071,2024,2,2024-09-07T19:00:00.000Z,False,False,False,24512.0,6501,Allegiant Stadium,2439,UNLV,Mountain West,72.0,"[28, 16, 7, 21]",0.9928979873657228,1548.0,1548.0,3101,Utah Tech,fcs,UAC,14.0,"[7, 0, 7, 0]",0.0071020126342773,1480.0,1472.0,2.7655722924630237,65000.0,False,True,Las Vegas,NV,89118.0,US,America/Los_Angeles,36.09075,-115.183722,666.0,2020.0,2024-09-07,37.2,0.0,5.1,0.3771076923076923,0.0,False,False,False,True,False
401628465,2024,2,2024-09-07T19:30:00.000Z,False,False,True,34819.0,3665,SECU Stadium,120,Maryland,Big Ten,24.0,"[14, 0, 3, 7]",0.9415268898010254,1703.0,1679.0,127,Michigan State,fbs,Big Ten,27.0,"[7, 10, 0, 10]",0.0584731101989746,1401.0,1425.0,6.819989852706958,51802.0,False,False,College Park,MD,20742.0,US,America/New_York,38.9903332,-76.9473792,32.68748093,1950.0,2024-09-07,19.3,0.0,16.4,0.6721555152310722,0.0,False,False,False,False,False
401628473,2024,2,2024-09-07T19:30:00.000Z,False,False,False,64222.0,3765,Husky Stadium,264,Washington,Big Ten,30.0,"[0, 21, 9, 0]",0.9980283379554749,1752.0,1759.0,2199,Eastern Michigan,fbs,Mid-American,9.0,"[3, 3, 0, 3]",0.0019716620445251,1305.0,1298.0,3.4096437901260677,70138.0,False,False,Seattle,WA,98195.0,US,America/Los_Angeles,47.6503235,-122.3015746,11.65622807,1920.0,2024-09-07,23.5,0.0,12.9,0.9156520003421824,1.0,False,False,False,False,False
401635535,2024,2,2024-09-07T19:30:00.000Z,False,False,False,48575.0,3873,L&N Federal Credit Union Stadium,97,Louisville,ACC,49.0,"[14, 14, 7, 14]",0.9896180033683776,1625.0,1700.0,55,Jacksonville State,fbs,Conference USA,14.0,"[0, 14, 0, 0]",0.0103819966316223,1449.0,1374.0,2.4251012030477788,60000.0,False,False,Louisville,KY,40292.0,US,America/Kentucky/Louisville,38.2057621,-85.7588141,138.5615997,1998.0,2024-09-07,21.5,0.0,17.3,0.8095833333333333,0.0,False,False,False,False,False
401636618,2024,2,2024-09-07T19:30:00.000Z,False,False,False,52827.0,587,Rice-Eccles Stadium,254,Utah,Big 12,23.0,"[17, 6, 0, 0]",0.9527061581611632,1622.0,1627.0,239,Baylor,fbs,Big 12,12.0,"[0, 3, 9, 0]",0.0472938418388366,1422.0,1417.0,2.485521324783402,51444.0,False,False,Salt Lake City,UT,84112.0,US,America/Denver,40.7599724,-111.8488255,1411.543579,1998.0,2024-09-07,31.0,0.0,9.7,1.0268836015861909,1.0,False,False,True,False,False
401635537,2024,2,2024-09-07T19:30:00.000Z,False,False,False,48431.0,3787,Kenan Stadium,153,North Carolina,ACC,38.0,"[14, 7, 10, 7]",0.9560319781303406,1546.0,1554.0,2429,Charlotte,fbs,American Athletic,20.0,"[3, 3, 7, 7]",0.0439680218696594,1195.0,1187.0,2.8465091296431857,50500.0,False,False,Chapel Hill,NC,27515.0,US,America/New_York,35.9069294,-79.0478889,127.7569809,1927.0,2024-09-07,28.0,0.0,11.8,0.959029702970297,1.0,False,False,False,False,False
401635531,2024,2,2024-09-07T19:30:00.000Z,False,False,False,38441.0,3615,"Alumni Stadium (Chestnut Hill, MA)",103,Boston College,ACC,56.0,"[14, 28, 7, 7]",0.9920600652694702,1450.0,1450.0,2184,Duquesne,fcs,NEC,0.0,"[0, 0, 0, 0]",0.0079399347305297,1480.0,1472.0,1.9171770426780852,44500.0,False,False,Chestnut Hill,MA,2467.0,US,America/New_York,42.335104,-71.1664413,39.82634354,1957.0,2024-09-07,25.4,0.0,8.6,0.8638426966292135,0.0,False,False,False,True,False
401645324,2024,2,2024-09-07T19:30:00.000Z,False,False,True,28889.0,3852,Navy-Marine Corps Memorial Stadium,2426,Navy,American Athletic,38.0,"[9, 14, 15, 0]",0.9940776824951172,1368.0,1409.0,218,Temple,fbs,American Athletic,11.0,"[0, 3, 0, 8]",0.0059223175048828,1115.0,1074.0,2.2082532584244445,34000.0,False,False,Annapolis,MD,21402.0,US,America/New_York,38.9846985,-76.5076335,10.74990082,1959.0,2024-09-07,21.5,0.0,17.8,0.8496764705882353,0.0,False,False,False,False,False
401629040,2024,2,2024-09-07T19:30:00.000Z,False,False,False,21668.0,3739,Glass Bowl,2649,Toledo,Mid-American,38.0,"[7, 10, 7, 14]",0.4932994842529297,1526.0,1524.0,113,Massachusetts,fbs,FBS Independents,23.0,"[0, 13, 3, 7]",0.5067005157470703,1123.0,1125.0,4.470971626005707,26038.0,False,False,Toledo,OH,43606.0,US,America/New_York,41.6574777,-83.6135652,181.4839783,1937.0,2024-09-07,17.4,0.0,20.0,0.8321683693063984,0.0,False,False,False,False,False
401628474,2024,2,2024-09-07T19:30:00.000Z,False,False,False,76069.0,347,Camp Randall Stadium,275,Wisconsin,Big Ten,27.0,"[14, 3, 3, 7]",0.9941188593552428,1601.0,1601.0,233,South Dakota,fcs,MVFC,13.0,"[0, 3, 10, 0]",0.0058811406447573,1480.0,1472.0,5.4936784051,80321.0,False,False,Madison,WI,53711.0,US,America/Chicago,43.06994,-89.4126943,263.604126,1917.0,2024-09-07,15.9,0.0,10.7,0.9470624120715628,1.0,False,False,False,True,False
401628977,2024,2,2024-09-07T19:30:00.000Z,False,False,False,77622.0,3855,Notre Dame Stadium,87,Notre Dame,FBS Independents,14.0,"[7, 0, 7, 0]",0.0965868681669235,1888.0,1858.0,2459,Northern Illinois,fbs,Mid-American,16.0,"[10, 3, 0, 3]",0.9034131318330764,1446.0,1476.0,5.544971763389585,80795.0,False,False,Notre Dame,IN,46556.0,US,America/Indiana/Indianapolis,41.698378,-86.2339425,222.645401,1930.0,2024-09-07,16.5,0.0,24.7,0.960727767807414,1.0,False,False,False,False,False
401628464,2024,2,2024-09-07T19:30:00.000Z,False,False,False,69250.0,3793,Kinnick Stadium,2294,Iowa,Big Ten,19.0,"[7, 6, 6, 0]",0.7676539421081543,1550.0,1552.0,66,Iowa State,fbs,Big 12,20.0,"[0, 0, 14, 6]",0.2323460578918457,1612.0,1610.0,5.191841845252687,69250.0,False,False,Iowa City,IA,52242.0,US,America/Chicago,41.6586045,-91.5510829,220.6357727,1929.0,2024-09-07,17.7,0.0,10.8,1.0,1.0,False,False,False,False,False
401628337,2024,2,2024-09-07T19:30:00.000Z,False,False,False,88043.0,3785,Jordan-Hare Stadium,2,Auburn,SEC,14.0,"[7, 0, 0, 7]",0.0680858343839645,1556.0,1537.0,25,California,fbs,ACC,21.0,"[7, 7, 0, 7]",0.9319141656160356,1483.0,1502.0,5.665729955527845,87451.0,True,False,Auburn,AL,36849.0,US,America/Chicago,32.6025532,-85.4897479,201.1737976,1939.0,2024-09-07,30.4,0.0,4.1,1.0067695052086312,1.0,False,False,True,False,False
401628340,2024,2,2024-09-07T19:30:00.000Z,False,False,True,61349.0,3683,Kroger Field,96,Kentucky,SEC,6.0,"[0, 6, 0, 0]",0.2009754478931427,1640.0,1563.0,2579,South Carolina,fbs,SEC,31.0,"[7, 3, 14, 7]",0.7990245521068573,1560.0,1637.0,4.038801908561728,61000.0,False,False,Lexington,KY,40506.0,US,America/New_York,38.0220905,-84.5053408,307.4248962,1973.0,2024-09-07,20.8,0.0,14.0,1.0057213114754098,1.0,False,False,True,False,False
401643710,2024,2,2024-09-07T19:30:00.000Z,False,False,False,25070.0,3984,War Memorial Stadium,2751,Wyoming,Mountain West,13.0,"[10, 0, 0, 3]",0.9253181219100952,1369.0,1369.0,70,Idaho,fcs,Big Sky,17.0,"[7, 10, 0, 0]",0.0746818780899047,1480.0,1472.0,5.910495367741504,29181.0,False,False,Laramie,WY,82071.0,US,America/Denver,41.31161,-105.5681384,2200.153564,1950.0,2024-09-07,23.9,0.0,5.1,0.8591206607038827,0.0,False,False,False,True,False
401643783,2024,2,2024-09-07T20:00:00.000Z,False,False,False,28000.0,3644,Bobcat Stadium (TX),326,Texas State,Sun Belt,49.0,"[14, 21, 7, 7]",0.99290132522583,1399.0,1545.0,2636,UTSA,fbs,American Athletic,10.0,"[3, 0, 7, 0]",0.0070986747741699,1613.0,1467.0,2.7242990365183144,30000.0,False,False,San Marcos,TX,78666.0,US,America/Chicago,29.8910008,-97.9255735,177.8676453,1981.0,2024-09-07,28.9,0.0,27.2,0.9333333333333332,1.0,False,False,False,False,False
401628342,2024,2,2024-09-07T20:15:00.000Z,False,False,False,66427.0,3974,Vaught-Hemingway Stadium,145,Ole Miss,SEC,52.0,"[17, 14, 14, 7]",0.9935848712921144,1658.0,1770.0,2393,Middle Tennessee,fbs,Conference USA,3.0,"[0, 3, 0, 0]",0.0064151287078857,1400.0,1288.0,2.348383465337146,64038.0,True,False,Oxford,MS,38677.0,US,America/Chicago,34.3619837,-89.5342076,146.8517151,1915.0,2024-09-07,27.7,0.0,16.4,1.0373059745775943,1.0,False,False,True,False,False
401635540,2024,2,2024-09-07T20:30:00.000Z,False,False,False,65632.0,3799,Lane Stadium,259,Virginia Tech,ACC,31.0,"[7, 3, 14, 7]",1.0,1575.0,1597.0,276,Marshall,fbs,Sun Belt,14.0,"[0, 7, 7, 0]",0.0,1406.0,1384.0,4.015605506862386,65632.0,True,False,Blacksburg,VA,24061.0,US,America/New_York,37.2199873,-80.4180643,632.2631226,1965.0,2024-09-07,21.2,0.0,18.8,1.0,1.0,False,False,False,False,False
401643781,2024,2,2024-09-07T22:00:00.000Z,False,False,False,22158.0,3876,Peden Stadium,195,Ohio,Mid-American,27.0,"[3, 14, 7, 3]",0.9525876837264748,1469.0,1486.0,6,South Alabama,fbs,Sun Belt,20.0,"[0, 10, 7, 3]",0.0474123162735251,1593.0,1576.0,8.6579097653,24000.0,False,False,Athens,OH,45701.0,US,America/New_York,39.3212794,-82.1034315,194.230896,1929.0,2024-09-07,19.0,0.0,15.5,0.92325,1.0,False,False,False,False,False
401640979,2024,2,2024-09-07T22:00:00.000Z,False,True,False,17852.0,2031,Pitbull Stadium,2229,Florida International,Conference USA,52.0,"[7, 21, 8, 16]",0.9101037383079528,1129.0,1271.0,2117,Central Michigan,fbs,Mid-American,16.0,"[0, 8, 8, 0]",0.0898962616920471,1333.0,1191.0,2.815032506455291,20000.0,False,False,Miami,FL,33199.0,US,America/New_York,25.7525,-80.37778,6.0,1995.0,2024-09-07,30.3,0.0,11.2,0.8926,,False,False,False,False,False
401628593,2024,2,2024-09-07T22:00:00.000Z,False,False,False,50073.0,3842,Milan Puskar Stadium,277,West Virginia,Big 12,49.0,"[14, 14, 14, 7]",0.9548979997634888,1527.0,1527.0,399,UAlbany,fcs,Coastal Athletic,14.0,"[0, 14, 0, 0]",0.0451020002365112,1480.0,1472.0,2.6936235472253913,60000.0,False,False,Morgantown,WV,26507.0,US,America/New_York,39.6502744,-79.9551873,327.409668,1980.0,2024-09-07,19.5,0.0,13.1,0.83455,0.0,False,False,False,True,False
401643777,2024,2,2024-09-07T22:00:00.000Z,False,False,False,24570.0,3651,Bridgeforth Stadium,256,James Madison,Sun Belt,13.0,"[0, 0, 10, 3]",0.974480390548706,1728.0,1728.0,2241,Gardner-Webb,fcs,Big South-OVC,6.0,"[0, 3, 3, 0]",0.0255196094512939,1480.0,1472.0,4.6918861402365994,24877.0,False,False,Harrisonburg,VA,22807.0,US,America/New_York,38.4352919,-78.8729349,399.303009,1975.0,2024-09-07,20.9,0.0,11.2,0.9876592836756845,1.0,False,False,False,True,False
401635536,2024,2,2024-09-07T22:00:00.000Z,False,False,False,57886.0,3948,Hard Rock Stadium,2390,Miami,ACC,56.0,"[15, 10, 21, 10]",0.9876115322113036,1622.0,1622.0,50,Florida A&M,fcs,SWAC,9.0,"[3, 3, 3, 0]",0.0123884677886962,1480.0,1472.0,2.445765706266864,64767.0,False,False,Miami Gardens,FL,33299.0,US,America/New_York,25.9579665,-80.2388604,2.624486446,1987.0,2024-09-07,30.1,0.0,10.3,0.8937576234810938,0.0,False,False,False,True,False
401643778,2024,2,2024-09-07T22:00:00.000Z,False,False,False,21944.0,3918,S.B. Ballard Stadium,295,Old Dominion,Sun Belt,14.0,"[0, 7, 7, 0]",0.9229641556739808,1408.0,1397.0,151,East Carolina,fbs,American Athletic,20.0,"[6, 0, 11, 3]",0.0770358443260192,1404.0,1415.0,6.722233829004589,20118.0,False,False,Norfolk,VA,23551.0,US,America/New_York,36.8889533,-76.3049175,3.147987843,1936.0,2024-09-07,25.2,0.0,8.4,1.09076448951188,1.0,False,False,True,False,False
401636617,2024,2,2024-09-07T22:30:00.000Z,False,False,False,43807.0,3652,FBC Mortgage Stadium,2116,UCF,Big 12,45.0,"[14, 10, 14, 7]",0.9960842728614808,1578.0,1644.0,2534,Sam Houston,fbs,Conference USA,14.0,"[0, 7, 0, 7]",0.0039157271385192,1436.0,1370.0,2.2008123422984096,44206.0,True,False,Orlando,FL,32816.0,US,America/New_York,28.6079765,-81.1927233,20.94113731,2007.0,2024-09-07,27.3,0.0,3.3,0.9909740759172962,1.0,False,False,False,False,False
401641016,2024,2,2024-09-07T23:00:00.000Z,False,False,False,11040.0,4899,Fifth Third Stadium,338,Kennesaw State,Conference USA,10.0,"[7, 0, 0, 3]",0.1206479783154004,1485.0,1423.0,309,Louisiana,fbs,Sun Belt,34.0,"[0, 20, 14, 0]",0.8793520216845996,1496.0,1558.0,2.8462981643,11040.0,True,False,Kennesaw,GA,30144.0,US,America/New_York,34.0289318,-84.5676234,296.9589844,2010.0,2024-09-07,25.9,0.0,13.2,1.0,1.0,False,False,False,False,False
401628335,2024,2,2024-09-07T23:00:00.000Z,False,False,False,100077.0,3657,Bryant-Denny Stadium,333,Alabama,SEC,42.0,"[7, 7, 0, 28]",0.9907345175743104,1997.0,2006.0,58,South Florida,fbs,American Athletic,16.0,"[3, 3, 7, 3]",0.0092654824256896,1442.0,1433.0,5.519475001485697,101821.0,True,False,Tuscaloosa,AL,35487.0,US,America/Chicago,33.2082752,-87.5503836,70.05136108,1929.0,2024-09-07,27.8,0.0,12.2,0.9828719026526944,1.0,False,False,False,False,False
401645326,2024,2,2024-09-07T23:00:00.000Z,False,False,False,17760.0,3895,Rice Stadium,242,Rice,American Athletic,69.0,"[14, 24, 17, 14]",0.9833810329437256,1309.0,1309.0,2640,Texas Southern,fcs,SWAC,7.0,"[0, 0, 0, 7]",0.0166189670562744,1480.0,1472.0,3.0932280044146196,47000.0,False,False,Houston,TX,77251.0,US,America/Chicago,29.7163297,-95.4093261,7.148301601,1950.0,2024-09-07,28.9,0.0,20.1,0.3778723404255319,0.0,False,False,False,True,False
401628462,2024,2,2024-09-07T23:00:00.000Z,False,False,False,60670.0,3832,"Memorial Stadium (Champaign, IL)",356,Illinois,Big Ten,23.0,"[3, 10, 0, 10]",0.6009734272956848,1502.0,1515.0,2305,Kansas,fbs,Big 12,17.0,"[0, 10, 7, 0]",0.3990265727043152,1619.0,1606.0,5.323752942523262,60670.0,False,False,Champaign,IL,61820.0,US,America/Chicago,40.0993268,-88.2359569,223.2471619,1923.0,2024-09-07,18.2,0.0,13.0,1.0,1.0,False,False,False,False,False
401643780,2024,2,2024-09-07T23:00:00.000Z,False,False,False,12327.0,3817,Malone Stadium,2433,UL Monroe,Sun Belt,32.0,"[3, 10, 9, 10]",1.0,1156.0,1249.0,5,UAB,fbs,American Athletic,6.0,"[3, 3, 0, 0]",0.0,1363.0,1270.0,3.1464071515250236,27617.0,False,False,Monroe,LA,71209.0,US,America/Chicago,32.5308089,-92.0660602,22.998209,1978.0,2024-09-07,27.1,0.0,17.5,0.4463555056667994,0.0,False,False,False,False,False
401643782,2024,2,2024-09-07T23:00:00.000Z,False,False,False,22044.0,3815,M. M. Roberts Stadium,2572,Southern Miss,Sun Belt,35.0,"[7, 7, 7, 14]",0.9458715319633484,1217.0,1217.0,2545,SE Louisiana,fcs,Southland,10.0,"[3, 7, 0, 0]",0.0541284680366516,1480.0,1472.0,4.205996921112816,36000.0,False,False,Hattiesburg,MS,39402.0,US,America/Chicago,31.3289321,-89.3318118,64.52726746,1932.0,2024-09-07,28.7,0.0,7.3,0.6123333333333333,0.0,False,False,False,True,False
401643708,2024,2,2024-09-07T23:00:00.000Z,False,False,False,16245.0,3816,Mackay Stadium,2440,Nevada,Mountain West,17.0,"[14, 0, 3, 0]",0.8694356083869934,1271.0,1273.0,290,Georgia Southern,fbs,Sun Belt,20.0,"[7, 10, 3, 0]",0.1305643916130066,1381.0,1379.0,6.573679380449897,27000.0,False,False,Reno,NV,89557.0,US,America/Los_Angeles,39.5469459,-119.8175435,1406.57605,1966.0,2024-09-07,32.1,0.0,14.3,0.6016666666666667,0.0,False,False,False,False,False
401628603,2024,2,2024-09-07T23:00:00.000Z,False,False,False,19294.0,3654,Brooks Stadium (SC),324,Coastal Carolina,Sun Belt,40.0,"[14, 13, 10, 3]",0.9976415522417889,1537.0,1537.0,2729,William & Mary,fcs,Coastal Athletic,21.0,"[0, 7, 7, 7]",0.0023584477582111,1480.0,1472.0,3.3772758984,21000.0,False,False,Conway,SC,29528.0,US,America/New_York,33.7928506,-79.0166946,13.74894905,2003.0,2024-09-07,25.1,0.0,5.1,0.9187619047619048,1.0,False,False,False,True,False
401632459,2024,2,2024-09-07T23:00:00.000Z,False,False,False,,4246,Center Parc Stadium,2247,Georgia State,Sun Belt,24.0,"[3, 7, 7, 7]",0.9809924960136414,1369.0,1369.0,236,Chattanooga,fcs,Southern,21.0,"[7, 0, 7, 7]",0.0190075039863586,1480.0,1472.0,6.037268105519335,25000.0,False,False,Atlanta,GA,30315.0,US,America/New_York,33.735267,-84.389949,287.0,2017.0,2024-09-07,27.2,0.0,16.3,,,True,False,False,True,False
401632068,2024,2,2024-09-07T23:00:00.000Z,False,False,False,16712.0,3796,Houchens Industries-L.T. Smith Stadium,98,Western Kentucky,Conference USA,31.0,"[10, 7, 0, 14]",0.8102861046791077,1307.0,1307.0,2198,Eastern Kentucky,fcs,UAC,0.0,"[0, 0, 0, 0]",0.1897138953208923,1480.0,1472.0,2.302421485482935,22113.0,False,False,Bowling Green,KY,42101.0,US,America/Chicago,36.9847901,-86.4594041,154.4346619,1968.0,2024-09-07,21.5,0.0,10.8,0.7557545335323113,0.0,False,False,False,True,False
401635539,2024,2,2024-09-07T23:00:00.000Z,False,False,False,22634.0,3940,Stanford Stadium,24,Stanford,ACC,41.0,"[7, 7, 17, 10]",0.9992937445640564,1282.0,1282.0,13,Cal Poly,fcs,Big Sky,7.0,"[0, 7, 0, 0]",0.0007062554359436,1480.0,1472.0,3.283098593901135,50424.0,True,False,Stanford,CA,94305.0,US,America/Los_Angeles,37.4345556,-122.1611271,18.38425636,2006.0,2024-09-07,29.1,0.0,9.7,0.4488735522766936,0.0,False,False,False,True,False
401635639,2024,2,2024-09-07T23:00:00.000Z,False,False,True,30012.0,3630,Allegacy Federal Credit Union Stadium,154,Wake Forest,ACC,30.0,"[10, 10, 10, 0]",0.6734938025474548,1431.0,1424.0,258,Virginia,fbs,ACC,31.0,"[3, 14, 0, 14]",0.3265061974525451,1310.0,1317.0,4.800575262752851,31500.0,False,False,Winston-Salem,NC,27105.0,US,America/New_York,36.1305507,-80.2545851,283.548584,1968.0,2024-09-07,22.4,0.0,11.1,0.9527619047619048,1.0,False,False,False,False,False
401643706,2024,2,2024-09-07T23:00:00.000Z,False,False,False,36573.0,5388,Canvas Stadium,36,Colorado State,Mountain West,38.0,"[10, 14, 7, 7]",0.8852595090866089,1237.0,1237.0,2458,Northern Colorado,fcs,Big Sky,17.0,"[7, 0, 7, 3]",0.1147404909133911,1480.0,1472.0,2.943586015069682,36500.0,False,False,Fort Collins,CO,80521.0,US,America/Denver,40.570015,-105.088435,1528.4,2017.0,2024-09-07,28.3,0.0,5.9,1.002,1.0,False,False,True,True,False
401628344,2024,2,2024-09-07T23:00:00.000Z,False,False,False,62621.0,3838,Memorial Stadium,142,Missouri,SEC,38.0,"[3, 21, 7, 7]",0.9831824898719788,1744.0,1803.0,2084,Buffalo,fbs,Mid-American,0.0,"[0, 0, 0, 0]",0.0168175101280212,1357.0,1298.0,2.346331918882482,71168.0,False,False,Columbia,MO,65211.0,US,America/Chicago,38.9358491,-92.3332009,212.6865692,1927.0,2024-09-07,21.0,0.0,9.8,0.8799038893884892,0.0,False,False,False,False,False
401643705,2024,2,2024-09-07T23:00:00.000Z,False,False,True,22478.0,3713,Falcon Stadium,2005,Air Force,Mountain West,7.0,"[7, 0, 0, 0]",0.238819807767868,1572.0,1549.0,23,San José State,fbs,Mountain West,17.0,"[14, 0, 0, 3]",0.761180192232132,1544.0,1567.0,5.846021492702907,46692.0,False,False,Colorado Springs,CO,80840.0,US,America/Denver,38.9969701,-104.8436165,2024.875732,1962.0,2024-09-07,22.3,0.0,10.4,0.481410091664525,0.0,False,False,False,False,False
401628338,2024,2,2024-09-07T23:00:00.000Z,False,False,False,89295.0,3634,Ben Hill Griffin Stadium,57,Florida,SEC,45.0,"[7, 7, 14, 17]",0.9943934082984924,1493.0,1493.0,2535,Samford,fcs,Southern,7.0,"[0, 0, 7, 0]",0.0056065917015075,1480.0,1472.0,2.546862971151735,88548.0,True,False,Gainesville,FL,32653.0,US,America/New_York,29.6499357,-82.3485788,44.97250748,1930.0,2024-09-07,25.8,1.1,2.2,1.008436102452907,1.0,False,False,True,True,False
401643779,2024,2,2024-09-07T23:00:00.000Z,False,False,False,19316.0,3625,Centennial Bank Stadium,2032,Arkansas State,Sun Belt,28.0,"[7, 0, 21, 0]",0.2833746373653412,1406.0,1404.0,202,Tulsa,fbs,American Athletic,24.0,"[3, 14, 7, 0]",0.7166253626346588,1248.0,1250.0,5.72286519529551,30382.0,False,False,Jonesboro,AR,72404.0,US,America/Chicago,35.8488977,-90.6677436,89.52690887,1974.0,2024-09-07,22.5,0.0,15.8,0.6357711803041275,0.0,False,False,False,False,False
401628341,2024,2,2024-09-07T23:30:00.000Z,False,False,False,100242.0,3958,Tiger Stadium (LA),99,LSU,SEC,44.0,"[9, 14, 21, 0]",0.7429512739181519,1805.0,1805.0,2447,Nicholls,fcs,Southland,21.0,"[7, 7, 7, 0]",0.2570487260818481,1480.0,1472.0,4.217336040608287,102321.0,True,False,Baton Rouge,LA,70803.0,US,America/Chicago,30.412035,-91.1838163,7.640734673,1924.0,2024-09-07,27.8,0.0,8.0,0.9796815902893834,1.0,False,False,False,True,False
401628468,2024,2,2024-09-07T23:30:00.000Z,False,False,False,102665.0,3861,Ohio Stadium,194,Ohio State,Big Ten,56.0,"[21, 14, 14, 7]",0.9989683362339096,1927.0,2014.0,2711,Western Michigan,fbs,Mid-American,0.0,"[0, 0, 0, 0]",0.0010316637660905,1309.0,1222.0,2.276632436,102780.0,False,False,Columbus,OH,43210.0,US,America/New_York,40.0016447,-83.0197266,216.6770325,1922.0,2024-09-07,17.6,0.0,13.6,0.9988811052733996,1.0,False,False,False,False,False
401628467,2024,2,2024-09-07T23:30:00.000Z,False,False,False,86906.0,3834,"Memorial Stadium (Lincoln, NE)",158,Nebraska,Big Ten,28.0,"[14, 14, 0, 0]",0.965196421811165,1571.0,1588.0,38,Colorado,fbs,Big 12,10.0,"[0, 0, 3, 7]",0.0348035781888349,1324.0,1307.0,3.2682399356,85458.0,False,False,Lincoln,NE,68588.0,US,America/Chicago,40.820682,-96.705594,354.9318848,1923.0,2024-09-07,22.5,0.0,12.0,1.0169439958810176,1.0,False,False,True,False,False
401628349,2024,2,2024-09-07T23:30:00.000Z,False,False,False,24080.0,3973,FirstBank Stadium,238,Vanderbilt,SEC,55.0,"[10, 17, 7, 21]",0.9933366775512696,1303.0,1303.0,2016,Alcorn State,fcs,SWAC,0.0,"[0, 0, 0, 0]",0.0066633224487304,1480.0,1472.0,1.7662549002880303,40351.0,False,False,Nashville,TN,37212.0,US,America/Chicago,36.1440455,-86.8088942,159.9194641,1922.0,2024-09-07,22.8,0.0,16.9,0.596763401154866,0.0,False,False,False,True,False
401628346,2024,2,2024-09-07T23:30:00.000Z,False,True,False,72730.0,3628,Bank of America Stadium,152,NC State,ACC,10.0,"[0, 3, 7, 0]",0.0,1606.0,1512.0,2633,Tennessee,fbs,SEC,51.0,"[7, 13, 17, 14]",1.0,1751.0,1845.0,3.3329795055565845,73778.0,True,False,Charlotte,NC,28202.0,US,America/New_York,35.225833,-80.852778,220.8777466,1996.0,2024-09-07,26.2,0.0,11.6,0.9857952235083628,,False,False,False,False,False
401645325,2024,2,2024-09-07T23:30:00.000Z,False,False,False,23510.0,3825,DATCU Stadium,249,North Texas,American Athletic,35.0,"[14, 7, 7, 7]",0.8242992162704468,1460.0,1460.0,2617,Stephen F. Austin,fcs,Southland,20.0,"[10, 7, 3, 0]",0.1757007837295532,1480.0,1472.0,5.149063402868667,30850.0,False,False,Denton,TX,76210.0,US,America/Chicago,33.203899,-97.159245,198.6871948,2011.0,2024-09-07,27.2,0.0,20.1,0.7620745542949757,0.0,False,False,False,True,False
401628345,2024,2,2024-09-07T23:45:00.000Z,False,False,False,83653.0,3835,"Memorial Stadium (Norman, OK)",201,Oklahoma,SEC,16.0,"[7, 7, 0, 2]",0.4649056196212768,1849.0,1840.0,248,Houston,fbs,Big 12,12.0,"[3, 3, 6, 0]",0.5350943803787231,1402.0,1411.0,4.208051983255282,86112.0,True,False,Norman,OK,73019.0,US,America/Chicago,35.2058537,-97.4423145,355.0962524,1925.0,2024-09-07,26.0,0.0,14.0,0.971444165737644,1.0,False,False,False,False,False
401636615,2024,2,2024-09-08T00:00:00.000Z,False,False,False,44063.0,3616,Amon G. Carter Stadium,2628,TCU,Big 12,45.0,"[10, 21, 7, 7]",0.9886891841888428,1591.0,1591.0,2341,Long Island University,fcs,NEC,0.0,"[0, 0, 0, 0]",0.0113108158111572,1480.0,1472.0,2.2972262547529945,46000.0,True,False,Fort Worth,TX,76129.0,US,America/Chicago,32.7096604,-97.3680835,185.4387054,1929.0,2024-09-08,26.4,0.0,18.7,0.957891304347826,1.0,False,False,False,True,False
401635532,2024,2,2024-09-08T00:00:00.000Z,False,False,False,81500.0,3836,"Memorial Stadium (Clemson, SC)",228,Clemson,ACC,66.0,"[35, 21, 10, 0]",0.9902606010437012,1625.0,1757.0,2026,App State,fbs,Sun Belt,20.0,"[0, 13, 7, 0]",0.0097393989562988,1578.0,1446.0,2.807218041254294,81500.0,True,False,Clemson,SC,29634.0,US,America/New_York,34.6787737,-82.8432428,205.6452179,1942.0,2024-09-08,23.9,0.0,15.6,1.0,1.0,False,False,False,False,False
401632072,2024,2,2024-09-08T01:00:00.000Z,False,False,False,41609.0,3946,Sun Bowl,2638,UTEP,Conference USA,24.0,"[14, 3, 0, 7, 0]",0.3696725279050541,1224.0,1224.0,253,Southern Utah,fcs,UAC,27.0,"[6, 0, 8, 10, 3]",0.6303274720949459,1480.0,1472.0,8.3814588335,51500.0,False,False,El Paso,TX,79968.0,US,America/Denver,31.7733353,-106.507957,1183.697876,1963.0,2024-09-08,28.3,0.0,17.4,0.8079417475728156,0.0,False,False,False,True,False
401636859,2024,2,2024-09-08T02:00:00.000Z,False,False,False,27372.0,3820,Gesa Field,265,Washington State,Pac-12,37.0,"[7, 20, 7, 3]",1.0,1530.0,1581.0,2641,Texas Tech,fbs,Big 12,16.0,"[3, 7, 0, 6]",0.0,1541.0,1490.0,3.2125211784622283,32952.0,False,False,Pullman,WA,99164.0,US,America/Los_Angeles,46.731831,-117.1604991,773.9526367,1972.0,2024-09-08,28.4,0.0,8.7,0.8306627822286963,0.0,False,False,False,False,False
401628469,2024,2,2024-09-08T02:00:00.000Z,False,False,False,58134.0,3626,Autzen Stadium,2483,Oregon,Big Ten,37.0,"[7, 7, 13, 10]",0.5011683702468872,1904.0,1902.0,68,Boise State,fbs,Mountain West,34.0,"[3, 17, 0, 14]",0.4988316297531128,1629.0,1631.0,7.490991830569309,54000.0,False,False,Eugene,OR,97401.0,US,America/Los_Angeles,44.0582712,-123.0684883,127.4198303,1967.0,2024-09-08,28.2,0.0,8.1,1.0765555555555557,1.0,False,False,True,False,False
401643707,2024,2,2024-09-08T02:00:00.000Z,False,False,False,41031.0,3660,Valley Children's Stadium,278,Fresno State,Mountain West,46.0,"[18, 7, 14, 7]",0.9732740521430968,1535.0,1535.0,16,Sacramento State,fcs,Big Sky,30.0,"[3, 7, 7, 13]",0.026725947856903,1483.0,1395.0,3.2329650772717775,41031.0,False,False,Fresno,CA,93740.0,US,America/Los_Angeles,36.8143527,-119.7580092,102.564064,1980.0,2024-09-08,36.1,0.0,8.0,1.0,1.0,False,False,False,True,False
401636614,2024,2,2024-09-08T02:00:00.000Z,False,False,False,47746.0,3619,Arizona Stadium,12,Arizona,Big 12,22.0,"[3, 3, 7, 9]",0.9156093001365662,1739.0,1739.0,2464,Northern Arizona,fcs,Big Sky,10.0,"[0, 10, 0, 0]",0.0843906998634338,1480.0,1472.0,4.480207187513001,50782.0,False,False,Tucson,AZ,85721.0,US,America/Phoenix,32.2288054,-110.9488677,742.1530151,1928.0,2024-09-08,33.7,0.0,11.1,0.9402150368240716,1.0,False,False,False,True,False
401640989,2024,2,2024-09-08T02:15:00.000Z,False,False,True,16562.0,3601,Aggie Memorial Stadium,166,New Mexico State,Conference USA,24.0,"[10, 7, 0, 7]",0.0643105506896972,1432.0,1431.0,2335,Liberty,fbs,Conference USA,30.0,"[3, 6, 0, 21]",0.9356894493103028,1572.0,1573.0,5.135487138691672,28853.0,False,False,Las Cruces,NM,88003.0,US,America/Denver,32.2796202,-106.7411148,1208.201294,1978.0,2024-09-08,26.3,0.0,6.3,0.5740131008907219,0.0,False,False,False,False,False
401643709,2024,2,2024-09-08T02:30:00.000Z,False,False,False,25318.0,7311,Snapdragon Stadium,21,San Diego State,Mountain West,0.0,"[0, 0, 0, 0]",0.0376762934029102,1416.0,1388.0,204,Oregon State,fbs,Pac-12,21.0,"[7, 0, 0, 14]",0.9623237065970898,1648.0,1676.0,4.518874534277917,35000.0,True,False,San Diego,CA,92093.0,US,America/Los_Angeles,32.784444,-117.122833,62.0,2022.0,2024-09-08,29.0,0.0,7.6,0.7233714285714286,0.0,False,False,False,False,False
401628343,2024,2,2024-09-08T02:30:00.000Z,False,False,False,45504.0,3947,Mountain America Stadium,9,Arizona State,Big 12,30.0,"[10, 17, 3, 0]",0.8584505915641785,1497.0,1504.0,344,Mississippi State,fbs,SEC,23.0,"[0, 3, 7, 13]",0.1415494084358215,1447.0,1440.0,2.823523369454015,65870.0,True,False,Tempe,AZ,85287.0,US,America/Phoenix,33.4264471,-111.9325005,360.1569519,1958.0,2024-09-08,35.6,0.0,34.8,0.6908152421436162,0.0,False,False,False,False,False
401628472,2024,2,2024-09-08T03:00:00.000Z,False,False,False,68110.0,477,Los Angeles Memorial Coliseum,30,USC,Big Ten,48.0,"[10, 17, 7, 14]",0.9896718859672546,1668.0,1768.0,328,Utah State,fbs,Mountain West,0.0,"[0, 0, 0, 0]",0.0103281140327453,1346.0,1246.0,2.00760877860224,77500.0,True,False,Los Angeles,CA,90089.0,US,America/Los_Angeles,34.014167,-118.287778,42.50374222,1923.0,2024-09-08,26.9,0.0,4.1,0.8788387096774194,0.0,False,False,False,False,False
401636867,2024,3,2024-09-12T23:30:00.000Z,False,False,False,25187.0,3644,Bobcat Stadium (TX),326,Texas State,Sun Belt,28.0,"[7, 14, 7, 0]",0.2422650158405304,1545.0,1538.0,9,Arizona State,fbs,Big 12,31.0,"[7, 14, 7, 3]",0.7577349841594696,1504.0,1511.0,6.181508125226355,30000.0,False,False,San Marcos,TX,78666.0,US,America/Chicago,29.8910008,-97.9255735,177.8676453,1981.0,2024-09-12,32.2,0.0,9.2,0.8395666666666667,0.0,False,False,False,False,False
401643788,2024,3,2024-09-12T23:30:00.000Z,False,False,False,,6526,Hancock Whitney Stadium,6,South Alabama,Sun Belt,87.0,"[24, 28, 28, 7]",0.994472086429596,1581.0,1581.0,2466,Northwestern State,fcs,Southland,10.0,"[10, 0, 0, 0]",0.005527913570404,1480.0,1472.0,2.2605944837338203,25450.0,False,False,Mobile,AL,36688.0,US,America/Chicago,30.696904,-88.192013,45.0,2020.0,2024-09-12,27.3,0.0,11.5,,,True,False,False,True,False
401636863,2024,3,2024-09-13T23:00:00.000Z,False,True,False,21493.0,3486,Children's Mercy Park,2305,Kansas,Big 12,20.0,"[7, 10, 0, 3]",0.3318688571453094,1606.0,1603.0,2439,UNLV,fbs,Mountain West,23.0,"[3, 10, 3, 7]",0.6681311428546906,1541.0,1544.0,5.344084929182504,18467.0,True,False,Kansas City,KS,66111.0,US,America/Chicago,39.121768,-94.823198,300.8,2011.0,2024-09-13,23.9,0.0,14.8,1.1638598581253046,,False,False,True,False,False
401636864,2024,3,2024-09-14T00:00:00.000Z,False,False,False,51290.0,3636,Bill Snyder Family Stadium,2306,Kansas State,Big 12,31.0,"[7, 7, 14, 3]",0.9699692130088806,1790.0,1842.0,12,Arizona,fbs,Big 12,7.0,"[7, 0, 0, 0]",0.0300307869911193,1720.0,1668.0,3.42457347029432,50000.0,False,False,Manhattan,KS,66502.0,US,America/Chicago,39.2020096,-96.5938395,328.0574646,1968.0,2024-09-14,27.0,0.0,11.4,1.0258,1.0,False,False,True,False,False
401635542,2024,3,2024-09-14T16:00:00.000Z,False,False,False,55107.0,3697,Doak Campbell Stadium,52,Florida State,ACC,12.0,"[0, 3, 6, 3]",0.0863168463110923,1610.0,1596.0,235,Memphis,fbs,American Athletic,20.0,"[3, 10, 7, 0]",0.9136831536889076,1625.0,1639.0,4.099682919248931,67277.0,True,False,Tallahassee,FL,32306.0,US,America/New_York,30.4381692,-84.3044032,19.55942535,1950.0,2024-09-14,26.1,0.1,9.2,0.8191060838027855,0.0,False,False,False,False,False
401636865,2024,3,2024-09-14T16:00:00.000Z,False,False,False,24717.0,3996,Yager Stadium,193,Miami (OH),Mid-American,16.0,"[0, 3, 7, 6]",0.0532662644982337,1490.0,1458.0,2132,Cincinnati,fbs,Big 12,27.0,"[3, 7, 7, 10]",0.9467337355017662,1397.0,1429.0,4.521496073902828,24286.0,False,False,Oxford,OH,45056.0,US,America/New_York,39.5197009,-84.7330255,242.2643585,1983.0,2024-09-14,26.3,0.0,14.5,1.0177468500370583,1.0,False,False,True,False,False
401636868,2024,3,2024-09-14T16:00:00.000Z,False,False,False,57865.0,3784,Jones AT&T Stadium,2641,Texas Tech,Big 12,66.0,"[17, 35, 7, 7]",0.993002474308014,1490.0,1623.0,249,North Texas,fbs,American Athletic,21.0,"[7, 0, 7, 7]",0.006997525691986,1469.0,1336.0,5.446500355045865,60454.0,False,False,Lubbock,TX,79409.0,US,America/Chicago,33.5910518,-101.8728824,980.7632446,1947.0,2024-09-14,29.3,0.0,17.6,0.957174049690674,1.0,False,False,False,False,False
401635546,2024,3,2024-09-14T16:00:00.000Z,False,False,False,56919.0,3670,Carter-Finley Stadium,152,NC State,ACC,30.0,"[3, 3, 14, 10]",0.997727632522583,1512.0,1511.0,2348,Louisiana Tech,fbs,Conference USA,20.0,"[0, 17, 3, 0]",0.0022723674774169,1246.0,1247.0,5.357099959805191,58000.0,True,False,Raleigh,NC,27695.0,US,America/New_York,35.8008001,-78.7195655,117.0089951,1966.0,2024-09-14,25.6,0.0,19.1,0.9813620689655173,1.0,False,False,False,False,False
401636869,2024,3,2024-09-14T16:00:00.000Z,False,False,False,30915.0,3674,Chapman Stadium,202,Tulsa,American Athletic,10.0,"[0, 0, 0, 10]",0.0025250574108213,1250.0,1185.0,197,Oklahoma State,fbs,Big 12,45.0,"[7, 21, 10, 7]",0.9974749425891788,1530.0,1595.0,3.2596151148738928,30000.0,False,False,Tulsa,OK,74194.0,US,America/Chicago,36.1489175,-95.9437853,235.5928345,1930.0,2024-09-14,24.4,0.0,8.1,1.0305,1.0,False,False,True,False,False
401628350,2024,3,2024-09-14T16:00:00.000Z,False,False,False,76323.0,347,Camp Randall Stadium,275,Wisconsin,Big Ten,10.0,"[3, 0, 7, 0]",0.0097433552145957,1593.0,1553.0,333,Alabama,fbs,SEC,42.0,"[7, 14, 14, 7]",0.9902566447854042,2006.0,2046.0,3.0312765267104105,80321.0,False,False,Madison,WI,53711.0,US,America/Chicago,43.06994,-89.4126943,263.604126,1917.0,2024-09-14,24.3,0.0,9.4,0.9502247232977676,1.0,False,False,False,False,False
401628479,2024,3,2024-09-14T16:00:00.000Z,False,False,False,110250.0,3558,Michigan Stadium,130,Michigan,Big Ten,28.0,"[7, 14, 0, 7]",0.9277139902114868,1928.0,1911.0,2032,Arkansas State,fbs,Sun Belt,18.0,"[0, 3, 0, 15]",0.0722860097885131,1404.0,1421.0,3.129065670077843,107601.0,False,False,Ann Arbor,MI,48109.0,US,America/Detroit,42.2658365,-83.7486956,255.5500031,1927.0,2024-09-14,24.9,0.0,10.5,1.0246187303091978,1.0,False,False,True,False,False
401628359,2024,3,2024-09-14T16:00:00.000Z,False,False,True,79531.0,3994,Williams-Brice Stadium,2579,South Carolina,SEC,33.0,"[7, 17, 0, 9]",0.7937157154083252,1637.0,1642.0,99,LSU,fbs,SEC,36.0,"[0, 16, 6, 14]",0.2062842845916748,1803.0,1798.0,7.1093528866627125,80250.0,True,False,Columbia,SC,29208.0,US,America/New_York,33.9730239,-81.0191726,60.54548645,1934.0,2024-09-14,26.2,0.0,25.0,0.9910404984423676,1.0,False,False,False,False,False
401628475,2024,3,2024-09-14T16:00:00.000Z,False,False,False,,3832,"Memorial Stadium (Champaign, IL)",356,Illinois,Big Ten,30.0,"[7, 6, 10, 7]",0.9854847192764282,1515.0,1533.0,2117,Central Michigan,fbs,Mid-American,9.0,"[3, 3, 0, 3]",0.0145152807235717,1191.0,1173.0,3.03227933418676,60670.0,False,False,Champaign,IL,61820.0,US,America/Chicago,40.0993268,-88.2359569,223.2471619,1923.0,2024-09-14,26.3,0.0,10.2,,,True,False,False,False,False
401628357,2024,3,2024-09-14T16:45:00.000Z,False,False,False,62621.0,3838,Memorial Stadium,142,Missouri,SEC,27.0,"[3, 14, 7, 3]",0.896081805229187,1803.0,1795.0,103,Boston College,fbs,ACC,21.0,"[7, 7, 0, 7]",0.1039181947708129,1462.0,1470.0,4.195257256321096,71168.0,False,False,Columbia,MO,65211.0,US,America/Chicago,38.9358491,-92.3332009,212.6865692,1927.0,2024-09-14,26.1,0.0,7.2,0.8799038893884892,0.0,False,False,False,False,False
401629041,2024,3,2024-09-14T17:00:00.000Z,False,False,False,15204.0,3965,UB Stadium,2084,Buffalo,Mid-American,34.0,"[7, 3, 17, 7]",0.9701620326958922,1298.0,1360.0,113,Massachusetts,fbs,FBS Independents,3.0,"[0, 3, 0, 0]",0.0298379673041078,1125.0,1063.0,5.4328549557,30270.0,False,False,Amherst,NY,14260.0,US,America/New_York,42.9991334,-78.7775113,181.5759735,1993.0,2024-09-14,26.1,0.0,1.5,0.5022794846382557,0.0,False,False,False,False,False
401643786,2024,3,2024-09-14T18:00:00.000Z,False,False,False,13945.0,3806,Lincoln Financial Field,218,Temple,American Athletic,20.0,"[3, 7, 7, 3]",0.004074958153069,1074.0,1092.0,324,Coastal Carolina,fbs,Sun Belt,28.0,"[14, 7, 7, 0]",0.995925041846931,1537.0,1519.0,3.927872135226452,69879.0,False,False,Philadelphia,PA,19122.0,US,America/New_York,39.9007995,-75.1675414,3.198706865,2003.0,2024-09-14,29.5,0.0,12.3,0.1995592381115929,0.0,False,False,False,False,False
401628481,2024,3,2024-09-14T19:30:00.000Z,False,False,False,44534.0,3953,Huntington Bank Stadium,135,Minnesota,Big Ten,27.0,"[6, 14, 7, 0]",0.9812129735946656,1492.0,1537.0,2440,Nevada,fbs,Mountain West,0.0,"[0, 0, 0, 0]",0.0187870264053344,1273.0,1228.0,2.9014800341251017,50850.0,False,False,Minneapolis,MN,55488.0,US,America/Chicago,44.976525,-93.2245462,254.3902283,2009.0,2024-09-14,25.2,0.1,14.0,0.8757915437561455,0.0,False,False,False,False,False
401628483,2024,3,2024-09-14T19:30:00.000Z,False,False,False,38419.0,3893,Reser Stadium,204,Oregon State,Pac-12,14.0,"[7, 7, 0, 0]",0.0677145346999168,1676.0,1604.0,2483,Oregon,fbs,Big Ten,49.0,"[7, 15, 10, 17]",0.9322854653000832,1902.0,1974.0,3.944500730041556,43363.0,False,False,Corvallis,OR,97331.0,US,America/Los_Angeles,44.5594559,-123.2814341,66.90744781,1953.0,2024-09-14,21.0,0.0,2.9,0.8859857482185273,0.0,False,False,False,False,False
401635543,2024,3,2024-09-14T19:30:00.000Z,False,False,False,31729.0,721,Bobby Dodd Stadium,59,Georgia Tech,ACC,59.0,"[17, 21, 14, 7]",0.9889745712280272,1551.0,1551.0,2678,VMI,fcs,Southern,7.0,"[0, 0, 0, 7]",0.0110254287719726,1480.0,1472.0,2.0443414361625067,55000.0,False,False,Atlanta,GA,30332.0,US,America/New_York,33.7724449,-84.3928054,279.300415,1913.0,2024-09-14,24.9,0.1,29.6,0.5768909090909091,0.0,False,False,False,True,False
401628978,2024,3,2024-09-14T19:30:00.000Z,False,False,False,61441.0,3907,Ross-Ade Stadium,2509,Purdue,Big Ten,7.0,"[0, 0, 7, 0]",0.0025152238085865,1492.0,1358.0,87,Notre Dame,fbs,FBS Independents,66.0,"[14, 28, 10, 14]",0.9974847761914134,1858.0,1992.0,2.7477523069061163,57282.0,True,False,West Lafayette,IN,47907.0,US,America/Indiana/Indianapolis,40.4352253,-86.9186843,197.5337677,1924.0,2024-09-14,30.5,0.0,15.4,1.072605705108062,1.0,False,False,True,False,False
401628484,2024,3,2024-09-14T19:30:00.000Z,False,True,False,57567.0,3673,Lumen Field,264,Washington,Big Ten,19.0,"[7, 6, 6, 0]",0.8848147392272949,1759.0,1745.0,265,Washington State,fbs,Pac-12,24.0,"[10, 7, 7, 0]",0.115185260772705,1581.0,1595.0,7.598524890441149,69000.0,False,False,Seattle,WA,98134.0,US,America/Los_Angeles,47.595217,-122.33165,5.2,2002.0,2024-09-14,17.6,0.1,13.4,0.834304347826087,,False,False,False,False,False
401635547,2024,3,2024-09-14T19:30:00.000Z,False,False,False,66087.0,3752,Acrisure Stadium,221,Pittsburgh,ACC,38.0,"[10, 7, 7, 14]",0.8928661942481995,1483.0,1488.0,277,West Virginia,fbs,Big 12,34.0,"[7, 10, 7, 10]",0.1071338057518005,1546.0,1541.0,7.626738119968978,68400.0,True,False,Pittsburgh,PA,15260.0,US,America/New_York,40.4467648,-80.0157603,220.5887146,2001.0,2024-09-14,27.9,0.0,12.4,0.9661842105263158,1.0,False,False,False,False,False
401628358,2024,3,2024-09-14T19:30:00.000Z,False,False,False,83325.0,3835,"Memorial Stadium (Norman, OK)",201,Oklahoma,SEC,34.0,"[7, 14, 3, 10]",0.9835195541381836,1840.0,1848.0,2655,Tulane,fbs,American Athletic,19.0,"[0, 6, 7, 6]",0.0164804458618164,1569.0,1561.0,3.1322348119924444,86112.0,True,False,Norman,OK,73019.0,US,America/Chicago,35.2058537,-97.4423145,355.0962524,1925.0,2024-09-14,30.9,0.0,14.3,0.9676351727982164,1.0,False,False,False,False,False
401628353,2024,3,2024-09-14T19:30:00.000Z,False,False,True,89993.0,3634,Ben Hill Griffin Stadium,57,Florida,SEC,20.0,"[0, 0, 14, 6]",0.0,1497.0,1485.0,245,Texas A&M,fbs,SEC,33.0,"[10, 10, 13, 0]",1.0,1677.0,1689.0,3.654215822352354,88548.0,True,False,Gainesville,FL,32653.0,US,America/New_York,29.6499357,-82.3485788,44.97250748,1930.0,2024-09-14,26.9,0.1,6.2,1.0163188327234949,1.0,False,False,True,False,False
401635544,2024,3,2024-09-14T19:30:00.000Z,False,False,False,51564.0,3948,Hard Rock Stadium,2390,Miami,ACC,62.0,"[10, 21, 10, 21]",0.9958403706550598,1618.0,1774.0,2050,Ball State,fbs,Mid-American,0.0,"[0, 0, 0, 0]",0.0041596293449401,1341.0,1185.0,2.3338679639664366,64767.0,False,False,Miami Gardens,FL,33299.0,US,America/New_York,25.9579665,-80.2388604,2.624486446,1987.0,2024-09-14,32.0,0.2,7.5,0.7961461855574599,0.0,False,False,False,False,False
401644734,2024,3,2024-09-14T19:30:00.000Z,False,False,False,20438.0,3876,Peden Stadium,195,Ohio,Mid-American,21.0,"[14, 0, 7, 0]",0.8430721163749695,1481.0,1481.0,2415,Morgan State,fcs,MEAC,6.0,"[3, 3, 0, 0]",0.1569278836250305,1480.0,1472.0,3.015360689493553,24000.0,False,False,Athens,OH,45701.0,US,America/New_York,39.3212794,-82.1034315,194.230896,1929.0,2024-09-14,30.2,0.0,9.5,0.8515833333333334,0.0,False,False,False,True,False
401628480,2024,3,2024-09-14T19:30:00.000Z,False,False,False,70066.0,3936,Spartan Stadium,127,Michigan State,Big Ten,40.0,"[14, 13, 3, 10]",0.9989534090095522,1418.0,1418.0,2504,Prairie View A&M,fcs,SWAC,0.0,"[0, 0, 0, 0]",0.0010465909904477,1480.0,1472.0,4.723501427,75005.0,True,False,East Lansing,MI,48824.0,US,America/Detroit,42.7281474,-84.4848526,254.8794861,1923.0,2024-09-14,28.8,0.0,11.8,0.9341510565962268,1.0,False,False,False,True,False
401643785,2024,3,2024-09-14T20:00:00.000Z,False,False,False,46117.0,3699,Dowdy-Ficklen Stadium,151,East Carolina,American Athletic,19.0,"[16, 0, 0, 3]",0.2384249567985534,1415.0,1414.0,2026,App State,fbs,Sun Belt,21.0,"[0, 14, 7, 0]",0.7615750432014465,1446.0,1447.0,5.442081487067743,50000.0,True,False,Greenville,NC,27858.0,US,America/New_York,35.5968486,-77.364564,19.0564537,1963.0,2024-09-14,27.1,0.0,23.0,0.92234,1.0,False,False,False,False,False
401628477,2024,3,2024-09-14T20:00:00.000Z,False,False,False,69250.0,3793,Kinnick Stadium,2294,Iowa,Big Ten,38.0,"[0, 10, 14, 14]",0.9894864559173584,1552.0,1591.0,2653,Troy,fbs,Sun Belt,21.0,"[0, 14, 7, 0]",0.0105135440826416,1573.0,1534.0,5.312994459776912,69250.0,False,False,Iowa City,IA,52242.0,US,America/Chicago,41.6586045,-91.5510829,220.6357727,1929.0,2024-09-14,27.9,0.0,9.9,1.0,1.0,False,False,False,False,False
401628351,2024,3,2024-09-14T20:15:00.000Z,False,False,False,75021.0,3887,Razorback Stadium,8,Arkansas,SEC,37.0,"[3, 17, 7, 10]",0.7729232311248779,1446.0,1451.0,5,UAB,fbs,American Athletic,27.0,"[10, 10, 0, 7]",0.227076768875122,1270.0,1265.0,5.779283553160291,80000.0,False,False,Fayetteville,AR,72702.0,US,America/Chicago,36.0680662,-94.1789534,403.7972412,1938.0,2024-09-14,28.8,0.0,11.5,0.9377625,1.0,False,False,False,False,False
401636870,2024,3,2024-09-14T20:30:00.000Z,False,False,False,,3905,Maverik Stadium,328,Utah State,Mountain West,21.0,"[7, 7, 7, 0]",0.149317979812622,1246.0,1242.0,254,Utah,fbs,Big 12,38.0,"[3, 14, 11, 10]",0.8506820201873779,1627.0,1631.0,5.690327853078927,25513.0,False,False,Logan,UT,84322.0,US,America/Denver,41.7517394,-111.8116007,1427.914429,1968.0,2024-09-14,25.7,0.0,11.2,,,True,False,False,False,False
401629030,2024,3,2024-09-14T22:00:00.000Z,False,False,False,20174.0,3982,Wallace Wade Stadium,150,Duke,ACC,26.0,"[7, 10, 0, 9]",0.4436784982681274,1602.0,1590.0,41,UConn,fbs,FBS Independents,21.0,"[0, 7, 14, 0]",0.5563215017318726,1157.0,1169.0,4.568506657521192,40004.0,True,False,Durham,NC,27708.0,US,America/New_York,35.9953688,-78.9417564,103.0028152,1929.0,2024-09-14,26.1,0.0,14.4,0.5042995700429957,0.0,False,False,False,False,False
401640990,2024,3,2024-09-14T22:00:00.000Z,False,False,True,21805.0,3992,Williams Stadium (VA),2335,Liberty,Conference USA,28.0,"[7, 7, 7, 7]",0.9947829246520996,1573.0,1582.0,2638,UTEP,fbs,Conference USA,10.0,"[3, 0, 7, 0]",0.0052170753479003,1232.0,1223.0,3.1827042473961513,25000.0,False,False,Lynchburg,VA,24502.0,US,America/New_York,37.3544305,-79.1750239,272.9237061,1989.0,2024-09-14,24.8,0.0,11.5,0.8722,0.0,False,False,False,False,False
401640980,2024,3,2024-09-14T22:00:00.000Z,False,False,False,24283.0,3715,FAU Stadium,2226,Florida Atlantic,American Athletic,38.0,"[7, 17, 14, 0]",0.9960647821426392,1373.0,1403.0,2229,Florida International,fbs,Conference USA,20.0,"[7, 0, 7, 6]",0.0039352178573608,1271.0,1241.0,3.4934517284480853,29419.0,False,False,Boca Raton,FL,33499.0,US,America/New_York,26.3763763,-80.1015759,3.613628864,2011.0,2024-09-14,26.3,0.1,4.0,0.825418946939053,0.0,False,False,False,False,False
401643787,2024,3,2024-09-14T22:00:00.000Z,False,False,False,21617.0,3608,Allen E. Paulson Stadium,290,Georgia Southern,Sun Belt,42.0,"[7, 14, 14, 7]",0.9908620138574958,1383.0,1383.0,2569,South Carolina State,fcs,MEAC,14.0,"[0, 7, 7, 0]",0.0091379861425041,1480.0,1472.0,4.1223384087,25000.0,False,False,Statesboro,GA,30460.0,US,America/New_York,32.4122471,-81.7849296,61.25376892,1984.0,2024-09-14,27.0,0.0,13.3,0.86468,0.0,False,False,False,True,False
401635545,2024,3,2024-09-14T22:00:00.000Z,False,False,False,45491.0,3787,Kenan Stadium,153,North Carolina,ACC,45.0,"[0, 17, 0, 28]",0.9901700019836426,1567.0,1567.0,2428,North Carolina Central,fcs,MEAC,10.0,"[7, 3, 0, 0]",0.0098299980163574,1480.0,1472.0,3.345880348242891,50500.0,False,False,Chapel Hill,NC,27515.0,US,America/New_York,35.9069294,-79.0478889,127.7569809,1927.0,2024-09-14,26.3,0.0,15.4,0.9008118811881188,1.0,False,False,False,True,False
401644733,2024,3,2024-09-14T22:00:00.000Z,False,False,False,8932.0,3768,InfoCision Stadium,2006,Akron,Mid-American,31.0,"[7, 21, 0, 3]",0.7864969968795776,1098.0,1098.0,2142,Colgate,fcs,Patriot,20.0,"[17, 0, 3, 0]",0.2135030031204223,1480.0,1472.0,4.138617444909076,30000.0,False,False,Akron,OH,44399.0,US,America/New_York,41.0725534,-81.5083408,321.2875061,2009.0,2024-09-14,27.8,0.0,13.4,0.2977333333333333,0.0,False,False,False,True,False
401645327,2024,3,2024-09-14T22:00:00.000Z,False,False,False,,4418,Jerry Richardson Stadium,2429,Charlotte,American Athletic,27.0,"[0, 3, 3, 21]",0.4580944180488586,1174.0,1174.0,2241,Gardner-Webb,fcs,Big South-OVC,26.0,"[3, 14, 3, 6]",0.5419055819511414,1480.0,1472.0,6.098850873872742,15300.0,False,False,Charlotte,NC,28223.0,US,America/New_York,35.3105033,-80.7401194,190.365509,2013.0,2024-09-14,27.0,0.0,19.2,,,True,False,False,True,False
401635548,2024,3,2024-09-14T22:00:00.000Z,False,False,False,22208.0,3918,S.B. Ballard Stadium,295,Old Dominion,Sun Belt,17.0,"[0, 10, 0, 7]",0.0318658761680126,1397.0,1368.0,259,Virginia Tech,fbs,ACC,37.0,"[14, 0, 6, 17]",0.9681341238319874,1597.0,1626.0,4.1840472747187905,20118.0,False,False,Norfolk,VA,23551.0,US,America/New_York,36.8889533,-76.3049175,3.147987843,1936.0,2024-09-14,23.6,0.0,27.6,1.1038870663087783,1.0,False,False,True,False,False
401636364,2024,3,2024-09-14T22:30:00.000Z,False,False,False,23476.0,3980,Waldo Stadium,2711,Western Michigan,Mid-American,59.0,"[14, 21, 14, 10]",0.9989684442331264,1193.0,1193.0,2065,Bethune-Cookman,fcs,SWAC,31.0,"[0, 14, 7, 10]",0.0010315557668735,1480.0,1472.0,2.73963378,30200.0,False,False,Kalamazoo,MI,49008.0,US,America/Detroit,42.2860064,-85.6007573,243.8211212,1939.0,2024-09-14,28.3,0.0,12.3,0.7773509933774835,0.0,False,False,False,True,False
401628355,2024,3,2024-09-14T22:30:00.000Z,False,False,False,32849.0,3630,Allegacy Federal Credit Union Stadium,154,Wake Forest,ACC,6.0,"[3, 3, 0, 0]",0.0078091919422149,1424.0,1370.0,145,Ole Miss,fbs,SEC,40.0,"[20, 3, 7, 10]",0.992190808057785,1770.0,1824.0,3.3154496636731077,31500.0,False,False,Winston-Salem,NC,27105.0,US,America/New_York,36.1305507,-80.2545851,283.548584,1968.0,2024-09-14,25.7,0.0,17.1,1.0428253968253969,1.0,False,False,True,False,False
401628361,2024,3,2024-09-14T23:00:00.000Z,False,False,False,101892.0,3910,DKR-Texas Memorial Stadium,251,Texas,SEC,56.0,"[14, 14, 14, 14]",0.9780104756355286,1991.0,2068.0,2636,UTSA,fbs,American Athletic,7.0,"[0, 7, 0, 0]",0.0219895243644714,1467.0,1390.0,2.25223890795822,100119.0,False,False,Austin,TX,78712.0,US,America/Chicago,30.2836813,-97.7325345,160.3089447,1924.0,2024-09-14,34.0,0.0,7.8,1.017708926377611,1.0,False,False,True,False,False
401640999,2024,3,2024-09-14T23:00:00.000Z,False,False,False,17501.0,3912,Rynearson Stadium,2199,Eastern Michigan,Mid-American,37.0,"[14, 14, 3, 0, 3, 3]",0.7924458980560303,1298.0,1300.0,55,Jacksonville State,fbs,Conference USA,34.0,"[7, 13, 0, 11, 3, 0]",0.2075541019439697,1374.0,1372.0,10.219832788583032,30200.0,False,False,Ypsilanti,MI,48197.0,US,America/Detroit,42.256126,-83.647285,241.248764,1969.0,2024-09-14,24.3,0.0,11.6,0.5795033112582781,0.0,False,False,False,False,False
401641024,2024,3,2024-09-14T23:00:00.000Z,False,False,True,12227.0,3725,"Johnny ""Red"" Floyd Stadium",2393,Middle Tennessee,Conference USA,21.0,"[0, 0, 14, 7]",0.4053521454334259,1288.0,1215.0,98,Western Kentucky,fbs,Conference USA,49.0,"[14, 7, 21, 7]",0.5946478545665741,1323.0,1396.0,3.0731356880504253,30788.0,False,False,Murfreesboro,TN,37132.0,US,America/Chicago,35.8511463,-86.3681649,191.7279816,1933.0,2024-09-14,23.5,0.0,5.6,0.3971352474990255,0.0,False,False,False,False,False
401641040,2024,3,2024-09-14T23:00:00.000Z,False,False,False,15134.0,3647,Elliott T. Bowers Stadium,2534,Sam Houston,Conference USA,31.0,"[7, 10, 7, 7]",0.986011266708374,1370.0,1398.0,62,Hawai'i,fbs,Mountain West,13.0,"[0, 3, 10, 0]",0.0139887332916259,1242.0,1214.0,2.9843456114256957,14000.0,False,False,Huntsville,TX,77340.0,US,America/Chicago,30.713926,-95.5419802,127.6225204,1986.0,2024-09-14,32.9,0.0,3.9,1.081,1.0,False,False,True,False,False
401628362,2024,3,2024-09-14T23:00:00.000Z,False,False,False,14413.0,4246,Center Parc Stadium,2247,Georgia State,Sun Belt,36.0,"[3, 9, 10, 14]",0.3011744916439056,1370.0,1371.0,238,Vanderbilt,fbs,SEC,32.0,"[0, 10, 0, 22]",0.6988255083560944,1313.0,1312.0,6.593691325558333,25000.0,False,False,Atlanta,GA,30315.0,US,America/New_York,33.735267,-84.389949,287.0,2017.0,2024-09-14,22.5,0.2,17.3,0.57652,0.0,False,False,False,False,False
401641017,2024,3,2024-09-14T23:00:00.000Z,False,False,False,11090.0,3935,CEFCU Stadium,23,San José State,Mountain West,31.0,"[0, 17, 7, 7]",0.98399418592453,1567.0,1602.0,338,Kennesaw State,fbs,Conference USA,10.0,"[3, 0, 7, 0]",0.0160058140754699,1423.0,1388.0,4.335946622324489,30456.0,False,False,San Jose,CA,95112.0,US,America/Los_Angeles,37.3196675,-121.8682962,28.30708694,1933.0,2024-09-14,30.8,0.0,17.8,0.3641318623588127,0.0,False,False,False,False,False
401643789,2024,3,2024-09-14T23:00:00.000Z,False,False,False,23537.0,3815,M. M. Roberts Stadium,2572,Southern Miss,Sun Belt,24.0,"[14, 7, 0, 3]",0.0138516100123524,1230.0,1187.0,58,South Florida,fbs,American Athletic,49.0,"[14, 14, 14, 7]",0.9861483899876476,1433.0,1476.0,4.910981018121328,36000.0,False,False,Hattiesburg,MS,39402.0,US,America/Chicago,31.3289321,-89.3318118,64.52726746,1932.0,2024-09-14,28.1,0.0,8.0,0.6538055555555555,0.0,False,False,False,False,False
401628354,2024,3,2024-09-14T23:30:00.000Z,False,False,True,61663.0,3683,Kroger Field,96,Kentucky,SEC,12.0,"[3, 3, 3, 3]",0.2070510400248718,1563.0,1583.0,61,Georgia,fbs,SEC,13.0,"[0, 3, 3, 7]",0.7929489599751282,2066.0,2046.0,8.9509868466,61000.0,False,False,Lexington,KY,40506.0,US,America/New_York,38.0220905,-84.5053408,307.4248962,1973.0,2024-09-14,27.3,0.0,5.8,1.0108688524590164,1.0,False,False,True,False,False
401636860,2024,3,2024-09-14T23:30:00.000Z,False,False,False,46212.0,4727,McLane Stadium,239,Baylor,Big 12,31.0,"[3, 3, 17, 8]",0.9136401414871216,1417.0,1507.0,2005,Air Force,fbs,Mountain West,3.0,"[0, 3, 0, 0]",0.0863598585128784,1549.0,1459.0,3.2091531397528774,45140.0,False,False,Waco,TX,76704.0,US,America/Chicago,31.5582015,-97.1156702,117.0538101,2014.0,2024-09-14,35.0,0.0,8.0,1.0237483385024368,1.0,False,False,True,False,False
401636866,2024,3,2024-09-14T23:30:00.000Z,False,False,True,48889.0,3616,Amon G. Carter Stadium,2628,TCU,Big 12,34.0,"[14, 7, 10, 3]",0.0084335957263219,1578.0,1580.0,2116,UCF,fbs,Big 12,35.0,"[0, 7, 13, 15]",0.991566404273678,1644.0,1642.0,6.913846806,46000.0,True,False,Fort Worth,TX,76129.0,US,America/Chicago,32.7096604,-97.3680835,185.4387054,1929.0,2024-09-14,34.8,0.0,10.6,1.062804347826087,1.0,False,False,True,False,False
401628482,2024,3,2024-09-14T23:30:00.000Z,False,False,False,86546.0,3834,"Memorial Stadium (Lincoln, NE)",158,Nebraska,Big Ten,34.0,"[7, 14, 6, 7]",0.9602840542793274,1596.0,1596.0,2460,Northern Iowa,fcs,MVFC,3.0,"[3, 0, 0, 0]",0.0397159457206726,1480.0,1472.0,2.769869337986109,85458.0,False,False,Lincoln,NE,68588.0,US,America/Chicago,40.820682,-96.705594,354.9318848,1923.0,2024-09-14,27.9,0.0,13.6,1.0127314002199912,1.0,False,False,True,True,False
401636861,2024,3,2024-09-14T23:30:00.000Z,False,False,False,40099.0,5388,Canvas Stadium,36,Colorado State,Mountain West,9.0,"[3, 0, 0, 6]",0.2319560199975967,1261.0,1219.0,38,Colorado,fbs,Big 12,28.0,"[0, 14, 7, 7]",0.7680439800024033,1307.0,1349.0,4.3657335371798975,36500.0,False,False,Fort Collins,CO,80521.0,US,America/Denver,40.570015,-105.088435,1528.4,2017.0,2024-09-14,29.5,0.0,6.0,1.0986027397260274,1.0,False,False,True,False,False
401628356,2024,3,2024-09-14T23:30:00.000Z,False,False,False,47412.0,3693,Davis Wade Stadium,344,Mississippi State,SEC,17.0,"[0, 3, 7, 7]",0.0015195030719041,1440.0,1386.0,2649,Toledo,fbs,Mid-American,41.0,"[7, 21, 7, 6]",0.9984804969280958,1524.0,1578.0,2.8171227897501727,61337.0,True,False,Starkville,MS,39762.0,US,America/Chicago,33.4563403,-88.7933652,110.2742081,1914.0,2024-09-14,24.9,0.0,7.7,0.772975528636875,0.0,False,False,False,False,False
401655632,2024,3,2024-09-14T23:30:00.000Z,False,True,False,10631.0,5960,Lanny and Sharon Martin Stadium,77,Northwestern,Big Ten,31.0,"[7, 7, 10, 7]",0.987991988658905,1508.0,1508.0,2197,Eastern Illinois,fcs,Big South-OVC,7.0,"[0, 7, 0, 0]",0.0120080113410949,1480.0,1472.0,3.51131850601015,12023.0,False,False,Evanston,IL,60208.0,US,America/Chicago,42.058246,-87.670876,179.0,1997.0,2024-09-14,25.7,0.0,9.5,0.8842219080096482,,False,False,False,True,False
401628352,2024,3,2024-09-14T23:30:00.000Z,False,False,False,88043.0,3785,Jordan-Hare Stadium,2,Auburn,SEC,45.0,"[14, 3, 14, 14]",1.0,1537.0,1569.0,167,New Mexico,fbs,Mountain West,19.0,"[10, 3, 0, 6]",0.0,1228.0,1196.0,3.8850884808092574,87451.0,True,False,Auburn,AL,36849.0,US,America/Chicago,32.6025532,-85.4897479,201.1737976,1939.0,2024-09-14,22.0,1.6,11.0,1.0067695052086312,1.0,False,False,True,False,False
401628476,2024,3,2024-09-14T23:30:00.000Z,False,False,True,47811.0,1056,Rose Bowl,26,UCLA,Big Ten,13.0,"[0, 7, 3, 3]",0.0025374109391123,1553.0,1456.0,84,Indiana,fbs,Big Ten,42.0,"[14, 7, 7, 14]",0.9974625890608876,1430.0,1527.0,2.97119558859487,88565.0,True,False,Pasadena,CA,90095.0,US,America/Los_Angeles,34.1613284,-118.1676462,245.1772461,1922.0,2024-09-14,25.5,0.0,13.6,0.5398407948964038,0.0,False,False,False,False,False
401628360,2024,3,2024-09-14T23:45:00.000Z,False,False,False,101915.0,3853,Neyland Stadium,2633,Tennessee,SEC,71.0,"[37, 28, 3, 3]",0.9935073256492616,1845.0,1964.0,2309,Kent State,fbs,Mid-American,0.0,"[0, 0, 0, 0]",0.0064926743507385,1108.0,989.0,2.0779291542707257,102455.0,True,False,Knoxville,TN,37996.0,US,America/New_York,35.9550131,-83.9250128,271.9517212,1921.0,2024-09-14,27.5,0.0,20.2,0.994729393392221,1.0,False,False,False,False,False
401628478,2024,3,2024-09-15T00:00:00.000Z,False,False,False,,3923,Scott Stadium,258,Virginia,ACC,13.0,"[3, 10, 0, 0]",0.0453087836503982,1317.0,1318.0,120,Maryland,fbs,Big Ten,27.0,"[0, 7, 10, 10]",0.9546912163496016,1679.0,1678.0,5.45654209707751,61500.0,True,False,Charlottesville,VA,22904.0,US,America/New_York,38.0311801,-78.5137897,170.4677429,1931.0,2024-09-15,21.6,0.0,10.4,,,True,False,False,False,False
401636862,2024,3,2024-09-15T00:00:00.000Z,False,False,False,28146.0,4728,TDECU Stadium,248,Houston,Big 12,33.0,"[14, 6, 6, 7]",0.9921762347221376,1411.0,1466.0,242,Rice,fbs,American Athletic,7.0,"[0, 0, 0, 7]",0.0078237652778625,1314.0,1259.0,2.749624746329975,40000.0,False,False,Houston,TX,77004.0,US,America/Chicago,29.7219885,-95.3491623,9.57440567,2014.0,2024-09-15,30.8,0.0,5.1,0.70365,0.0,False,False,False,False,False
401636871,2024,3,2024-09-15T01:00:00.000Z,False,False,False,24513.0,3984,War Memorial Stadium,2751,Wyoming,Mountain West,14.0,"[0, 7, 0, 7]",0.0,1354.0,1312.0,252,BYU,fbs,Big 12,34.0,"[7, 10, 17, 0]",1.0,1430.0,1472.0,3.678719564365576,29181.0,False,False,Laramie,WY,82071.0,US,America/Denver,41.31161,-105.5681384,2200.153564,1950.0,2024-09-15,20.9,0.0,5.9,0.8400328981186388,0.0,False,False,False,False,False
401641033,2024,3,2024-09-15T02:30:00.000Z,False,False,False,39079.0,3660,Valley Children's Stadium,278,Fresno State,Mountain West,48.0,"[14, 17, 17, 0]",0.9954609870910645,1551.0,1680.0,166,New Mexico State,fbs,Conference USA,0.0,"[0, 0, 0, 0]",0.0045390129089355,1431.0,1302.0,2.2254907252015874,41031.0,False,False,Fresno,CA,93740.0,US,America/Los_Angeles,36.8143527,-119.7580092,102.564064,1980.0,2024-09-15,30.1,0.0,7.2,0.9524262143257536,1.0,False,False,False,False,False
401635541,2024,3,2024-09-15T02:30:00.000Z,False,False,False,35197.0,3831,California Memorial Stadium,25,California,ACC,31.0,"[7, 0, 14, 10]",0.9842265248298644,1502.0,1540.0,21,San Diego State,fbs,Mountain West,10.0,"[3, 0, 0, 7]",0.0157734751701354,1388.0,1350.0,3.2232261819368255,62467.0,False,False,Berkeley,CA,94720.0,US,America/Los_Angeles,37.8710434,-122.2507729,125.3108063,1923.0,2024-09-15,14.5,0.0,14.2,0.5634495013367058,0.0,False,False,False,False,False
401643790,2024,4,2024-09-19T23:30:00.000Z,False,False,True,34133.0,3792,Kidd Brewer Stadium,2026,App State,Sun Belt,14.0,"[0, 7, 0, 7]",0.0039782403036952,1447.0,1366.0,6,South Alabama,fbs,Sun Belt,48.0,"[14, 14, 13, 7]",0.9960217596963048,1576.0,1657.0,4.057191545935922,30000.0,False,False,Boone,NC,28608.0,US,America/New_York,36.2114267,-81.6854278,991.3414307,1962.0,2024-09-19,18.8,0.0,6.4,1.1377666666666666,1.0,False,False,True,False,False
401634766,2024,4,2024-09-20T23:30:00.000Z,False,False,True,39290.0,1964,JMA Wireless Dome,183,Syracuse,ACC,24.0,"[0, 10, 7, 7]",0.5641607642173767,1386.0,1378.0,24,Stanford,fbs,ACC,26.0,"[7, 6, 7, 6]",0.4358392357826233,1295.0,1303.0,6.915791134482115,49057.0,False,True,Syracuse,NY,13244.0,US,America/New_York,43.0362269,-76.1363161,162.6989746,1980.0,2024-09-20,21.1,0.0,11.2,0.8009050696128993,0.0,False,False,False,False,False
401628485,2024,4,2024-09-21T00:00:00.000Z,False,False,True,86936.0,3834,"Memorial Stadium (Lincoln, NE)",158,Nebraska,Big Ten,24.0,"[10, 7, 0, 7, 0]",0.6159760355949402,1588.0,1570.0,356,Illinois,fbs,Big Ten,31.0,"[7, 3, 7, 7, 7]",0.3840239644050598,1533.0,1551.0,7.430048519275258,85458.0,False,False,Lincoln,NE,68588.0,US,America/Chicago,40.820682,-96.705594,354.9318848,1923.0,2024-09-21,28.1,0.0,14.3,1.0172950455194365,1.0,False,False,True,False,False
401643714,2024,4,2024-09-21T02:00:00.000Z,False,False,False,24808.0,3820,Gesa Field,265,Washington State,Pac-12,54.0,"[7, 17, 0, 22, 0, 8]",0.823604166507721,1595.0,1596.0,23,San José State,fbs,Mountain West,52.0,"[10, 7, 21, 8, 0, 6]",0.176395833492279,1602.0,1601.0,10.3224878267992,32952.0,False,False,Pullman,WA,99164.0,US,America/Los_Angeles,46.731831,-117.1604991,773.9526367,1972.0,2024-09-21,15.2,0.0,8.9,0.7528526341344987,0.0,False,False,False,False,False
401636879,2024,4,2024-09-21T16:00:00.000Z,False,False,True,52428.0,3842,Milan Puskar Stadium,277,West Virginia,Big 12,32.0,"[7, 7, 3, 15]",0.5754549503326416,1541.0,1546.0,2305,Kansas,fbs,Big 12,28.0,"[0, 7, 14, 7]",0.4245450496673584,1603.0,1598.0,6.941278126933258,60000.0,False,False,Morgantown,WV,26507.0,US,America/New_York,39.6502744,-79.9551873,327.409668,1980.0,2024-09-21,26.0,0.0,7.1,0.8738,0.0,False,False,False,False,False
401628367,2024,4,2024-09-21T16:00:00.000Z,False,False,True,49655.0,3693,Davis Wade Stadium,344,Mississippi State,SEC,28.0,"[7, 7, 7, 7]",0.273383766412735,1386.0,1355.0,57,Florida,fbs,SEC,45.0,"[7, 21, 7, 10]",0.726616233587265,1485.0,1516.0,4.291553664896677,61337.0,True,False,Starkville,MS,39762.0,US,America/Chicago,33.4563403,-88.7933652,110.2742081,1914.0,2024-09-21,30.4,0.0,5.1,0.8095439946524936,0.0,False,False,False,False,False
401643791,2024,4,2024-09-21T16:00:00.000Z,False,False,False,22534.0,3666,Cajun Field,309,Louisiana,Sun Belt,33.0,"[7, 6, 13, 7]",0.0063133873045444,1558.0,1543.0,2655,Tulane,fbs,American Athletic,41.0,"[0, 17, 21, 3]",0.9936866126954556,1561.0,1576.0,6.59110307135616,41426.0,False,False,Lafayette,LA,70506.0,US,America/Chicago,30.2158434,-92.0417371,3.556508303,1971.0,2024-09-21,29.8,0.0,9.2,0.5439579008352242,0.0,False,False,False,False,False
401636873,2024,4,2024-09-21T16:00:00.000Z,False,False,True,38007.0,3854,Nippert Stadium,2132,Cincinnati,Big 12,34.0,"[14, 10, 7, 3]",0.9920600652694702,1429.0,1529.0,248,Houston,fbs,Big 12,0.0,"[0, 0, 0, 0]",0.0079399347305297,1466.0,1366.0,1.859134174515357,40000.0,False,False,Cincinnati,OH,45221.0,US,America/New_York,39.1312495,-84.5161913,230.0660553,1915.0,2024-09-21,27.1,0.0,2.9,0.950175,1.0,False,False,False,False,False
401645328,2024,4,2024-09-21T16:00:00.000Z,False,False,True,26654.0,3841,Michie Stadium,349,Army,American Athletic,37.0,"[7, 21, 9, 0]",0.9984307056725568,1465.0,1499.0,242,Rice,fbs,American Athletic,14.0,"[0, 0, 7, 7]",0.0015692943274431,1259.0,1225.0,2.632426298283298,38000.0,False,False,West Point,NY,10996.0,US,America/New_York,41.3874924,-73.9640891,99.21277618,1924.0,2024-09-21,22.3,0.0,9.0,0.701421052631579,0.0,False,False,False,False,False
401635556,2024,4,2024-09-21T16:00:00.000Z,False,False,False,50500.0,3787,Kenan Stadium,153,North Carolina,ACC,50.0,"[14, 7, 17, 12]",0.0330797024071216,1554.0,1519.0,256,James Madison,fbs,Sun Belt,70.0,"[25, 28, 7, 10]",0.9669202975928785,1699.0,1734.0,5.790149590031702,50500.0,False,False,Chapel Hill,NC,27515.0,US,America/New_York,35.9069294,-79.0478889,127.7569809,1927.0,2024-09-21,26.4,0.0,6.0,1.0,1.0,False,False,False,False,False
401628488,2024,4,2024-09-21T16:00:00.000Z,False,False,False,38006.0,3665,SECU Stadium,120,Maryland,Big Ten,38.0,"[17, 7, 7, 7]",0.9886807203292848,1698.0,1698.0,222,Villanova,fcs,Coastal Athletic,20.0,"[0, 0, 10, 10]",0.0113192796707153,1480.0,1472.0,2.0431528856606778,51802.0,False,False,College Park,MD,20742.0,US,America/New_York,38.9903332,-76.9473792,32.68748093,1950.0,2024-09-21,24.9,0.0,9.7,0.7336782363615304,0.0,False,False,False,True,False
401635552,2024,4,2024-09-21T16:00:00.000Z,False,False,True,81500.0,3836,"Memorial Stadium (Clemson, SC)",228,Clemson,ACC,59.0,"[28, 17, 14, 0]",0.952256202697754,1757.0,1790.0,152,NC State,fbs,ACC,35.0,"[0, 7, 7, 21]",0.047743797302246,1511.0,1478.0,2.128813280475961,81500.0,True,False,Clemson,SC,29634.0,US,America/New_York,34.6787737,-82.8432428,205.6452179,1942.0,2024-09-21,27.8,0.0,5.2,1.0,1.0,False,False,False,False,False
401628486,2024,4,2024-09-21T16:00:00.000Z,False,False,False,43109.0,3830,"Memorial Stadium (Bloomington, IN)",84,Indiana,Big Ten,52.0,"[10, 21, 14, 7]",1.0,1527.0,1592.0,2429,Charlotte,fbs,American Athletic,14.0,"[0, 14, 0, 0]",0.0,1187.0,1122.0,2.89408512364107,52656.0,False,False,Bloomington,IN,47408.0,US,America/Indiana/Indianapolis,39.1808959,-86.5256217,231.6500854,1960.0,2024-09-21,28.5,0.0,4.7,0.818691127316925,0.0,False,False,False,False,False
401628492,2024,4,2024-09-21T16:00:00.000Z,False,False,False,103871.0,3861,Ohio Stadium,194,Ohio State,Big Ten,49.0,"[7, 21, 14, 7]",0.9988671629158616,2014.0,2038.0,276,Marshall,fbs,Sun Belt,14.0,"[7, 7, 0, 0]",0.0011328370841384,1384.0,1360.0,3.6816411505,102780.0,False,False,Columbus,OH,43210.0,US,America/New_York,40.0016447,-83.0197266,216.6770325,1922.0,2024-09-21,27.6,0.0,6.5,1.0106149056236622,1.0,False,False,True,False,False
401628364,2024,4,2024-09-21T16:45:00.000Z,False,False,False,61783.0,3683,Kroger Field,96,Kentucky,SEC,41.0,"[3, 14, 10, 14]",0.9856982231140136,1583.0,1668.0,195,Ohio,fbs,Mid-American,6.0,"[0, 0, 0, 6]",0.0143017768859863,1486.0,1401.0,2.002807128481186,61000.0,False,False,Lexington,KY,40506.0,US,America/New_York,38.0220905,-84.5053408,307.4248962,1973.0,2024-09-21,25.0,0.5,0.4,1.0128360655737705,1.0,False,False,True,False,False
401644735,2024,4,2024-09-21T17:00:00.000Z,False,False,True,18011.0,3786,Kelly/Shorts Stadium,2117,Central Michigan,Mid-American,37.0,"[0, 23, 0, 14]",0.7515473365783691,1173.0,1174.0,2050,Ball State,fbs,Mid-American,34.0,"[10, 7, 7, 10]",0.2484526634216308,1185.0,1184.0,8.058088460054421,30255.0,False,False,Mount Pleasant,MI,48859.0,US,America/Detroit,43.5777313,-84.7709904,240.9007721,1972.0,2024-09-21,26.8,0.0,5.0,0.595306560899025,0.0,False,False,False,False,False
401643715,2024,4,2024-09-21T18:00:00.000Z,False,False,False,11384.0,3806,Lincoln Financial Field,218,Temple,American Athletic,45.0,"[0, 17, 7, 21]",0.8281865119934082,1092.0,1141.0,328,Utah State,fbs,Mountain West,29.0,"[0, 21, 0, 8]",0.1718134880065918,1242.0,1193.0,6.27985534771323,69879.0,False,False,Philadelphia,PA,19122.0,US,America/New_York,39.9007995,-75.1675414,3.198706865,2003.0,2024-09-21,24.9,0.0,5.8,0.1629101732995606,0.0,False,False,False,False,False
401644737,2024,4,2024-09-21T18:00:00.000Z,False,False,False,15509.0,3912,Rynearson Stadium,2199,Eastern Michigan,Mid-American,36.0,"[10, 3, 16, 7]",1.0,1303.0,1303.0,2598,Saint Francis,fcs,NEC,0.0,"[0, 0, 0, 0]",0.0,1480.0,1472.0,2.757676238548781,30200.0,False,False,Ypsilanti,MI,48197.0,US,America/Detroit,42.256126,-83.647285,241.248764,1969.0,2024-09-21,27.4,0.0,9.2,0.5135430463576159,0.0,False,False,False,True,False
401636875,2024,4,2024-09-21T18:00:00.000Z,False,False,False,55428.0,3772,Jack Trice Stadium,66,Iowa State,Big 12,52.0,"[14, 17, 7, 14]",0.9954066276550292,1610.0,1718.0,2032,Arkansas State,fbs,Sun Belt,7.0,"[0, 0, 0, 7]",0.0045933723449707,1421.0,1313.0,2.3695602193065555,61500.0,True,False,Ames,IA,50011.0,US,America/Chicago,42.0139977,-93.6357716,274.9135437,1975.0,2024-09-21,30.0,0.0,20.2,0.9012682926829269,1.0,False,False,False,False,False
401635558,2024,4,2024-09-21T18:00:00.000Z,False,False,False,22104.0,3654,Brooks Stadium (SC),324,Coastal Carolina,Sun Belt,24.0,"[3, 7, 7, 7]",0.0011874930933117,1519.0,1448.0,258,Virginia,fbs,ACC,43.0,"[14, 13, 10, 6]",0.9988125069066882,1318.0,1389.0,3.550006693827249,21000.0,False,False,Conway,SC,29528.0,US,America/New_York,33.7928506,-79.0166946,13.74894905,2003.0,2024-09-21,28.2,0.0,8.0,1.0525714285714285,1.0,False,False,True,False,False
401641000,2024,4,2024-09-21T19:00:00.000Z,False,False,False,21788.0,3662,AmFirst Stadium,55,Jacksonville State,Conference USA,44.0,"[14, 7, 23, 0]",0.9907800555229188,1372.0,1453.0,2572,Southern Miss,fbs,Sun Belt,7.0,"[0, 7, 0, 0]",0.0092199444770812,1187.0,1106.0,3.1711650523982904,24000.0,False,False,Jacksonville,AL,36265.0,US,America/Chicago,33.8201052,-85.76647,198.0679016,1947.0,2024-09-21,32.8,0.0,7.7,0.9078333333333334,1.0,False,False,False,False,False
401643713,2024,4,2024-09-21T19:00:00.000Z,False,False,False,16399.0,3816,Mackay Stadium,2440,Nevada,Mountain West,49.0,"[14, 7, 14, 14]",0.9938949942588806,1220.0,1220.0,331,Eastern Washington,fcs,Big Sky,16.0,"[0, 3, 0, 13]",0.0061050057411193,1480.0,1472.0,2.918452961385513,27000.0,False,False,Reno,NV,89557.0,US,America/Los_Angeles,39.5469459,-119.8175435,1406.57605,1966.0,2024-09-21,20.1,0.0,4.2,0.6073703703703703,0.0,False,False,False,True,False
401628494,2024,4,2024-09-21T19:30:00.000Z,False,False,False,65632.0,3799,Lane Stadium,259,Virginia Tech,ACC,23.0,"[0, 7, 0, 16]",0.0,1626.0,1614.0,164,Rutgers,fbs,Big Ten,26.0,"[14, 2, 7, 3]",1.0,1511.0,1523.0,5.706352177935635,65632.0,True,False,Blacksburg,VA,24061.0,US,America/New_York,37.2199873,-80.4180643,632.2631226,1965.0,2024-09-21,27.7,0.0,9.8,1.0,1.0,False,False,False,False,False
401628979,2024,4,2024-09-21T19:30:00.000Z,False,False,False,77622.0,3855,Notre Dame Stadium,87,Notre Dame,FBS Independents,28.0,"[0, 14, 7, 7]",0.8538546562194824,1992.0,2000.0,193,Miami (OH),fbs,Mid-American,3.0,"[0, 3, 0, 0]",0.1461453437805175,1458.0,1450.0,3.9821329822911538,80795.0,False,False,Notre Dame,IN,46556.0,US,America/Indiana/Indianapolis,41.698378,-86.2339425,222.645401,1930.0,2024-09-21,29.1,0.0,6.4,0.960727767807414,1.0,False,False,False,False,False
401635554,2024,4,2024-09-21T19:30:00.000Z,False,False,True,50727.0,3873,L&N Federal Credit Union Stadium,97,Louisville,ACC,31.0,"[7, 10, 7, 7]",0.6945644021034241,1700.0,1711.0,59,Georgia Tech,fbs,ACC,19.0,"[7, 7, 3, 2]",0.3054355978965759,1556.0,1545.0,4.210164828138383,60000.0,False,False,Louisville,KY,40292.0,US,America/Kentucky/Louisville,38.2057621,-85.7588141,138.5615997,1998.0,2024-09-21,30.8,0.0,1.8,0.84545,0.0,False,False,False,False,False
401644736,2024,4,2024-09-21T19:30:00.000Z,False,False,True,18688.0,3764,Huskie Stadium,2459,Northern Illinois,Mid-American,20.0,"[7, 7, 0, 6, 0]",0.8238315582275391,1476.0,1464.0,2084,Buffalo,fbs,Mid-American,23.0,"[0, 3, 7, 10, 3]",0.1761684417724609,1360.0,1372.0,6.307420576315963,23595.0,False,False,DeKalb,IL,60115.0,US,America/Chicago,41.9339586,-88.7778357,267.4530029,1965.0,2024-09-21,31.4,0.0,17.4,0.7920322102140284,0.0,False,False,False,False,False
401628489,2024,4,2024-09-21T19:30:00.000Z,False,False,True,110702.0,3558,Michigan Stadium,130,Michigan,Big Ten,27.0,"[7, 7, 6, 7]",0.9074043035507202,1911.0,1910.0,30,USC,fbs,Big Ten,24.0,"[0, 3, 14, 7]",0.0925956964492797,1768.0,1769.0,5.5009964542679,107601.0,False,False,Ann Arbor,MI,48109.0,US,America/Detroit,42.2658365,-83.7486956,255.5500031,1927.0,2024-09-21,28.0,0.0,9.2,1.0288194347636177,1.0,False,False,True,False,False
401645330,2024,4,2024-09-21T19:30:00.000Z,False,False,False,20973.0,3604,Alamodome,2636,UTSA,American Athletic,45.0,"[10, 21, 7, 7]",0.9927331805229188,1366.0,1366.0,2277,Houston Christian,fcs,Southland,7.0,"[0, 7, 0, 0]",0.0072668194770812,1480.0,1472.0,2.4317269517375233,36582.0,False,True,San Antonio,TX,78299.0,US,America/Chicago,29.4169834,-98.4788143,201.5526886,1993.0,2024-09-21,32.6,0.0,13.8,0.573314744956536,0.0,False,False,False,True,False
401636877,2024,4,2024-09-21T19:30:00.000Z,False,False,True,58795.0,3784,Jones AT&T Stadium,2641,Texas Tech,Big 12,30.0,"[14, 3, 7, 6]",0.9260770678520204,1623.0,1628.0,9,Arizona State,fbs,Big 12,22.0,"[0, 10, 6, 6]",0.0739229321479797,1511.0,1506.0,3.4628401533085724,60454.0,False,False,Lubbock,TX,79409.0,US,America/Chicago,33.5910518,-101.8728824,980.7632446,1947.0,2024-09-21,30.6,0.1,24.6,0.972557647136666,1.0,False,False,False,False,False
401645329,2024,4,2024-09-21T19:30:00.000Z,False,False,True,31268.0,3852,Navy-Marine Corps Memorial Stadium,2426,Navy,American Athletic,56.0,"[7, 21, 7, 21]",1.0,1409.0,1451.0,235,Memphis,fbs,American Athletic,44.0,"[14, 3, 13, 14]",0.0,1639.0,1597.0,5.220624905310474,34000.0,False,False,Annapolis,MD,21402.0,US,America/New_York,38.9846985,-76.5076335,10.74990082,1959.0,2024-09-21,25.3,0.1,11.0,0.9196470588235294,1.0,False,False,False,False,False
401628365,2024,4,2024-09-21T19:30:00.000Z,False,False,False,100315.0,3958,Tiger Stadium (LA),99,LSU,SEC,34.0,"[7, 10, 7, 10]",0.9904523491859436,1798.0,1805.0,26,UCLA,fbs,Big Ten,17.0,"[10, 7, 0, 0]",0.0095476508140563,1456.0,1449.0,3.8979996016107856,102321.0,True,False,Baton Rouge,LA,70803.0,US,America/Chicago,30.412035,-91.1838163,7.640734673,1924.0,2024-09-21,31.8,0.0,6.8,0.9803950313229932,1.0,False,False,False,False,False
401634247,2024,4,2024-09-21T19:30:00.000Z,False,False,False,48437.0,3752,Acrisure Stadium,221,Pittsburgh,ACC,73.0,"[21, 21, 10, 21]",0.9907395243644714,1488.0,1488.0,2754,Youngstown State,fcs,MVFC,17.0,"[0, 10, 7, 0]",0.0092604756355285,1480.0,1472.0,1.8742891515214448,68400.0,True,False,Pittsburgh,PA,15260.0,US,America/New_York,40.4467648,-80.0157603,220.5887146,2001.0,2024-09-21,25.0,0.4,11.7,0.7081432748538011,0.0,False,False,False,True,False
401628363,2024,4,2024-09-21T19:30:00.000Z,False,False,True,88043.0,3785,Jordan-Hare Stadium,2,Auburn,SEC,14.0,"[0, 0, 7, 7]",0.2529009878635406,1569.0,1537.0,8,Arkansas,fbs,SEC,24.0,"[0, 7, 7, 10]",0.7470990121364594,1451.0,1483.0,6.433586929726095,87451.0,True,False,Auburn,AL,36849.0,US,America/Chicago,32.6025532,-85.4897479,201.1737976,1939.0,2024-09-21,29.9,0.0,1.9,1.0067695052086312,1.0,False,False,True,False,False
401628493,2024,4,2024-09-21T19:30:00.000Z,False,False,False,109526.0,3632,Beaver Stadium,213,Penn State,Big Ten,56.0,"[7, 21, 14, 14]",0.971174955368042,1848.0,1905.0,2309,Kent State,fbs,Mid-American,0.0,"[0, 0, 0, 0]",0.028825044631958,989.0,932.0,2.2329938890864844,106572.0,True,False,University Park,PA,16802.0,US,America/New_York,40.8121958,-77.8561023,354.1551514,1960.0,2024-09-21,27.2,0.0,7.2,1.0277183500356566,1.0,False,False,True,False,False
401629042,2024,4,2024-09-21T19:30:00.000Z,False,False,False,10847.0,3985,Warren McGuirk Alumni Stadium,113,Massachusetts,FBS Independents,35.0,"[7, 14, 7, 7]",0.8933273553848267,1057.0,1057.0,2115,Central Connecticut,fcs,NEC,31.0,"[0, 21, 7, 3]",0.1066726446151733,1480.0,1472.0,5.5633250465661686,17000.0,False,False,Hadley,MA,1003.0,US,America/New_York,42.3773244,-72.5360595,46.58664703,1965.0,2024-09-21,18.4,0.0,8.9,0.6380588235294118,0.0,False,False,False,True,False
401636876,2024,4,2024-09-21T20:00:00.000Z,False,False,True,52202.0,3646,Boone Pickens Stadium,197,Oklahoma State,Big 12,19.0,"[3, 0, 0, 16]",0.1163474172353744,1595.0,1593.0,254,Utah,fbs,Big 12,22.0,"[0, 10, 3, 9]",0.8836525827646255,1631.0,1633.0,5.74390961391896,55509.0,False,False,Stillwater,OK,74078.0,US,America/Chicago,36.125673,-97.066513,276.4808655,1919.0,2024-09-21,35.4,0.0,15.3,0.9404240753751644,1.0,False,False,False,False,False
401635553,2024,4,2024-09-21T20:00:00.000Z,False,False,False,15209.0,3725,"Johnny ""Red"" Floyd Stadium",2393,Middle Tennessee,Conference USA,17.0,"[10, 0, 7, 0]",0.0062244543805718,1215.0,1182.0,150,Duke,fbs,ACC,45.0,"[28, 7, 3, 7]",0.9937755456194282,1590.0,1623.0,3.9169447592458377,30788.0,False,False,Murfreesboro,TN,37132.0,US,America/Chicago,35.8511463,-86.3681649,191.7279816,1933.0,2024-09-21,27.9,1.4,11.7,0.4939911653891126,0.0,False,False,False,False,False
401628368,2024,4,2024-09-21T20:15:00.000Z,False,False,True,62621.0,3838,Memorial Stadium,142,Missouri,SEC,30.0,"[7, 3, 10, 0, 10]",0.297999620437622,1795.0,1790.0,238,Vanderbilt,fbs,SEC,27.0,"[7, 6, 7, 0, 7]",0.7020003795623779,1312.0,1317.0,8.600016469755994,71168.0,False,False,Columbia,MO,65211.0,US,America/Chicago,38.9358491,-92.3332009,212.6865692,1927.0,2024-09-21,29.3,0.0,4.8,0.8799038893884892,0.0,False,False,False,False,False
401635557,2024,4,2024-09-21T21:00:00.000Z,False,False,False,33168.0,3735,Gerald J. Ford Stadium,2567,SMU,ACC,66.0,"[17, 24, 18, 7]",1.0,1648.0,1700.0,2628,TCU,fbs,Big 12,42.0,"[0, 21, 7, 14]",0.0,1580.0,1528.0,3.8417505414631985,32000.0,False,False,University Park,TX,75275.0,US,America/Chicago,32.8377223,-96.7827859,169.4058075,2000.0,2024-09-21,34.8,0.0,16.9,1.0365,1.0,False,False,True,False,False
401641028,2024,4,2024-09-21T21:00:00.000Z,False,False,False,29151.0,5388,Canvas Stadium,36,Colorado State,Mountain West,27.0,"[7, 7, 10, 3]",0.9478221535682678,1219.0,1236.0,2638,UTEP,fbs,Conference USA,17.0,"[0, 3, 7, 7]",0.0521778464317321,1223.0,1206.0,3.049458807369073,36500.0,False,False,Fort Collins,CO,80521.0,US,America/Denver,40.570015,-105.088435,1528.4,2017.0,2024-09-21,20.9,0.0,12.3,0.7986575342465754,0.0,False,False,False,False,False
401640991,2024,4,2024-09-21T22:00:00.000Z,False,False,False,24076.0,3992,Williams Stadium (VA),2335,Liberty,Conference USA,35.0,"[0, 7, 14, 14]",0.8958510756492615,1582.0,1589.0,151,East Carolina,fbs,American Athletic,24.0,"[14, 3, 7, 0]",0.1041489243507385,1414.0,1407.0,6.54999306032067,25000.0,False,False,Lynchburg,VA,24502.0,US,America/New_York,37.3544305,-79.1750239,272.9237061,1989.0,2024-09-21,21.3,7.6,3.8,0.96304,1.0,False,False,False,False,False
401628625,2024,4,2024-09-21T22:00:00.000Z,False,True,False,17922.0,2031,Pitbull Stadium,2229,Florida International,Conference USA,42.0,"[14, 14, 7, 7]",0.91254323720932,1239.0,1239.0,2405,Monmouth,fcs,Coastal Athletic,45.0,"[7, 14, 14, 10]",0.0874567627906799,1480.0,1472.0,7.04810153009533,20000.0,False,False,Miami,FL,33199.0,US,America/New_York,25.7525,-80.37778,6.0,1995.0,2024-09-21,27.9,1.2,5.4,0.8961,,False,False,False,True,False
401628491,2024,4,2024-09-21T23:00:00.000Z,False,False,True,69788.0,3765,Husky Stadium,264,Washington,Big Ten,24.0,"[7, 10, 0, 7]",0.9771302938461304,1745.0,1766.0,77,Northwestern,fbs,Big Ten,5.0,"[0, 2, 3, 0]",0.0228697061538696,1514.0,1493.0,2.738652224446903,70138.0,False,False,Seattle,WA,98195.0,US,America/Los_Angeles,47.6503235,-122.3015746,11.65622807,1920.0,2024-09-21,19.5,0.0,13.4,0.9950098377484388,1.0,False,False,False,False,False
401641008,2024,4,2024-09-21T23:00:00.000Z,False,False,False,18152.0,3776,Joe Aillet Stadium,2348,Louisiana Tech,Conference USA,20.0,"[0, 7, 0, 13, 0]",0.2885181903839111,1247.0,1239.0,202,Tulsa,fbs,American Athletic,23.0,"[7, 3, 7, 3, 3]",0.7114818096160889,1185.0,1193.0,7.719292005155993,28019.0,False,False,Ruston,LA,71272.0,US,America/Chicago,32.5321487,-92.6560019,72.87982941,1968.0,2024-09-21,32.0,0.0,6.6,0.6478461044291374,0.0,False,False,False,False,False
401641034,2024,4,2024-09-21T23:00:00.000Z,False,False,True,,3647,Elliott T. Bowers Stadium,2534,Sam Houston,Conference USA,31.0,"[14, 7, 0, 10]",0.0070162229046423,1398.0,1435.0,166,New Mexico State,fbs,Conference USA,11.0,"[3, 0, 0, 8]",0.9929837770953576,1302.0,1265.0,3.8631946019,14000.0,False,False,Huntsville,TX,77340.0,US,America/Chicago,30.713926,-95.5419802,127.6225204,1986.0,2024-09-21,33.6,0.0,12.1,,,True,False,False,False,False
401643716,2024,4,2024-09-21T23:00:00.000Z,False,False,False,27049.0,3825,DATCU Stadium,249,North Texas,American Athletic,44.0,"[7, 20, 14, 3]",0.9589176177978516,1336.0,1403.0,2751,Wyoming,fbs,Mountain West,17.0,"[3, 14, 0, 0]",0.0410823822021484,1312.0,1245.0,3.135620328767114,30850.0,False,False,Denton,TX,76210.0,US,America/Chicago,33.203899,-97.159245,198.6871948,2011.0,2024-09-21,33.8,0.0,16.8,0.8767909238249595,0.0,False,False,False,False,False
401641037,2024,4,2024-09-21T23:00:00.000Z,False,False,False,19127.0,3796,Houchens Industries-L.T. Smith Stadium,98,Western Kentucky,Conference USA,26.0,"[0, 7, 5, 14]",0.7308276891708374,1396.0,1409.0,2649,Toledo,fbs,Mid-American,21.0,"[0, 14, 7, 0]",0.2691723108291626,1578.0,1565.0,7.880144688905045,22113.0,False,False,Bowling Green,KY,42101.0,US,America/Chicago,36.9847901,-86.4594041,154.4346619,1968.0,2024-09-21,28.5,0.0,7.4,0.8649663094107538,0.0,False,False,False,False,False
401636374,2024,4,2024-09-21T23:00:00.000Z,False,False,False,29024.0,3975,Veterans Memorial Stadium (AL),2653,Troy,Sun Belt,34.0,"[7, 7, 7, 13]",0.9955223798751832,1538.0,1538.0,50,Florida A&M,fcs,SWAC,12.0,"[6, 3, 3, 0]",0.0044776201248168,1480.0,1472.0,5.124597050664124,30000.0,False,False,Troy,AL,36082.0,US,America/Chicago,31.7995565,-85.9518328,154.7746277,1950.0,2024-09-21,28.0,0.0,7.0,0.9674666666666668,1.0,False,False,False,True,False
401635555,2024,4,2024-09-21T23:00:00.000Z,False,False,False,58616.0,3886,Raymond James Stadium,58,South Florida,American Athletic,15.0,"[9, 6, 0, 0]",0.0,1476.0,1413.0,2390,Miami,fbs,ACC,50.0,"[14, 8, 14, 14]",1.0,1774.0,1837.0,5.66321325576855,65828.0,True,False,Tampa,FL,33620.0,US,America/New_York,27.9758691,-82.5033344,11.07972908,1998.0,2024-09-21,27.5,0.0,16.2,0.8904417573069211,0.0,False,False,False,False,False
401629031,2024,4,2024-09-21T23:00:00.000Z,False,False,False,20144.0,3892,Pratt & Whitney Stadium,41,UConn,FBS Independents,48.0,"[3, 14, 10, 21]",0.9857614636421204,1169.0,1297.0,2226,Florida Atlantic,fbs,American Athletic,14.0,"[0, 0, 7, 7]",0.0142385363578796,1403.0,1275.0,2.0760775895125123,40000.0,True,False,East Hartford,CT,6118.0,US,America/New_York,41.7595675,-72.6187728,6.515614986,2003.0,2024-09-21,15.9,0.0,11.1,0.5036,0.0,False,False,False,False,False
401635551,2024,4,2024-09-21T23:00:00.000Z,False,False,True,55107.0,3697,Doak Campbell Stadium,52,Florida State,ACC,14.0,"[7, 0, 0, 7]",0.5811159610748291,1596.0,1599.0,25,California,fbs,ACC,9.0,"[0, 6, 3, 0]",0.4188840389251709,1540.0,1537.0,5.638096189838385,67277.0,True,False,Tallahassee,FL,32306.0,US,America/New_York,30.4381692,-84.3044032,19.55942535,1950.0,2024-09-21,27.6,0.0,5.4,0.8191060838027855,0.0,False,False,False,False,False
401628369,2024,4,2024-09-21T23:30:00.000Z,False,False,True,84701.0,3835,"Memorial Stadium (Norman, OK)",201,Oklahoma,SEC,15.0,"[3, 0, 0, 12]",0.0408115908503532,1848.0,1837.0,2633,Tennessee,fbs,SEC,25.0,"[10, 9, 3, 3]",0.9591884091496468,1964.0,1975.0,4.829868566330654,86112.0,True,False,Norman,OK,73019.0,US,America/Chicago,35.2058537,-97.4423145,355.0962524,1925.0,2024-09-21,34.4,0.0,13.5,0.9836143626904496,1.0,False,False,False,False,False
401628370,2024,4,2024-09-21T23:30:00.000Z,False,False,False,78704.0,3994,Williams-Brice Stadium,2579,South Carolina,SEC,50.0,"[15, 7, 7, 21]",0.9921769499778748,1642.0,1699.0,2006,Akron,fbs,Mid-American,7.0,"[0, 7, 0, 0]",0.0078230500221252,1110.0,1053.0,2.489517887205231,80250.0,True,False,Columbia,SC,29208.0,US,America/New_York,33.9730239,-81.0191726,60.54548645,1934.0,2024-09-21,27.1,0.0,3.7,0.9807352024922118,1.0,False,False,False,False,False
401628487,2024,4,2024-09-21T23:30:00.000Z,False,False,True,52048.0,3953,Huntington Bank Stadium,135,Minnesota,Big Ten,14.0,"[0, 14, 0, 0]",0.0,1537.0,1502.0,2294,Iowa,fbs,Big Ten,31.0,"[7, 0, 17, 7]",1.0,1591.0,1626.0,4.427280280439658,50850.0,False,False,Minneapolis,MN,55488.0,US,America/Chicago,44.976525,-93.2245462,254.3902283,2009.0,2024-09-21,24.8,0.0,18.7,1.023559488692232,1.0,False,False,True,False,False
401628372,2024,4,2024-09-21T23:30:00.000Z,False,False,False,99523.0,3795,Kyle Field,245,Texas A&M,SEC,26.0,"[7, 6, 7, 6]",0.7209299206733704,1689.0,1685.0,189,Bowling Green,fbs,Mid-American,20.0,"[0, 3, 14, 3]",0.2790700793266296,1444.0,1448.0,5.004361087392084,102733.0,True,False,College Station,TX,77843.0,US,America/Chicago,30.6098891,-96.3403828,108.824585,1927.0,2024-09-21,35.8,0.0,17.3,0.9687539544255496,1.0,False,False,False,False,False
401628366,2024,4,2024-09-21T23:45:00.000Z,False,False,False,67505.0,3974,Vaught-Hemingway Stadium,145,Ole Miss,SEC,52.0,"[17, 7, 14, 14]",0.9887562394142152,1824.0,1879.0,290,Georgia Southern,fbs,Sun Belt,13.0,"[0, 7, 3, 3]",0.0112437605857849,1379.0,1324.0,2.44474715686388,64038.0,True,False,Oxford,MS,38677.0,US,America/Chicago,34.3619837,-89.5342076,146.8517151,1915.0,2024-09-21,29.5,0.0,3.7,1.0541397295355883,1.0,False,False,True,False,False
401628371,2024,4,2024-09-22T00:00:00.000Z,False,False,False,102850.0,3910,DKR-Texas Memorial Stadium,251,Texas,SEC,51.0,"[21, 7, 9, 14]",0.992832601070404,2068.0,2107.0,2433,UL Monroe,fbs,Sun Belt,3.0,"[0, 3, 0, 0]",0.0071673989295959,1249.0,1210.0,2.236391702671336,100119.0,False,False,Austin,TX,78712.0,US,America/Chicago,30.2836813,-97.7325345,160.3089447,1924.0,2024-09-22,33.6,0.0,13.6,1.027277539727724,1.0,False,False,True,False,False
401636874,2024,4,2024-09-22T00:00:00.000Z,False,False,True,52794.0,3726,Folsom Field,38,Colorado,Big 12,38.0,"[7, 10, 7, 7, 7]",0.21607506275177,1349.0,1368.0,239,Baylor,fbs,Big 12,31.0,"[3, 21, 0, 7, 0]",0.78392493724823,1507.0,1488.0,8.46437222447611,50183.0,True,False,Boulder,CO,80309.0,US,America/Denver,40.0094746,-105.266905,1634.041138,1924.0,2024-09-22,18.1,0.0,11.5,1.0520295717673316,1.0,False,False,True,False,False
401628490,2024,4,2024-09-22T00:00:00.000Z,False,False,False,44500.0,3615,"Alumni Stadium (Chestnut Hill, MA)",103,Boston College,ACC,23.0,"[0, 6, 10, 7]",0.9297201633453368,1470.0,1472.0,127,Michigan State,fbs,Big Ten,19.0,"[3, 10, 3, 3]",0.070279836654663,1425.0,1423.0,6.324382094153756,44500.0,False,False,Chestnut Hill,MA,2467.0,US,America/New_York,42.335104,-71.1664413,39.82634354,1957.0,2024-09-22,14.8,1.5,16.6,1.0,1.0,False,False,False,False,False
401643711,2024,4,2024-09-22T00:30:00.000Z,False,False,True,18019.0,3971,University Stadium (NM),167,New Mexico,Mountain West,21.0,"[3, 7, 0, 11]",0.0114439399912953,1196.0,1201.0,278,Fresno State,fbs,Mountain West,38.0,"[8, 17, 3, 10]",0.9885560600087048,1680.0,1675.0,3.3265878162078084,39224.0,False,False,Albuquerque,NM,87131.0,US,America/Denver,35.0669479,-106.6283225,1554.471924,1960.0,2024-09-22,24.2,0.0,26.9,0.4593871099326942,0.0,False,False,False,False,False
401643717,2024,4,2024-09-22T00:30:00.000Z,False,False,False,34340.0,3893,Reser Stadium,204,Oregon State,Pac-12,38.0,"[7, 10, 7, 14]",0.9467328190803528,1604.0,1619.0,2509,Purdue,fbs,Big Ten,21.0,"[0, 7, 0, 14]",0.0532671809196472,1358.0,1343.0,2.77119307074766,43363.0,False,False,Corvallis,OR,97331.0,US,America/Los_Angeles,44.5594559,-123.2814341,66.90744781,1953.0,2024-09-22,24.0,0.0,15.0,0.7919193782717986,0.0,False,False,False,False,False
401637162,2024,4,2024-09-22T01:45:00.000Z,False,False,False,36972.0,3653,Albertsons Stadium,68,Boise State,Mountain West,56.0,"[7, 21, 14, 14]",0.9875921010971068,1636.0,1636.0,2502,Portland State,fcs,Big Sky,14.0,"[7, 0, 0, 7]",0.012407898902893,1480.0,1472.0,2.753746520858333,36387.0,False,False,Boise,ID,83725.0,US,America/Boise,43.6028839,-116.1958882,823.2221069,1970.0,2024-09-22,21.0,0.0,8.2,1.0160771704180065,1.0,False,False,True,True,False
401636872,2024,4,2024-09-22T02:30:00.000Z,False,False,True,64201.0,3801,LaVell Edwards Stadium,252,BYU,Big 12,38.0,"[0, 17, 14, 7]",0.924456775188446,1472.0,1600.0,2306,Kansas State,fbs,Big 12,9.0,"[3, 3, 3, 0]",0.0755432248115539,1842.0,1714.0,2.7061728878384272,63470.0,True,False,Provo,UT,84602.0,US,America/Denver,40.2575347,-111.6545247,1412.097046,1964.0,2024-09-22,15.9,0.0,5.6,1.0115172522451552,1.0,False,False,True,False,False
401643712,2024,4,2024-09-22T03:59:00.000Z,False,False,False,11402.0,7220,Clarence T.C. Ching Athletics Complex,62,Hawai'i,Mountain West,36.0,"[15, 7, 7, 7]",0.9305852651596068,1211.0,1211.0,2460,Northern Iowa,fcs,MVFC,7.0,"[0, 7, 0, 0]",0.069414734840393,1480.0,1472.0,2.250193814642325,15194.0,False,False,Honolulu,HI,96822.0,US,Pacific/Honolulu,21.294294,-157.819338,20.0,2015.0,2024-09-22,26.5,0.0,19.7,0.7504278004475451,0.0,False,False,False,True,False
401645331,2024,5,2024-09-26T23:30:00.000Z,False,False,True,13255.0,3806,Lincoln Financial Field,218,Temple,American Athletic,14.0,"[0, 0, 6, 8]",0.0205343756824731,1141.0,1106.0,349,Army,fbs,American Athletic,42.0,"[7, 7, 14, 14]",0.9794656243175268,1499.0,1534.0,3.3827349029229423,69879.0,False,False,Philadelphia,PA,19122.0,US,America/New_York,39.9007995,-75.1675414,3.198706865,2003.0,2024-09-26,24.1,0.0,7.4,0.1896850269751999,0.0,False,False,False,False,False
401634767,2024,5,2024-09-27T23:30:00.000Z,False,False,True,59539.0,3948,Hard Rock Stadium,2390,Miami,ACC,38.0,"[14, 3, 7, 14]",0.6991567611694336,1837.0,1834.0,259,Virginia Tech,fbs,ACC,34.0,"[7, 17, 3, 7]",0.3008432388305664,1614.0,1617.0,6.633167407077739,64767.0,False,False,Miami Gardens,FL,33299.0,US,America/New_York,25.9579665,-80.2388604,2.624486446,1987.0,2024-09-27,28.3,0.0,10.4,0.9192798801858972,1.0,False,False,False,False,False
401628501,2024,5,2024-09-28T00:00:00.000Z,False,False,True,54079.0,6577,SHI Stadium,164,Rutgers,Big Ten,21.0,"[0, 14, 0, 7]",0.2600826323032379,1523.0,1527.0,264,Washington,fbs,Big Ten,18.0,"[3, 0, 7, 8]",0.7399173676967621,1766.0,1762.0,4.468477902526276,52454.0,False,False,Piscataway,NJ,8854.0,US,America/New_York,40.513611,-74.465278,19.0,1994.0,2024-09-28,17.8,1.0,12.3,1.03097952491707,1.0,False,False,True,False,False
401635565,2024,5,2024-09-28T16:00:00.000Z,False,False,False,43455.0,1964,JMA Wireless Dome,183,Syracuse,ACC,42.0,"[14, 14, 7, 7]",0.952070653438568,1379.0,1379.0,107,Holy Cross,fcs,Patriot,14.0,"[0, 14, 0, 0]",0.0479293465614318,1480.0,1472.0,2.7421823435284316,49057.0,False,True,Syracuse,NY,13244.0,US,America/New_York,43.0362269,-76.1363161,162.6989746,1980.0,2024-09-28,24.1,0.0,4.7,0.8858063069490593,0.0,False,False,False,True,False
401645332,2024,5,2024-09-28T16:00:00.000Z,False,False,True,21536.0,7221,Protective Stadium,5,UAB,American Athletic,18.0,"[0, 3, 7, 8]",0.0372696556150913,1265.0,1226.0,2426,Navy,fbs,American Athletic,41.0,"[7, 14, 10, 10]",0.9627303443849088,1451.0,1490.0,2.452073276988878,45000.0,False,False,Birmingham,AL,35203.0,US,America/Chicago,33.5206824,-86.8024326,187.0,2021.0,2024-09-28,20.5,0.1,20.2,0.4785777777777777,0.0,False,False,False,False,False
401628377,2024,5,2024-09-28T16:00:00.000Z,False,False,True,,3974,Vaught-Hemingway Stadium,145,Ole Miss,SEC,17.0,"[7, 0, 10, 0]",0.5076055341165858,1879.0,1861.0,96,Kentucky,fbs,SEC,20.0,"[3, 7, 3, 7]",0.4923944658834142,1668.0,1686.0,8.5683895645,64038.0,True,False,Oxford,MS,38677.0,US,America/Chicago,34.3619837,-89.5342076,146.8517151,1915.0,2024-09-28,20.1,0.0,13.5,,,True,False,False,False,False
401635560,2024,5,2024-09-28T16:00:00.000Z,False,False,False,41403.0,3615,"Alumni Stadium (Chestnut Hill, MA)",103,Boston College,ACC,21.0,"[0, 7, 0, 14]",0.6856840252876282,1472.0,1471.0,98,Western Kentucky,fbs,Conference USA,20.0,"[7, 10, 3, 0]",0.3143159747123718,1409.0,1410.0,5.86963118204976,44500.0,False,False,Chestnut Hill,MA,2467.0,US,America/New_York,42.335104,-71.1664413,39.82634354,1957.0,2024-09-28,19.1,0.0,14.2,0.9304044943820224,1.0,False,False,False,False,False
401628499,2024,5,2024-09-28T16:00:00.000Z,False,False,True,61441.0,3907,Ross-Ade Stadium,2509,Purdue,Big Ten,10.0,"[0, 0, 3, 7]",0.0074978106280811,1343.0,1322.0,158,Nebraska,fbs,Big Ten,28.0,"[0, 0, 7, 21]",0.9925021893719188,1570.0,1591.0,4.3493917902,57282.0,True,False,West Lafayette,IN,47907.0,US,America/Indiana/Indianapolis,40.4352253,-86.9186843,197.5337677,1924.0,2024-09-28,23.4,0.1,21.2,1.072605705108062,1.0,False,False,True,False,False
401629032,2024,5,2024-09-28T16:00:00.000Z,False,False,False,20347.0,3892,Pratt & Whitney Stadium,41,UConn,FBS Independents,47.0,"[10, 13, 14, 10]",0.9923335909843444,1297.0,1441.0,2084,Buffalo,fbs,Mid-American,3.0,"[0, 3, 0, 0]",0.0076664090156555,1372.0,1228.0,2.006999417015906,40000.0,True,False,East Hartford,CT,6118.0,US,America/New_York,41.7595675,-72.6187728,6.515614986,2003.0,2024-09-28,22.3,0.0,11.2,0.508675,0.0,False,False,False,False,False
401645337,2024,5,2024-09-28T16:00:00.000Z,False,False,True,20783.0,4729,Yulman Stadium,2655,Tulane,American Athletic,45.0,"[14, 17, 0, 14]",0.9921887516975404,1576.0,1653.0,58,South Florida,fbs,American Athletic,10.0,"[0, 7, 3, 0]",0.0078112483024597,1413.0,1336.0,2.0047079637740195,30000.0,False,False,New Orleans,LA,70118.0,US,America/Chicago,29.944616,-90.116692,0.0,2014.0,2024-09-28,27.8,0.0,12.0,0.6927666666666666,0.0,False,False,False,False,False
401636880,2024,5,2024-09-28T16:00:00.000Z,False,False,True,39583.0,4727,McLane Stadium,239,Baylor,Big 12,28.0,"[7, 7, 7, 7]",0.2047928720712661,1488.0,1485.0,252,BYU,fbs,Big 12,34.0,"[21, 10, 3, 0]",0.7952071279287338,1600.0,1603.0,4.791392082381215,45140.0,False,False,Waco,TX,76704.0,US,America/Chicago,31.5582015,-97.1156702,117.0538101,2014.0,2024-09-28,26.8,0.0,10.8,0.876894107221976,0.0,False,False,False,False,False
401636883,2024,5,2024-09-28T16:00:00.000Z,False,False,True,,3636,Bill Snyder Family Stadium,2306,Kansas State,Big 12,42.0,"[7, 14, 14, 7]",0.9877654314041138,1714.0,1754.0,197,Oklahoma State,fbs,Big 12,20.0,"[3, 10, 0, 7]",0.0122345685958862,1593.0,1553.0,4.122338278189445,50000.0,False,False,Manhattan,KS,66502.0,US,America/Chicago,39.2020096,-96.5938395,328.0574646,1968.0,2024-09-28,24.1,0.0,13.4,,,True,False,False,False,False
401628496,2024,5,2024-09-28T16:00:00.000Z,False,False,True,48323.0,3830,"Memorial Stadium (Bloomington, IN)",84,Indiana,Big Ten,42.0,"[0, 14, 14, 14]",0.9862840175628662,1592.0,1628.0,120,Maryland,fbs,Big Ten,28.0,"[0, 7, 14, 7]",0.0137159824371337,1678.0,1642.0,6.342837825588786,52656.0,False,False,Bloomington,IN,47408.0,US,America/Indiana/Indianapolis,39.1808959,-86.5256217,231.6500854,1960.0,2024-09-28,19.2,0.2,17.4,0.9177111820115468,1.0,False,False,False,False,False
401628497,2024,5,2024-09-28T16:00:00.000Z,False,False,True,110340.0,3558,Michigan Stadium,130,Michigan,Big Ten,27.0,"[7, 14, 3, 3]",0.7718184590339661,1910.0,1906.0,135,Minnesota,fbs,Big Ten,24.0,"[0, 3, 0, 21]",0.2281815409660339,1502.0,1506.0,3.932367913630144,107601.0,False,False,Ann Arbor,MI,48109.0,US,America/Detroit,42.2658365,-83.7486956,255.5500031,1927.0,2024-09-28,20.7,0.3,19.4,1.0254551537625114,1.0,False,False,True,False,False
401635564,2024,5,2024-09-28T16:00:00.000Z,False,False,False,56919.0,3670,Carter-Finley Stadium,152,NC State,ACC,24.0,"[7, 10, 7, 0]",0.3055113852024078,1478.0,1487.0,2459,Northern Illinois,fbs,Mid-American,17.0,"[7, 7, 0, 3]",0.6944886147975922,1464.0,1455.0,3.456801072905933,58000.0,True,False,Raleigh,NC,27695.0,US,America/New_York,35.8008001,-78.7195655,117.0089951,1966.0,2024-09-28,26.3,0.0,12.9,0.9813620689655173,1.0,False,False,False,False,False
401643793,2024,5,2024-09-28T17:30:00.000Z,False,False,False,25786.0,3651,Bridgeforth Stadium,256,James Madison,Sun Belt,63.0,"[22, 7, 20, 14]",0.9847715497016908,1734.0,1830.0,2050,Ball State,fbs,Mid-American,7.0,"[7, 0, 0, 0]",0.0152284502983093,1184.0,1088.0,2.648229197201901,24877.0,False,False,Harrisonburg,VA,22807.0,US,America/New_York,38.4352919,-78.8729349,399.303009,1975.0,2024-09-28,24.8,0.0,14.9,1.0365397756964263,1.0,False,False,True,False,False
401641041,2024,5,2024-09-28T19:00:00.000Z,False,True,False,27225.0,3891,NRG Stadium,2534,Sam Houston,Conference USA,40.0,"[0, 21, 13, 6]",0.5947272777557373,1435.0,1439.0,326,Texas State,fbs,Sun Belt,39.0,"[22, 10, 7, 0]",0.4052727222442627,1538.0,1534.0,6.155988386079404,71995.0,True,True,Houston,TX,77054.0,US,America/Chicago,29.684722,-95.410833,15.19169617,2002.0,2024-09-28,31.9,0.0,12.6,0.3781512605042016,,False,False,False,False,False
401644739,2024,5,2024-09-28T19:30:00.000Z,False,False,True,10899.0,3696,Dix Stadium,2309,Kent State,Mid-American,33.0,"[7, 7, 7, 12]",0.0196321941912174,932.0,922.0,2199,Eastern Michigan,fbs,Mid-American,52.0,"[7, 14, 17, 14]",0.9803678058087826,1300.0,1310.0,5.958633177679434,25319.0,False,False,Kent,OH,44242.0,US,America/New_York,41.1390935,-81.31346,321.3641663,1969.0,2024-09-28,22.1,0.1,6.3,0.4304672380425767,0.0,False,False,False,False,False
401629043,2024,5,2024-09-28T19:30:00.000Z,False,False,False,9542.0,3996,Yager Stadium,193,Miami (OH),Mid-American,23.0,"[7, 3, 7, 3, 3]",0.3106794953346252,1450.0,1446.0,113,Massachusetts,fbs,FBS Independents,20.0,"[7, 3, 0, 10, 0]",0.6893205046653748,1063.0,1067.0,5.882854451126603,24286.0,False,False,Oxford,OH,45056.0,US,America/New_York,39.5197009,-84.7330255,242.2643585,1983.0,2024-09-28,19.4,0.8,13.2,0.3929012599851766,0.0,False,False,False,False,False
401628502,2024,5,2024-09-28T19:30:00.000Z,False,False,True,74118.0,477,Los Angeles Memorial Coliseum,30,USC,Big Ten,38.0,"[7, 3, 14, 14]",0.8885719180107117,1769.0,1786.0,275,Wisconsin,fbs,Big Ten,21.0,"[7, 14, 0, 0]",0.1114280819892883,1553.0,1536.0,4.893055804158604,77500.0,True,False,Los Angeles,CA,90089.0,US,America/Los_Angeles,34.014167,-118.287778,42.50374222,1923.0,2024-09-28,23.2,0.0,12.0,0.9563612903225808,1.0,False,False,False,False,False
401635659,2024,5,2024-09-28T19:30:00.000Z,False,False,False,31061.0,3630,Allegacy Federal Credit Union Stadium,154,Wake Forest,ACC,38.0,"[3, 14, 14, 7]",0.203826293349266,1370.0,1376.0,309,Louisiana,fbs,Sun Belt,41.0,"[14, 7, 10, 10]",0.796173706650734,1543.0,1537.0,6.702318198251937,31500.0,False,False,Winston-Salem,NC,27105.0,US,America/New_York,36.1305507,-80.2545851,283.548584,1968.0,2024-09-28,25.1,0.0,14.0,0.986063492063492,1.0,False,False,False,False,False
401644738,2024,5,2024-09-28T19:30:00.000Z,False,False,True,21265.0,3876,Peden Stadium,195,Ohio,Mid-American,30.0,"[0, 14, 2, 14]",0.9968971610069276,1401.0,1414.0,2006,Akron,fbs,Mid-American,10.0,"[3, 7, 0, 0]",0.0031028389930725,1053.0,1040.0,4.774582767571226,24000.0,False,False,Athens,OH,45701.0,US,America/New_York,39.3212794,-82.1034315,194.230896,1929.0,2024-09-28,21.4,0.0,5.6,0.8860416666666666,0.0,False,False,False,False,False
401643794,2024,5,2024-09-28T19:30:00.000Z,False,False,False,18723.0,3775,Joan C. Edwards Stadium,276,Marshall,Sun Belt,27.0,"[7, 10, 3, 7]",0.9485005736351012,1360.0,1362.0,2711,Western Michigan,fbs,Mid-American,20.0,"[3, 0, 14, 3]",0.0514994263648986,1222.0,1220.0,4.335581187180763,38016.0,False,False,Huntington,WV,25755.0,US,America/New_York,38.4247042,-82.4214412,163.7328186,1991.0,2024-09-28,21.0,0.0,8.0,0.4925031565656566,0.0,False,False,False,False,False
401643792,2024,5,2024-09-28T19:30:00.000Z,False,False,True,18808.0,4246,Center Parc Stadium,2247,Georgia State,Sun Belt,21.0,"[7, 0, 14, 0]",0.1059163734316825,1371.0,1325.0,290,Georgia Southern,fbs,Sun Belt,38.0,"[14, 10, 7, 7]",0.8940836265683174,1324.0,1370.0,5.357708257158071,25000.0,False,False,Atlanta,GA,30315.0,US,America/New_York,33.735267,-84.389949,287.0,2017.0,2024-09-28,24.8,0.0,21.7,0.75232,0.0,False,False,False,False,False
401643721,2024,5,2024-09-28T19:30:00.000Z,False,False,False,27072.0,3786,Kelly/Shorts Stadium,2117,Central Michigan,Mid-American,22.0,"[10, 3, 6, 3]",0.1411760747432708,1174.0,1180.0,21,San Diego State,fbs,Mountain West,21.0,"[7, 14, 0, 0]",0.8588239252567291,1350.0,1344.0,6.85704964976188,30255.0,False,False,Mount Pleasant,MI,48859.0,US,America/Detroit,43.5777313,-84.7709904,240.9007721,1972.0,2024-09-28,24.3,0.0,21.8,0.8947942488844819,0.0,False,False,False,False,False
401628375,2024,5,2024-09-28T19:30:00.000Z,False,False,True,88043.0,3785,Jordan-Hare Stadium,2,Auburn,SEC,21.0,"[0, 14, 0, 7]",0.1879265755414962,1537.0,1547.0,201,Oklahoma,fbs,SEC,27.0,"[7, 0, 3, 17]",0.8120734244585037,1837.0,1827.0,5.241636323770405,87451.0,True,False,Auburn,AL,36849.0,US,America/Chicago,32.6025532,-85.4897479,201.1737976,1939.0,2024-09-28,25.5,0.0,18.3,1.0067695052086312,1.0,False,False,True,False,False
401636885,2024,5,2024-09-28T19:30:00.000Z,False,False,True,45702.0,3652,FBC Mortgage Stadium,2116,UCF,Big 12,21.0,"[7, 7, 7, 0]",0.1149534583091735,1642.0,1531.0,38,Colorado,fbs,Big 12,48.0,"[14, 13, 14, 7]",0.8850465416908264,1368.0,1479.0,4.71159698637873,44206.0,True,False,Orlando,FL,32816.0,US,America/New_York,28.6079765,-81.1927233,20.94113731,2007.0,2024-09-28,29.1,0.3,14.5,1.033841559969235,1.0,False,False,True,False,False
401628980,2024,5,2024-09-28T19:30:00.000Z,False,False,False,77622.0,3855,Notre Dame Stadium,87,Notre Dame,FBS Independents,31.0,"[21, 3, 0, 7]",1.0,2000.0,1994.0,97,Louisville,fbs,ACC,24.0,"[7, 7, 0, 10]",0.0,1711.0,1717.0,3.806097270133003,80795.0,False,False,Notre Dame,IN,46556.0,US,America/Indiana/Indianapolis,41.698378,-86.2339425,222.645401,1930.0,2024-09-28,23.7,0.0,18.9,0.960727767807414,1.0,False,False,False,False,False
401628373,2024,5,2024-09-28T19:30:00.000Z,False,True,True,60928.0,3687,AT&T Stadium,245,Texas A&M,SEC,21.0,"[7, 7, 0, 7]",0.3254328072071075,1685.0,1683.0,8,Arkansas,fbs,SEC,17.0,"[14, 0, 0, 3]",0.6745671927928925,1483.0,1485.0,6.964203930175432,100000.0,False,True,Arlington,TX,76011.0,US,America/Chicago,32.747778,-97.092778,172.5047302,2009.0,2024-09-28,29.5,0.0,15.0,0.60928,,False,False,False,False,False
401643720,2024,5,2024-09-28T19:30:00.000Z,False,False,True,24638.0,6501,Allegiant Stadium,2439,UNLV,Mountain West,59.0,"[14, 7, 10, 28]",0.995891809463501,1544.0,1701.0,278,Fresno State,fbs,Mountain West,14.0,"[0, 0, 7, 7]",0.004108190536499,1675.0,1518.0,2.537252966951226,65000.0,False,True,Las Vegas,NV,89118.0,US,America/Los_Angeles,36.09075,-115.183722,666.0,2020.0,2024-09-28,35.6,0.0,3.7,0.3790461538461538,0.0,False,False,False,False,False
401636882,2024,5,2024-09-28T19:30:00.000Z,False,True,True,47928.0,3622,GEHA Field at Arrowhead Stadium,2305,Kansas,Big 12,27.0,"[14, 3, 7, 3]",0.1841828227043151,1598.0,1575.0,2628,TCU,fbs,Big 12,38.0,"[7, 14, 7, 10]",0.8158171772956848,1528.0,1551.0,6.578286282897454,76416.0,True,False,Kansas City,MO,64129.0,US,America/Chicago,39.048889,-94.483889,256.798584,1972.0,2024-09-28,26.3,0.0,19.3,0.6271984924623115,,False,False,False,False,False
401635562,2024,5,2024-09-28T20:00:00.000Z,False,False,True,35018.0,3982,Wallace Wade Stadium,150,Duke,ACC,21.0,"[0, 0, 7, 14]",0.7672407031059265,1623.0,1621.0,153,North Carolina,fbs,ACC,20.0,"[10, 7, 3, 0]",0.2327592968940735,1519.0,1521.0,5.668896176963781,40004.0,True,False,Durham,NC,27708.0,US,America/New_York,35.9953688,-78.9417564,103.0028152,1929.0,2024-09-28,27.1,0.0,12.9,0.8753624637536246,0.0,False,False,False,False,False
401645334,2024,5,2024-09-28T20:00:00.000Z,False,False,True,41851.0,3699,Dowdy-Ficklen Stadium,151,East Carolina,American Athletic,30.0,"[3, 7, 14, 6]",0.9182283282279968,1407.0,1423.0,2636,UTSA,fbs,American Athletic,20.0,"[10, 3, 0, 7]",0.0817716717720031,1390.0,1374.0,5.574780443874977,50000.0,True,False,Greenville,NC,27858.0,US,America/New_York,35.5968486,-77.364564,19.0564537,1963.0,2024-09-28,28.7,0.0,14.6,0.83702,0.0,False,False,False,False,False
401628378,2024,5,2024-09-28T20:15:00.000Z,False,False,True,101388.0,3910,DKR-Texas Memorial Stadium,251,Texas,SEC,35.0,"[7, 7, 7, 14]",0.9928284883499146,2107.0,2091.0,344,Mississippi State,fbs,SEC,13.0,"[0, 6, 0, 7]",0.0071715116500854,1355.0,1371.0,2.975920800201398,100119.0,False,False,Austin,TX,78712.0,US,America/Chicago,30.2836813,-97.7325345,160.3089447,1924.0,2024-09-28,32.3,0.0,12.6,1.0126749168489495,1.0,False,False,True,False,False
401643795,2024,5,2024-09-28T21:00:00.000Z,False,False,False,19140.0,3700,Doyt L. Perry Stadium,189,Bowling Green,Mid-American,27.0,"[7, 7, 7, 6]",0.2428672462701797,1448.0,1439.0,295,Old Dominion,fbs,Sun Belt,30.0,"[14, 3, 0, 13]",0.7571327537298203,1368.0,1377.0,7.260718089857533,24000.0,False,False,Bowling Green,OH,43403.0,US,America/New_York,41.3780114,-83.6225,205.9057465,1966.0,2024-09-28,22.2,0.0,17.6,0.7975,0.0,False,False,False,False,False
401640981,2024,5,2024-09-28T22:00:00.000Z,False,True,True,12425.0,2031,Pitbull Stadium,2229,Florida International,Conference USA,17.0,"[7, 0, 7, 3]",0.3868897259235382,1241.0,1257.0,2348,Louisiana Tech,fbs,Conference USA,10.0,"[0, 0, 10, 0]",0.6131102740764618,1239.0,1223.0,3.924646095485344,20000.0,False,False,Miami,FL,33199.0,US,America/New_York,25.7525,-80.37778,6.0,1995.0,2024-09-28,30.4,0.1,10.8,0.62125,,False,False,False,False,False
401645335,2024,5,2024-09-28T22:00:00.000Z,False,False,False,21151.0,3715,FAU Stadium,2226,Florida Atlantic,American Athletic,41.0,"[10, 7, 10, 14]",0.9910696744918824,1295.0,1295.0,2681,Wagner,fcs,NEC,10.0,"[0, 10, 0, 0]",0.0089303255081176,1480.0,1472.0,2.262692577993847,29419.0,False,False,Boca Raton,FL,33499.0,US,America/New_York,26.3763763,-80.1015759,3.613628864,2011.0,2024-09-28,28.5,0.3,9.8,0.7189571365444101,0.0,False,False,False,True,False
401641018,2024,5,2024-09-28T22:00:00.000Z,False,False,False,,4899,Fifth Third Stadium,338,Kennesaw State,Conference USA,13.0,"[0, 10, 0, 3]",0.0890442207455635,1384.0,1384.0,2630,UT Martin,fcs,Big South-OVC,24.0,"[0, 10, 14, 0]",0.9109557792544364,1480.0,1472.0,5.140738484242076,11040.0,True,False,Kennesaw,GA,30144.0,US,America/New_York,34.0289318,-84.5676234,296.9589844,2010.0,2024-09-28,22.4,0.2,10.5,,,True,False,False,True,False
401635561,2024,5,2024-09-28T23:00:00.000Z,False,False,True,80295.0,3836,"Memorial Stadium (Clemson, SC)",228,Clemson,ACC,40.0,"[10, 7, 10, 13]",0.9117518067359924,1790.0,1805.0,24,Stanford,fbs,ACC,14.0,"[0, 7, 0, 7]",0.0882481932640075,1303.0,1288.0,2.449033875396446,81500.0,True,False,Clemson,SC,29634.0,US,America/New_York,34.6787737,-82.8432428,205.6452179,1942.0,2024-09-28,22.6,0.0,6.6,0.9852147239263804,1.0,False,False,False,False,False
401645333,2024,5,2024-09-28T23:00:00.000Z,False,False,True,17455.0,3895,Rice Stadium,242,Rice,American Athletic,20.0,"[0, 10, 0, 10]",0.6797924041748047,1225.0,1219.0,2429,Charlotte,fbs,American Athletic,21.0,"[0, 0, 14, 7]",0.3202075958251953,1122.0,1128.0,7.392244364159925,47000.0,False,False,Houston,TX,77251.0,US,America/Chicago,29.7163297,-95.4093261,7.148301601,1950.0,2024-09-28,31.5,0.0,9.0,0.3713829787234042,0.0,False,False,False,False,False
401645336,2024,5,2024-09-28T23:00:00.000Z,False,False,True,18529.0,3825,DATCU Stadium,249,North Texas,American Athletic,52.0,"[0, 24, 21, 7]",1.0,1403.0,1464.0,202,Tulsa,fbs,American Athletic,20.0,"[0, 3, 0, 17]",0.0,1193.0,1132.0,3.643862437707139,30850.0,False,False,Denton,TX,76210.0,US,America/Chicago,33.203899,-97.159245,198.6871948,2011.0,2024-09-28,30.6,0.0,17.1,0.6006158833063209,0.0,False,False,False,False,False
401643796,2024,5,2024-09-28T23:00:00.000Z,False,False,True,21253.0,3975,Veterans Memorial Stadium (AL),2653,Troy,Sun Belt,9.0,"[3, 3, 0, 3]",0.525316059589386,1534.0,1504.0,2433,UL Monroe,fbs,Sun Belt,13.0,"[3, 0, 3, 7]",0.474683940410614,1210.0,1240.0,4.500055975736567,30000.0,False,False,Troy,AL,36082.0,US,America/Chicago,31.7995565,-85.9518328,154.7746277,1950.0,2024-09-28,25.7,0.0,13.7,0.7084333333333334,0.0,False,False,False,False,False
401636881,2024,5,2024-09-28T23:00:00.000Z,False,False,True,25138.0,4728,TDECU Stadium,248,Houston,Big 12,0.0,"[0, 0, 0, 0]",0.0158988386392593,1366.0,1352.0,66,Iowa State,fbs,Big 12,20.0,"[3, 0, 7, 10]",0.9841011613607408,1718.0,1732.0,3.3323357311680826,40000.0,False,False,Houston,TX,77004.0,US,America/Chicago,29.7219885,-95.3491623,9.57440567,2014.0,2024-09-28,31.1,0.0,6.0,0.62845,0.0,False,False,False,False,False
401628374,2024,5,2024-09-28T23:30:00.000Z,False,False,True,100077.0,3657,Bryant-Denny Stadium,333,Alabama,SEC,41.0,"[21, 9, 3, 8]",0.9645187854766846,2046.0,2056.0,61,Georgia,fbs,SEC,34.0,"[0, 7, 8, 19]",0.0354812145233154,2046.0,2036.0,5.455698136787349,101821.0,True,False,Tuscaloosa,AL,35487.0,US,America/Chicago,33.2082752,-87.5503836,70.05136108,1929.0,2024-09-28,23.6,0.0,8.4,0.9828719026526944,1.0,False,False,False,False,False
401628498,2024,5,2024-09-28T23:30:00.000Z,False,False,True,71114.0,3936,Spartan Stadium,127,Michigan State,Big Ten,7.0,"[0, 7, 0, 0]",0.0365330688655376,1423.0,1407.0,194,Ohio State,fbs,Big Ten,38.0,"[3, 21, 14, 0]",0.9634669311344624,2038.0,2054.0,3.35399564726513,75005.0,True,False,East Lansing,MI,48824.0,US,America/Detroit,42.7281474,-84.4848526,254.8794861,1923.0,2024-09-28,20.2,0.0,16.0,0.9481234584361042,1.0,False,False,False,False,False
401641025,2024,5,2024-09-28T23:30:00.000Z,False,False,False,25266.0,3805,Simmons Bank Liberty Stadium,235,Memphis,American Athletic,24.0,"[0, 14, 10, 0]",0.9820258617401124,1597.0,1598.0,2393,Middle Tennessee,fbs,Conference USA,7.0,"[0, 0, 7, 0]",0.0179741382598876,1182.0,1181.0,3.5069624612126535,58325.0,False,False,Memphis,TN,38152.0,US,America/Chicago,35.1209429,-89.977147,90.62445831,1965.0,2024-09-28,21.9,0.0,6.8,0.4331933133304758,0.0,False,False,False,False,False
401628495,2024,5,2024-09-28T23:30:00.000Z,False,False,True,109911.0,3632,Beaver Stadium,213,Penn State,Big Ten,21.0,"[7, 0, 7, 7]",0.998822808265686,1905.0,1905.0,356,Illinois,fbs,Big Ten,7.0,"[7, 0, 0, 0]",0.0011771917343139,1551.0,1551.0,4.203267884989727,106572.0,True,False,University Park,PA,16802.0,US,America/New_York,40.8121958,-77.8561023,354.1551514,1960.0,2024-09-28,19.3,0.2,10.3,1.0313309312014414,1.0,False,False,True,False,False
401628376,2024,5,2024-09-28T23:45:00.000Z,False,False,False,102143.0,3958,Tiger Stadium (LA),99,LSU,SEC,42.0,"[21, 14, 0, 7]",0.8056033849716187,1805.0,1874.0,6,South Alabama,fbs,Sun Belt,10.0,"[0, 3, 7, 0]",0.1943966150283813,1657.0,1588.0,1.597189385976028,102321.0,True,False,Baton Rouge,LA,70803.0,US,America/Chicago,30.412035,-91.1838163,7.640734673,1924.0,2024-09-28,29.1,0.0,8.9,0.9982603766577732,1.0,False,False,False,False,False
401641035,2024,5,2024-09-29T00:00:00.000Z,False,False,False,21062.0,3601,Aggie Memorial Stadium,166,New Mexico State,Conference USA,40.0,"[7, 3, 7, 23]",0.0413626344275595,1265.0,1238.0,167,New Mexico,fbs,Mountain West,50.0,"[7, 14, 9, 20]",0.9586373655724404,1201.0,1228.0,3.8931490083,28853.0,False,False,Las Cruces,NM,88003.0,US,America/Denver,32.2796202,-106.7411148,1208.201294,1978.0,2024-09-29,32.5,0.0,19.7,0.7299760856756663,0.0,False,False,False,False,False
401643718,2024,5,2024-09-29T00:00:00.000Z,False,False,True,23068.0,3984,War Memorial Stadium,2751,Wyoming,Mountain West,31.0,"[7, 0, 14, 10]",0.9572429656982422,1245.0,1286.0,2005,Air Force,fbs,Mountain West,19.0,"[0, 13, 0, 6]",0.0427570343017578,1459.0,1418.0,4.323679796710635,29181.0,False,False,Laramie,WY,82071.0,US,America/Denver,41.31161,-105.5681384,2200.153564,1950.0,2024-09-29,23.4,0.0,27.9,0.7905143757924677,0.0,False,False,False,False,False
401635563,2024,5,2024-09-29T00:00:00.000Z,False,False,True,34879.0,3735,Gerald J. Ford Stadium,2567,SMU,ACC,42.0,"[7, 7, 14, 14]",0.9965049624443054,1700.0,1755.0,52,Florida State,fbs,ACC,16.0,"[7, 2, 7, 0]",0.0034950375556945,1599.0,1544.0,4.281181150530368,32000.0,False,False,University Park,TX,75275.0,US,America/Chicago,32.8377223,-96.7827859,169.4058075,2000.0,2024-09-29,27.8,0.0,12.3,1.08996875,1.0,False,False,True,False,False
401636884,2024,5,2024-09-29T00:00:00.000Z,False,False,True,60229.0,3784,Jones AT&T Stadium,2641,Texas Tech,Big 12,44.0,"[10, 14, 10, 10]",0.8620567321777344,1628.0,1628.0,2132,Cincinnati,fbs,Big 12,41.0,"[14, 10, 3, 14]",0.1379432678222656,1529.0,1529.0,5.918366187474399,60454.0,False,False,Lubbock,TX,79409.0,US,America/Chicago,33.5910518,-101.8728824,980.7632446,1947.0,2024-09-29,28.5,0.0,13.8,0.9962781619082276,1.0,False,False,False,False,False
401643719,2024,5,2024-09-29T02:00:00.000Z,False,False,False,37711.0,3653,Albertsons Stadium,68,Boise State,Mountain West,45.0,"[7, 10, 7, 21]",0.9958304166793824,1631.0,1677.0,265,Washington State,fbs,Pac-12,24.0,"[7, 3, 0, 14]",0.0041695833206176,1596.0,1550.0,4.616660796431069,36387.0,False,False,Boise,ID,83725.0,US,America/Boise,43.6028839,-116.1958882,823.2221069,1970.0,2024-09-29,23.7,0.0,8.7,1.0363866215956248,1.0,False,False,True,False,False
401636886,2024,5,2024-09-29T02:15:00.000Z,False,False,True,52898.0,587,Rice-Eccles Stadium,254,Utah,Big 12,10.0,"[0, 3, 0, 7]",0.1215648874640464,1633.0,1607.0,12,Arizona,fbs,Big 12,23.0,"[3, 7, 6, 7]",0.8784351125359535,1668.0,1694.0,4.4245995859632625,51444.0,False,False,Salt Lake City,UT,84112.0,US,America/Denver,40.7599724,-111.8488255,1411.543579,1998.0,2024-09-29,25.1,0.0,8.0,1.0282637430992925,1.0,False,False,True,False,False
401628500,2024,5,2024-09-29T03:00:00.000Z,False,False,True,43051.0,1056,Rose Bowl,26,UCLA,Big Ten,13.0,"[3, 7, 3, 0]",0.0354288630187511,1449.0,1449.0,2483,Oregon,fbs,Big Ten,34.0,"[7, 21, 0, 6]",0.9645711369812487,1974.0,1974.0,2.9419494294997683,88565.0,True,False,Pasadena,CA,90095.0,US,America/Los_Angeles,34.1613284,-118.1676462,245.1772461,1922.0,2024-09-29,19.1,0.0,2.7,0.4860949585050528,0.0,False,False,False,False,False
401643797,2024,6,2024-10-03T23:00:00.000Z,False,False,True,20349.0,3975,Veterans Memorial Stadium (AL),2653,Troy,Sun Belt,17.0,"[0, 10, 7, 0]",0.0094035845249891,1504.0,1454.0,326,Texas State,fbs,Sun Belt,38.0,"[14, 14, 10, 0]",0.9905964154750108,1534.0,1584.0,3.514585454987595,30000.0,False,False,Troy,AL,36082.0,US,America/Chicago,31.7995565,-85.9518328,154.7746277,1950.0,2024-10-03,25.9,0.0,7.1,0.6783,0.0,False,False,False,False,False
401641029,2024,6,2024-10-04T01:00:00.000Z,False,False,True,14454.0,3946,Sun Bowl,2638,UTEP,Conference USA,21.0,"[0, 7, 7, 7]",0.0074710519984364,1206.0,1181.0,2534,Sam Houston,fbs,Conference USA,41.0,"[7, 10, 21, 3]",0.9925289480015635,1439.0,1464.0,4.59150709163615,51500.0,False,False,El Paso,TX,79968.0,US,America/Denver,31.7733353,-106.507957,1183.697876,1963.0,2024-10-04,28.7,0.0,6.5,0.2806601941747573,0.0,False,False,False,False,False
401641001,2024,6,2024-10-04T23:00:00.000Z,False,False,True,10029.0,4899,Fifth Third Stadium,338,Kennesaw State,Conference USA,24.0,"[3, 14, 0, 7]",0.0155305946245789,1388.0,1281.0,55,Jacksonville State,fbs,Conference USA,63.0,"[7, 14, 21, 21]",0.984469405375421,1453.0,1560.0,4.883545820424374,11040.0,True,False,Kennesaw,GA,30144.0,US,America/New_York,34.0289318,-84.5676234,296.9589844,2010.0,2024-10-04,23.3,0.0,4.3,0.9084239130434782,1.0,False,False,False,False,False
401636891,2024,6,2024-10-04T23:30:00.000Z,False,False,True,44211.0,3616,Amon G. Carter Stadium,2628,TCU,Big 12,19.0,"[0, 6, 6, 7]",0.0,1551.0,1508.0,248,Houston,fbs,Big 12,30.0,"[7, 17, 0, 6]",1.0,1352.0,1395.0,3.82560606902406,46000.0,True,False,Fort Worth,TX,76129.0,US,America/Chicago,32.7096604,-97.3680835,185.4387054,1929.0,2024-10-04,31.6,0.0,17.2,0.961108695652174,1.0,False,False,False,False,False
401634779,2024,6,2024-10-05T01:00:00.000Z,False,False,False,31329.0,6501,Allegiant Stadium,2439,UNLV,Mountain West,41.0,"[0, 21, 10, 7, 3]",0.9868842959403992,1701.0,1675.0,183,Syracuse,fbs,ACC,44.0,"[14, 3, 14, 7, 6]",0.0131157040596008,1378.0,1404.0,6.934600265892131,65000.0,False,True,Las Vegas,NV,89118.0,US,America/Los_Angeles,36.09075,-115.183722,666.0,2020.0,2024-10-05,36.4,0.0,18.3,0.4819846153846154,0.0,False,False,False,False,False
401628506,2024,6,2024-10-05T01:00:00.000Z,False,False,True,59802.0,3626,Autzen Stadium,2483,Oregon,Big Ten,31.0,"[7, 14, 3, 7]",0.963258683681488,1974.0,1971.0,127,Michigan State,fbs,Big Ten,10.0,"[0, 0, 0, 10]",0.0367413163185119,1407.0,1410.0,3.202566472285447,54000.0,False,False,Eugene,OR,97401.0,US,America/Los_Angeles,44.0582712,-123.0684883,127.4198303,1967.0,2024-10-05,12.9,0.0,6.0,1.1074444444444445,1.0,False,False,True,False,False
401628383,2024,6,2024-10-05T16:00:00.000Z,False,False,True,97049.0,3795,Kyle Field,245,Texas A&M,SEC,41.0,"[10, 14, 10, 7]",0.9771588444709778,1683.0,1781.0,142,Missouri,fbs,SEC,10.0,"[0, 0, 7, 3]",0.0228411555290222,1790.0,1692.0,2.6072692092656373,102733.0,True,False,College Station,TX,77843.0,US,America/Chicago,30.6098891,-96.3403828,108.824585,1927.0,2024-10-05,29.7,0.0,15.6,0.94467211120088,1.0,False,False,False,False,False
401645339,2024,6,2024-10-05T16:00:00.000Z,False,False,True,,3674,Chapman Stadium,202,Tulsa,American Athletic,7.0,"[7, 0, 0, 0]",0.0028981929644942,1132.0,1060.0,349,Army,fbs,American Athletic,49.0,"[7, 14, 21, 7]",0.9971018070355058,1534.0,1606.0,2.9758932277024117,30000.0,False,False,Tulsa,OK,74194.0,US,America/Chicago,36.1489175,-95.9437853,235.5928345,1930.0,2024-10-05,26.5,0.0,12.6,,,True,False,False,False,False
401635638,2024,6,2024-10-05T16:00:00.000Z,False,False,True,56919.0,3670,Carter-Finley Stadium,152,NC State,ACC,30.0,"[3, 13, 7, 7]",0.3928472399711609,1487.0,1473.0,154,Wake Forest,fbs,ACC,34.0,"[10, 7, 3, 14]",0.6071527600288391,1376.0,1390.0,6.599172766224135,58000.0,True,False,Raleigh,NC,27695.0,US,America/New_York,35.8008001,-78.7195655,117.0089951,1966.0,2024-10-05,25.7,0.0,11.6,0.9813620689655173,1.0,False,False,False,False,False
401635567,2024,6,2024-10-05T16:00:00.000Z,False,False,True,38285.0,3923,Scott Stadium,258,Virginia,ACC,24.0,"[0, 6, 0, 18]",0.977406680583954,1389.0,1412.0,103,Boston College,fbs,ACC,14.0,"[7, 7, 0, 0]",0.0225933194160461,1471.0,1448.0,4.599998551357442,61500.0,True,False,Charlottesville,VA,22904.0,US,America/New_York,38.0311801,-78.5137897,170.4677429,1931.0,2024-10-05,25.0,0.0,10.8,0.6225203252032521,0.0,False,False,False,False,False
401635571,2024,6,2024-10-05T16:00:00.000Z,False,False,True,50254.0,3873,L&N Federal Credit Union Stadium,97,Louisville,ACC,27.0,"[10, 3, 14, 0]",0.0943855345249176,1717.0,1707.0,2567,SMU,fbs,ACC,34.0,"[14, 10, 3, 7]",0.9056144654750824,1755.0,1765.0,6.538803670743081,60000.0,False,False,Louisville,KY,40292.0,US,America/Kentucky/Louisville,38.2057621,-85.7588141,138.5615997,1998.0,2024-10-05,23.2,0.0,5.3,0.8375666666666667,0.0,False,False,False,False,False
401635572,2024,6,2024-10-05T16:00:00.000Z,False,False,True,46033.0,3787,Kenan Stadium,153,North Carolina,ACC,24.0,"[7, 10, 7, 0]",0.0413968488574028,1521.0,1497.0,221,Pittsburgh,fbs,ACC,34.0,"[3, 14, 7, 10]",0.9586031511425972,1488.0,1512.0,7.067075991557994,50500.0,False,False,Chapel Hill,NC,27515.0,US,America/New_York,35.9069294,-79.0478889,127.7569809,1927.0,2024-10-05,25.6,0.0,11.9,0.9115445544554456,1.0,False,False,False,False,False
401643722,2024,6,2024-10-05T16:00:00.000Z,False,False,False,39441.0,3713,Falcon Stadium,2005,Air Force,Mountain West,7.0,"[0, 7, 0, 0]",0.073302611708641,1418.0,1353.0,2426,Navy,fbs,American Athletic,34.0,"[14, 7, 6, 7]",0.926697388291359,1490.0,1555.0,3.6482887489039553,46692.0,False,False,Colorado Springs,CO,80840.0,US,America/Denver,38.9969701,-104.8436165,2024.875732,1962.0,2024-10-05,23.0,0.0,1.5,0.8447057311745053,0.0,False,False,False,False,False
401628510,2024,6,2024-10-05T16:00:00.000Z,False,False,True,110047.0,3632,Beaver Stadium,213,Penn State,Big Ten,27.0,"[0, 14, 10, 3]",0.9934830069541932,1905.0,1901.0,26,UCLA,fbs,Big Ten,11.0,"[0, 3, 0, 8]",0.0065169930458068,1449.0,1453.0,3.031364543107889,106572.0,True,False,University Park,PA,16802.0,US,America/New_York,40.8121958,-77.8561023,354.1551514,1960.0,2024-10-05,18.0,0.0,8.9,1.0326070637690952,1.0,False,False,True,False,False
401628509,2024,6,2024-10-05T16:00:00.000Z,False,False,True,76091.0,347,Camp Randall Stadium,275,Wisconsin,Big Ten,52.0,"[14, 7, 21, 10]",0.988965630531311,1536.0,1644.0,2509,Purdue,fbs,Big Ten,6.0,"[0, 6, 0, 0]",0.0110343694686889,1322.0,1214.0,2.51004429737512,80321.0,False,False,Madison,WI,53711.0,US,America/Chicago,43.06994,-89.4126943,263.604126,1917.0,2024-10-05,19.4,0.0,20.3,0.9473363130439112,1.0,False,False,False,False,False
401629044,2024,6,2024-10-05T16:00:00.000Z,False,False,False,12466.0,3764,Huskie Stadium,2459,Northern Illinois,Mid-American,34.0,"[7, 0, 6, 21]",0.9888418912887572,1455.0,1452.0,113,Massachusetts,fbs,FBS Independents,20.0,"[7, 6, 0, 7]",0.0111581087112426,1067.0,1070.0,4.927837725355851,23595.0,False,False,DeKalb,IL,60115.0,US,America/Chicago,41.9339586,-88.7778357,267.4530029,1965.0,2024-10-05,21.2,0.0,23.8,0.5283322737868192,0.0,False,False,False,False,False
401645338,2024,6,2024-10-05T17:00:00.000Z,False,False,True,19724.0,7221,Protective Stadium,5,UAB,American Athletic,20.0,"[6, 0, 0, 14]",0.0,1226.0,1128.0,2655,Tulane,fbs,American Athletic,71.0,"[20, 17, 20, 14]",1.0,1653.0,1751.0,3.0937907943431444,45000.0,False,False,Birmingham,AL,35203.0,US,America/Chicago,33.5206824,-86.8024326,187.0,2021.0,2024-10-05,27.6,0.0,10.7,0.4383111111111111,0.0,False,False,False,False,False
401644741,2024,6,2024-10-05T18:00:00.000Z,False,False,True,10342.0,3919,Scheumann Stadium,2050,Ball State,Mid-American,42.0,"[14, 7, 14, 7]",0.3125140368938446,1088.0,1091.0,2711,Western Michigan,fbs,Mid-American,45.0,"[21, 0, 10, 14]",0.6874859631061554,1220.0,1217.0,7.657498887229761,22500.0,False,False,Muncie,IN,47306.0,US,America/Indiana/Indianapolis,40.2159422,-85.4161148,285.481781,1967.0,2024-10-05,23.8,0.0,15.4,0.4596444444444444,0.0,False,False,False,False,False
401645340,2024,6,2024-10-05T19:30:00.000Z,False,False,True,17102.0,4418,Jerry Richardson Stadium,2429,Charlotte,American Athletic,55.0,"[14, 17, 3, 21]",0.9722815155982972,1128.0,1253.0,151,East Carolina,fbs,American Athletic,24.0,"[3, 7, 7, 7]",0.0277184844017028,1423.0,1298.0,2.80882516722376,15300.0,False,False,Charlotte,NC,28223.0,US,America/New_York,35.3105033,-80.7401194,190.365509,2013.0,2024-10-05,26.6,0.0,9.6,1.1177777777777778,1.0,False,False,True,False,False
401644684,2024,6,2024-10-05T19:30:00.000Z,False,False,True,25027.0,3739,Glass Bowl,2649,Toledo,Mid-American,30.0,"[14, 6, 3, 7]",0.3547420799732208,1565.0,1574.0,193,Miami (OH),fbs,Mid-American,20.0,"[3, 3, 7, 7]",0.6452579200267792,1446.0,1437.0,2.6837314610309235,26038.0,False,False,Toledo,OH,43606.0,US,America/New_York,41.6574777,-83.6135652,181.4839783,1937.0,2024-10-05,21.3,0.0,13.1,0.9611721330363316,1.0,False,False,False,False,False
401643799,2024,6,2024-10-05T19:30:00.000Z,False,False,True,28023.0,3775,Joan C. Edwards Stadium,276,Marshall,Sun Belt,52.0,"[7, 21, 10, 14]",0.9953216314315796,1362.0,1394.0,2026,App State,fbs,Sun Belt,37.0,"[3, 14, 7, 13]",0.0046783685684204,1366.0,1334.0,3.31941412942144,38016.0,False,False,Huntington,WV,25755.0,US,America/New_York,38.4247042,-82.4214412,163.7328186,1991.0,2024-10-05,25.7,0.0,3.7,0.7371369949494949,0.0,False,False,False,False,False
401635573,2024,6,2024-10-05T19:30:00.000Z,False,False,True,36277.0,3940,Stanford Stadium,24,Stanford,ACC,7.0,"[0, 0, 7, 0]",0.0249591339379549,1288.0,1261.0,259,Virginia Tech,fbs,ACC,31.0,"[7, 7, 7, 10]",0.9750408660620452,1617.0,1644.0,3.371701277291301,50424.0,True,False,Stanford,CA,94305.0,US,America/Los_Angeles,37.4345556,-122.1611271,18.38425636,2006.0,2024-10-05,33.6,0.0,5.2,0.7194391559574805,0.0,False,False,False,False,False
401629033,2024,6,2024-10-05T19:30:00.000Z,False,False,False,28921.0,3892,Pratt & Whitney Stadium,41,UConn,FBS Independents,29.0,"[3, 6, 7, 13]",0.5503116250038147,1441.0,1434.0,218,Temple,fbs,American Athletic,20.0,"[0, 7, 6, 7]",0.4496883749961853,1106.0,1113.0,7.622746685912569,40000.0,True,False,East Hartford,CT,6118.0,US,America/New_York,41.7595675,-72.6187728,6.515614986,2003.0,2024-10-05,23.5,0.0,12.7,0.723025,0.0,False,False,False,False,False
401644740,2024,6,2024-10-05T19:30:00.000Z,False,False,True,9337.0,3768,InfoCision Stadium,2006,Akron,Mid-American,20.0,"[10, 0, 0, 10]",0.3126498758792877,1040.0,1055.0,189,Bowling Green,fbs,Mid-American,27.0,"[7, 10, 0, 10]",0.6873501241207123,1439.0,1424.0,6.1988609029428385,30000.0,False,False,Akron,OH,44399.0,US,America/New_York,41.0725534,-81.5083408,321.2875061,2009.0,2024-10-05,21.0,0.0,2.3,0.3112333333333333,0.0,False,False,False,False,False
401628503,2024,6,2024-10-05T19:30:00.000Z,False,True,True,12023.0,5960,Lanny and Sharon Martin Stadium,77,Northwestern,Big Ten,24.0,"[0, 10, 7, 7]",0.0124987298622727,1493.0,1473.0,84,Indiana,fbs,Big Ten,41.0,"[7, 10, 7, 17]",0.9875012701377271,1628.0,1648.0,5.446352020835115,12023.0,False,False,Evanston,IL,60208.0,US,America/Chicago,42.058246,-87.670876,179.0,1997.0,2024-10-05,24.5,0.0,23.6,1.0,,False,False,False,False,False
401628382,2024,6,2024-10-05T19:30:00.000Z,False,False,True,79837.0,3994,Williams-Brice Stadium,2579,South Carolina,SEC,3.0,"[0, 3, 0, 0]",0.0169772766530513,1699.0,1654.0,145,Ole Miss,fbs,SEC,27.0,"[14, 10, 3, 0]",0.9830227233469486,1861.0,1906.0,5.508233788647158,80250.0,True,False,Columbia,SC,29208.0,US,America/New_York,33.9730239,-81.0191726,60.54548645,1934.0,2024-10-05,28.3,0.0,11.8,0.9948535825545172,1.0,False,False,False,False,False
401628381,2024,6,2024-10-05T19:30:00.000Z,False,False,True,93033.0,3917,Sanford Stadium,61,Georgia,SEC,31.0,"[7, 7, 7, 10]",0.987847089767456,2036.0,2033.0,2,Auburn,fbs,SEC,13.0,"[3, 0, 7, 3]",0.0121529102325439,1547.0,1550.0,3.4510686910910553,92746.0,True,False,Athens,GA,30602.0,US,America/New_York,33.9498197,-83.3733813,186.1120758,1929.0,2024-10-05,27.9,0.0,9.7,1.003094473077006,1.0,False,False,True,False,False
401628504,2024,6,2024-10-05T19:30:00.000Z,False,False,True,105135.0,3861,Ohio Stadium,194,Ohio State,Big Ten,35.0,"[7, 0, 21, 7]",0.9984027844674852,2054.0,2080.0,2294,Iowa,fbs,Big Ten,7.0,"[0, 0, 0, 7]",0.0015972155325146,1626.0,1600.0,3.5455149433,102780.0,False,False,Columbus,OH,43210.0,US,America/New_York,40.0016447,-83.0197266,216.6770325,1922.0,2024-10-05,23.1,0.0,7.0,1.022913018096906,1.0,False,False,True,False,False
401628508,2024,6,2024-10-05T20:00:00.000Z,False,False,True,87464.0,3834,"Memorial Stadium (Lincoln, NE)",158,Nebraska,Big Ten,14.0,"[7, 7, 0, 0]",0.6832271218299866,1591.0,1597.0,164,Rutgers,fbs,Big Ten,7.0,"[0, 0, 0, 7]",0.3167728781700134,1527.0,1521.0,2.805150725976728,85458.0,False,False,Lincoln,NE,68588.0,US,America/Chicago,40.820682,-96.705594,354.9318848,1923.0,2024-10-05,33.9,0.0,29.5,1.0234735191556086,1.0,False,False,True,False,False
401636890,2024,6,2024-10-05T20:00:00.000Z,False,False,True,52202.0,3646,Boone Pickens Stadium,197,Oklahoma State,Big 12,14.0,"[0, 7, 0, 7]",0.0358624458312988,1553.0,1489.0,277,West Virginia,fbs,Big 12,38.0,"[10, 21, 0, 7]",0.9641375541687012,1546.0,1610.0,2.3982952073111408,55509.0,False,False,Stillwater,OK,74078.0,US,America/Chicago,36.125673,-97.066513,276.4808655,1919.0,2024-10-05,30.8,0.0,16.2,0.9404240753751644,1.0,False,False,False,False,False
401628384,2024,6,2024-10-05T20:15:00.000Z,False,False,True,28934.0,3973,FirstBank Stadium,238,Vanderbilt,SEC,40.0,"[13, 10, 7, 10]",0.8807790275067171,1317.0,1359.0,333,Alabama,fbs,SEC,35.0,"[7, 7, 14, 7]",0.1192209724932829,2056.0,2014.0,7.6288286297,40351.0,False,False,Nashville,TN,37212.0,US,America/Chicago,36.1440455,-86.8088942,159.9194641,1922.0,2024-10-05,28.5,0.0,4.3,0.7170578176501202,0.0,False,False,False,False,False
401643724,2024,6,2024-10-05T22:30:00.000Z,False,False,False,46433.0,3893,Reser Stadium,204,Oregon State,Pac-12,39.0,"[0, 14, 0, 10, 7, 8]",0.2576045393943786,1619.0,1609.0,36,Colorado State,fbs,Mountain West,31.0,"[7, 3, 0, 14, 7, 0]",0.7423954606056213,1236.0,1246.0,9.144433733912097,43363.0,False,False,Corvallis,OR,97331.0,US,America/Los_Angeles,44.5594559,-123.2814341,66.90744781,1953.0,2024-10-05,20.3,0.0,9.4,1.070797684662039,1.0,False,False,True,False,False
401643798,2024,6,2024-10-05T23:00:00.000Z,False,False,True,18552.0,3654,Brooks Stadium (SC),324,Coastal Carolina,Sun Belt,45.0,"[7, 14, 14, 10]",0.9837321639060974,1448.0,1456.0,295,Old Dominion,fbs,Sun Belt,37.0,"[7, 10, 7, 13]",0.0162678360939025,1377.0,1369.0,5.103882293881193,21000.0,False,False,Conway,SC,29528.0,US,America/New_York,33.7928506,-79.0166946,13.74894905,2003.0,2024-10-05,22.9,0.0,6.1,0.8834285714285715,0.0,False,False,False,False,False
401643802,2024,6,2024-10-05T23:00:00.000Z,False,False,True,24041.0,3815,M. M. Roberts Stadium,2572,Southern Miss,Sun Belt,13.0,"[0, 13, 0, 0]",0.0828480926744626,1106.0,1120.0,309,Louisiana,fbs,Sun Belt,23.0,"[3, 14, 3, 3]",0.9171519073255374,1537.0,1523.0,3.8168976361,36000.0,False,False,Hattiesburg,MS,39402.0,US,America/Chicago,31.3289321,-89.3318118,64.52726746,1932.0,2024-10-05,27.9,0.0,5.6,0.6678055555555555,0.0,False,False,False,False,False
401643723,2024,6,2024-10-05T23:00:00.000Z,False,False,True,37210.0,3653,Albertsons Stadium,68,Boise State,Mountain West,62.0,"[14, 35, 6, 7]",0.983163595199585,1677.0,1708.0,328,Utah State,fbs,Mountain West,30.0,"[3, 14, 7, 6]",0.016836404800415,1193.0,1162.0,2.649008775781136,36387.0,False,False,Boise,ID,83725.0,US,America/Boise,43.6028839,-116.1958882,823.2221069,1970.0,2024-10-05,20.9,0.0,10.7,1.0226179679555885,1.0,False,False,True,False,False
401635569,2024,6,2024-10-05T23:00:00.000Z,False,False,True,55107.0,3697,Doak Campbell Stadium,52,Florida State,ACC,13.0,"[0, 7, 0, 6]",0.0460380092263221,1544.0,1532.0,228,Clemson,fbs,ACC,29.0,"[17, 6, 0, 6]",0.9539619907736778,1805.0,1817.0,3.255671376623969,67277.0,True,False,Tallahassee,FL,32306.0,US,America/New_York,30.4381692,-84.3044032,19.55942535,1950.0,2024-10-05,24.8,0.1,12.8,0.8191060838027855,0.0,False,False,False,False,False
401643800,2024,6,2024-10-05T23:00:00.000Z,False,False,True,21427.0,3625,Centennial Bank Stadium,2032,Arkansas State,Sun Belt,18.0,"[3, 3, 3, 9]",0.4255731403827667,1313.0,1317.0,6,South Alabama,fbs,Sun Belt,16.0,"[0, 3, 7, 6]",0.5744268596172333,1588.0,1584.0,6.176001129045938,30382.0,False,False,Jonesboro,AR,72404.0,US,America/Chicago,35.8488977,-90.6677436,89.52690887,1974.0,2024-10-05,26.8,0.0,4.3,0.7052531103943124,0.0,False,False,False,False,False
401643801,2024,6,2024-10-05T23:00:00.000Z,False,False,True,19976.0,3817,Malone Stadium,2433,UL Monroe,Sun Belt,21.0,"[0, 14, 0, 7]",0.8283641338348389,1240.0,1247.0,256,James Madison,fbs,Sun Belt,19.0,"[10, 3, 0, 6]",0.1716358661651611,1830.0,1823.0,5.5957588210483475,27617.0,False,False,Monroe,LA,71209.0,US,America/Chicago,32.5308089,-92.0660602,22.998209,1978.0,2024-10-05,29.6,0.0,7.8,0.7233225911576203,0.0,False,False,False,False,False
401636889,2024,6,2024-10-05T23:30:00.000Z,False,False,True,61500.0,3772,Jack Trice Stadium,66,Iowa State,Big 12,43.0,"[3, 16, 14, 10]",0.9558457732200624,1732.0,1760.0,239,Baylor,fbs,Big 12,21.0,"[7, 7, 7, 0]",0.0441542267799377,1485.0,1457.0,4.545177904250398,61500.0,True,False,Ames,IA,50011.0,US,America/Chicago,42.0139977,-93.6357716,274.9135437,1975.0,2024-10-05,28.8,0.0,14.8,1.0,1.0,False,False,False,False,False
401643726,2024,6,2024-10-05T23:30:00.000Z,False,False,True,17099.0,3935,CEFCU Stadium,23,San José State,Mountain West,35.0,"[7, 14, 7, 7]",0.473463624715805,1601.0,1594.0,2440,Nevada,fbs,Mountain West,31.0,"[7, 14, 7, 3]",0.526536375284195,1228.0,1235.0,6.5600845700806465,30456.0,False,False,San Jose,CA,95112.0,US,America/Los_Angeles,37.3196675,-121.8682962,28.30708694,1933.0,2024-10-05,38.2,0.0,16.8,0.5614328867874967,0.0,False,False,False,False,False
401628505,2024,6,2024-10-05T23:30:00.000Z,False,False,True,72132.0,3765,Husky Stadium,264,Washington,Big Ten,27.0,"[7, 7, 0, 13]",0.9672155976295472,1762.0,1790.0,130,Michigan,fbs,Big Ten,17.0,"[0, 10, 7, 0]",0.0327844023704528,1906.0,1878.0,4.9286993290478875,70138.0,False,False,Seattle,WA,98195.0,US,America/Los_Angeles,47.6503235,-122.3015746,11.65622807,1920.0,2024-10-05,16.5,0.0,16.2,1.0284296672274658,1.0,False,False,True,False,False
401628507,2024,6,2024-10-05T23:30:00.000Z,False,False,True,50913.0,3953,Huntington Bank Stadium,135,Minnesota,Big Ten,24.0,"[3, 7, 0, 14]",0.5733951926231384,1506.0,1533.0,30,USC,fbs,Big Ten,17.0,"[0, 10, 7, 0]",0.4266048073768616,1786.0,1759.0,4.678179540982626,50850.0,False,False,Minneapolis,MN,55488.0,US,America/Chicago,44.976525,-93.2245462,254.3902283,2009.0,2024-10-05,24.0,0.0,23.0,1.0012389380530973,1.0,False,False,True,False,False
401628379,2024,6,2024-10-05T23:30:00.000Z,False,False,True,75573.0,3887,Razorback Stadium,8,Arkansas,SEC,19.0,"[3, 0, 7, 9]",0.7092388868331909,1485.0,1513.0,2633,Tennessee,fbs,SEC,14.0,"[0, 0, 14, 0]",0.2907611131668091,1975.0,1947.0,6.621208239819063,80000.0,False,False,Fayetteville,AR,72702.0,US,America/Chicago,36.0680662,-94.1789534,403.7972412,1938.0,2024-10-05,27.9,0.0,7.1,0.9446625,1.0,False,False,False,False,False
401628380,2024,6,2024-10-05T23:45:00.000Z,False,False,False,90369.0,3634,Ben Hill Griffin Stadium,57,Florida,SEC,24.0,"[7, 17, 0, 0]",0.9724757075309752,1516.0,1537.0,2116,UCF,fbs,Big 12,13.0,"[3, 0, 3, 7]",0.0275242924690246,1531.0,1510.0,2.3992846496751765,88548.0,True,False,Gainesville,FL,32653.0,US,America/New_York,29.6499357,-82.3485788,44.97250748,1930.0,2024-10-05,23.0,0.7,9.7,1.0205651172245562,1.0,False,False,True,False,False
401635570,2024,6,2024-10-06T00:00:00.000Z,False,False,True,37287.0,721,Bobby Dodd Stadium,59,Georgia Tech,ACC,24.0,"[7, 3, 0, 14]",0.894904613494873,1545.0,1568.0,150,Duke,fbs,ACC,14.0,"[0, 7, 7, 0]",0.1050953865051269,1621.0,1598.0,4.220935481536408,55000.0,False,False,Atlanta,GA,30332.0,US,America/New_York,33.7724449,-84.3928054,279.300415,1913.0,2024-10-06,23.2,0.0,6.7,0.6779454545454545,0.0,False,False,False,False,False
401636888,2024,6,2024-10-06T00:00:00.000Z,False,False,True,54639.0,3947,Mountain America Stadium,9,Arizona State,Big 12,35.0,"[7, 7, 0, 21]",0.9970276951789856,1506.0,1511.0,2305,Kansas,fbs,Big 12,31.0,"[7, 7, 3, 14]",0.0029723048210144,1575.0,1570.0,8.605481945861555,65870.0,True,False,Tempe,AZ,85287.0,US,America/Phoenix,33.4264471,-111.9325005,360.1569519,1958.0,2024-10-06,40.9,0.0,8.7,0.8294974950660392,0.0,False,False,False,False,False
401643725,2024,6,2024-10-06T00:00:00.000Z,False,False,True,31307.0,7311,Snapdragon Stadium,21,San Diego State,Mountain West,27.0,"[3, 14, 3, 7]",0.8427420258522034,1344.0,1343.0,62,Hawai'i,fbs,Mountain West,24.0,"[3, 7, 7, 7]",0.1572579741477966,1214.0,1215.0,6.965947193157232,35000.0,True,False,San Diego,CA,92093.0,US,America/Los_Angeles,32.784444,-117.122833,62.0,2022.0,2024-10-06,23.5,0.0,13.1,0.8944857142857143,0.0,False,False,False,False,False
401635568,2024,6,2024-10-06T02:30:00.000Z,False,False,True,52428.0,3831,California Memorial Stadium,25,California,ACC,38.0,"[7, 14, 14, 3]",0.5155603885650635,1537.0,1549.0,2390,Miami,fbs,ACC,39.0,"[7, 3, 8, 21]",0.4844396114349365,1834.0,1822.0,5.2899739485667805,62467.0,False,False,Berkeley,CA,94720.0,US,America/Los_Angeles,37.8710434,-122.2507729,125.3108063,1923.0,2024-10-06,32.5,0.0,3.2,0.8392911457249428,0.0,False,False,False,False,False
401636887,2024,6,2024-10-06T03:00:00.000Z,False,False,True,45773.0,3619,Arizona Stadium,12,Arizona,Big 12,22.0,"[3, 0, 13, 6]",0.021289873868227,1694.0,1678.0,2641,Texas Tech,fbs,Big 12,28.0,"[7, 11, 0, 10]",0.978710126131773,1628.0,1644.0,6.574064411063272,50782.0,False,False,Tucson,AZ,85721.0,US,America/Phoenix,32.2288054,-110.9488677,742.1530151,1928.0,2024-10-06,33.6,0.0,16.9,0.9013626875664604,1.0,False,False,False,False,False
401640982,2024,7,2024-10-08T23:00:00.000Z,False,False,True,16343.0,3992,Williams Stadium (VA),2335,Liberty,Conference USA,31.0,"[3, 14, 0, 7, 7]",0.9849969744682312,1589.0,1581.0,2229,Florida International,fbs,Conference USA,24.0,"[3, 7, 0, 14, 0]",0.0150030255317687,1257.0,1265.0,5.575549214423984,25000.0,False,False,Lynchburg,VA,24502.0,US,America/New_York,37.3544305,-79.1750239,272.9237061,1989.0,2024-10-08,15.3,0.0,5.6,0.65372,0.0,False,False,False,False,False
401641002,2024,7,2024-10-09T23:30:00.000Z,False,False,True,16555.0,3662,AmFirst Stadium,55,Jacksonville State,Conference USA,54.0,"[7, 26, 14, 7]",0.986560583114624,1560.0,1637.0,166,New Mexico State,fbs,Conference USA,13.0,"[3, 3, 0, 7]",0.0134394168853759,1238.0,1161.0,3.2356494590579663,24000.0,False,False,Jacksonville,AL,36265.0,US,America/Chicago,33.8201052,-85.76647,198.0679016,1947.0,2024-10-09,22.3,0.0,9.4,0.6897916666666667,0.0,False,False,False,False,False
401643803,2024,7,2024-10-10T23:30:00.000Z,False,False,True,25622.0,3651,Bridgeforth Stadium,256,James Madison,Sun Belt,39.0,"[7, 22, 7, 3]",0.9913663268089294,1823.0,1866.0,324,Coastal Carolina,fbs,Sun Belt,7.0,"[7, 0, 0, 0]",0.0086336731910705,1456.0,1413.0,2.8990087695057847,24877.0,False,False,Harrisonburg,VA,22807.0,US,America/New_York,38.4352919,-78.8729349,399.303009,1975.0,2024-10-10,11.9,0.0,9.0,1.0299473409173132,1.0,False,False,True,False,False
401641030,2024,7,2024-10-11T00:00:00.000Z,False,False,True,12723.0,3796,Houchens Industries-L.T. Smith Stadium,98,Western Kentucky,Conference USA,44.0,"[14, 13, 7, 10]",0.9953188300132751,1410.0,1454.0,2638,UTEP,fbs,Conference USA,17.0,"[7, 0, 10, 0]",0.0046811699867248,1181.0,1137.0,3.3952132096036083,22113.0,False,False,Bowling Green,KY,42101.0,US,America/Chicago,36.9847901,-86.4594041,154.4346619,1968.0,2024-10-11,18.5,0.0,11.1,0.5753629086962421,0.0,False,False,False,False,False
401641009,2024,7,2024-10-11T00:00:00.000Z,False,False,True,15072.0,3776,Joe Aillet Stadium,2348,Louisiana Tech,Conference USA,48.0,"[20, 14, 14, 0]",0.9903640151023864,1223.0,1288.0,2393,Middle Tennessee,fbs,Conference USA,21.0,"[14, 0, 7, 0]",0.0096359848976135,1181.0,1116.0,3.8041596957293153,28019.0,False,False,Ruston,LA,71272.0,US,America/Chicago,32.5321487,-92.6560019,72.87982941,1968.0,2024-10-11,20.7,0.0,9.6,0.5379206966701167,0.0,False,False,False,False,False
401628513,2024,7,2024-10-12T00:00:00.000Z,False,False,True,39371.0,3665,SECU Stadium,120,Maryland,Big Ten,10.0,"[0, 7, 0, 3]",0.020320301875472,1642.0,1546.0,77,Northwestern,fbs,Big Ten,37.0,"[7, 10, 0, 20]",0.979679698124528,1473.0,1569.0,3.888886765537353,51802.0,False,False,College Park,MD,20742.0,US,America/New_York,38.9903332,-76.9473792,32.68748093,1950.0,2024-10-12,13.8,0.0,8.6,0.7600285703254701,0.0,False,False,False,False,False
401643733,2024,7,2024-10-12T01:00:00.000Z,False,False,True,20295.0,3905,Maverik Stadium,328,Utah State,Mountain West,34.0,"[7, 0, 14, 13]",0.0319853313267231,1162.0,1172.0,2439,UNLV,fbs,Mountain West,50.0,"[14, 27, 6, 3]",0.9680146686732768,1675.0,1665.0,3.5288577413424003,25513.0,False,False,Logan,UT,84322.0,US,America/Denver,41.7517394,-111.8116007,1427.914429,1968.0,2024-10-12,21.8,0.0,4.5,0.7954768157409948,0.0,False,False,False,False,False
401636892,2024,7,2024-10-12T02:30:00.000Z,False,False,True,45310.0,3947,Mountain America Stadium,9,Arizona State,Big 12,27.0,"[6, 7, 7, 7]",0.7982373237609863,1511.0,1529.0,254,Utah,fbs,Big 12,19.0,"[6, 3, 7, 3]",0.2017626762390136,1607.0,1589.0,4.449459880157044,65870.0,True,False,Tempe,AZ,85287.0,US,America/Phoenix,33.4264471,-111.9325005,360.1569519,1958.0,2024-10-12,35.0,0.0,14.1,0.6878700470623956,0.0,False,False,False,False,False
401628389,2024,7,2024-10-12T16:00:00.000Z,False,False,False,16102.0,3985,Warren McGuirk Alumni Stadium,113,Massachusetts,FBS Independents,3.0,"[0, 3, 0, 0]",0.0045592971146106,1070.0,1025.0,142,Missouri,fbs,SEC,45.0,"[14, 10, 21, 0]",0.9954407028853892,1692.0,1737.0,2.964388205224502,17000.0,False,False,Hadley,MA,1003.0,US,America/New_York,42.3773244,-72.5360595,46.58664703,1965.0,2024-10-12,18.5,0.0,18.8,0.9471764705882352,1.0,False,False,False,False,False
401628512,2024,7,2024-10-12T16:00:00.000Z,False,False,True,69250.0,3793,Kinnick Stadium,2294,Iowa,Big Ten,40.0,"[7, 13, 3, 17]",0.9860123991966248,1600.0,1683.0,264,Washington,fbs,Big Ten,16.0,"[0, 10, 0, 6]",0.0139876008033752,1790.0,1707.0,3.105873547623971,69250.0,False,False,Iowa City,IA,52242.0,US,America/Chicago,41.6586045,-91.5510829,220.6357727,1929.0,2024-10-12,21.0,0.0,13.6,1.0,1.0,False,False,False,False,False
401635576,2024,7,2024-10-12T16:00:00.000Z,False,False,True,31553.0,3630,Allegacy Federal Credit Union Stadium,154,Wake Forest,ACC,14.0,"[7, 7, 0, 0]",0.0205763522535562,1390.0,1343.0,228,Clemson,fbs,ACC,49.0,"[0, 28, 14, 7]",0.9794236477464436,1817.0,1864.0,4.084976603226811,31500.0,False,False,Winston-Salem,NC,27105.0,US,America/New_York,36.1305507,-80.2545851,283.548584,1968.0,2024-10-12,20.6,0.0,6.2,1.0016825396825395,1.0,False,False,True,False,False
401628517,2024,7,2024-10-12T16:00:00.000Z,False,False,True,50111.0,6577,SHI Stadium,164,Rutgers,Big Ten,7.0,"[0, 0, 0, 7]",0.0006891470402479,1521.0,1436.0,275,Wisconsin,fbs,Big Ten,42.0,"[14, 0, 14, 14]",0.999310852959752,1644.0,1729.0,3.5733833096011014,52454.0,False,False,Piscataway,NJ,8854.0,US,America/New_York,40.513611,-74.465278,19.0,1994.0,2024-10-12,22.8,0.0,16.6,0.9553322911503412,1.0,False,False,False,False,False
401635577,2024,7,2024-10-12T16:00:00.000Z,False,False,True,44482.0,3787,Kenan Stadium,153,North Carolina,ACC,34.0,"[7, 7, 10, 10]",0.075326383113861,1497.0,1489.0,59,Georgia Tech,fbs,ACC,41.0,"[7, 13, 7, 14]",0.9246736168861388,1568.0,1576.0,6.737118202591687,50500.0,False,False,Chapel Hill,NC,27515.0,US,America/New_York,35.9069294,-79.0478889,127.7569809,1927.0,2024-10-12,21.8,0.0,6.9,0.8808316831683168,0.0,False,False,False,False,False
401645342,2024,7,2024-10-12T16:00:00.000Z,False,False,True,29002.0,3841,Michie Stadium,349,Army,American Athletic,44.0,"[20, 14, 7, 3]",1.0,1606.0,1643.0,5,UAB,fbs,American Athletic,10.0,"[3, 0, 0, 7]",0.0,1128.0,1091.0,4.139247461329194,38000.0,False,False,West Point,NY,10996.0,US,America/New_York,41.3874924,-73.9640891,99.21277618,1924.0,2024-10-12,19.1,0.0,17.3,0.7632105263157895,0.0,False,False,False,False,False
401644745,2024,7,2024-10-12T16:00:00.000Z,False,False,True,13996.0,3965,UB Stadium,2084,Buffalo,Mid-American,30.0,"[7, 0, 14, 9]",1.0,1228.0,1294.0,2649,Toledo,fbs,Mid-American,15.0,"[0, 0, 7, 8]",0.0,1574.0,1508.0,3.6172234545022257,30270.0,False,False,Amherst,NY,14260.0,US,America/New_York,42.9991334,-78.7775113,181.5759735,1993.0,2024-10-12,13.8,0.0,7.6,0.4623719854641559,0.0,False,False,False,False,False
401644743,2024,7,2024-10-12T16:00:00.000Z,False,False,True,7322.0,3696,Dix Stadium,2309,Kent State,Mid-American,35.0,"[0, 7, 7, 21]",0.2648608386516571,922.0,928.0,2050,Ball State,fbs,Mid-American,37.0,"[10, 10, 7, 10]",0.7351391613483429,1091.0,1085.0,5.165950219142929,25319.0,False,False,Kent,OH,44242.0,US,America/New_York,41.1390935,-81.31346,321.3641663,1969.0,2024-10-12,17.2,0.0,5.0,0.2891899364113907,0.0,False,False,False,False,False
401628385,2024,7,2024-10-12T16:00:00.000Z,False,False,True,100077.0,3657,Bryant-Denny Stadium,333,Alabama,SEC,27.0,"[7, 7, 0, 13]",0.7796367406845093,2014.0,2010.0,2579,South Carolina,fbs,SEC,25.0,"[0, 12, 7, 6]",0.2203632593154907,1654.0,1658.0,5.932774080878053,101821.0,True,False,Tuscaloosa,AL,35487.0,US,America/Chicago,33.2082752,-87.5503836,70.05136108,1929.0,2024-10-12,23.2,0.0,2.8,0.9828719026526944,1.0,False,False,False,False,False
401644685,2024,7,2024-10-12T18:00:00.000Z,False,False,True,16903.0,3912,Rynearson Stadium,2199,Eastern Michigan,Mid-American,14.0,"[7, 0, 7, 0]",0.0004365760833024,1310.0,1261.0,193,Miami (OH),fbs,Mid-American,38.0,"[7, 14, 0, 17]",0.9995634239166976,1437.0,1486.0,3.968206402911867,30200.0,False,False,Ypsilanti,MI,48197.0,US,America/Detroit,42.256126,-83.647285,241.248764,1969.0,2024-10-12,17.9,0.0,10.6,0.5597019867549669,0.0,False,False,False,False,False
401628981,2024,7,2024-10-12T19:30:00.000Z,False,False,False,77622.0,3855,Notre Dame Stadium,87,Notre Dame,FBS Independents,49.0,"[7, 14, 21, 7]",0.9925447702407836,1994.0,2026.0,24,Stanford,fbs,ACC,7.0,"[7, 0, 0, 0]",0.0074552297592163,1261.0,1229.0,3.303728214444246,80795.0,False,False,Notre Dame,IN,46556.0,US,America/Indiana/Indianapolis,41.698378,-86.2339425,222.645401,1930.0,2024-10-12,18.3,0.0,10.9,0.960727767807414,1.0,False,False,False,False,False
401643805,2024,7,2024-10-12T19:30:00.000Z,False,False,True,12280.0,4246,Center Parc Stadium,2247,Georgia State,Sun Belt,14.0,"[0, 7, 0, 7]",0.0360892973840236,1325.0,1315.0,295,Old Dominion,fbs,Sun Belt,21.0,"[7, 0, 7, 7]",0.9639107026159764,1369.0,1379.0,5.21277551699668,25000.0,False,False,Atlanta,GA,30315.0,US,America/New_York,33.735267,-84.389949,287.0,2017.0,2024-10-12,24.0,0.0,11.7,0.4912,0.0,False,False,False,False,False
401644744,2024,7,2024-10-12T19:30:00.000Z,False,False,True,9559.0,3700,Doyt L. Perry Stadium,189,Bowling Green,Mid-American,7.0,"[7, 0, 0, 0]",0.0,1424.0,1406.0,2459,Northern Illinois,fbs,Mid-American,17.0,"[3, 3, 0, 11]",1.0,1452.0,1470.0,4.748623967988504,24000.0,False,False,Bowling Green,OH,43403.0,US,America/New_York,41.3780114,-83.6225,205.9057465,1966.0,2024-10-12,19.1,0.0,14.8,0.3982916666666666,0.0,False,False,False,False,False
401643729,2024,7,2024-10-12T19:30:00.000Z,False,False,True,27280.0,5388,Canvas Stadium,36,Colorado State,Mountain West,31.0,"[7, 7, 7, 10]",0.6033872365951538,1246.0,1277.0,23,San José State,fbs,Mountain West,24.0,"[7, 7, 0, 10]",0.3966127634048462,1594.0,1563.0,4.906817659178243,36500.0,False,False,Fort Collins,CO,80521.0,US,America/Denver,40.570015,-105.088435,1528.4,2017.0,2024-10-12,24.2,0.0,19.2,0.7473972602739726,0.0,False,False,False,False,False
401643732,2024,7,2024-10-12T19:30:00.000Z,False,False,True,23155.0,3984,War Memorial Stadium,2751,Wyoming,Mountain West,24.0,"[7, 7, 3, 7]",0.0136657170951366,1286.0,1285.0,21,San Diego State,fbs,Mountain West,27.0,"[10, 7, 0, 10]",0.9863342829048634,1343.0,1344.0,7.082121173816998,29181.0,False,False,Laramie,WY,82071.0,US,America/Denver,41.31161,-105.5681384,2200.153564,1950.0,2024-10-12,18.9,0.0,3.3,0.7934957677941126,0.0,False,False,False,False,False
401635578,2024,7,2024-10-12T19:30:00.000Z,False,False,True,32688.0,3923,Scott Stadium,258,Virginia,ACC,20.0,"[7, 0, 6, 7]",8.440273813903332e-05,1412.0,1424.0,97,Louisville,fbs,ACC,24.0,"[0, 7, 10, 7]",0.999915597261861,1707.0,1695.0,6.2372014527850155,61500.0,True,False,Charlottesville,VA,22904.0,US,America/New_York,38.0311801,-78.5137897,170.4677429,1931.0,2024-10-12,25.9,0.0,0.7,0.5315121951219512,0.0,False,False,False,False,False
401645341,2024,7,2024-10-12T19:30:00.000Z,False,True,True,3365.0,4013,Camping World Stadium,58,South Florida,American Athletic,3.0,"[0, 3, 0, 0]",0.088078498840332,1336.0,1325.0,235,Memphis,fbs,American Athletic,21.0,"[14, 0, 0, 7]",0.911921501159668,1598.0,1609.0,3.6054851226920706,65000.0,False,False,Orlando,FL,32805.0,US,America/New_York,28.539167,-81.402778,31.37226868,1946.0,2024-10-12,27.3,0.0,6.9,0.0517692307692307,,False,False,False,False,False
401628390,2024,7,2024-10-12T19:30:00.000Z,False,True,True,92100.0,499,Cotton Bowl,201,Oklahoma,SEC,3.0,"[3, 0, 0, 0]",0.0874151140451431,1827.0,1780.0,251,Texas,fbs,SEC,34.0,"[0, 21, 3, 10]",0.9125848859548568,2091.0,2138.0,3.7599673638575815,92100.0,False,False,Dallas,TX,75210.0,US,America/Chicago,32.779722,-96.759722,133.2241211,1930.0,2024-10-12,33.0,0.0,24.4,1.0,,False,False,False,False,False
401628511,2024,7,2024-10-12T19:30:00.000Z,False,False,True,55815.0,3832,"Memorial Stadium (Champaign, IL)",356,Illinois,Big Ten,50.0,"[10, 14, 3, 16, 7]",0.4977999627590179,1551.0,1541.0,2509,Purdue,fbs,Big Ten,49.0,"[0, 3, 17, 23, 6]",0.5022000372409821,1214.0,1224.0,5.179256788410114,60670.0,False,False,Champaign,IL,61820.0,US,America/Chicago,40.0993268,-88.2359569,223.2471619,1923.0,2024-10-12,26.5,0.0,12.5,0.9199769243448164,1.0,False,False,False,False,False
401644742,2024,7,2024-10-12T19:30:00.000Z,False,False,True,19507.0,3980,Waldo Stadium,2711,Western Michigan,Mid-American,34.0,"[0, 24, 7, 3]",0.9201413989067078,1217.0,1223.0,2006,Akron,fbs,Mid-American,24.0,"[10, 7, 7, 0]",0.0798586010932922,1055.0,1049.0,5.7925044164193915,30200.0,False,False,Kalamazoo,MI,49008.0,US,America/Detroit,42.2860064,-85.6007573,243.8211212,1939.0,2024-10-12,19.7,0.0,10.5,0.6459271523178808,0.0,False,False,False,False,False
401636895,2024,7,2024-10-12T19:30:00.000Z,False,False,True,42611.0,3652,FBC Mortgage Stadium,2116,UCF,Big 12,13.0,"[0, 3, 7, 3]",0.5972757339477539,1510.0,1501.0,2132,Cincinnati,fbs,Big 12,19.0,"[3, 7, 3, 6]",0.4027242660522461,1529.0,1538.0,5.835677390572894,44206.0,True,False,Orlando,FL,32816.0,US,America/New_York,28.6079765,-81.1927233,20.94113731,2007.0,2024-10-12,27.5,0.0,8.8,0.963918925032801,1.0,False,False,False,False,False
401628516,2024,7,2024-10-12T19:30:00.000Z,False,False,True,75250.0,477,Los Angeles Memorial Coliseum,30,USC,Big Ten,30.0,"[7, 13, 3, 7, 0]",0.845148503780365,1759.0,1763.0,213,Penn State,fbs,Big Ten,33.0,"[3, 3, 14, 10, 3]",0.154851496219635,1901.0,1897.0,7.435288652766232,77500.0,True,False,Los Angeles,CA,90089.0,US,America/Los_Angeles,34.014167,-118.287778,42.50374222,1923.0,2024-10-12,25.0,0.0,8.8,0.970967741935484,1.0,False,False,False,False,False
401635575,2024,7,2024-10-12T19:30:00.000Z,False,False,True,49773.0,3752,Acrisure Stadium,221,Pittsburgh,ACC,17.0,"[7, 10, 0, 0]",0.3935903906822204,1512.0,1513.0,25,California,fbs,ACC,15.0,"[6, 3, 0, 6]",0.6064096093177795,1549.0,1548.0,4.797974682802336,68400.0,True,False,Pittsburgh,PA,15260.0,US,America/New_York,40.4467648,-80.0157603,220.5887146,2001.0,2024-10-12,20.7,0.0,7.2,0.7276754385964912,0.0,False,False,False,False,False
401644746,2024,7,2024-10-12T20:00:00.000Z,False,False,True,22437.0,3786,Kelly/Shorts Stadium,2117,Central Michigan,Mid-American,25.0,"[0, 0, 8, 17]",0.5244964957237244,1180.0,1189.0,195,Ohio,fbs,Mid-American,27.0,"[3, 21, 0, 3]",0.4755035042762756,1414.0,1405.0,5.5026236644584126,30255.0,False,False,Mount Pleasant,MI,48859.0,US,America/Detroit,43.5777313,-84.7709904,240.9007721,1972.0,2024-10-12,16.6,0.0,11.9,0.7415964303420922,0.0,False,False,False,False,False
401636893,2024,7,2024-10-12T20:00:00.000Z,False,False,True,64420.0,3801,LaVell Edwards Stadium,252,BYU,Big 12,41.0,"[0, 14, 13, 14]",0.980163276195526,1603.0,1665.0,12,Arizona,fbs,Big 12,19.0,"[7, 0, 3, 9]",0.0198367238044738,1678.0,1616.0,3.951878786589223,63470.0,True,False,Provo,UT,84602.0,US,America/Denver,40.2575347,-111.6545247,1412.097046,1964.0,2024-10-12,25.1,0.0,8.3,1.0149677012761935,1.0,False,False,True,False,False
401628386,2024,7,2024-10-12T20:15:00.000Z,False,False,True,93033.0,3917,Sanford Stadium,61,Georgia,SEC,41.0,"[10, 17, 7, 7]",0.8298102617263794,2033.0,2009.0,344,Mississippi State,fbs,SEC,31.0,"[3, 7, 14, 7]",0.1701897382736206,1371.0,1395.0,3.8188502034135343,92746.0,True,False,Athens,GA,30602.0,US,America/New_York,33.9498197,-83.3733813,186.1120758,1929.0,2024-10-12,24.9,0.0,5.2,1.003094473077006,1.0,False,False,True,False,False
401643807,2024,7,2024-10-12T21:00:00.000Z,False,False,True,22645.0,3817,Malone Stadium,2433,UL Monroe,Sun Belt,38.0,"[7, 7, 3, 21]",1.0,1247.0,1272.0,2572,Southern Miss,fbs,Sun Belt,21.0,"[3, 3, 8, 7]",0.0,1120.0,1095.0,4.119005874457292,27617.0,False,False,Monroe,LA,71209.0,US,America/Chicago,32.5308089,-92.0660602,22.998209,1978.0,2024-10-12,30.0,0.0,5.6,0.8199659629938082,0.0,False,False,False,False,False
401643808,2024,7,2024-10-12T23:00:00.000Z,False,False,True,28000.0,3644,Bobcat Stadium (TX),326,Texas State,Sun Belt,41.0,"[14, 3, 14, 10]",0.9880865812301636,1584.0,1639.0,2032,Arkansas State,fbs,Sun Belt,9.0,"[3, 6, 0, 0]",0.0119134187698364,1317.0,1262.0,3.1800871571036144,30000.0,False,False,San Marcos,TX,78666.0,US,America/Chicago,29.8910008,-97.9255735,177.8676453,1981.0,2024-10-12,32.2,0.0,15.7,0.9333333333333332,1.0,False,False,False,False,False
401645344,2024,7,2024-10-12T23:00:00.000Z,False,False,True,18660.0,3895,Rice Stadium,242,Rice,American Athletic,29.0,"[0, 9, 14, 6]",0.8926241993904114,1219.0,1222.0,2636,UTSA,fbs,American Athletic,27.0,"[0, 10, 3, 14]",0.1073758006095886,1374.0,1371.0,7.833819706575591,47000.0,False,False,Houston,TX,77251.0,US,America/Chicago,29.7163297,-95.4093261,7.148301601,1950.0,2024-10-12,30.2,0.0,8.6,0.3970212765957446,0.0,False,False,False,False,False
401643730,2024,7,2024-10-12T23:00:00.000Z,False,False,False,41031.0,3660,Valley Children's Stadium,278,Fresno State,Mountain West,17.0,"[7, 0, 7, 3]",0.4026740548379605,1518.0,1505.0,265,Washington State,fbs,Pac-12,25.0,"[13, 0, 3, 9]",0.5973259451620394,1550.0,1563.0,5.9016419656,41031.0,False,False,Fresno,CA,93740.0,US,America/Los_Angeles,36.8143527,-119.7580092,102.564064,1980.0,2024-10-12,30.0,0.0,13.3,1.0,1.0,False,False,False,False,False
401643727,2024,7,2024-10-12T23:00:00.000Z,False,False,True,15561.0,3971,University Stadium (NM),167,New Mexico,Mountain West,52.0,"[7, 21, 17, 7]",0.9362213015556335,1228.0,1271.0,2005,Air Force,fbs,Mountain West,37.0,"[3, 14, 0, 20]",0.0637786984443664,1353.0,1310.0,3.502879105672355,39224.0,False,False,Albuquerque,NM,87131.0,US,America/Denver,35.0669479,-106.6283225,1554.471924,1960.0,2024-10-12,29.6,0.0,8.8,0.3967213950642463,0.0,False,False,False,False,False
401628391,2024,7,2024-10-12T23:00:00.000Z,False,False,True,101915.0,3853,Neyland Stadium,2633,Tennessee,SEC,23.0,"[0, 0, 10, 7, 6]",0.8346436619758606,1947.0,1936.0,57,Florida,fbs,SEC,17.0,"[3, 0, 7, 7, 0]",0.1653563380241394,1537.0,1548.0,6.810202313184021,102455.0,True,False,Knoxville,TN,37996.0,US,America/New_York,35.9550131,-83.9250128,271.9517212,1921.0,2024-10-12,17.1,0.0,7.9,0.994729393392221,1.0,False,False,False,False,False
401645343,2024,7,2024-10-12T23:00:00.000Z,False,False,True,14576.0,3715,FAU Stadium,2226,Florida Atlantic,American Athletic,37.0,"[7, 20, 7, 3]",0.9890259504318236,1275.0,1280.0,249,North Texas,fbs,American Athletic,41.0,"[14, 3, 10, 14]",0.0109740495681762,1464.0,1459.0,7.340358695286385,29419.0,False,False,Boca Raton,FL,33499.0,US,America/New_York,26.3763763,-80.1015759,3.613628864,2011.0,2024-10-12,25.0,0.1,11.4,0.4954621163193854,0.0,False,False,False,False,False
401643731,2024,7,2024-10-12T23:30:00.000Z,False,False,False,21541.0,3816,Mackay Stadium,2440,Nevada,Mountain West,42.0,"[7, 7, 7, 21]",0.9812478423118592,1235.0,1257.0,204,Oregon State,fbs,Pac-12,37.0,"[7, 10, 7, 13]",0.0187521576881408,1609.0,1587.0,6.365450160254874,27000.0,False,False,Reno,NV,89557.0,US,America/Los_Angeles,39.5469459,-119.8175435,1406.57605,1966.0,2024-10-12,23.1,0.0,12.5,0.7978148148148149,0.0,False,False,False,False,False
401628388,2024,7,2024-10-12T23:30:00.000Z,False,False,True,102212.0,3958,Tiger Stadium (LA),99,LSU,SEC,29.0,"[0, 13, 3, 7, 6]",0.2957136631011963,1874.0,1875.0,145,Ole Miss,fbs,SEC,26.0,"[0, 17, 3, 3, 3]",0.7042863368988037,1906.0,1905.0,10.014421124674865,102321.0,True,False,Baton Rouge,LA,70803.0,US,America/Chicago,30.412035,-91.1838163,7.640734673,1924.0,2024-10-12,27.0,0.0,4.8,0.9989347250320072,1.0,False,False,False,False,False
401643806,2024,7,2024-10-12T23:30:00.000Z,False,False,True,14058.0,3666,Cajun Field,309,Louisiana,Sun Belt,34.0,"[3, 14, 3, 14]",0.9915509819984436,1523.0,1527.0,2026,App State,fbs,Sun Belt,24.0,"[0, 14, 3, 7]",0.0084490180015563,1334.0,1330.0,5.458345709162929,41426.0,False,False,Lafayette,LA,70506.0,US,America/Chicago,30.2158434,-92.0417371,3.556508303,1971.0,2024-10-12,26.4,0.0,4.8,0.33935209771641,0.0,False,False,False,False,False
401628515,2024,7,2024-10-12T23:30:00.000Z,False,False,True,60129.0,3626,Autzen Stadium,2483,Oregon,Big Ten,32.0,"[6, 16, 0, 10]",0.5034250020980835,1971.0,1975.0,194,Ohio State,fbs,Big Ten,31.0,"[7, 14, 7, 3]",0.4965749979019165,2080.0,2076.0,7.863148217991516,54000.0,False,False,Eugene,OR,97401.0,US,America/Los_Angeles,44.0582712,-123.0684883,127.4198303,1967.0,2024-10-12,23.3,0.0,6.6,1.1135,1.0,False,False,True,False,False
401628387,2024,7,2024-10-12T23:45:00.000Z,False,False,True,62120.0,3683,Kroger Field,96,Kentucky,SEC,13.0,"[0, 7, 0, 6]",0.5447068810462952,1686.0,1645.0,238,Vanderbilt,fbs,SEC,20.0,"[7, 7, 3, 3]",0.4552931189537048,1359.0,1400.0,3.819952962320292,61000.0,False,False,Lexington,KY,40506.0,US,America/New_York,38.0220905,-84.5053408,307.4248962,1973.0,2024-10-12,19.4,0.0,10.6,1.018360655737705,1.0,False,False,True,False,False
401636896,2024,7,2024-10-13T00:00:00.000Z,False,False,True,55202.0,3842,Milan Puskar Stadium,277,West Virginia,Big 12,16.0,"[7, 3, 0, 6]",0.0602878630161285,1610.0,1597.0,66,Iowa State,fbs,Big 12,28.0,"[0, 14, 0, 14]",0.9397121369838716,1760.0,1773.0,4.8661659701257,60000.0,False,False,Morgantown,WV,26507.0,US,America/New_York,39.6502744,-79.9551873,327.409668,1980.0,2024-10-13,15.8,0.0,12.2,0.9200333333333334,1.0,False,False,False,False,False
401635574,2024,7,2024-10-13T00:00:00.000Z,False,False,True,56919.0,3670,Carter-Finley Stadium,152,NC State,ACC,17.0,"[0, 7, 0, 10]",0.7724953293800354,1473.0,1454.0,183,Syracuse,fbs,ACC,24.0,"[3, 7, 7, 7]",0.2275046706199646,1404.0,1423.0,4.593175310001405,58000.0,True,False,Raleigh,NC,27695.0,US,America/New_York,35.8008001,-78.7195655,117.0089951,1966.0,2024-10-13,17.4,0.0,13.1,0.9813620689655173,1.0,False,False,False,False,False
401643804,2024,7,2024-10-13T00:00:00.000Z,False,False,True,24048.0,3608,Allen E. Paulson Stadium,290,Georgia Southern,Sun Belt,24.0,"[3, 0, 0, 21]",0.6515949964523315,1370.0,1371.0,276,Marshall,fbs,Sun Belt,23.0,"[6, 10, 7, 0]",0.3484050035476684,1394.0,1393.0,5.256480778244205,25000.0,False,False,Statesboro,GA,30460.0,US,America/New_York,32.4122471,-81.7849296,61.25376892,1984.0,2024-10-13,20.6,0.0,1.8,0.96192,1.0,False,False,False,False,False
401628514,2024,7,2024-10-13T01:00:00.000Z,False,False,True,42012.0,1056,Rose Bowl,26,UCLA,Big Ten,17.0,"[7, 3, 0, 7]",0.2941101789474487,1453.0,1452.0,135,Minnesota,fbs,Big Ten,21.0,"[0, 0, 14, 7]",0.7058898210525513,1533.0,1534.0,5.011058792371055,88565.0,True,False,Pasadena,CA,90095.0,US,America/Los_Angeles,34.1613284,-118.1676462,245.1772461,1922.0,2024-10-13,21.6,0.0,4.7,0.4743634618641675,0.0,False,False,False,False,False
401636894,2024,7,2024-10-13T02:15:00.000Z,False,False,True,53972.0,3726,Folsom Field,38,Colorado,Big 12,28.0,"[7, 0, 7, 14]",0.5851468443870544,1479.0,1490.0,2306,Kansas State,fbs,Big 12,31.0,"[7, 7, 10, 7]",0.4148531556129455,1754.0,1743.0,6.2557581438811125,50183.0,True,False,Boulder,CO,80309.0,US,America/Denver,40.0094746,-105.266905,1634.041138,1924.0,2024-10-13,16.4,0.0,9.6,1.0755036566167826,1.0,False,False,True,False,False
401643728,2024,7,2024-10-13T03:00:00.000Z,False,False,True,15194.0,7220,Clarence T.C. Ching Athletics Complex,62,Hawai'i,Mountain West,7.0,"[0, 7, 0, 0]",0.0041778413578867,1215.0,1212.0,68,Boise State,fbs,Mountain West,28.0,"[10, 3, 0, 15]",0.9958221586421132,1708.0,1711.0,4.112858612745802,15194.0,False,False,Honolulu,HI,96822.0,US,Pacific/Honolulu,21.294294,-157.819338,20.0,2015.0,2024-10-13,26.6,0.0,14.5,1.0,1.0,False,False,False,False,False
401643809,2024,8,2024-10-15T23:30:00.000Z,False,False,True,25450.0,6526,Hancock Whitney Stadium,6,South Alabama,Sun Belt,25.0,"[3, 16, 6, 0]",1.0,1584.0,1606.0,2653,Troy,fbs,Sun Belt,9.0,"[0, 3, 0, 6]",0.0,1454.0,1432.0,3.272192294240801,25450.0,False,False,Mobile,AL,36688.0,US,America/Chicago,30.696904,-88.192013,45.0,2020.0,2024-10-15,23.8,0.0,4.6,1.0,1.0,False,False,False,False,False
401641019,2024,8,2024-10-16T00:00:00.000Z,False,False,True,10200.0,3725,"Johnny ""Red"" Floyd Stadium",2393,Middle Tennessee,Conference USA,14.0,"[7, 0, 7, 0]",0.6059287786483765,1116.0,1142.0,338,Kennesaw State,fbs,Conference USA,5.0,"[2, 0, 0, 3]",0.3940712213516235,1281.0,1255.0,3.9708541209811847,30788.0,False,False,Murfreesboro,TN,37132.0,US,America/Chicago,35.8511463,-86.3681649,191.7279816,1933.0,2024-10-16,9.1,0.0,6.2,0.3312979082759517,0.0,False,False,False,False,False
401641010,2024,8,2024-10-16T01:00:00.000Z,False,False,True,9671.0,3601,Aggie Memorial Stadium,166,New Mexico State,Conference USA,33.0,"[0, 10, 7, 7, 3, 6]",0.6458162069320679,1161.0,1164.0,2348,Louisiana Tech,fbs,Conference USA,30.0,"[0, 14, 0, 10, 3, 3]",0.3541837930679321,1288.0,1285.0,8.600416261731684,28853.0,False,False,Las Cruces,NM,88003.0,US,America/Denver,32.2796202,-106.7411148,1208.201294,1978.0,2024-10-16,26.6,0.0,11.3,0.3351817835233771,0.0,False,False,False,False,False
401641038,2024,8,2024-10-16T23:00:00.000Z,False,False,True,8914.0,3647,Elliott T. Bowers Stadium,2534,Sam Houston,Conference USA,14.0,"[0, 14, 0, 0]",0.0,1464.0,1422.0,98,Western Kentucky,fbs,Conference USA,31.0,"[7, 10, 0, 14]",1.0,1454.0,1496.0,5.3110775467852465,14000.0,False,False,Huntsville,TX,77340.0,US,America/Chicago,30.713926,-95.5419802,127.6225204,1986.0,2024-10-16,20.8,0.0,13.1,0.6367142857142857,0.0,False,False,False,False,False
401640983,2024,8,2024-10-17T01:00:00.000Z,False,False,True,11373.0,3946,Sun Bowl,2638,UTEP,Conference USA,30.0,"[3, 14, 3, 10]",0.840137779712677,1137.0,1161.0,2229,Florida International,fbs,Conference USA,21.0,"[7, 7, 7, 0]",0.159862220287323,1265.0,1241.0,5.450209147901211,51500.0,False,False,El Paso,TX,79968.0,US,America/Denver,31.7733353,-106.507957,1183.697876,1963.0,2024-10-17,20.4,0.0,23.6,0.2208349514563106,0.0,False,False,False,False,False
401643810,2024,8,2024-10-17T23:00:00.000Z,False,False,True,20703.0,3775,Joan C. Edwards Stadium,276,Marshall,Sun Belt,35.0,"[11, 14, 0, 10]",0.9758923649787904,1393.0,1417.0,2247,Georgia State,fbs,Sun Belt,20.0,"[0, 10, 7, 3]",0.0241076350212097,1315.0,1291.0,3.292274188249841,38016.0,False,False,Huntington,WV,25755.0,US,America/New_York,38.4247042,-82.4214412,163.7328186,1991.0,2024-10-17,10.3,0.0,5.8,0.54458648989899,0.0,False,False,False,False,False
401634768,2024,8,2024-10-17T23:30:00.000Z,False,False,True,65632.0,3799,Lane Stadium,259,Virginia Tech,ACC,42.0,"[14, 14, 0, 14]",0.9866065382957458,1644.0,1674.0,103,Boston College,fbs,ACC,21.0,"[0, 0, 21, 0]",0.0133934617042541,1448.0,1418.0,2.427537921731776,65632.0,True,False,Blacksburg,VA,24061.0,US,America/New_York,37.2199873,-80.4180643,632.2631226,1965.0,2024-10-17,8.6,0.0,9.7,1.0,1.0,False,False,False,False,False
401634769,2024,8,2024-10-18T23:00:00.000Z,False,False,True,30735.0,3982,Wallace Wade Stadium,150,Duke,ACC,23.0,"[7, 10, 3, 3]",0.9367383122444152,1598.0,1604.0,52,Florida State,fbs,ACC,16.0,"[3, 3, 7, 3]",0.0632616877555847,1532.0,1526.0,3.870999752569357,40004.0,True,False,Durham,NC,27708.0,US,America/New_York,35.9953688,-78.9417564,103.0028152,1929.0,2024-10-18,13.6,0.0,9.2,0.7682981701829817,0.0,False,False,False,False,False
401628523,2024,8,2024-10-19T00:00:00.000Z,False,False,True,57463.0,3907,Ross-Ade Stadium,2509,Purdue,Big Ten,0.0,"[0, 0, 0, 0]",0.0147117441520094,1224.0,1212.0,2483,Oregon,fbs,Big Ten,35.0,"[14, 7, 0, 14]",0.9852882558479904,1975.0,1987.0,3.239203073613974,57282.0,True,False,West Lafayette,IN,47907.0,US,America/Indiana/Indianapolis,40.4352253,-86.9186843,197.5337677,1924.0,2024-10-19,11.6,0.0,8.9,1.0031598058727,1.0,False,False,True,False,False
401636898,2024,8,2024-10-19T02:15:00.000Z,False,False,True,62841.0,3801,LaVell Edwards Stadium,252,BYU,Big 12,38.0,"[7, 7, 14, 10]",0.7566320300102234,1665.0,1664.0,197,Oklahoma State,fbs,Big 12,35.0,"[7, 14, 0, 14]",0.2433679699897766,1489.0,1490.0,6.999418650820871,63470.0,True,False,Provo,UT,84602.0,US,America/Denver,40.2575347,-111.6545247,1412.097046,1964.0,2024-10-19,6.3,0.0,4.0,0.9900898062076572,1.0,False,False,False,False,False
401643735,2024,8,2024-10-19T02:30:00.000Z,False,False,True,18319.0,3816,Mackay Stadium,2440,Nevada,Mountain West,21.0,"[7, 14, 0, 0]",0.0747996866703033,1257.0,1267.0,278,Fresno State,fbs,Mountain West,24.0,"[3, 14, 7, 0]",0.9252003133296968,1505.0,1495.0,6.196437684814096,27000.0,False,False,Reno,NV,89557.0,US,America/Los_Angeles,39.5469459,-119.8175435,1406.57605,1966.0,2024-10-19,8.2,0.0,3.7,0.6784814814814815,0.0,False,False,False,False,False
401636899,2024,8,2024-10-19T16:00:00.000Z,False,False,True,38007.0,3854,Nippert Stadium,2132,Cincinnati,Big 12,24.0,"[10, 14, 0, 0]",0.9564058780670166,1538.0,1554.0,9,Arizona State,fbs,Big 12,14.0,"[7, 0, 7, 0]",0.0435941219329834,1529.0,1513.0,3.5215348421712895,40000.0,False,False,Cincinnati,OH,45221.0,US,America/New_York,39.1312495,-84.5161913,230.0660553,1915.0,2024-10-19,16.1,0.0,1.4,0.950175,1.0,False,False,False,False,False
401628522,2024,8,2024-10-19T16:00:00.000Z,False,True,True,12023.0,5960,Lanny and Sharon Martin Stadium,77,Northwestern,Big Ten,3.0,"[0, 0, 3, 0]",0.0095281694084405,1569.0,1543.0,275,Wisconsin,fbs,Big Ten,23.0,"[0, 14, 7, 2]",0.9904718305915594,1729.0,1755.0,3.3153925420781714,12023.0,False,False,Evanston,IL,60208.0,US,America/Chicago,42.058246,-87.670876,179.0,1997.0,2024-10-19,15.6,0.0,9.9,1.0,,False,False,False,False,False
401628519,2024,8,2024-10-19T16:00:00.000Z,False,False,True,53082.0,3830,"Memorial Stadium (Bloomington, IN)",84,Indiana,Big Ten,56.0,"[7, 21, 14, 14]",0.9864884614944458,1648.0,1791.0,158,Nebraska,fbs,Big Ten,7.0,"[0, 7, 0, 0]",0.0135115385055542,1597.0,1454.0,2.70777878082143,52656.0,False,False,Bloomington,IN,47408.0,US,America/Indiana/Indianapolis,39.1808959,-86.5256217,231.6500854,1960.0,2024-10-19,17.3,0.0,1.1,1.0080902461257977,1.0,False,False,True,False,False
401645346,2024,8,2024-10-19T16:00:00.000Z,False,False,True,23044.0,3841,Michie Stadium,349,Army,American Athletic,45.0,"[7, 17, 14, 7]",1.0,1643.0,1649.0,151,East Carolina,fbs,American Athletic,28.0,"[0, 0, 7, 21]",0.0,1298.0,1292.0,1.8072816939294,38000.0,False,False,West Point,NY,10996.0,US,America/New_York,41.3874924,-73.9640891,99.21277618,1924.0,2024-10-19,16.4,0.0,5.2,0.606421052631579,0.0,False,False,False,False,False
401629034,2024,8,2024-10-19T16:00:00.000Z,False,False,False,30122.0,3892,Pratt & Whitney Stadium,41,UConn,FBS Independents,20.0,"[3, 3, 7, 7]",0.1908698081970214,1434.0,1424.0,154,Wake Forest,fbs,ACC,23.0,"[3, 10, 7, 3]",0.8091301918029785,1343.0,1353.0,5.400494261464476,40000.0,True,False,East Hartford,CT,6118.0,US,America/New_York,41.7595675,-72.6187728,6.515614986,2003.0,2024-10-19,17.4,0.0,0.2,0.75305,0.0,False,False,False,False,False
401643811,2024,8,2024-10-19T16:00:00.000Z,False,False,True,17812.0,3654,Brooks Stadium (SC),324,Coastal Carolina,Sun Belt,24.0,"[0, 14, 3, 7]",0.0376482562118136,1413.0,1402.0,309,Louisiana,fbs,Sun Belt,34.0,"[7, 10, 0, 17]",0.9623517437881864,1527.0,1538.0,6.4922501001,21000.0,False,False,Conway,SC,29528.0,US,America/New_York,33.7928506,-79.0166946,13.74894905,2003.0,2024-10-19,18.8,0.0,15.6,0.8481904761904762,0.0,False,False,False,False,False
401635588,2024,8,2024-10-19T16:00:00.000Z,False,False,True,80100.0,3836,"Memorial Stadium (Clemson, SC)",228,Clemson,ACC,48.0,"[3, 14, 21, 10]",0.9713402986526488,1864.0,1863.0,258,Virginia,fbs,ACC,31.0,"[3, 7, 0, 21]",0.028659701347351,1424.0,1425.0,4.398025565166455,81500.0,True,False,Clemson,SC,29634.0,US,America/New_York,34.6787737,-82.8432428,205.6452179,1942.0,2024-10-19,17.7,0.0,11.3,0.9828220858895704,1.0,False,False,False,False,False
401628524,2024,8,2024-10-19T16:00:00.000Z,False,False,True,53726.0,6577,SHI Stadium,164,Rutgers,Big Ten,32.0,"[7, 3, 9, 13]",0.2262929528951645,1436.0,1432.0,26,UCLA,fbs,Big Ten,35.0,"[7, 14, 7, 7]",0.7737070471048355,1452.0,1456.0,5.6914151695824335,52454.0,False,False,Piscataway,NJ,8854.0,US,America/New_York,40.513611,-74.465278,19.0,1994.0,2024-10-19,19.3,0.0,1.5,1.0242498188889313,1.0,False,False,True,False,False
401628395,2024,8,2024-10-19T16:00:00.000Z,False,False,True,62621.0,3838,Memorial Stadium,142,Missouri,SEC,21.0,"[3, 0, 3, 15]",0.3512254953384399,1737.0,1735.0,2,Auburn,fbs,SEC,17.0,"[0, 3, 14, 0]",0.6487745046615601,1550.0,1552.0,6.958922973553182,71168.0,False,False,Columbia,MO,65211.0,US,America/Chicago,38.9358491,-92.3332009,212.6865692,1927.0,2024-10-19,16.9,0.0,5.4,0.8799038893884892,0.0,False,False,False,False,False
401635589,2024,8,2024-10-19T16:00:00.000Z,False,False,True,59115.0,3873,L&N Federal Credit Union Stadium,97,Louisville,ACC,45.0,"[7, 10, 14, 14]",0.4344169199466705,1695.0,1691.0,2390,Miami,fbs,ACC,52.0,"[10, 14, 14, 14]",0.5655830800533295,1822.0,1826.0,7.676636998140976,60000.0,False,False,Louisville,KY,40292.0,US,America/Kentucky/Louisville,38.2057621,-85.7588141,138.5615997,1998.0,2024-10-19,14.8,0.0,1.4,0.98525,1.0,False,False,False,False,False
401628396,2024,8,2024-10-19T16:45:00.000Z,False,False,True,83331.0,3835,"Memorial Stadium (Norman, OK)",201,Oklahoma,SEC,9.0,"[0, 3, 6, 0]",0.1511518928251808,1780.0,1694.0,2579,South Carolina,fbs,SEC,35.0,"[21, 11, 0, 3]",0.8488481071748192,1658.0,1744.0,1.9556014898,86112.0,True,False,Norman,OK,73019.0,US,America/Chicago,35.2058537,-97.4423145,355.0962524,1925.0,2024-10-19,19.8,0.0,12.6,0.9677048494983278,1.0,False,False,False,False,False
401645351,2024,8,2024-10-19T18:00:00.000Z,False,False,True,18721.0,3806,Lincoln Financial Field,218,Temple,American Athletic,20.0,"[3, 14, 0, 3]",0.9404991269111632,1113.0,1126.0,202,Tulsa,fbs,American Athletic,10.0,"[0, 0, 10, 0]",0.0595008730888366,1060.0,1047.0,3.382527914711326,69879.0,False,False,Philadelphia,PA,19122.0,US,America/New_York,39.9007995,-75.1675414,3.198706865,2003.0,2024-10-19,21.2,0.0,2.2,0.2679059517165386,0.0,False,False,False,False,False
401644750,2024,8,2024-10-19T18:00:00.000Z,False,False,True,17974.0,3912,Rynearson Stadium,2199,Eastern Michigan,Mid-American,38.0,"[10, 6, 0, 22]",0.8311103582382202,1261.0,1262.0,2117,Central Michigan,fbs,Mid-American,34.0,"[0, 14, 13, 7]",0.1688896417617797,1189.0,1188.0,5.890326306878259,30200.0,False,False,Ypsilanti,MI,48197.0,US,America/Detroit,42.256126,-83.647285,241.248764,1969.0,2024-10-19,18.8,0.0,7.9,0.5951655629139073,0.0,False,False,False,False,False
401644686,2024,8,2024-10-19T19:30:00.000Z,False,False,True,17021.0,3996,Yager Stadium,193,Miami (OH),Mid-American,30.0,"[3, 13, 14, 0]",0.969575583934784,1486.0,1497.0,195,Ohio,fbs,Mid-American,20.0,"[0, 0, 6, 14]",0.030424416065216,1405.0,1394.0,2.6801207401442384,24286.0,False,False,Oxford,OH,45056.0,US,America/New_York,39.5197009,-84.7330255,242.2643585,1983.0,2024-10-19,19.0,0.0,5.1,0.7008564605122293,0.0,False,False,False,False,False
401644748,2024,8,2024-10-19T19:30:00.000Z,False,False,True,20858.0,3700,Doyt L. Perry Stadium,189,Bowling Green,Mid-American,27.0,"[10, 10, 0, 7]",0.9956725835800172,1406.0,1410.0,2309,Kent State,fbs,Mid-American,6.0,"[3, 3, 0, 0]",0.0043274164199829,928.0,924.0,3.554507312152441,24000.0,False,False,Bowling Green,OH,43403.0,US,America/New_York,41.3780114,-83.6225,205.9057465,1966.0,2024-10-19,20.3,0.0,6.9,0.8690833333333333,0.0,False,False,False,False,False
401645348,2024,8,2024-10-19T19:30:00.000Z,False,False,True,20802.0,3604,Alamodome,2636,UTSA,American Athletic,38.0,"[3, 14, 7, 14]",0.7265111804008484,1371.0,1391.0,2226,Florida Atlantic,fbs,American Athletic,24.0,"[7, 10, 7, 0]",0.2734888195991516,1280.0,1260.0,6.823454332688041,36582.0,False,True,San Antonio,TX,78299.0,US,America/Chicago,29.4169834,-98.4788143,201.5526886,1993.0,2024-10-19,29.4,0.0,19.7,0.5686403149089716,0.0,False,False,False,False,False
401644749,2024,8,2024-10-19T19:30:00.000Z,False,False,True,18487.0,3965,UB Stadium,2084,Buffalo,Mid-American,41.0,"[10, 7, 7, 17]",0.5770455002784729,1294.0,1275.0,2711,Western Michigan,fbs,Mid-American,48.0,"[7, 21, 7, 13]",0.4229544997215271,1223.0,1242.0,6.95619988524523,30270.0,False,False,Amherst,NY,14260.0,US,America/New_York,42.9991334,-78.7775113,181.5759735,1993.0,2024-10-19,17.5,0.0,12.1,0.6107367030062768,0.0,False,False,False,False,False
401628982,2024,8,2024-10-19T19:30:00.000Z,False,True,False,59021.0,5348,Mercedes-Benz Stadium,59,Georgia Tech,ACC,13.0,"[7, 0, 0, 6]",0.0,1576.0,1581.0,87,Notre Dame,fbs,FBS Independents,31.0,"[0, 14, 7, 10]",1.0,2026.0,2021.0,3.8865438625289945,75000.0,False,True,Atlanta,GA,30313.0,US,America/New_York,33.755578,-84.400881,307.9,2017.0,2024-10-19,20.5,0.0,12.1,0.7869466666666667,,False,False,False,False,False
401635587,2024,8,2024-10-19T19:30:00.000Z,False,False,True,35303.0,3831,California Memorial Stadium,25,California,ACC,23.0,"[7, 6, 10, 0]",0.1323164850473404,1548.0,1542.0,152,NC State,fbs,ACC,24.0,"[3, 7, 0, 14]",0.8676835149526596,1454.0,1460.0,5.85613016014124,62467.0,False,False,Berkeley,CA,94720.0,US,America/Los_Angeles,37.8710434,-122.2507729,125.3108063,1923.0,2024-10-19,22.5,0.0,18.2,0.5651463972977733,0.0,False,False,False,False,False
401636901,2024,8,2024-10-19T19:30:00.000Z,False,True,True,38619.0,3622,GEHA Field at Arrowhead Stadium,2305,Kansas,Big 12,42.0,"[14, 14, 0, 14]",0.98805433511734,1570.0,1631.0,248,Houston,fbs,Big 12,14.0,"[0, 14, 0, 0]",0.0119456648826599,1395.0,1334.0,2.8249255834118068,76416.0,True,False,Kansas City,MO,64129.0,US,America/Chicago,39.048889,-94.483889,256.798584,1972.0,2024-10-19,23.0,0.0,11.8,0.5053784547738693,,False,False,False,False,False
401643736,2024,8,2024-10-19T19:30:00.000Z,False,False,False,25112.0,3820,Gesa Field,265,Washington State,Pac-12,42.0,"[7, 14, 7, 14]",0.98169606924057,1563.0,1608.0,62,Hawai'i,fbs,Mountain West,10.0,"[3, 0, 7, 0]",0.0183039307594299,1212.0,1167.0,2.964086303494142,32952.0,False,False,Pullman,WA,99164.0,US,America/Los_Angeles,46.731831,-117.1604991,773.9526367,1972.0,2024-10-19,16.5,0.0,11.4,0.7620781743141539,0.0,False,False,False,False,False
401628518,2024,8,2024-10-19T19:30:00.000Z,False,False,True,60670.0,3832,"Memorial Stadium (Champaign, IL)",356,Illinois,Big Ten,21.0,"[3, 10, 8, 0]",0.9921573996543884,1541.0,1602.0,130,Michigan,fbs,Big Ten,7.0,"[0, 7, 0, 0]",0.0078426003456115,1878.0,1817.0,3.2928315169700695,60670.0,False,False,Champaign,IL,61820.0,US,America/Chicago,40.0993268,-88.2359569,223.2471619,1923.0,2024-10-19,20.1,0.0,8.4,1.0,1.0,False,False,False,False,False
401645350,2024,8,2024-10-19T19:30:00.000Z,False,False,True,22897.0,4729,Yulman Stadium,2655,Tulane,American Athletic,24.0,"[3, 7, 0, 14]",0.9935743808746338,1751.0,1738.0,242,Rice,fbs,American Athletic,10.0,"[0, 7, 3, 0]",0.0064256191253662,1222.0,1235.0,5.058264463347478,30000.0,False,False,New Orleans,LA,70118.0,US,America/Chicago,29.944616,-90.116692,0.0,2014.0,2024-10-19,24.1,0.0,20.6,0.7632333333333333,0.0,False,False,False,False,False
401628397,2024,8,2024-10-19T19:30:00.000Z,False,False,True,101915.0,3853,Neyland Stadium,2633,Tennessee,SEC,24.0,"[0, 0, 14, 10]",0.9950047135353088,1936.0,1950.0,333,Alabama,fbs,SEC,17.0,"[0, 7, 3, 7]",0.0049952864646911,2010.0,1996.0,6.986754327403018,102455.0,True,False,Knoxville,TN,37996.0,US,America/New_York,35.9550131,-83.9250128,271.9517212,1921.0,2024-10-19,20.9,0.0,5.3,0.994729393392221,1.0,False,False,False,False,False
401643813,2024,8,2024-10-19T19:30:00.000Z,False,False,True,19129.0,3918,S.B. Ballard Stadium,295,Old Dominion,Sun Belt,24.0,"[7, 7, 0, 10]",0.9074426670592894,1379.0,1416.0,326,Texas State,fbs,Sun Belt,14.0,"[0, 0, 7, 7]",0.0925573329407105,1639.0,1602.0,6.364009365,20118.0,False,False,Norfolk,VA,23551.0,US,America/New_York,36.8889533,-76.3049175,3.147987843,1936.0,2024-10-19,19.2,0.0,16.0,0.9508400437419228,1.0,False,False,False,False,False
401645345,2024,8,2024-10-19T19:30:00.000Z,False,False,True,28154.0,3886,Raymond James Stadium,58,South Florida,American Athletic,35.0,"[0, 7, 13, 15]",0.9628206491470336,1325.0,1326.0,5,UAB,fbs,American Athletic,25.0,"[3, 6, 10, 6]",0.0371793508529663,1091.0,1090.0,7.974299090802465,65828.0,True,False,Tampa,FL,33620.0,US,America/New_York,27.9758691,-82.5033344,11.07972908,1998.0,2024-10-19,27.3,0.0,26.0,0.4276903445342407,0.0,False,False,False,False,False
401644751,2024,8,2024-10-19T19:30:00.000Z,False,False,True,18350.0,3764,Huskie Stadium,2459,Northern Illinois,Mid-American,6.0,"[3, 3, 0, 0]",0.4665923714637756,1470.0,1460.0,2649,Toledo,fbs,Mid-American,13.0,"[0, 7, 3, 3]",0.5334076285362244,1508.0,1518.0,5.654923866645938,23595.0,False,False,DeKalb,IL,60115.0,US,America/Chicago,41.9339586,-88.7778357,267.4530029,1965.0,2024-10-19,20.8,0.0,14.3,0.7777071413435049,0.0,False,False,False,False,False
401645347,2024,8,2024-10-19T19:30:00.000Z,False,False,True,35094.0,3852,Navy-Marine Corps Memorial Stadium,2426,Navy,American Athletic,51.0,"[24, 14, 13, 0]",0.9756401181221008,1555.0,1612.0,2429,Charlotte,fbs,American Athletic,17.0,"[0, 10, 7, 0]",0.0243598818778991,1253.0,1196.0,2.112060176236047,34000.0,False,False,Annapolis,MD,21402.0,US,America/New_York,38.9846985,-76.5076335,10.74990082,1959.0,2024-10-19,20.0,0.0,4.8,1.0321764705882353,1.0,False,False,True,False,False
401636897,2024,8,2024-10-19T20:00:00.000Z,False,False,True,50724.0,3619,Arizona Stadium,12,Arizona,Big 12,7.0,"[7, 0, 0, 0]",0.0,1616.0,1526.0,38,Colorado,fbs,Big 12,34.0,"[14, 14, 3, 3]",1.0,1490.0,1580.0,3.4283520459791763,50782.0,False,False,Tucson,AZ,85721.0,US,America/Phoenix,32.2288054,-110.9488677,742.1530151,1928.0,2024-10-19,18.8,0.0,1.3,0.9988578630223308,1.0,False,False,False,False,False
401636902,2024,8,2024-10-19T20:00:00.000Z,False,False,True,60229.0,3784,Jones AT&T Stadium,2641,Texas Tech,Big 12,35.0,"[7, 7, 7, 14]",0.0049520833417773,1644.0,1556.0,239,Baylor,fbs,Big 12,59.0,"[7, 17, 14, 21]",0.9950479166582228,1457.0,1545.0,4.976409905154393,60454.0,False,False,Lubbock,TX,79409.0,US,America/Chicago,33.5910518,-101.8728824,980.7632446,1947.0,2024-10-19,20.1,0.1,31.5,0.9962781619082276,1.0,False,False,False,False,False
401643737,2024,8,2024-10-19T20:00:00.000Z,False,False,True,14584.0,3905,Maverik Stadium,328,Utah State,Mountain West,45.0,"[14, 10, 14, 7]",0.9988764389108926,1172.0,1170.0,167,New Mexico,fbs,Mountain West,50.0,"[0, 15, 14, 21]",0.0011235610891073,1271.0,1273.0,1.661834419,25513.0,False,False,Logan,UT,84322.0,US,America/Denver,41.7517394,-111.8116007,1427.914429,1968.0,2024-10-19,13.2,0.0,7.8,0.5716301493356328,0.0,False,False,False,False,False
401643738,2024,8,2024-10-19T20:00:00.000Z,False,False,True,17101.0,3935,CEFCU Stadium,23,San José State,Mountain West,24.0,"[7, 7, 3, 7]",0.9138110876083374,1563.0,1561.0,2751,Wyoming,fbs,Mountain West,14.0,"[0, 0, 7, 7]",0.0861889123916626,1285.0,1287.0,3.2445338597032163,30456.0,False,False,San Jose,CA,95112.0,US,America/Los_Angeles,37.3196675,-121.8682962,28.30708694,1933.0,2024-10-19,23.0,0.0,5.3,0.5614985552928815,0.0,False,False,False,False,False
401628521,2024,8,2024-10-19T20:00:00.000Z,False,False,True,43013.0,3665,SECU Stadium,120,Maryland,Big Ten,29.0,"[0, 7, 7, 15]",0.3784219026565552,1546.0,1553.0,30,USC,fbs,Big Ten,28.0,"[7, 14, 0, 7]",0.6215780973434448,1763.0,1756.0,7.155283535151233,51802.0,False,False,College Park,MD,20742.0,US,America/New_York,38.9903332,-76.9473792,32.68748093,1950.0,2024-10-19,20.5,0.0,2.4,0.8303347361105748,0.0,False,False,False,False,False
401643812,2024,8,2024-10-19T20:00:00.000Z,False,False,True,20153.0,3608,Allen E. Paulson Stadium,290,Georgia Southern,Sun Belt,28.0,"[7, 14, 7, 0]",0.7774406671524048,1371.0,1449.0,256,James Madison,fbs,Sun Belt,14.0,"[0, 0, 7, 7]",0.2225593328475952,1866.0,1788.0,3.3272118078267137,25000.0,False,False,Statesboro,GA,30460.0,US,America/New_York,32.4122471,-81.7849296,61.25376892,1984.0,2024-10-19,22.5,0.0,16.1,0.80612,0.0,False,False,False,False,False
401628394,2024,8,2024-10-19T20:15:00.000Z,False,False,True,50127.0,3693,Davis Wade Stadium,344,Mississippi State,SEC,24.0,"[7, 10, 0, 7]",0.0088977953419089,1395.0,1405.0,245,Texas A&M,fbs,SEC,34.0,"[7, 14, 10, 3]",0.9911022046580912,1781.0,1771.0,5.55105020302855,61337.0,True,False,Starkville,MS,39762.0,US,America/Chicago,33.4563403,-88.7933652,110.2742081,1914.0,2024-10-19,22.4,0.0,5.2,0.8172391867877464,0.0,False,False,False,False,False
401628399,2024,8,2024-10-19T23:00:00.000Z,False,False,False,27884.0,3973,FirstBank Stadium,238,Vanderbilt,SEC,24.0,"[3, 11, 0, 10]",0.9042891884815736,1400.0,1396.0,2050,Ball State,fbs,Mid-American,14.0,"[7, 0, 7, 0]",0.0957108115184263,1085.0,1089.0,7.2337044479,40351.0,False,False,Nashville,TN,37212.0,US,America/Chicago,36.1440455,-86.8088942,159.9194641,1922.0,2024-10-19,14.5,0.0,9.0,0.6910361577160418,0.0,False,False,False,False,False
401628392,2024,8,2024-10-19T23:00:00.000Z,False,False,True,75893.0,3887,Razorback Stadium,8,Arkansas,SEC,10.0,"[0, 7, 3, 0]",0.0,1513.0,1490.0,99,LSU,fbs,SEC,34.0,"[10, 6, 8, 10]",1.0,1875.0,1898.0,3.833839574786414,80000.0,False,False,Fayetteville,AR,72702.0,US,America/Chicago,36.0680662,-94.1789534,403.7972412,1938.0,2024-10-19,20.6,0.0,8.8,0.9486625,1.0,False,False,False,False,False
401643814,2024,8,2024-10-19T23:00:00.000Z,False,False,True,24542.0,3815,M. M. Roberts Stadium,2572,Southern Miss,Sun Belt,28.0,"[7, 14, 0, 7]",0.0518193691968917,1095.0,1074.0,2032,Arkansas State,fbs,Sun Belt,44.0,"[21, 7, 13, 3]",0.9481806308031082,1262.0,1283.0,5.045361051060517,36000.0,False,False,Hattiesburg,MS,39402.0,US,America/Chicago,31.3289321,-89.3318118,64.52726746,1932.0,2024-10-19,21.4,0.0,9.1,0.6817222222222222,0.0,False,False,False,False,False
401628520,2024,8,2024-10-19T23:30:00.000Z,False,False,True,69682.0,3936,Spartan Stadium,127,Michigan State,Big Ten,32.0,"[6, 6, 7, 13]",0.9808642864227296,1410.0,1456.0,2294,Iowa,fbs,Big Ten,20.0,"[0, 0, 14, 6]",0.0191357135772705,1683.0,1637.0,3.686659810334258,75005.0,True,False,East Lansing,MI,48824.0,US,America/Detroit,42.7281474,-84.4848526,254.8794861,1923.0,2024-10-19,14.4,0.0,10.1,0.9290313979068062,1.0,False,False,False,False,False
401636904,2024,8,2024-10-19T23:30:00.000Z,False,False,True,54327.0,3842,Milan Puskar Stadium,277,West Virginia,Big 12,18.0,"[3, 7, 0, 8]",0.002744939411059,1597.0,1541.0,2306,Kansas State,fbs,Big 12,45.0,"[10, 7, 14, 14]",0.997255060588941,1743.0,1799.0,4.3488724142883255,60000.0,False,False,Morgantown,WV,26507.0,US,America/New_York,39.6502744,-79.9551873,327.409668,1980.0,2024-10-19,12.8,0.0,6.7,0.90545,1.0,False,False,False,False,False
401645349,2024,8,2024-10-19T23:30:00.000Z,False,False,True,24110.0,3805,Simmons Bank Liberty Stadium,235,Memphis,American Athletic,52.0,"[14, 14, 7, 17]",0.9536851644515992,1609.0,1612.0,249,North Texas,fbs,American Athletic,44.0,"[21, 3, 7, 13]",0.0463148355484008,1459.0,1456.0,7.475456141052176,58325.0,False,False,Memphis,TN,38152.0,US,America/Chicago,35.1209429,-89.977147,90.62445831,1965.0,2024-10-19,19.0,0.0,6.4,0.4133733390484355,0.0,False,False,False,False,False
401628398,2024,8,2024-10-19T23:30:00.000Z,False,False,True,105215.0,3910,DKR-Texas Memorial Stadium,251,Texas,SEC,15.0,"[0, 0, 15, 0]",0.3337695300579071,2138.0,2089.0,61,Georgia,fbs,SEC,30.0,"[7, 16, 0, 7]",0.6662304699420929,2009.0,2058.0,4.350208777361713,100119.0,False,False,Austin,TX,78712.0,US,America/Chicago,30.2836813,-97.7325345,160.3089447,1924.0,2024-10-19,27.8,0.0,16.8,1.0508994296786824,1.0,False,False,True,False,False
401636900,2024,8,2024-10-19T23:30:00.000Z,False,False,True,61500.0,3772,Jack Trice Stadium,66,Iowa State,Big 12,38.0,"[14, 0, 13, 11]",0.0969436392188072,1773.0,1771.0,2116,UCF,fbs,Big 12,35.0,"[7, 14, 7, 7]",0.9030563607811928,1501.0,1503.0,8.103253061192863,61500.0,True,False,Ames,IA,50011.0,US,America/Chicago,42.0139977,-93.6357716,274.9135437,1975.0,2024-10-19,20.1,0.0,14.6,1.0,1.0,False,False,False,False,False
401628393,2024,8,2024-10-19T23:45:00.000Z,False,False,True,,3634,Ben Hill Griffin Stadium,57,Florida,SEC,48.0,"[3, 24, 7, 14]",0.9885360598564148,1548.0,1634.0,96,Kentucky,fbs,SEC,20.0,"[0, 13, 7, 0]",0.0114639401435852,1645.0,1559.0,3.1844642939609034,88548.0,True,False,Gainesville,FL,32653.0,US,America/New_York,29.6499357,-82.3485788,44.97250748,1930.0,2024-10-19,20.9,0.0,15.8,,,True,False,False,False,False
401643734,2024,8,2024-10-20T00:00:00.000Z,False,False,True,27598.0,3713,Falcon Stadium,2005,Air Force,Mountain West,13.0,"[0, 0, 0, 13]",0.0363237522542476,1310.0,1292.0,36,Colorado State,fbs,Mountain West,21.0,"[0, 14, 7, 0]",0.9636762477457524,1277.0,1295.0,3.8664348374018416,46692.0,False,False,Colorado Springs,CO,80840.0,US,America/Denver,38.9969701,-104.8436165,2024.875732,1962.0,2024-10-20,8.8,0.0,13.7,0.5910648505097232,0.0,False,False,False,False,False
401635590,2024,8,2024-10-20T00:00:00.000Z,False,False,True,19117.0,3940,Stanford Stadium,24,Stanford,ACC,10.0,"[0, 7, 3, 0]",0.2712072432041168,1229.0,1208.0,2567,SMU,fbs,ACC,40.0,"[21, 10, 0, 9]",0.7287927567958832,1765.0,1786.0,4.0477402139248335,50424.0,True,False,Stanford,CA,94305.0,US,America/Los_Angeles,37.4345556,-122.1611271,18.38425636,2006.0,2024-10-20,25.1,0.0,6.3,0.3791250198318261,0.0,False,False,False,False,False
401643739,2024,8,2024-10-20T02:00:00.000Z,False,False,False,35195.0,3893,Reser Stadium,204,Oregon State,Pac-12,25.0,"[3, 14, 0, 8]",0.0081561775878071,1587.0,1578.0,2439,UNLV,fbs,Mountain West,33.0,"[3, 13, 7, 10]",0.9918438224121928,1665.0,1674.0,4.828604315834429,43363.0,False,False,Corvallis,OR,97331.0,US,America/Los_Angeles,44.5594559,-123.2814341,66.90744781,1953.0,2024-10-20,16.1,0.0,8.9,0.8116366487558517,0.0,False,False,False,False,False
401636903,2024,8,2024-10-20T02:30:00.000Z,False,False,True,53299.0,587,Rice-Eccles Stadium,254,Utah,Big 12,7.0,"[0, 0, 7, 0]",0.0624671764671802,1589.0,1572.0,2628,TCU,fbs,Big 12,13.0,"[0, 10, 3, 0]",0.9375328235328196,1508.0,1525.0,4.9222024427525914,51444.0,False,False,Salt Lake City,UT,84112.0,US,America/Denver,40.7599724,-111.8488255,1411.543579,1998.0,2024-10-20,7.2,0.0,3.8,1.0360586268563876,1.0,False,False,True,False,False
401640984,2024,9,2024-10-22T23:30:00.000Z,False,True,True,10625.0,2031,Pitbull Stadium,2229,Florida International,Conference USA,7.0,"[0, 0, 0, 7]",0.4008624255657196,1241.0,1248.0,2534,Sam Houston,fbs,Conference USA,10.0,"[0, 0, 7, 3]",0.5991375744342804,1422.0,1415.0,4.370862026824527,20000.0,False,False,Miami,FL,33199.0,US,America/New_York,25.7525,-80.37778,6.0,1995.0,2024-10-22,25.2,0.0,18.9,0.53125,,False,False,False,False,False
401641011,2024,9,2024-10-23T00:00:00.000Z,False,False,True,15168.0,3776,Joe Aillet Stadium,2348,Louisiana Tech,Conference USA,14.0,"[0, 7, 0, 7]",0.5261403918266296,1285.0,1284.0,2638,UTEP,fbs,Conference USA,10.0,"[7, 0, 3, 0]",0.4738596081733703,1161.0,1162.0,6.062660627315135,28019.0,False,False,Ruston,LA,71272.0,US,America/Chicago,32.5321487,-92.6560019,72.87982941,1968.0,2024-10-23,20.5,0.0,7.6,0.5413469431457225,0.0,False,False,False,False,False
401640993,2024,9,2024-10-23T23:00:00.000Z,False,False,True,8209.0,4899,Fifth Third Stadium,338,Kennesaw State,Conference USA,27.0,"[7, 7, 7, 6]",0.8931236267089844,1255.0,1261.0,2335,Liberty,fbs,Conference USA,24.0,"[7, 7, 3, 7]",0.1068763732910156,1581.0,1575.0,5.463549571815046,11040.0,True,False,Kennesaw,GA,30144.0,US,America/New_York,34.0289318,-84.5676234,296.9589844,2010.0,2024-10-23,20.2,0.0,7.2,0.7435688405797102,0.0,False,False,False,False,False
401641003,2024,9,2024-10-23T23:30:00.000Z,False,False,True,17988.0,3662,AmFirst Stadium,55,Jacksonville State,Conference USA,42.0,"[14, 0, 21, 7]",0.9147096276283264,1637.0,1642.0,2393,Middle Tennessee,fbs,Conference USA,20.0,"[10, 0, 3, 7]",0.0852903723716735,1142.0,1137.0,3.7580919765213023,24000.0,False,False,Jacksonville,AL,36265.0,US,America/Chicago,33.8201052,-85.76647,198.0679016,1947.0,2024-10-23,20.9,0.0,6.0,0.7495,0.0,False,False,False,False,False
401643815,2024,9,2024-10-24T23:00:00.000Z,False,False,True,18281.0,3918,S.B. Ballard Stadium,295,Old Dominion,Sun Belt,47.0,"[13, 17, 14, 3]",0.9953979849815368,1416.0,1494.0,290,Georgia Southern,fbs,Sun Belt,19.0,"[0, 7, 6, 6]",0.0046020150184631,1449.0,1371.0,2.680605598327148,20118.0,False,False,Norfolk,VA,23551.0,US,America/New_York,36.8889533,-76.3049175,3.147987843,1936.0,2024-10-24,16.6,0.0,10.7,0.908688736454916,1.0,False,False,False,False,False
401634770,2024,9,2024-10-24T23:30:00.000Z,False,False,True,47266.0,3752,Acrisure Stadium,221,Pittsburgh,ACC,41.0,"[17, 14, 0, 10]",0.9981264472007751,1513.0,1576.0,183,Syracuse,fbs,ACC,13.0,"[0, 0, 6, 7]",0.0018735527992248,1423.0,1360.0,2.134847606448981,68400.0,True,False,Pittsburgh,PA,15260.0,US,America/New_York,40.4467648,-80.0157603,220.5887146,2001.0,2024-10-24,12.5,0.0,1.9,0.6910233918128655,0.0,False,False,False,False,False
401634771,2024,9,2024-10-25T23:30:00.000Z,False,False,True,42887.0,3615,"Alumni Stadium (Chestnut Hill, MA)",103,Boston College,ACC,27.0,"[7, 13, 7, 0]",0.3663735687732696,1418.0,1428.0,97,Louisville,fbs,ACC,31.0,"[0, 7, 10, 14]",0.6336264312267303,1691.0,1681.0,5.73443917987525,44500.0,False,False,Chestnut Hill,MA,2467.0,US,America/New_York,42.335104,-71.1664413,39.82634354,1957.0,2024-10-25,10.3,0.0,9.3,0.963752808988764,1.0,False,False,False,False,False
401643740,2024,9,2024-10-26T02:30:00.000Z,False,False,True,42228.0,6501,Allegiant Stadium,2439,UNLV,Mountain West,24.0,"[10, 0, 14, 0]",0.6578167644895134,1674.0,1668.0,68,Boise State,fbs,Mountain West,29.0,"[3, 17, 3, 6]",0.3421832355104865,1711.0,1717.0,6.3665972191,65000.0,False,True,Las Vegas,NV,89118.0,US,America/Los_Angeles,36.09075,-115.183722,666.0,2020.0,2024-10-26,23.7,0.0,11.2,0.6496615384615385,0.0,False,False,False,False,False
401628532,2024,9,2024-10-26T03:00:00.000Z,False,False,True,63404.0,477,Los Angeles Memorial Coliseum,30,USC,Big Ten,42.0,"[14, 14, 14, 0]",0.9954424500465392,1756.0,1776.0,164,Rutgers,fbs,Big Ten,20.0,"[3, 9, 8, 0]",0.0045575499534606,1432.0,1412.0,2.833277906387177,77500.0,True,False,Los Angeles,CA,90089.0,US,America/Los_Angeles,34.014167,-118.287778,42.50374222,1923.0,2024-10-26,16.8,0.0,8.2,0.818116129032258,0.0,False,False,False,False,False
401635597,2024,9,2024-10-26T16:00:00.000Z,False,False,True,65633.0,3799,Lane Stadium,259,Virginia Tech,ACC,21.0,"[0, 14, 7, 0]",0.8615702986717224,1674.0,1697.0,59,Georgia Tech,fbs,ACC,6.0,"[3, 3, 0, 0]",0.1384297013282776,1581.0,1558.0,3.885755240419359,65632.0,True,False,Blacksburg,VA,24061.0,US,America/New_York,37.2199873,-80.4180643,632.2631226,1965.0,2024-10-26,18.8,0.0,12.9,1.0000152364700146,1.0,False,False,True,False,False
401628526,2024,9,2024-10-26T16:00:00.000Z,False,False,True,53082.0,3830,"Memorial Stadium (Bloomington, IN)",84,Indiana,Big Ten,31.0,"[7, 10, 7, 7]",0.9245380163192748,1791.0,1812.0,264,Washington,fbs,Big Ten,17.0,"[0, 7, 7, 3]",0.0754619836807251,1707.0,1686.0,3.7298396708999006,52656.0,False,False,Bloomington,IN,47408.0,US,America/Indiana/Indianapolis,39.1808959,-86.5256217,231.6500854,1960.0,2024-10-26,14.8,0.0,13.4,1.0080902461257977,1.0,False,False,True,False,False
401628983,2024,9,2024-10-26T16:00:00.000Z,False,True,False,76112.0,3839,MetLife Stadium,2426,Navy,American Athletic,14.0,"[0, 7, 7, 0]",0.0583665706217289,1612.0,1564.0,87,Notre Dame,fbs,FBS Independents,51.0,"[14, 17, 13, 7]",0.9416334293782712,2021.0,2069.0,3.2948967211317486,82500.0,False,False,East Rutherford,NJ,7073.0,US,America/New_York,40.813611,-74.074444,1.68149209,2010.0,2024-10-26,17.5,0.0,22.1,0.9225696969696968,,False,False,False,False,False
401635598,2024,9,2024-10-26T16:00:00.000Z,False,False,True,44550.0,3923,Scott Stadium,258,Virginia,ACC,14.0,"[3, 3, 0, 8]",0.0019394317641854,1425.0,1359.0,153,North Carolina,fbs,ACC,41.0,"[7, 17, 14, 3]",0.9980605682358146,1489.0,1555.0,3.7115022843794714,61500.0,True,False,Charlottesville,VA,22904.0,US,America/New_York,38.0311801,-78.5137897,170.4677429,1931.0,2024-10-26,21.5,0.0,11.3,0.724390243902439,0.0,False,False,False,False,False
401644755,2024,9,2024-10-26T16:00:00.000Z,False,False,True,16048.0,3876,Peden Stadium,195,Ohio,Mid-American,47.0,"[3, 21, 9, 14]",0.98528653383255,1394.0,1463.0,2084,Buffalo,fbs,Mid-American,16.0,"[0, 10, 6, 0]",0.0147134661674499,1275.0,1206.0,3.440412121223079,24000.0,False,False,Athens,OH,45701.0,US,America/New_York,39.3212794,-82.1034315,194.230896,1929.0,2024-10-26,15.1,0.0,11.0,0.6686666666666666,0.0,False,False,False,False,False
401645354,2024,9,2024-10-26T16:00:00.000Z,False,False,True,23138.0,3825,DATCU Stadium,249,North Texas,American Athletic,37.0,"[3, 14, 7, 13]",0.03623753413558,1456.0,1462.0,2655,Tulane,fbs,American Athletic,45.0,"[21, 10, 14, 0]",0.96376246586442,1738.0,1732.0,4.429286316382255,30850.0,False,False,Denton,TX,76210.0,US,America/Chicago,33.203899,-97.159245,198.6871948,2011.0,2024-10-26,22.7,0.0,14.5,0.7500162074554295,0.0,False,False,False,False,False
401645353,2024,9,2024-10-26T16:00:00.000Z,False,False,True,25478.0,3805,Simmons Bank Liberty Stadium,235,Memphis,American Athletic,33.0,"[0, 7, 14, 12]",0.6314959526062012,1612.0,1601.0,2429,Charlotte,fbs,American Athletic,28.0,"[7, 0, 0, 21]",0.3685040473937988,1196.0,1207.0,7.099446363986192,58325.0,False,False,Memphis,TN,38152.0,US,America/Chicago,35.1209429,-89.977147,90.62445831,1965.0,2024-10-26,21.7,0.0,16.4,0.4368281183026146,0.0,False,False,False,False,False
401628402,2024,9,2024-10-26T16:00:00.000Z,False,False,True,67926.0,3974,Vaught-Hemingway Stadium,145,Ole Miss,SEC,26.0,"[7, 3, 13, 3]",0.9788252711296082,1905.0,1911.0,201,Oklahoma,fbs,SEC,14.0,"[7, 7, 0, 0]",0.0211747288703918,1694.0,1688.0,4.50648850376662,64038.0,True,False,Oxford,MS,38677.0,US,America/Chicago,34.3619837,-89.5342076,146.8517151,1915.0,2024-10-26,23.9,0.0,8.3,1.060713951091539,1.0,False,False,True,False,False
401628530,2024,9,2024-10-26T16:00:00.000Z,False,False,True,104830.0,3861,Ohio Stadium,194,Ohio State,Big Ten,21.0,"[7, 7, 0, 7]",0.9222075939178468,2076.0,2063.0,158,Nebraska,fbs,Big Ten,17.0,"[0, 6, 3, 8]",0.0777924060821533,1454.0,1467.0,5.056567931514018,102780.0,False,False,Columbus,OH,43210.0,US,America/New_York,40.0016447,-83.0197266,216.6770325,1922.0,2024-10-26,13.6,0.0,9.6,1.019945514691574,1.0,False,False,True,False,False
401628403,2024,9,2024-10-26T16:45:00.000Z,False,False,True,49303.0,3693,Davis Wade Stadium,344,Mississippi State,SEC,25.0,"[7, 3, 15, 0]",0.0,1405.0,1322.0,8,Arkansas,fbs,SEC,58.0,"[17, 14, 10, 17]",1.0,1490.0,1573.0,3.582759494031044,61337.0,True,False,Starkville,MS,39762.0,US,America/Chicago,33.4563403,-88.7933652,110.2742081,1914.0,2024-10-26,25.1,0.0,6.1,0.8038052072973898,0.0,False,False,False,False,False
401643816,2024,9,2024-10-26T17:00:00.000Z,False,False,True,33783.0,3792,Kidd Brewer Stadium,2026,App State,Sun Belt,33.0,"[2, 16, 7, 8]",1.0,1330.0,1337.0,2247,Georgia State,fbs,Sun Belt,26.0,"[0, 16, 7, 3]",0.0,1291.0,1284.0,6.175118715623405,30000.0,False,False,Boone,NC,28608.0,US,America/New_York,36.2114267,-81.6854278,991.3414307,1962.0,2024-10-26,19.0,0.9,14.8,1.1261,1.0,False,False,True,False,False
401644687,2024,9,2024-10-26T18:00:00.000Z,False,False,True,10661.0,3996,Yager Stadium,193,Miami (OH),Mid-American,46.0,"[3, 13, 10, 20]",0.990860402584076,1497.0,1569.0,2117,Central Michigan,fbs,Mid-American,7.0,"[7, 0, 0, 0]",0.009139597415924,1188.0,1116.0,3.5626283030138493,24286.0,False,False,Oxford,OH,45056.0,US,America/New_York,39.5197009,-84.7330255,242.2643585,1983.0,2024-10-26,15.3,0.0,15.1,0.4389771885036647,0.0,False,False,False,False,False
401645352,2024,9,2024-10-26T18:00:00.000Z,False,False,True,33744.0,3699,Dowdy-Ficklen Stadium,151,East Carolina,American Athletic,56.0,"[13, 14, 29, 0]",1.0,1292.0,1328.0,218,Temple,fbs,American Athletic,34.0,"[14, 7, 7, 6]",0.0,1126.0,1090.0,4.914125950658528,50000.0,True,False,Greenville,NC,27858.0,US,America/New_York,35.5968486,-77.364564,19.0564537,1963.0,2024-10-26,25.0,0.0,8.7,0.67488,0.0,False,False,False,False,False
401628400,2024,9,2024-10-26T19:30:00.000Z,False,False,True,100077.0,3657,Bryant-Denny Stadium,333,Alabama,SEC,34.0,"[3, 10, 14, 7]",0.9217037558555604,1996.0,2058.0,142,Missouri,fbs,SEC,0.0,"[0, 0, 0, 0]",0.0782962441444397,1735.0,1673.0,2.7240010291755583,101821.0,True,False,Tuscaloosa,AL,35487.0,US,America/Chicago,33.2082752,-87.5503836,70.05136108,1929.0,2024-10-26,28.8,0.0,6.9,0.9828719026526944,1.0,False,False,False,False,False
401635599,2024,9,2024-10-26T19:30:00.000Z,False,False,True,23471.0,3940,Stanford Stadium,24,Stanford,ACC,24.0,"[0, 17, 0, 7]",0.208140343427658,1208.0,1212.0,154,Wake Forest,fbs,ACC,27.0,"[14, 10, 0, 3]",0.7918596565723419,1353.0,1349.0,6.332700759681029,50424.0,True,False,Stanford,CA,94305.0,US,America/Los_Angeles,37.4345556,-122.1611271,18.38425636,2006.0,2024-10-26,23.4,0.0,4.1,0.4654727907345708,0.0,False,False,False,False,False
401636906,2024,9,2024-10-26T19:30:00.000Z,False,False,True,44987.0,4727,McLane Stadium,239,Baylor,Big 12,38.0,"[3, 14, 7, 14]",0.9991186261177064,1545.0,1558.0,197,Oklahoma State,fbs,Big 12,28.0,"[3, 14, 3, 8]",0.0008813738822937,1490.0,1477.0,5.355524893847398,45140.0,False,False,Waco,TX,76704.0,US,America/Chicago,31.5582015,-97.1156702,117.0538101,2014.0,2024-10-26,30.7,0.0,6.4,0.9966105449712008,1.0,False,False,False,False,False
401636911,2024,9,2024-10-26T19:30:00.000Z,False,False,True,42144.0,3652,FBC Mortgage Stadium,2116,UCF,Big 12,24.0,"[0, 10, 0, 14]",0.0072669200599193,1503.0,1489.0,252,BYU,fbs,Big 12,37.0,"[7, 17, 10, 3]",0.9927330799400806,1664.0,1678.0,3.679114012173504,44206.0,True,False,Orlando,FL,32816.0,US,America/New_York,28.6079765,-81.1927233,20.94113731,2007.0,2024-10-26,27.4,0.0,15.6,0.953354748224223,1.0,False,False,False,False,False
401636910,2024,9,2024-10-26T19:30:00.000Z,False,False,True,42144.0,3616,Amon G. Carter Stadium,2628,TCU,Big 12,35.0,"[14, 0, 7, 14]",0.346099853515625,1525.0,1527.0,2641,Texas Tech,fbs,Big 12,34.0,"[3, 14, 14, 3]",0.653900146484375,1556.0,1554.0,6.063593280346528,46000.0,True,False,Fort Worth,TX,76129.0,US,America/Chicago,32.7096604,-97.3680835,185.4387054,1929.0,2024-10-26,28.2,0.0,13.2,0.9161739130434784,1.0,False,False,False,False,False
401645308,2024,9,2024-10-26T19:30:00.000Z,False,False,False,14374.0,3985,Warren McGuirk Alumni Stadium,113,Massachusetts,FBS Independents,35.0,"[7, 14, 0, 14]",0.9525712132453918,986.0,986.0,2681,Wagner,fcs,NEC,7.0,"[0, 0, 7, 0]",0.0474287867546081,1480.0,1472.0,2.255712112623948,17000.0,False,False,Hadley,MA,1003.0,US,America/New_York,42.3773244,-72.5360595,46.58664703,1965.0,2024-10-26,15.1,0.0,18.4,0.8455294117647059,0.0,False,False,False,True,False
401644754,2024,9,2024-10-26T19:30:00.000Z,False,False,True,29697.0,3739,Glass Bowl,2649,Toledo,Mid-American,26.0,"[7, 13, 6, 0]",0.0017360690981149,1518.0,1472.0,189,Bowling Green,fbs,Mid-American,41.0,"[14, 14, 3, 10]",0.998263930901885,1410.0,1456.0,5.322220181025405,26038.0,False,False,Toledo,OH,43606.0,US,America/New_York,41.6574777,-83.6135652,181.4839783,1937.0,2024-10-26,13.5,0.0,15.3,1.1405253859743452,1.0,False,False,True,False,False
401644753,2024,9,2024-10-26T19:30:00.000Z,False,False,True,15318.0,3919,Scheumann Stadium,2050,Ball State,Mid-American,25.0,"[7, 12, 0, 6]",0.958755373954773,1089.0,1094.0,2459,Northern Illinois,fbs,Mid-American,23.0,"[7, 7, 0, 9]",0.041244626045227,1460.0,1455.0,6.495835801520888,22500.0,False,False,Muncie,IN,47306.0,US,America/Indiana/Indianapolis,40.2159422,-85.4161148,285.481781,1967.0,2024-10-26,14.9,0.0,14.9,0.6808,0.0,False,False,False,False,False
401644752,2024,9,2024-10-26T19:30:00.000Z,False,False,True,4277.0,3768,InfoCision Stadium,2006,Akron,Mid-American,25.0,"[8, 10, 0, 7]",0.8456786274909973,1049.0,1059.0,2199,Eastern Michigan,fbs,Mid-American,21.0,"[0, 0, 14, 7]",0.1543213725090026,1262.0,1252.0,5.118649271685231,30000.0,False,False,Akron,OH,44399.0,US,America/New_York,41.0725534,-81.5083408,321.2875061,2009.0,2024-10-26,12.5,0.0,18.1,0.1425666666666666,0.0,False,False,False,False,False
401643817,2024,9,2024-10-26T19:30:00.000Z,False,False,True,25399.0,3651,Bridgeforth Stadium,256,James Madison,Sun Belt,32.0,"[0, 17, 8, 7]",1.0,1788.0,1766.0,2572,Southern Miss,fbs,Sun Belt,15.0,"[3, 6, 6, 0]",0.0,1074.0,1096.0,4.295523738194905,24877.0,False,False,Harrisonburg,VA,22807.0,US,America/New_York,38.4352919,-78.8729349,399.303009,1975.0,2024-10-26,18.8,0.0,9.3,1.020983237528641,1.0,False,False,True,False,False
401628527,2024,9,2024-10-26T19:30:00.000Z,False,False,True,69250.0,3793,Kinnick Stadium,2294,Iowa,Big Ten,40.0,"[3, 9, 28, 0]",1.0,1637.0,1693.0,77,Northwestern,fbs,Big Ten,14.0,"[0, 7, 0, 7]",0.0,1543.0,1487.0,4.0583559696859774,69250.0,False,False,Iowa City,IA,52242.0,US,America/Chicago,41.6586045,-91.5510829,220.6357727,1929.0,2024-10-26,14.9,0.0,10.9,1.0,1.0,False,False,False,False,False
401629035,2024,9,2024-10-26T19:30:00.000Z,False,False,False,23711.0,3892,Pratt & Whitney Stadium,41,UConn,FBS Independents,17.0,"[0, 0, 7, 10]",0.8282886743545532,1424.0,1423.0,242,Rice,fbs,American Athletic,10.0,"[3, 0, 0, 7]",0.1717113256454467,1235.0,1236.0,4.909096802623582,40000.0,True,False,East Hartford,CT,6118.0,US,America/New_York,41.7595675,-72.6187728,6.515614986,2003.0,2024-10-26,16.6,0.0,20.2,0.592775,0.0,False,False,False,False,False
401645355,2024,9,2024-10-26T19:30:00.000Z,False,False,True,17439.0,3674,Chapman Stadium,202,Tulsa,American Athletic,46.0,"[0, 7, 17, 22]",0.7328147292137146,1047.0,1057.0,2636,UTSA,fbs,American Athletic,45.0,"[14, 21, 7, 3]",0.2671852707862854,1391.0,1381.0,6.671301551029746,30000.0,False,False,Tulsa,OK,74194.0,US,America/Chicago,36.1489175,-95.9437853,235.5928345,1930.0,2024-10-26,21.9,0.0,13.8,0.5813,0.0,False,False,False,False,False
401628528,2024,9,2024-10-26T19:30:00.000Z,False,False,True,48696.0,3953,Huntington Bank Stadium,135,Minnesota,Big Ten,48.0,"[21, 13, 7, 7]",0.9913734793663024,1534.0,1599.0,120,Maryland,fbs,Big Ten,23.0,"[0, 10, 0, 13]",0.0086265206336975,1553.0,1488.0,2.563468529499896,50850.0,False,False,Minneapolis,MN,55488.0,US,America/Chicago,44.976525,-93.2245462,254.3902283,2009.0,2024-10-26,14.1,0.0,8.4,0.9576401179941004,1.0,False,False,False,False,False
401644756,2024,9,2024-10-26T19:30:00.000Z,False,False,True,23537.0,3980,Waldo Stadium,2711,Western Michigan,Mid-American,52.0,"[14, 24, 7, 7]",0.9937936067581176,1242.0,1288.0,2309,Kent State,fbs,Mid-American,21.0,"[0, 7, 0, 14]",0.0062063932418823,924.0,878.0,2.4775332880371095,30200.0,False,False,Kalamazoo,MI,49008.0,US,America/Detroit,42.2860064,-85.6007573,243.8211212,1939.0,2024-10-26,12.5,0.0,12.6,0.7793708609271524,0.0,False,False,False,False,False
401628525,2024,9,2024-10-26T19:30:00.000Z,False,False,True,59830.0,3626,Autzen Stadium,2483,Oregon,Big Ten,38.0,"[14, 21, 0, 3]",0.9915086627006532,1987.0,2020.0,356,Illinois,fbs,Big Ten,9.0,"[3, 0, 6, 0]",0.0084913372993469,1602.0,1569.0,2.4308420092151564,54000.0,False,False,Eugene,OR,97401.0,US,America/Los_Angeles,44.0582712,-123.0684883,127.4198303,1967.0,2024-10-26,21.0,0.0,8.9,1.107962962962963,1.0,False,False,True,False,False
401635594,2024,9,2024-10-26T20:00:00.000Z,False,False,False,33090.0,3831,California Memorial Stadium,25,California,ACC,44.0,"[14, 17, 10, 3]",0.9847278594970704,1542.0,1653.0,204,Oregon State,fbs,Pac-12,7.0,"[0, 0, 0, 7]",0.0152721405029296,1578.0,1467.0,2.275637894676169,62467.0,False,False,Berkeley,CA,94720.0,US,America/Los_Angeles,37.8710434,-122.2507729,125.3108063,1923.0,2024-10-26,23.9,0.0,5.6,0.5297196919973746,0.0,False,False,False,False,False
401628405,2024,9,2024-10-26T20:15:00.000Z,False,False,True,28934.0,3973,FirstBank Stadium,238,Vanderbilt,SEC,24.0,"[7, 3, 7, 7]",0.1281256973743438,1396.0,1428.0,251,Texas,fbs,SEC,27.0,"[14, 7, 3, 3]",0.8718743026256561,2089.0,2057.0,4.903072463361272,40351.0,False,False,Nashville,TN,37212.0,US,America/Chicago,36.1440455,-86.8088942,159.9194641,1922.0,2024-10-26,20.7,0.0,14.5,0.7170578176501202,0.0,False,False,False,False,False
401643819,2024,9,2024-10-26T21:00:00.000Z,False,False,True,16746.0,6526,Hancock Whitney Stadium,6,South Alabama,Sun Belt,46.0,"[7, 5, 20, 14]",0.99002343416214,1606.0,1644.0,2433,UL Monroe,fbs,Sun Belt,17.0,"[7, 10, 0, 0]",0.0099765658378601,1272.0,1234.0,4.680718169323662,25450.0,False,False,Mobile,AL,36688.0,US,America/Chicago,30.696904,-88.192013,45.0,2020.0,2024-10-26,30.0,0.0,6.6,0.6579960707269156,0.0,False,False,False,False,False
401643741,2024,9,2024-10-26T21:00:00.000Z,False,False,True,36980.0,5388,Canvas Stadium,36,Colorado State,Mountain West,17.0,"[0, 17, 0, 0]",0.7964233160018921,1295.0,1313.0,167,New Mexico,fbs,Mountain West,6.0,"[0, 3, 3, 0]",0.2035766839981079,1273.0,1255.0,3.3476666867524676,36500.0,False,False,Fort Collins,CO,80521.0,US,America/Denver,40.570015,-105.088435,1528.4,2017.0,2024-10-26,19.9,0.0,5.6,1.0131506849315068,1.0,False,False,True,False,False
401643745,2024,9,2024-10-26T23:00:00.000Z,False,False,True,17724.0,3984,War Memorial Stadium,2751,Wyoming,Mountain West,25.0,"[3, 7, 6, 9]",0.3917310535907745,1287.0,1278.0,328,Utah State,fbs,Mountain West,27.0,"[7, 10, 0, 10]",0.6082689464092255,1170.0,1179.0,7.644928469167064,29181.0,False,False,Laramie,WY,82071.0,US,America/Denver,41.31161,-105.5681384,2200.153564,1950.0,2024-10-26,13.5,0.0,15.8,0.6073815153695898,0.0,False,False,False,False,False
401643818,2024,9,2024-10-26T23:00:00.000Z,False,False,True,17162.0,3625,Centennial Bank Stadium,2032,Arkansas State,Sun Belt,34.0,"[13, 10, 3, 8]",0.4746299088001251,1283.0,1286.0,2653,Troy,fbs,Sun Belt,31.0,"[0, 3, 21, 7]",0.5253700911998749,1432.0,1429.0,5.435176444959132,30382.0,False,False,Jonesboro,AR,72404.0,US,America/Chicago,35.8488977,-90.6677436,89.52690887,1974.0,2024-10-26,19.5,0.0,13.0,0.5648739385162267,0.0,False,False,False,False,False
401636905,2024,9,2024-10-26T23:00:00.000Z,False,False,True,49888.0,3619,Arizona Stadium,12,Arizona,Big 12,26.0,"[0, 7, 6, 13]",0.286799669265747,1526.0,1518.0,277,West Virginia,fbs,Big 12,31.0,"[10, 7, 7, 7]",0.7132003307342529,1541.0,1549.0,4.518043074678402,50782.0,False,False,Tucson,AZ,85721.0,US,America/Phoenix,32.2288054,-110.9488677,742.1530151,1928.0,2024-10-26,36.5,0.0,10.0,0.9823953369304084,1.0,False,False,False,False,False
401636908,2024,9,2024-10-26T23:00:00.000Z,False,False,True,28251.0,4728,TDECU Stadium,248,Houston,Big 12,17.0,"[0, 7, 0, 10]",0.5616101622581482,1334.0,1338.0,254,Utah,fbs,Big 12,14.0,"[7, 0, 7, 0]",0.4383898377418518,1572.0,1568.0,5.9040531125440525,40000.0,False,False,Houston,TX,77004.0,US,America/Chicago,29.7219885,-95.3491623,9.57440567,2014.0,2024-10-26,27.7,0.0,12.7,0.706275,0.0,False,False,False,False,False
401635596,2024,9,2024-10-26T23:00:00.000Z,False,False,True,66200.0,3948,Hard Rock Stadium,2390,Miami,ACC,36.0,"[7, 10, 6, 13]",0.9931332468986512,1826.0,1848.0,52,Florida State,fbs,ACC,14.0,"[0, 7, 0, 7]",0.0068667531013488,1526.0,1504.0,3.433825428896072,64767.0,False,False,Miami Gardens,FL,33299.0,US,America/New_York,25.9579665,-80.2388604,2.624486446,1987.0,2024-10-26,24.0,0.0,11.8,1.0221254651288465,1.0,False,False,True,False,False
401628404,2024,9,2024-10-26T23:30:00.000Z,False,False,True,108852.0,3795,Kyle Field,245,Texas A&M,SEC,38.0,"[7, 0, 14, 17]",0.9708772301673888,1771.0,1814.0,99,LSU,fbs,SEC,23.0,"[10, 7, 0, 6]",0.029122769832611,1898.0,1855.0,6.148302054512559,102733.0,True,False,College Station,TX,77843.0,US,America/Chicago,30.6098891,-96.3403828,108.824585,1927.0,2024-10-26,31.4,0.0,1.5,1.0595621660031342,1.0,False,False,True,False,False
401628529,2024,9,2024-10-26T23:30:00.000Z,False,False,True,110849.0,3558,Michigan Stadium,130,Michigan,Big Ten,24.0,"[0, 9, 7, 8]",0.7940862774848938,1817.0,1808.0,127,Michigan State,fbs,Big Ten,17.0,"[7, 0, 3, 7]",0.2059137225151062,1456.0,1465.0,4.483565449869636,107601.0,False,False,Ann Arbor,MI,48109.0,US,America/Detroit,42.2658365,-83.7486956,255.5500031,1927.0,2024-10-26,6.1,0.0,9.9,1.0301855930706965,1.0,False,False,True,False,False
401628531,2024,9,2024-10-26T23:30:00.000Z,False,False,True,76403.0,347,Camp Randall Stadium,275,Wisconsin,Big Ten,13.0,"[3, 7, 3, 0]",0.087540790438652,1755.0,1734.0,213,Penn State,fbs,Big Ten,28.0,"[0, 7, 7, 14]",0.912459209561348,1897.0,1918.0,6.345095632845743,80321.0,False,False,Madison,WI,53711.0,US,America/Chicago,43.06994,-89.4126943,263.604126,1917.0,2024-10-26,10.9,0.0,4.7,0.9512207268335804,1.0,False,False,False,False,False
401628401,2024,9,2024-10-26T23:45:00.000Z,False,False,True,60605.0,3683,Kroger Field,96,Kentucky,SEC,10.0,"[10, 0, 0, 0]",0.0531665086746215,1559.0,1526.0,2,Auburn,fbs,SEC,24.0,"[0, 10, 7, 7]",0.9468334913253784,1552.0,1585.0,3.807051391040596,61000.0,False,False,Lexington,KY,40506.0,US,America/New_York,38.0220905,-84.5053408,307.4248962,1973.0,2024-10-26,12.3,0.0,11.5,0.9935245901639344,1.0,False,False,False,False,False
401635595,2024,9,2024-10-27T00:00:00.000Z,False,False,True,30241.0,3982,Wallace Wade Stadium,150,Duke,ACC,27.0,"[7, 0, 6, 8, 6]",0.8280710577964783,1604.0,1611.0,2567,SMU,fbs,ACC,28.0,"[0, 14, 7, 0, 7]",0.1719289422035217,1786.0,1779.0,8.955365777255066,40004.0,True,False,Durham,NC,27708.0,US,America/New_York,35.9953688,-78.9417564,103.0028152,1929.0,2024-10-27,18.7,0.0,11.9,0.755949405059494,0.0,False,False,False,False,False
401643742,2024,9,2024-10-27T00:00:00.000Z,False,False,True,41343.0,3660,Valley Children's Stadium,278,Fresno State,Mountain West,33.0,"[3, 17, 7, 6]",1.0,1495.0,1559.0,23,San José State,fbs,Mountain West,10.0,"[7, 0, 0, 3]",0.0,1561.0,1497.0,3.6010194088145857,41031.0,False,False,Fresno,CA,93740.0,US,America/Los_Angeles,36.8143527,-119.7580092,102.564064,1980.0,2024-10-27,25.9,0.0,6.9,1.0076040067266214,1.0,False,False,True,False,False
401636909,2024,9,2024-10-27T00:00:00.000Z,False,False,True,52074.0,3636,Bill Snyder Family Stadium,2306,Kansas State,Big 12,29.0,"[0, 16, 7, 6]",0.953384280204773,1799.0,1797.0,2305,Kansas,fbs,Big 12,27.0,"[7, 7, 13, 0]",0.046615719795227,1631.0,1633.0,7.37618899217119,50000.0,False,False,Manhattan,KS,66502.0,US,America/Chicago,39.2020096,-96.5938395,328.0574646,1968.0,2024-10-27,13.2,0.0,11.1,1.04148,1.0,False,False,True,False,False
401636907,2024,9,2024-10-27T02:15:00.000Z,False,False,True,53202.0,3726,Folsom Field,38,Colorado,Big 12,34.0,"[14, 10, 7, 3]",0.9759601950645448,1580.0,1598.0,2132,Cincinnati,fbs,Big 12,23.0,"[7, 7, 0, 9]",0.0240398049354553,1554.0,1536.0,3.91995310646956,50183.0,True,False,Boulder,CO,80309.0,US,America/Denver,40.0094746,-105.266905,1634.041138,1924.0,2024-10-27,12.2,0.0,4.0,1.0601598150768188,1.0,False,False,True,False,False
401643744,2024,9,2024-10-27T02:30:00.000Z,False,False,False,26937.0,7311,Snapdragon Stadium,21,San Diego State,Mountain West,26.0,"[6, 6, 7, 7]",0.089069478213787,1344.0,1355.0,265,Washington State,fbs,Pac-12,29.0,"[7, 7, 0, 15]",0.9109305217862128,1608.0,1597.0,7.208744426166772,35000.0,True,False,San Diego,CA,92093.0,US,America/Los_Angeles,32.784444,-117.122833,62.0,2022.0,2024-10-27,18.9,0.0,5.2,0.7696285714285714,0.0,False,False,False,False,False
401643743,2024,9,2024-10-27T03:59:00.000Z,False,False,True,12006.0,7220,Clarence T.C. Ching Athletics Complex,62,Hawai'i,Mountain West,34.0,"[14, 3, 7, 10]",0.9959653615951538,1167.0,1228.0,2440,Nevada,fbs,Mountain West,13.0,"[0, 0, 7, 6]",0.0040346384048461,1267.0,1206.0,2.210262601897006,15194.0,False,False,Honolulu,HI,96822.0,US,Pacific/Honolulu,21.294294,-157.819338,20.0,2015.0,2024-10-27,25.2,0.2,15.9,0.7901803343425036,0.0,False,False,False,False,False
401640985,2024,10,2024-10-29T23:00:00.000Z,False,True,True,9103.0,2031,Pitbull Stadium,2229,Florida International,Conference USA,34.0,"[0, 7, 13, 14]",1.0,1248.0,1297.0,166,New Mexico State,fbs,Conference USA,13.0,"[0, 6, 0, 7]",0.0,1164.0,1115.0,3.667916315186768,20000.0,False,False,Miami,FL,33199.0,US,America/New_York,25.7525,-80.37778,6.0,1995.0,2024-10-29,25.4,0.0,16.5,0.45515,,False,False,False,False,False
401643820,2024,10,2024-10-29T23:30:00.000Z,False,False,True,16831.0,3644,Bobcat Stadium (TX),326,Texas State,Sun Belt,17.0,"[6, 0, 8, 3]",0.2351609617471695,1602.0,1586.0,309,Louisiana,fbs,Sun Belt,23.0,"[7, 7, 3, 6]",0.7648390382528305,1538.0,1554.0,5.83142085409525,30000.0,False,False,San Marcos,TX,78666.0,US,America/Chicago,29.8910008,-97.9255735,177.8676453,1981.0,2024-10-29,28.9,0.0,28.0,0.5610333333333334,0.0,False,False,False,False,False
401641012,2024,10,2024-10-30T00:00:00.000Z,False,False,True,9128.0,3647,Elliott T. Bowers Stadium,2534,Sam Houston,Conference USA,9.0,"[2, 0, 7, 0]",0.714531421661377,1415.0,1416.0,2348,Louisiana Tech,fbs,Conference USA,3.0,"[3, 0, 0, 0]",0.285468578338623,1284.0,1283.0,4.5651586288576365,14000.0,False,False,Huntsville,TX,77340.0,US,America/Chicago,30.713926,-95.5419802,127.6225204,1986.0,2024-10-30,25.3,0.0,18.2,0.652,0.0,False,False,False,False,False
401640994,2024,10,2024-10-30T23:00:00.000Z,False,False,True,18069.0,3992,Williams Stadium (VA),2335,Liberty,Conference USA,21.0,"[7, 7, 0, 7]",0.0115880900993943,1575.0,1560.0,55,Jacksonville State,fbs,Conference USA,31.0,"[7, 7, 10, 7]",0.9884119099006056,1642.0,1657.0,6.156632346638025,25000.0,False,False,Lynchburg,VA,24502.0,US,America/New_York,37.3544305,-79.1750239,272.9237061,1989.0,2024-10-30,18.7,0.0,12.4,0.72276,0.0,False,False,False,False,False
401641020,2024,10,2024-10-30T23:30:00.000Z,False,False,True,14547.0,3796,Houchens Industries-L.T. Smith Stadium,98,Western Kentucky,Conference USA,31.0,"[21, 3, 0, 7]",0.9927964806556702,1496.0,1512.0,338,Kennesaw State,fbs,Conference USA,14.0,"[7, 0, 0, 7]",0.0072035193443298,1261.0,1245.0,2.9656071851762587,22113.0,False,False,Bowling Green,KY,42101.0,US,America/Chicago,36.9847901,-86.4594041,154.4346619,1968.0,2024-10-30,20.9,0.0,10.8,0.6578483245149912,0.0,False,False,False,False,False
401645356,2024,10,2024-10-31T23:30:00.000Z,False,False,True,12268.0,4418,Jerry Richardson Stadium,2429,Charlotte,American Athletic,3.0,"[0, 3, 0, 0]",0.0057939738035202,1207.0,1182.0,2655,Tulane,fbs,American Athletic,34.0,"[3, 7, 10, 14]",0.9942060261964798,1732.0,1757.0,3.2096889745517068,15300.0,False,False,Charlotte,NC,28223.0,US,America/New_York,35.3105033,-80.7401194,190.365509,2013.0,2024-10-31,20.9,0.0,12.4,0.8018300653594771,0.0,False,False,False,False,False
401629036,2024,10,2024-11-01T23:00:00.000Z,False,False,False,22028.0,3892,Pratt & Whitney Stadium,41,UConn,FBS Independents,34.0,"[10, 3, 7, 14]",0.9898902773857116,1423.0,1425.0,2247,Georgia State,fbs,Sun Belt,27.0,"[0, 10, 3, 14]",0.0101097226142883,1284.0,1282.0,3.981907283892783,40000.0,True,False,East Hartford,CT,6118.0,US,America/New_York,41.7595675,-72.6187728,6.515614986,2003.0,2024-11-01,14.5,0.0,15.8,0.5507,0.0,False,False,False,False,False
401645357,2024,10,2024-11-01T23:30:00.000Z,False,False,True,20111.0,3715,FAU Stadium,2226,Florida Atlantic,American Athletic,21.0,"[7, 7, 7, 0]",0.0018254781607538,1260.0,1207.0,58,South Florida,fbs,American Athletic,44.0,"[0, 7, 24, 13]",0.9981745218392462,1326.0,1379.0,6.177527721032722,29419.0,False,False,Boca Raton,FL,33499.0,US,America/New_York,26.3763763,-80.1015759,3.613628864,2011.0,2024-11-01,25.3,0.0,18.8,0.6836058329650906,0.0,False,False,False,False,False
401643747,2024,10,2024-11-02T00:00:00.000Z,False,False,True,36838.0,3653,Albertsons Stadium,68,Boise State,Mountain West,56.0,"[21, 14, 7, 14]",0.99709951877594,1717.0,1761.0,21,San Diego State,fbs,Mountain West,24.0,"[0, 10, 0, 14]",0.00290048122406,1355.0,1311.0,2.450384884905396,36387.0,False,False,Boise,ID,83725.0,US,America/Boise,43.6028839,-116.1958882,823.2221069,1970.0,2024-11-02,12.8,0.0,22.3,1.0123945365102922,1.0,False,False,True,False,False
401635604,2024,10,2024-11-02T16:00:00.000Z,False,False,True,38454.0,1964,JMA Wireless Dome,183,Syracuse,ACC,38.0,"[0, 3, 15, 13, 7]",0.1981149762868881,1360.0,1391.0,259,Virginia Tech,fbs,ACC,31.0,"[14, 0, 7, 10, 0]",0.8018850237131119,1697.0,1666.0,5.848225410628227,49057.0,False,True,Syracuse,NY,13244.0,US,America/New_York,43.0362269,-76.1363161,162.6989746,1980.0,2024-11-02,5.3,0.2,10.7,0.7838636687934444,0.0,False,False,False,False,False
401628538,2024,10,2024-11-02T16:00:00.000Z,False,False,True,61141.0,3907,Ross-Ade Stadium,2509,Purdue,Big Ten,20.0,"[3, 7, 3, 7, 0]",0.0769179314374923,1212.0,1220.0,77,Northwestern,fbs,Big Ten,26.0,"[10, 7, 0, 3, 6]",0.9230820685625076,1487.0,1479.0,7.667213991707471,57282.0,True,False,West Lafayette,IN,47907.0,US,America/Indiana/Indianapolis,40.4352253,-86.9186843,197.5337677,1924.0,2024-11-02,10.8,0.0,9.3,1.0673684578052445,1.0,False,False,True,False,False
401628410,2024,10,2024-11-02T16:00:00.000Z,False,False,False,82831.0,3835,"Memorial Stadium (Norman, OK)",201,Oklahoma,SEC,59.0,"[7, 28, 14, 10]",0.9941574335098268,1682.0,1682.0,311,Maine,fcs,Coastal Athletic,14.0,"[7, 0, 0, 7]",0.0058425664901733,1480.0,1472.0,2.8021941362466065,86112.0,True,False,Norman,OK,73019.0,US,America/Chicago,35.2058537,-97.4423145,355.0962524,1925.0,2024-11-02,19.7,0.0,18.9,0.9618984578223708,1.0,False,False,False,True,False
401628533,2024,10,2024-11-02T16:00:00.000Z,False,False,True,58088.0,3832,"Memorial Stadium (Champaign, IL)",356,Illinois,Big Ten,17.0,"[0, 10, 0, 7]",0.2151127755641937,1569.0,1556.0,135,Minnesota,fbs,Big Ten,25.0,"[3, 10, 3, 9]",0.7848872244358063,1599.0,1612.0,6.328111491613599,60670.0,False,False,Champaign,IL,61820.0,US,America/Chicago,40.0993268,-88.2359569,223.2471619,1923.0,2024-11-02,10.7,0.0,10.7,0.9574418987967694,1.0,False,False,False,False,False
401635601,2024,10,2024-11-02T16:00:00.000Z,False,False,True,60189.0,3948,Hard Rock Stadium,2390,Miami,ACC,53.0,"[14, 3, 15, 21]",0.9826810359954834,1848.0,1877.0,150,Duke,fbs,ACC,31.0,"[7, 14, 7, 3]",0.0173189640045166,1611.0,1582.0,6.166394966042118,64767.0,False,False,Miami Gardens,FL,33299.0,US,America/New_York,25.9579665,-80.2388604,2.624486446,1987.0,2024-11-02,24.6,1.1,15.5,0.9293158552966788,1.0,False,False,False,False,False
401645359,2024,10,2024-11-02T16:00:00.000Z,False,False,True,17198.0,3604,Alamodome,2636,UTSA,American Athletic,44.0,"[14, 10, 10, 10]",0.9894375205039978,1381.0,1408.0,235,Memphis,fbs,American Athletic,36.0,"[10, 14, 0, 12]",0.0105624794960021,1601.0,1574.0,5.674827280077521,36582.0,False,True,San Antonio,TX,78299.0,US,America/Chicago,29.4169834,-98.4788143,201.5526886,1993.0,2024-11-02,24.3,0.1,17.8,0.4701219178831119,0.0,False,False,False,False,False
401628539,2024,10,2024-11-02T16:00:00.000Z,False,False,True,111030.0,3632,Beaver Stadium,213,Penn State,Big Ten,13.0,"[10, 0, 3, 0]",0.1642239242792129,1918.0,1916.0,194,Ohio State,fbs,Big Ten,20.0,"[7, 7, 3, 3]",0.835776075720787,2063.0,2065.0,4.860483080617873,106572.0,True,False,University Park,PA,16802.0,US,America/New_York,40.8121958,-77.8561023,354.1551514,1960.0,2024-11-02,10.0,0.0,9.3,1.041830874901475,1.0,False,False,True,False,False
401628406,2024,10,2024-11-02T16:00:00.000Z,False,False,True,72894.0,3887,Razorback Stadium,8,Arkansas,SEC,31.0,"[3, 7, 14, 7]",0.0743925869464874,1573.0,1524.0,145,Ole Miss,fbs,SEC,63.0,"[7, 28, 21, 7]",0.9256074130535126,1911.0,1960.0,4.1063445756722805,80000.0,False,False,Fayetteville,AR,72702.0,US,America/Chicago,36.0680662,-94.1789534,403.7972412,1938.0,2024-11-02,18.9,0.0,17.1,0.911175,1.0,False,False,False,False,False
401644757,2024,10,2024-11-02T16:00:00.000Z,False,False,True,4610.0,3768,InfoCision Stadium,2006,Akron,Mid-American,30.0,"[7, 0, 0, 23]",0.0,1059.0,1048.0,2084,Buffalo,fbs,Mid-American,41.0,"[14, 10, 14, 3]",1.0,1206.0,1217.0,4.879553385883938,30000.0,False,False,Akron,OH,44399.0,US,America/New_York,41.0725534,-81.5083408,321.2875061,2009.0,2024-11-02,11.1,0.0,0.9,0.1536666666666666,0.0,False,False,False,False,False
401644758,2024,10,2024-11-02T16:00:00.000Z,False,False,True,13044.0,3912,Rynearson Stadium,2199,Eastern Michigan,Mid-American,28.0,"[7, 3, 9, 9]",0.4525200128555298,1252.0,1261.0,2649,Toledo,fbs,Mid-American,29.0,"[0, 7, 0, 22]",0.5474799871444702,1472.0,1463.0,6.203814989111249,30200.0,False,False,Ypsilanti,MI,48197.0,US,America/Detroit,42.256126,-83.647285,241.248764,1969.0,2024-11-02,9.4,0.0,2.4,0.4319205298013245,0.0,False,False,False,False,False
401635516,2024,10,2024-11-02T16:00:00.000Z,False,False,True,56919.0,3670,Carter-Finley Stadium,152,NC State,ACC,59.0,"[14, 17, 21, 7]",0.9803693294525146,1460.0,1514.0,24,Stanford,fbs,ACC,28.0,"[7, 7, 7, 7]",0.0196306705474853,1212.0,1158.0,3.308469134963688,58000.0,True,False,Raleigh,NC,27695.0,US,America/New_York,35.8008001,-78.7195655,117.0089951,1966.0,2024-11-02,19.0,0.0,11.8,0.9813620689655173,1.0,False,False,False,False,False
401643746,2024,10,2024-11-02T16:00:00.000Z,False,False,False,30046.0,3841,Michie Stadium,349,Army,American Athletic,20.0,"[3, 3, 7, 7]",0.9585425853729248,1649.0,1654.0,2005,Air Force,fbs,Mountain West,3.0,"[0, 3, 0, 0]",0.0414574146270751,1292.0,1287.0,3.1865616903686504,38000.0,False,False,West Point,NY,10996.0,US,America/New_York,41.3874924,-73.9640891,99.21277618,1924.0,2024-11-02,12.0,0.0,14.4,0.7906842105263158,0.0,False,False,False,False,False
401628407,2024,10,2024-11-02T16:45:00.000Z,False,False,True,88043.0,3785,Jordan-Hare Stadium,2,Auburn,SEC,7.0,"[0, 7, 0, 0]",0.5273105502128601,1585.0,1550.0,238,Vanderbilt,fbs,SEC,17.0,"[7, 0, 3, 7]",0.4726894497871399,1428.0,1463.0,4.866180279550277,87451.0,True,False,Auburn,AL,36849.0,US,America/Chicago,32.6025532,-85.4897479,201.1737976,1939.0,2024-11-02,24.0,0.0,7.8,1.0067695052086312,1.0,False,False,True,False,False
401645358,2024,10,2024-11-02T18:30:00.000Z,False,False,True,17944.0,7221,Protective Stadium,5,UAB,American Athletic,59.0,"[21, 24, 14, 0]",1.0,1090.0,1195.0,202,Tulsa,fbs,American Athletic,21.0,"[0, 7, 7, 7]",0.0,1057.0,952.0,3.4391453524152045,45000.0,False,False,Birmingham,AL,35203.0,US,America/Chicago,33.5206824,-86.8024326,187.0,2021.0,2024-11-02,24.3,0.0,5.9,0.3987555555555555,0.0,False,False,False,False,False
401643821,2024,10,2024-11-02T18:30:00.000Z,False,False,True,34954.0,3792,Kidd Brewer Stadium,2026,App State,Sun Belt,28.0,"[7, 7, 7, 7]",0.9052767753601074,1337.0,1359.0,295,Old Dominion,fbs,Sun Belt,20.0,"[3, 14, 3, 0]",0.0947232246398925,1494.0,1472.0,5.052457299850726,30000.0,False,False,Boone,NC,28608.0,US,America/New_York,36.2114267,-81.6854278,991.3414307,1962.0,2024-11-02,12.1,0.0,6.3,1.1651333333333334,1.0,False,False,True,False,False
401643822,2024,10,2024-11-02T19:30:00.000Z,False,False,True,21478.0,3775,Joan C. Edwards Stadium,276,Marshall,Sun Belt,28.0,"[7, 7, 0, 14]",0.6684921979904175,1417.0,1415.0,2433,UL Monroe,fbs,Sun Belt,23.0,"[7, 7, 0, 9]",0.3315078020095825,1234.0,1236.0,5.233381523300132,38016.0,False,False,Huntington,WV,25755.0,US,America/New_York,38.4247042,-82.4214412,163.7328186,1991.0,2024-11-02,17.3,0.0,5.9,0.5649726430976431,0.0,False,False,False,False,False
401641026,2024,10,2024-11-02T19:30:00.000Z,False,False,True,14775.0,3946,Sun Bowl,2638,UTEP,Conference USA,13.0,"[3, 7, 3, 0]",0.5200823545455933,1162.0,1147.0,2393,Middle Tennessee,fbs,Conference USA,20.0,"[3, 7, 3, 7]",0.4799176454544067,1137.0,1152.0,4.804823095507587,51500.0,False,False,El Paso,TX,79968.0,US,America/Denver,31.7733353,-106.507957,1183.697876,1963.0,2024-11-02,22.8,0.0,15.8,0.2868932038834951,0.0,False,False,False,False,False
401635602,2024,10,2024-11-02T19:30:00.000Z,False,False,True,55107.0,3697,Doak Campbell Stadium,52,Florida State,ACC,11.0,"[3, 0, 8, 0]",0.0058413613587617,1504.0,1447.0,153,North Carolina,fbs,ACC,35.0,"[0, 14, 14, 7]",0.9941586386412382,1555.0,1612.0,3.522912846803519,67277.0,True,False,Tallahassee,FL,32306.0,US,America/New_York,30.4381692,-84.3044032,19.55942535,1950.0,2024-11-02,28.4,0.0,9.0,0.8191060838027855,0.0,False,False,False,False,False
401628534,2024,10,2024-11-02T19:30:00.000Z,False,False,True,68423.0,3936,Spartan Stadium,127,Michigan State,Big Ten,10.0,"[10, 0, 0, 0]",0.006686651147902,1465.0,1402.0,84,Indiana,fbs,Big Ten,47.0,"[0, 21, 12, 14]",0.993313348852098,1812.0,1875.0,3.9259097028497663,75005.0,True,False,East Lansing,MI,48824.0,US,America/Detroit,42.7281474,-84.4848526,254.8794861,1923.0,2024-11-02,10.9,0.0,1.9,0.9122458502766482,1.0,False,False,False,False,False
401636914,2024,10,2024-11-02T19:30:00.000Z,False,False,True,61500.0,3772,Jack Trice Stadium,66,Iowa State,Big 12,22.0,"[3, 10, 0, 9]",0.6836656928062439,1771.0,1759.0,2641,Texas Tech,fbs,Big 12,23.0,"[10, 0, 7, 6]",0.3163343071937561,1554.0,1566.0,7.0710129573159435,61500.0,True,False,Ames,IA,50011.0,US,America/Chicago,42.0139977,-93.6357716,274.9135437,1975.0,2024-11-02,12.9,0.0,13.6,1.0,1.0,False,False,False,False,False
401636916,2024,10,2024-11-02T19:30:00.000Z,False,False,True,42110.0,3652,FBC Mortgage Stadium,2116,UCF,Big 12,56.0,"[14, 21, 14, 7]",0.9734269976615906,1489.0,1625.0,12,Arizona,fbs,Big 12,12.0,"[0, 6, 6, 0]",0.0265730023384094,1518.0,1382.0,2.687398572208911,44206.0,True,False,Orlando,FL,32816.0,US,America/New_York,28.6079765,-81.1927233,20.94113731,2007.0,2024-11-02,26.1,0.1,17.5,0.9525856218612858,1.0,False,False,False,False,False
401636915,2024,10,2024-11-02T19:30:00.000Z,False,False,True,52202.0,3646,Boone Pickens Stadium,197,Oklahoma State,Big 12,21.0,"[0, 14, 0, 7]",0.0097057595849037,1477.0,1427.0,9,Arizona State,fbs,Big 12,42.0,"[7, 14, 7, 14]",0.9902942404150964,1513.0,1563.0,4.804736047054614,55509.0,False,False,Stillwater,OK,74078.0,US,America/Chicago,36.125673,-97.066513,276.4808655,1919.0,2024-11-02,21.7,0.0,16.0,0.9404240753751644,1.0,False,False,False,False,False
401636913,2024,10,2024-11-02T19:30:00.000Z,False,False,True,23085.0,4728,TDECU Stadium,248,Houston,Big 12,24.0,"[0, 10, 0, 14]",0.9561502933502196,1338.0,1364.0,2306,Kansas State,fbs,Big 12,19.0,"[3, 13, 3, 0]",0.0438497066497802,1797.0,1771.0,5.861245109673602,40000.0,False,False,Houston,TX,77004.0,US,America/Chicago,29.7219885,-95.3491623,9.57440567,2014.0,2024-11-02,26.3,0.5,19.4,0.577125,0.0,False,False,False,False,False
401628537,2024,10,2024-11-02T19:30:00.000Z,False,False,True,87453.0,3834,"Memorial Stadium (Lincoln, NE)",158,Nebraska,Big Ten,20.0,"[0, 7, 7, 6]",0.0749712139368057,1467.0,1453.0,26,UCLA,fbs,Big Ten,27.0,"[3, 10, 14, 0]",0.9250287860631944,1456.0,1470.0,4.7542760354638665,85458.0,False,False,Lincoln,NE,68588.0,US,America/Chicago,40.820682,-96.705594,354.9318848,1923.0,2024-11-02,12.9,0.3,13.5,1.023344800954855,1.0,False,False,True,False,False
401628536,2024,10,2024-11-02T19:30:00.000Z,False,False,True,110576.0,3558,Michigan Stadium,130,Michigan,Big Ten,17.0,"[7, 3, 7, 0]",0.1012860611081123,1808.0,1778.0,2483,Oregon,fbs,Big Ten,38.0,"[7, 21, 3, 7]",0.8987139388918877,2020.0,2050.0,3.8779406947745665,107601.0,False,False,Ann Arbor,MI,48109.0,US,America/Detroit,42.2658365,-83.7486956,255.5500031,1927.0,2024-11-02,11.3,0.0,3.9,1.0276484419289784,1.0,False,False,True,False,False
401628408,2024,10,2024-11-02T19:30:00.000Z,False,True,True,76307.0,3712,EverBank Stadium,61,Georgia,SEC,34.0,"[3, 3, 14, 14]",0.8569247722625732,2058.0,2057.0,57,Florida,fbs,SEC,20.0,"[0, 13, 0, 7]",0.1430752277374267,1634.0,1635.0,7.074802369900887,67858.0,True,False,Jacksonville,FL,32022.0,US,America/New_York,30.323889,-81.6375,1.336527586,1995.0,2024-11-02,25.1,0.1,20.1,1.1245100061893956,,False,False,True,False,False
401645360,2024,10,2024-11-02T20:00:00.000Z,False,False,True,21253.0,3895,Rice Stadium,242,Rice,American Athletic,24.0,"[14, 3, 7, 0]",0.933373212814331,1236.0,1296.0,2426,Navy,fbs,American Athletic,10.0,"[0, 7, 0, 3]",0.0666267871856689,1564.0,1504.0,2.8035960498783488,47000.0,False,False,Houston,TX,77251.0,US,America/Chicago,29.7163297,-95.4093261,7.148301601,1950.0,2024-11-02,24.9,3.0,19.7,0.4521914893617021,0.0,False,False,False,False,False
401643824,2024,10,2024-11-02T20:00:00.000Z,False,False,True,24223.0,3975,Veterans Memorial Stadium (AL),2653,Troy,Sun Belt,38.0,"[7, 21, 7, 3]",1.0,1429.0,1455.0,324,Coastal Carolina,fbs,Sun Belt,24.0,"[7, 0, 17, 0]",0.0,1402.0,1376.0,3.5175536293160845,30000.0,False,False,Troy,AL,36082.0,US,America/Chicago,31.7995565,-85.9518328,154.7746277,1950.0,2024-11-02,26.8,0.0,9.5,0.8074333333333333,0.0,False,False,False,False,False
401643750,2024,10,2024-11-02T20:00:00.000Z,False,False,True,15046.0,3971,University Stadium (NM),167,New Mexico,Mountain West,45.0,"[13, 22, 10, 0]",0.2683567404747009,1255.0,1250.0,2751,Wyoming,fbs,Mountain West,49.0,"[14, 21, 0, 14]",0.7316432595252991,1278.0,1283.0,7.343661416480424,39224.0,False,False,Albuquerque,NM,87131.0,US,America/Denver,35.0669479,-106.6283225,1554.471924,1960.0,2024-11-02,19.9,0.0,14.0,0.3835916785641444,0.0,False,False,False,False,False
401628409,2024,10,2024-11-02T20:15:00.000Z,False,False,False,48617.0,3693,Davis Wade Stadium,344,Mississippi State,SEC,45.0,"[0, 21, 14, 10]",0.8929276466369629,1322.0,1353.0,113,Massachusetts,fbs,FBS Independents,20.0,"[10, 0, 0, 10]",0.1070723533630371,1025.0,994.0,3.783012780583112,61337.0,True,False,Starkville,MS,39762.0,US,America/Chicago,33.4563403,-88.7933652,110.2742081,1914.0,2024-11-02,26.1,0.0,8.1,0.7926210933042046,0.0,False,False,False,False,False
401643749,2024,10,2024-11-02T23:00:00.000Z,False,False,True,41575.0,3660,Valley Children's Stadium,278,Fresno State,Mountain West,20.0,"[7, 6, 7, 0]",0.8474671244621277,1559.0,1540.0,62,Hawai'i,fbs,Mountain West,21.0,"[7, 0, 0, 14]",0.1525328755378723,1228.0,1247.0,6.068856142364836,41031.0,False,False,Fresno,CA,93740.0,US,America/Los_Angeles,36.8143527,-119.7580092,102.564064,1980.0,2024-11-02,20.4,0.0,13.1,1.0132582681387243,1.0,False,False,True,False,False
401628411,2024,10,2024-11-02T23:30:00.000Z,False,False,True,80298.0,3994,Williams-Brice Stadium,2579,South Carolina,SEC,44.0,"[14, 6, 10, 14]",0.9189313650131226,1744.0,1812.0,245,Texas A&M,fbs,SEC,20.0,"[3, 17, 0, 0]",0.0810686349868774,1814.0,1746.0,4.371877774814291,80250.0,True,False,Columbia,SC,29208.0,US,America/New_York,33.9730239,-81.0191726,60.54548645,1934.0,2024-11-02,22.0,0.3,3.4,1.0005981308411216,1.0,False,False,True,False,False
401628540,2024,10,2024-11-02T23:30:00.000Z,False,False,True,71251.0,3765,Husky Stadium,264,Washington,Big Ten,26.0,"[10, 10, 0, 6]",0.7126648426055908,1686.0,1695.0,30,USC,fbs,Big Ten,21.0,"[0, 7, 14, 0]",0.2873351573944092,1776.0,1767.0,5.546024447983016,70138.0,False,False,Seattle,WA,98195.0,US,America/Los_Angeles,47.6503235,-122.3015746,11.65622807,1920.0,2024-11-02,11.8,0.0,18.2,1.0158687159599646,1.0,False,False,True,False,False
401628535,2024,10,2024-11-02T23:30:00.000Z,False,False,True,69250.0,3793,Kinnick Stadium,2294,Iowa,Big Ten,42.0,"[0, 14, 14, 14]",0.9891756176948548,1693.0,1786.0,275,Wisconsin,fbs,Big Ten,10.0,"[3, 0, 0, 7]",0.0108243823051452,1734.0,1641.0,3.032425102181227,69250.0,False,False,Iowa City,IA,52242.0,US,America/Chicago,41.6586045,-91.5510829,220.6357727,1929.0,2024-11-02,12.8,0.0,14.9,1.0,1.0,False,False,False,False,False
401635600,2024,10,2024-11-02T23:30:00.000Z,False,False,True,80446.0,3836,"Memorial Stadium (Clemson, SC)",228,Clemson,ACC,21.0,"[7, 0, 0, 14]",0.3266951739788055,1863.0,1819.0,97,Louisville,fbs,ACC,33.0,"[3, 14, 9, 7]",0.6733048260211945,1681.0,1725.0,4.880672018932013,81500.0,True,False,Clemson,SC,29634.0,US,America/New_York,34.6787737,-82.8432428,205.6452179,1942.0,2024-11-02,19.9,0.0,9.4,0.9870674846625768,1.0,False,False,False,False,False
401643823,2024,10,2024-11-02T23:30:00.000Z,False,False,True,19667.0,6526,Hancock Whitney Stadium,6,South Alabama,Sun Belt,30.0,"[3, 10, 17, 0]",0.6029072999954224,1644.0,1618.0,290,Georgia Southern,fbs,Sun Belt,34.0,"[7, 7, 0, 20]",0.3970927000045776,1371.0,1397.0,6.897640434028847,25450.0,False,False,Mobile,AL,36688.0,US,America/Chicago,30.696904,-88.192013,45.0,2020.0,2024-11-02,24.9,0.0,10.1,0.7727701375245579,0.0,False,False,False,False,False
401628412,2024,10,2024-11-02T23:45:00.000Z,False,False,True,101915.0,3853,Neyland Stadium,2633,Tennessee,SEC,28.0,"[0, 7, 14, 7]",0.9791595339775084,1950.0,1939.0,96,Kentucky,fbs,SEC,18.0,"[7, 3, 0, 8]",0.0208404660224914,1526.0,1537.0,5.698385150253387,102455.0,True,False,Knoxville,TN,37996.0,US,America/New_York,35.9550131,-83.9250128,271.9517212,1921.0,2024-11-02,16.1,0.0,8.6,0.994729393392221,1.0,False,False,False,False,False
401635627,2024,10,2024-11-03T00:00:00.000Z,False,False,True,34648.0,3735,Gerald J. Ford Stadium,2567,SMU,ACC,48.0,"[7, 24, 3, 14]",0.992806315422058,1779.0,1814.0,221,Pittsburgh,fbs,ACC,25.0,"[3, 0, 8, 14]",0.0071936845779418,1576.0,1541.0,2.9127401147276983,32000.0,False,False,University Park,TX,75275.0,US,America/Chicago,32.8377223,-96.7827859,169.4058075,2000.0,2024-11-03,22.6,0.0,22.9,1.08275,1.0,False,False,True,False,False
401643748,2024,10,2024-11-03T00:00:00.000Z,False,False,True,16019.0,3816,Mackay Stadium,2440,Nevada,Mountain West,21.0,"[0, 0, 7, 14]",0.1572398543357849,1206.0,1176.0,36,Colorado State,fbs,Mountain West,38.0,"[14, 3, 11, 10]",0.8427601456642151,1313.0,1343.0,3.8495639379842137,27000.0,False,False,Reno,NV,89557.0,US,America/Los_Angeles,39.5469459,-119.8175435,1406.57605,1966.0,2024-11-03,10.3,0.0,18.0,0.5932962962962963,0.0,False,False,False,False,False
401636912,2024,10,2024-11-03T00:00:00.000Z,False,False,True,44171.0,4727,McLane Stadium,239,Baylor,Big 12,37.0,"[7, 6, 7, 17]",0.4343437778950179,1558.0,1559.0,2628,TCU,fbs,Big 12,34.0,"[7, 10, 10, 7]",0.5656562221049821,1527.0,1526.0,8.663106695,45140.0,False,False,Waco,TX,76704.0,US,America/Chicago,31.5582015,-97.1156702,117.0538101,2014.0,2024-11-03,24.9,0.0,21.8,0.9785334514842712,1.0,False,False,False,False,False
401644760,2024,11,2024-11-06T00:30:00.000Z,False,False,True,7832.0,3786,Kelly/Shorts Stadium,2117,Central Michigan,Mid-American,13.0,"[0, 7, 0, 6]",0.0788438618183136,1116.0,1123.0,189,Bowling Green,fbs,Mid-American,23.0,"[3, 6, 7, 7]",0.9211561381816864,1456.0,1449.0,4.298725467982059,30255.0,False,False,Mount Pleasant,MI,48859.0,US,America/Detroit,43.5777313,-84.7709904,240.9007721,1972.0,2024-11-06,17.7,0.6,21.3,0.2588663030903982,0.0,False,False,False,False,False
401644688,2024,11,2024-11-06T01:00:00.000Z,False,False,True,6412.0,3919,Scheumann Stadium,2050,Ball State,Mid-American,21.0,"[7, 6, 8, 0]",0.0992359668016433,1094.0,1115.0,193,Miami (OH),fbs,Mid-American,27.0,"[7, 14, 0, 6]",0.9007640331983566,1569.0,1548.0,5.072698714033837,22500.0,False,False,Muncie,IN,47306.0,US,America/Indiana/Indianapolis,40.2159422,-85.4161148,285.481781,1967.0,2024-11-06,19.6,0.1,26.1,0.2849777777777778,0.0,False,False,False,False,False
401644762,2024,11,2024-11-07T00:00:00.000Z,False,False,True,10346.0,3980,Waldo Stadium,2711,Western Michigan,Mid-American,28.0,"[7, 7, 7, 7]",0.0196178182959556,1288.0,1272.0,2459,Northern Illinois,fbs,Mid-American,42.0,"[0, 21, 21, 0]",0.9803821817040445,1455.0,1471.0,4.920891555805441,30200.0,False,False,Kalamazoo,MI,49008.0,US,America/Detroit,42.2860064,-85.6007573,243.8211212,1939.0,2024-11-07,10.8,0.0,6.2,0.3425827814569536,0.0,False,False,False,False,False
401644761,2024,11,2024-11-07T00:00:00.000Z,False,False,True,5662.0,3696,Dix Stadium,2309,Kent State,Mid-American,0.0,"[0, 0, 0, 0]",0.001964213559404,878.0,831.0,195,Ohio,fbs,Mid-American,41.0,"[10, 10, 14, 7]",0.998035786440596,1463.0,1510.0,2.9994586920806343,25319.0,False,False,Kent,OH,44242.0,US,America/New_York,41.1390935,-81.31346,321.3641663,1969.0,2024-11-07,15.2,0.0,6.8,0.2236265255341838,0.0,False,False,False,False,False
401643825,2024,11,2024-11-08T01:00:00.000Z,False,False,True,19415.0,3654,Brooks Stadium (SC),324,Coastal Carolina,Sun Belt,38.0,"[14, 3, 14, 7]",0.985301911830902,1376.0,1403.0,2026,App State,fbs,Sun Belt,24.0,"[0, 10, 0, 14]",0.0146980881690979,1359.0,1332.0,2.7128332628103915,21000.0,False,False,Conway,SC,29528.0,US,America/New_York,33.7928506,-79.0166946,13.74894905,2003.0,2024-11-08,20.7,0.0,4.3,0.9245238095238096,1.0,False,False,False,False,False
401645361,2024,11,2024-11-08T01:00:00.000Z,False,False,True,30573.0,3699,Dowdy-Ficklen Stadium,151,East Carolina,American Athletic,49.0,"[21, 14, 7, 7]",0.989633321762085,1328.0,1410.0,2226,Florida Atlantic,fbs,American Athletic,14.0,"[0, 7, 0, 7]",0.010366678237915,1207.0,1125.0,2.290036594726945,50000.0,True,False,Greenville,NC,27858.0,US,America/New_York,35.5968486,-77.364564,19.0564537,1963.0,2024-11-08,20.6,0.0,8.7,0.61146,0.0,False,False,False,False,False
401634773,2024,11,2024-11-09T01:00:00.000Z,False,False,True,28455.0,3630,Allegacy Federal Credit Union Stadium,154,Wake Forest,ACC,36.0,"[7, 7, 7, 15]",0.0805263742804527,1349.0,1353.0,25,California,fbs,ACC,46.0,"[10, 19, 7, 10]",0.9194736257195472,1653.0,1649.0,6.764454071066815,31500.0,False,False,Winston-Salem,NC,27105.0,US,America/New_York,36.1305507,-80.2545851,283.548584,1968.0,2024-11-09,19.6,0.0,13.3,0.9033333333333332,1.0,False,False,False,False,False
401628542,2024,11,2024-11-09T02:00:00.000Z,False,False,True,53467.0,1056,Rose Bowl,26,UCLA,Big Ten,20.0,"[0, 17, 0, 3]",0.7959715723991394,1470.0,1476.0,2294,Iowa,fbs,Big Ten,17.0,"[10, 0, 0, 7]",0.2040284276008606,1786.0,1780.0,5.237328950971543,88565.0,True,False,Pasadena,CA,90095.0,US,America/Los_Angeles,34.1613284,-118.1676462,245.1772461,1922.0,2024-11-09,16.7,0.0,4.9,0.6037034946084796,0.0,False,False,False,False,False
401645362,2024,11,2024-11-09T02:00:00.000Z,False,False,True,23692.0,3805,Simmons Bank Liberty Stadium,235,Memphis,American Athletic,27.0,"[0, 17, 0, 10]",0.4616771340370178,1574.0,1569.0,242,Rice,fbs,American Athletic,20.0,"[6, 7, 0, 7]",0.5383228659629822,1296.0,1301.0,5.092991023986161,58325.0,False,False,Memphis,TN,38152.0,US,America/Chicago,35.1209429,-89.977147,90.62445831,1965.0,2024-11-09,17.3,0.0,15.1,0.4062066009429919,0.0,False,False,False,False,False
401643754,2024,11,2024-11-09T03:30:00.000Z,False,False,True,21832.0,7311,Snapdragon Stadium,21,San Diego State,Mountain West,16.0,"[3, 10, 3, 0]",0.3364467620849609,1311.0,1298.0,167,New Mexico,fbs,Mountain West,21.0,"[14, 0, 0, 7]",0.6635532379150391,1250.0,1263.0,5.732582994127503,35000.0,True,False,San Diego,CA,92093.0,US,America/Los_Angeles,32.784444,-117.122833,62.0,2022.0,2024-11-09,15.6,0.0,7.6,0.6237714285714285,0.0,False,False,False,False,False
401636918,2024,11,2024-11-09T17:00:00.000Z,False,False,True,38007.0,3854,Nippert Stadium,2132,Cincinnati,Big 12,24.0,"[7, 0, 7, 10]",0.3638865053653717,1536.0,1524.0,277,West Virginia,fbs,Big 12,31.0,"[0, 17, 7, 7]",0.6361134946346283,1549.0,1561.0,4.949353077761328,40000.0,False,False,Cincinnati,OH,45221.0,US,America/New_York,39.1312495,-84.5161913,230.0660553,1915.0,2024-11-09,13.7,0.0,14.0,0.950175,1.0,False,False,False,False,False
401635606,2024,11,2024-11-09T17:00:00.000Z,False,False,True,44500.0,3615,"Alumni Stadium (Chestnut Hill, MA)",103,Boston College,ACC,37.0,"[7, 7, 16, 7]",0.984311580657959,1428.0,1433.0,183,Syracuse,fbs,ACC,31.0,"[0, 14, 7, 10]",0.015688419342041,1391.0,1386.0,5.818692236052835,44500.0,False,False,Chestnut Hill,MA,2467.0,US,America/New_York,42.335104,-71.1664413,39.82634354,1957.0,2024-11-09,8.8,0.0,22.2,1.0,1.0,False,False,False,False,False
401645363,2024,11,2024-11-09T17:00:00.000Z,False,False,True,34091.0,3886,Raymond James Stadium,58,South Florida,American Athletic,7.0,"[0, 0, 0, 7]",0.0,1379.0,1339.0,2426,Navy,fbs,American Athletic,28.0,"[14, 7, 0, 7]",1.0,1504.0,1544.0,3.4064884581414354,65828.0,True,False,Tampa,FL,33620.0,US,America/New_York,27.9758691,-82.5033344,11.07972908,1998.0,2024-11-09,28.2,0.0,16.7,0.517879929513277,0.0,False,False,False,False,False
401635609,2024,11,2024-11-09T17:00:00.000Z,False,False,True,47358.0,721,Bobby Dodd Stadium,59,Georgia Tech,ACC,28.0,"[7, 7, 7, 7]",0.94644433259964,1558.0,1577.0,2390,Miami,fbs,ACC,23.0,"[10, 0, 6, 7]",0.0535556674003601,1877.0,1858.0,4.196556885753501,55000.0,False,False,Atlanta,GA,30332.0,US,America/New_York,33.7724449,-84.3928054,279.300415,1913.0,2024-11-09,19.4,0.1,18.3,0.8610545454545454,0.0,False,False,False,False,False
401628544,2024,11,2024-11-09T17:00:00.000Z,False,False,True,44120.0,6577,SHI Stadium,164,Rutgers,Big Ten,26.0,"[7, 7, 0, 12]",0.8420133590698242,1412.0,1434.0,135,Minnesota,fbs,Big Ten,19.0,"[9, 0, 7, 3]",0.1579866409301757,1612.0,1590.0,6.209530180999019,52454.0,False,False,Piscataway,NJ,8854.0,US,America/New_York,40.513611,-74.465278,19.0,1994.0,2024-11-09,11.9,0.0,11.6,0.8411179319022382,0.0,False,False,False,False,False
401628417,2024,11,2024-11-09T17:00:00.000Z,False,False,True,103375.0,3910,DKR-Texas Memorial Stadium,251,Texas,SEC,49.0,"[14, 21, 7, 7]",0.9840566515922546,2057.0,2094.0,57,Florida,fbs,SEC,17.0,"[0, 0, 10, 7]",0.0159433484077453,1635.0,1598.0,2.7076229642444436,100119.0,False,False,Austin,TX,78712.0,US,America/Chicago,30.2836813,-97.7325345,160.3089447,1924.0,2024-11-09,19.8,0.0,15.1,1.0325212996534123,1.0,False,False,True,False,False
401643828,2024,11,2024-11-09T17:00:00.000Z,False,False,True,13720.0,3817,Malone Stadium,2433,UL Monroe,Sun Belt,17.0,"[0, 0, 14, 3]",0.0,1236.0,1220.0,326,Texas State,fbs,Sun Belt,38.0,"[14, 14, 0, 10]",1.0,1586.0,1602.0,4.335981193553452,27617.0,False,False,Monroe,LA,71209.0,US,America/Chicago,32.5308089,-92.0660602,22.998209,1978.0,2024-11-09,23.3,0.2,15.5,0.4967954520766194,0.0,False,False,False,False,False
401628545,2024,11,2024-11-09T17:00:00.000Z,False,False,True,103463.0,3861,Ohio Stadium,194,Ohio State,Big Ten,45.0,"[7, 14, 17, 7]",0.9925447702407836,2065.0,2093.0,2509,Purdue,fbs,Big Ten,0.0,"[0, 0, 0, 0]",0.0074552297592163,1220.0,1192.0,2.070666937290162,102780.0,False,False,Columbus,OH,43210.0,US,America/New_York,40.0016447,-83.0197266,216.6770325,1922.0,2024-11-09,12.2,0.0,12.8,1.0066452617240709,1.0,False,False,True,False,False
401640995,2024,11,2024-11-09T18:00:00.000Z,False,False,True,13500.0,3725,"Johnny ""Red"" Floyd Stadium",2393,Middle Tennessee,Conference USA,17.0,"[7, 0, 0, 10]",0.0335895605385303,1152.0,1144.0,2335,Liberty,fbs,Conference USA,37.0,"[7, 20, 3, 7]",0.9664104394614697,1560.0,1568.0,4.006155846955029,30788.0,False,False,Murfreesboro,TN,37132.0,US,America/Chicago,35.8511463,-86.3681649,191.7279816,1933.0,2024-11-09,24.6,0.0,5.2,0.4384825256593478,0.0,False,False,False,False,False
401629037,2024,11,2024-11-09T19:30:00.000Z,False,False,False,18351.0,7221,Protective Stadium,5,UAB,American Athletic,23.0,"[3, 17, 3, 0]",0.0,1195.0,1197.0,41,UConn,fbs,FBS Independents,31.0,"[3, 0, 7, 21]",1.0,1425.0,1423.0,5.725143772232433,45000.0,False,False,Birmingham,AL,35203.0,US,America/Chicago,33.5206824,-86.8024326,187.0,2021.0,2024-11-09,25.8,0.1,16.0,0.4078,0.0,False,False,False,False,False
401643829,2024,11,2024-11-09T20:00:00.000Z,False,False,True,20502.0,3815,M. M. Roberts Stadium,2572,Southern Miss,Sun Belt,3.0,"[0, 3, 0, 0]",0.0,1096.0,1039.0,276,Marshall,fbs,Sun Belt,37.0,"[3, 14, 17, 3]",1.0,1415.0,1472.0,4.5202759303067195,36000.0,False,False,Hattiesburg,MS,39402.0,US,America/Chicago,31.3289321,-89.3318118,64.52726746,1932.0,2024-11-09,29.8,0.0,16.2,0.5695,0.0,False,False,False,False,False
401635607,2024,11,2024-11-09T20:30:00.000Z,False,False,True,65632.0,3799,Lane Stadium,259,Virginia Tech,ACC,14.0,"[0, 7, 0, 7]",0.0557882115244865,1666.0,1658.0,228,Clemson,fbs,ACC,24.0,"[0, 0, 14, 10]",0.9442117884755136,1819.0,1827.0,4.747879883851768,65632.0,True,False,Blacksburg,VA,24061.0,US,America/New_York,37.2199873,-80.4180643,632.2631226,1965.0,2024-11-09,15.4,0.0,10.6,1.0,1.0,False,False,False,False,False
401643826,2024,11,2024-11-09T20:30:00.000Z,False,False,True,25709.0,3651,Bridgeforth Stadium,256,James Madison,Sun Belt,38.0,"[14, 14, 10, 0]",0.9870517253875732,1766.0,1794.0,2247,Georgia State,fbs,Sun Belt,7.0,"[0, 7, 0, 0]",0.0129482746124267,1282.0,1254.0,2.912088059362898,24877.0,False,False,Harrisonburg,VA,22807.0,US,America/New_York,38.4352919,-78.8729349,399.303009,1975.0,2024-11-09,13.6,0.0,0.6,1.0334445471720866,1.0,False,False,True,False,False
401643755,2024,11,2024-11-09T20:30:00.000Z,False,False,False,37187.0,3893,Reser Stadium,204,Oregon State,Pac-12,13.0,"[0, 10, 3, 0]",0.110768124461174,1467.0,1446.0,23,San José State,fbs,Mountain West,24.0,"[0, 10, 0, 14]",0.889231875538826,1497.0,1518.0,6.9531628349288495,43363.0,False,False,Corvallis,OR,97331.0,US,America/Los_Angeles,44.5594559,-123.2814341,66.90744781,1953.0,2024-11-09,12.5,0.0,2.3,0.8575744298134355,0.0,False,False,False,False,False
401628414,2024,11,2024-11-09T20:30:00.000Z,False,False,True,68126.0,3974,Vaught-Hemingway Stadium,145,Ole Miss,SEC,28.0,"[10, 6, 6, 6]",0.9801396131515504,1960.0,2010.0,61,Georgia,fbs,SEC,10.0,"[7, 0, 3, 0]",0.0198603868484497,2057.0,2007.0,3.6730757093012345,64038.0,True,False,Oxford,MS,38677.0,US,America/Chicago,34.3619837,-89.5342076,146.8517151,1915.0,2024-11-09,21.9,0.5,9.3,1.0638370967238202,1.0,False,False,True,False,False
401628541,2024,11,2024-11-09T20:30:00.000Z,False,False,True,53082.0,3830,"Memorial Stadium (Bloomington, IN)",84,Indiana,Big Ten,20.0,"[7, 10, 0, 3]",0.4176797866821289,1875.0,1876.0,130,Michigan,fbs,Big Ten,15.0,"[3, 0, 6, 6]",0.5823202133178711,1778.0,1777.0,3.557968252059709,52656.0,False,False,Bloomington,IN,47408.0,US,America/Indiana/Indianapolis,39.1808959,-86.5256217,231.6500854,1960.0,2024-11-09,15.8,0.0,12.0,1.0080902461257977,1.0,False,False,True,False,False
401635608,2024,11,2024-11-09T20:30:00.000Z,False,False,True,56919.0,3670,Carter-Finley Stadium,152,NC State,ACC,19.0,"[0, 9, 3, 7]",0.0084523893892765,1514.0,1499.0,150,Duke,fbs,ACC,29.0,"[12, 0, 7, 10]",0.9915476106107236,1582.0,1597.0,5.086037529480641,58000.0,True,False,Raleigh,NC,27695.0,US,America/New_York,35.8008001,-78.7195655,117.0089951,1966.0,2024-11-09,17.3,0.0,12.1,0.9813620689655173,1.0,False,False,False,False,False
401636919,2024,11,2024-11-09T20:30:00.000Z,False,True,True,51109.0,3622,GEHA Field at Arrowhead Stadium,2305,Kansas,Big 12,45.0,"[14, 17, 7, 7]",0.9645452499389648,1633.0,1664.0,66,Iowa State,fbs,Big 12,36.0,"[7, 6, 7, 16]",0.0354547500610351,1759.0,1728.0,3.5466658518556486,76416.0,True,False,Kansas City,MO,64129.0,US,America/Chicago,39.048889,-94.483889,256.798584,1972.0,2024-11-09,16.2,0.2,18.1,0.6688259003350083,,False,False,False,False,False
401629045,2024,11,2024-11-09T20:30:00.000Z,False,False,True,28519.0,3825,DATCU Stadium,249,North Texas,American Athletic,3.0,"[3, 0, 0, 0]",0.1450608968734741,1462.0,1455.0,349,Army,fbs,American Athletic,14.0,"[7, 0, 0, 7]",0.8549391031265259,1654.0,1661.0,3.740931562565803,30850.0,False,False,Denton,TX,76210.0,US,America/Chicago,33.203899,-97.159245,198.6871948,2011.0,2024-11-09,20.8,0.0,8.4,0.9244408427876823,1.0,False,False,False,False,False
401641021,2024,11,2024-11-09T21:00:00.000Z,False,False,True,14728.0,3946,Sun Bowl,2638,UTEP,Conference USA,43.0,"[7, 7, 7, 7, 7, 8]",0.9805501103401184,1147.0,1165.0,338,Kennesaw State,fbs,Conference USA,35.0,"[7, 0, 14, 7, 7, 0]",0.0194498896598815,1245.0,1227.0,7.522709172950741,51500.0,False,False,El Paso,TX,79968.0,US,America/Denver,31.7733353,-106.507957,1183.697876,1963.0,2024-11-09,14.9,0.0,7.7,0.2859805825242718,0.0,False,False,False,False,False
401636921,2024,11,2024-11-09T21:00:00.000Z,False,False,True,60229.0,3784,Jones AT&T Stadium,2641,Texas Tech,Big 12,27.0,"[13, 0, 7, 7]",0.2288302481174469,1566.0,1537.0,38,Colorado,fbs,Big 12,41.0,"[0, 10, 21, 10]",0.7711697518825531,1598.0,1627.0,6.0061020927037045,60454.0,False,False,Lubbock,TX,79409.0,US,America/Chicago,33.5910518,-101.8728824,980.7632446,1947.0,2024-11-09,17.4,0.0,21.2,0.9962781619082276,1.0,False,False,False,False,False
401645364,2024,11,2024-11-09T21:00:00.000Z,False,False,True,30000.0,4729,Yulman Stadium,2655,Tulane,American Athletic,52.0,"[7, 21, 14, 10]",0.9935848712921144,1757.0,1807.0,218,Temple,fbs,American Athletic,6.0,"[0, 0, 0, 6]",0.0064151287078857,1090.0,1040.0,2.0949126866221155,30000.0,False,False,New Orleans,LA,70118.0,US,America/Chicago,29.944616,-90.116692,0.0,2014.0,2024-11-09,27.3,0.1,22.4,1.0,1.0,False,False,False,False,False
401628418,2024,11,2024-11-09T21:15:00.000Z,False,False,True,28934.0,3973,FirstBank Stadium,238,Vanderbilt,SEC,7.0,"[0, 0, 7, 0]",0.0054902089759707,1463.0,1446.0,2579,South Carolina,fbs,SEC,28.0,"[0, 7, 14, 7]",0.9945097910240293,1812.0,1829.0,3.867304664494592,40351.0,False,False,Nashville,TN,37212.0,US,America/Chicago,36.1440455,-86.8088942,159.9194641,1922.0,2024-11-09,19.4,0.0,3.8,0.7170578176501202,0.0,False,False,False,False,False
401641004,2024,11,2024-11-09T21:30:00.000Z,False,False,True,16345.0,3776,Joe Aillet Stadium,2348,Louisiana Tech,Conference USA,37.0,"[7, 14, 9, 7, 0]",0.9360070824623108,1283.0,1297.0,55,Jacksonville State,fbs,Conference USA,44.0,"[7, 21, 0, 9, 7]",0.0639929175376892,1657.0,1643.0,8.017644628510453,28019.0,False,False,Ruston,LA,71272.0,US,America/Chicago,32.5321487,-92.6560019,72.87982941,1968.0,2024-11-09,22.3,1.7,7.3,0.5833541525393483,0.0,False,False,False,False,False
401643827,2024,11,2024-11-09T22:00:00.000Z,False,False,True,16451.0,3666,Cajun Field,309,Louisiana,Sun Belt,55.0,"[10, 21, 17, 7]",0.9592593908309937,1554.0,1621.0,2032,Arkansas State,fbs,Sun Belt,19.0,"[0, 6, 6, 7]",0.0407406091690063,1286.0,1219.0,1.9155071452309809,41426.0,False,False,Lafayette,LA,70506.0,US,America/Chicago,30.2158434,-92.0417371,3.556508303,1971.0,2024-11-09,26.3,0.6,11.2,0.3971177521363395,0.0,False,False,False,False,False
401641036,2024,11,2024-11-09T23:00:00.000Z,False,False,True,12710.0,3601,Aggie Memorial Stadium,166,New Mexico State,Conference USA,28.0,"[7, 0, 14, 7]",0.0695853233337402,1115.0,1121.0,98,Western Kentucky,fbs,Conference USA,41.0,"[14, 10, 7, 10]",0.9304146766662598,1512.0,1506.0,4.935904961781535,28853.0,False,False,Las Cruces,NM,88003.0,US,America/Denver,32.2796202,-106.7411148,1208.201294,1978.0,2024-11-09,15.2,0.0,3.5,0.4405087859148096,0.0,False,False,False,False,False
401636920,2024,11,2024-11-10T00:00:00.000Z,False,False,True,45348.0,3616,Amon G. Carter Stadium,2628,TCU,Big 12,38.0,"[10, 14, 7, 7]",0.9064395427703856,1526.0,1578.0,197,Oklahoma State,fbs,Big 12,13.0,"[0, 0, 6, 7]",0.0935604572296142,1427.0,1375.0,3.101668597329723,46000.0,True,False,Fort Worth,TX,76129.0,US,America/Chicago,32.7096604,-97.3680835,185.4387054,1929.0,2024-11-10,16.7,0.0,7.1,0.9858260869565216,1.0,False,False,False,False,False
401636917,2024,11,2024-11-10T00:00:00.000Z,False,False,True,44940.0,3947,Mountain America Stadium,9,Arizona State,Big 12,35.0,"[7, 14, 7, 7]",0.0337408706545829,1563.0,1568.0,2116,UCF,fbs,Big 12,31.0,"[7, 10, 7, 7]",0.966259129345417,1625.0,1620.0,7.0504533673603,65870.0,True,False,Tempe,AZ,85287.0,US,America/Phoenix,33.4264471,-111.9325005,360.1569519,1958.0,2024-11-10,22.0,0.0,8.9,0.6822529224229543,0.0,False,False,False,False,False
401628416,2024,11,2024-11-10T00:00:00.000Z,False,False,True,101915.0,3853,Neyland Stadium,2633,Tennessee,SEC,33.0,"[7, 13, 10, 3]",0.9013736844062804,1939.0,1930.0,344,Mississippi State,fbs,SEC,14.0,"[0, 7, 7, 0]",0.0986263155937194,1353.0,1362.0,3.5992308326049636,102455.0,True,False,Knoxville,TN,37996.0,US,America/New_York,35.9550131,-83.9250128,271.9517212,1921.0,2024-11-10,18.0,0.0,7.8,0.994729393392221,1.0,False,False,False,False,False
401628543,2024,11,2024-11-10T00:00:00.000Z,False,False,True,59245.0,3626,Autzen Stadium,2483,Oregon,Big Ten,39.0,"[7, 14, 8, 10]",0.983059823513031,2050.0,2047.0,120,Maryland,fbs,Big Ten,18.0,"[3, 7, 0, 8]",0.0169401764869689,1488.0,1491.0,3.4341120328594306,54000.0,False,False,Eugene,OR,97401.0,US,America/Los_Angeles,44.0582712,-123.0684883,127.4198303,1967.0,2024-11-10,12.5,0.0,4.5,1.0971296296296296,1.0,False,False,True,False,False
401628984,2024,11,2024-11-10T00:30:00.000Z,False,False,False,77622.0,3855,Notre Dame Stadium,87,Notre Dame,FBS Independents,52.0,"[7, 14, 10, 21]",0.961488664150238,2069.0,2133.0,52,Florida State,fbs,ACC,3.0,"[3, 0, 0, 0]",0.0385113358497619,1447.0,1383.0,2.5071287390928783,80795.0,False,False,Notre Dame,IN,46556.0,US,America/Indiana/Indianapolis,41.698378,-86.2339425,222.645401,1930.0,2024-11-10,10.6,0.0,19.2,0.960727767807414,1.0,False,False,False,False,False
401628413,2024,11,2024-11-10T00:30:00.000Z,False,False,True,102283.0,3958,Tiger Stadium (LA),99,LSU,SEC,13.0,"[3, 3, 0, 7]",0.0,1855.0,1800.0,333,Alabama,fbs,SEC,42.0,"[14, 7, 7, 14]",1.0,2058.0,2113.0,3.23146818895538,102321.0,True,False,Baton Rouge,LA,70803.0,US,America/Chicago,30.412035,-91.1838163,7.640734673,1924.0,2024-11-10,24.4,0.0,18.7,0.9996286197359292,1.0,False,False,False,False,False
401628415,2024,11,2024-11-10T00:45:00.000Z,False,False,True,62621.0,3838,Memorial Stadium,142,Missouri,SEC,30.0,"[0, 3, 7, 20]",0.9700127840042114,1673.0,1683.0,201,Oklahoma,fbs,SEC,23.0,"[0, 9, 0, 14]",0.0299872159957885,1688.0,1678.0,6.5294130720775945,71168.0,False,False,Columbia,MO,65211.0,US,America/Chicago,38.9358491,-92.3332009,212.6865692,1927.0,2024-11-10,13.5,0.0,12.2,0.8799038893884892,0.0,False,False,False,False,False
401635610,2024,11,2024-11-10T01:00:00.000Z,False,False,True,56693.0,3752,Acrisure Stadium,221,Pittsburgh,ACC,19.0,"[0, 13, 0, 6]",0.334987461566925,1541.0,1519.0,258,Virginia,fbs,ACC,24.0,"[0, 7, 14, 3]",0.665012538433075,1359.0,1381.0,6.285908291028621,68400.0,True,False,Pittsburgh,PA,15260.0,US,America/New_York,40.4467648,-80.0157603,220.5887146,2001.0,2024-11-10,8.8,0.0,10.5,0.8288450292397661,0.0,False,False,False,False,False
401643752,2024,11,2024-11-10T01:00:00.000Z,False,False,True,37143.0,3653,Albertsons Stadium,68,Boise State,Mountain West,28.0,"[14, 0, 7, 7]",0.9336748123168944,1761.0,1741.0,2440,Nevada,fbs,Mountain West,21.0,"[7, 7, 0, 7]",0.0663251876831054,1176.0,1196.0,3.952429135062723,36387.0,False,False,Boise,ID,83725.0,US,America/Boise,43.6028839,-116.1958882,823.2221069,1970.0,2024-11-10,6.0,0.0,9.2,1.020776651001731,1.0,False,False,True,False,False
401628546,2024,11,2024-11-10T01:00:00.000Z,False,False,True,110233.0,3632,Beaver Stadium,213,Penn State,Big Ten,35.0,"[7, 21, 0, 7]",0.988656520843506,1916.0,1967.0,264,Washington,fbs,Big Ten,6.0,"[0, 0, 3, 3]",0.0113434791564941,1695.0,1644.0,2.254180776434667,106572.0,True,False,University Park,PA,16802.0,US,America/New_York,40.8121958,-77.8561023,354.1551514,1960.0,2024-11-10,4.1,0.0,8.3,1.0343523627219158,1.0,False,False,True,False,False
401643753,2024,11,2024-11-10T02:00:00.000Z,False,False,True,12691.0,7220,Clarence T.C. Ching Athletics Complex,62,Hawai'i,Mountain West,27.0,"[7, 3, 10, 7]",0.052156463265419,1247.0,1265.0,2439,UNLV,fbs,Mountain West,29.0,"[12, 0, 10, 7]",0.947843536734581,1668.0,1650.0,6.899657009464809,15194.0,False,False,Honolulu,HI,96822.0,US,Pacific/Honolulu,21.294294,-157.819338,20.0,2015.0,2024-11-10,26.3,0.1,24.4,0.8352639199684085,0.0,False,False,False,False,False
401643751,2024,11,2024-11-10T02:45:00.000Z,False,False,True,14794.0,3713,Falcon Stadium,2005,Air Force,Mountain West,36.0,"[7, 10, 9, 10]",0.9903101325035096,1287.0,1316.0,278,Fresno State,fbs,Mountain West,28.0,"[7, 14, 0, 7]",0.0096898674964904,1540.0,1511.0,5.360165094674511,46692.0,False,False,Colorado Springs,CO,80840.0,US,America/Denver,38.9969701,-104.8436165,2024.875732,1962.0,2024-11-10,-2.5,0.0,3.6,0.3168422856163796,0.0,False,False,False,False,False
401636922,2024,11,2024-11-10T03:15:00.000Z,False,False,True,54383.0,587,Rice-Eccles Stadium,254,Utah,Big 12,21.0,"[0, 21, 0, 0]",0.7878780364990234,1568.0,1572.0,252,BYU,fbs,Big 12,22.0,"[3, 7, 3, 9]",0.2121219635009765,1678.0,1674.0,5.725567163015939,51444.0,False,False,Salt Lake City,UT,84112.0,US,America/Denver,40.7599724,-111.8488255,1411.543579,1998.0,2024-11-10,2.4,0.0,4.4,1.057130083197263,1.0,False,False,True,False,False
401643756,2024,11,2024-11-10T03:30:00.000Z,False,False,False,20011.0,3820,Gesa Field,265,Washington State,Pac-12,49.0,"[7, 14, 14, 14]",0.9887107014656068,1597.0,1606.0,328,Utah State,fbs,Mountain West,28.0,"[7, 0, 7, 14]",0.0112892985343933,1179.0,1170.0,2.707086332110177,32952.0,False,False,Pullman,WA,99164.0,US,America/Los_Angeles,46.731831,-117.1604991,773.9526367,1972.0,2024-11-10,5.6,0.0,3.9,0.6072772517601359,0.0,False,False,False,False,False
401644763,2024,12,2024-11-13T00:00:00.000Z,False,False,True,12708.0,3965,UB Stadium,2084,Buffalo,Mid-American,51.0,"[7, 17, 7, 14, 6]",0.6031242609024048,1217.0,1217.0,2050,Ball State,fbs,Mid-American,48.0,"[7, 21, 7, 10, 3]",0.3968757390975952,1115.0,1115.0,8.024189777437115,30270.0,False,False,Amherst,NY,14260.0,US,America/New_York,42.9991334,-78.7775113,181.5759735,1993.0,2024-11-13,2.4,0.0,4.9,0.4198216055500495,0.0,False,False,False,False,False
401644765,2024,12,2024-11-13T00:00:00.000Z,False,False,True,14661.0,3739,Glass Bowl,2649,Toledo,Mid-American,37.0,"[7, 20, 7, 3]",0.9873344302177428,1463.0,1495.0,2117,Central Michigan,fbs,Mid-American,10.0,"[3, 0, 0, 7]",0.012665569782257,1123.0,1091.0,2.9983125258226258,26038.0,False,False,Toledo,OH,43606.0,US,America/New_York,41.6574777,-83.6135652,181.4839783,1937.0,2024-11-13,4.8,0.0,6.3,0.5630616790844151,0.0,False,False,False,False,False
401644764,2024,12,2024-11-13T00:00:00.000Z,False,False,True,1156.0,3700,Doyt L. Perry Stadium,189,Bowling Green,Mid-American,31.0,"[3, 14, 14, 0]",0.9908657670021056,1449.0,1472.0,2711,Western Michigan,fbs,Mid-American,13.0,"[0, 7, 6, 0]",0.0091342329978942,1272.0,1249.0,3.5183895347971648,24000.0,False,False,Bowling Green,OH,43403.0,US,America/New_York,41.3780114,-83.6225,205.9057465,1966.0,2024-11-13,4.2,0.0,10.0,0.0481666666666666,0.0,False,False,False,False,False
401644766,2024,12,2024-11-14T00:00:00.000Z,False,False,True,6795.0,3764,Huskie Stadium,2459,Northern Illinois,Mid-American,29.0,"[17, 6, 0, 6]",1.0,1471.0,1464.0,2006,Akron,fbs,Mid-American,16.0,"[6, 10, 0, 0]",0.0,1048.0,1055.0,3.8803958567107646,23595.0,False,False,DeKalb,IL,60115.0,US,America/Chicago,41.9339586,-88.7778357,267.4530029,1965.0,2024-11-14,9.6,0.0,19.1,0.287984742530197,0.0,False,False,False,False,False
401644767,2024,12,2024-11-14T00:00:00.000Z,False,False,True,14133.0,3876,Peden Stadium,195,Ohio,Mid-American,35.0,"[0, 14, 7, 14]",0.992637574672699,1510.0,1546.0,2199,Eastern Michigan,fbs,Mid-American,10.0,"[0, 7, 0, 3]",0.007362425327301,1261.0,1225.0,4.563829030956917,24000.0,False,False,Athens,OH,45701.0,US,America/New_York,39.3212794,-82.1034315,194.230896,1929.0,2024-11-14,11.6,0.0,10.8,0.588875,0.0,False,False,False,False,False
401644689,2024,12,2024-11-14T00:00:00.000Z,False,False,True,5328.0,3996,Yager Stadium,193,Miami (OH),Mid-American,34.0,"[10, 7, 14, 3]",,1548.0,1544.0,2309,Kent State,fbs,Mid-American,7.0,"[7, 0, 0, 0]",,831.0,835.0,,24286.0,False,False,Oxford,OH,45056.0,US,America/New_York,39.5197009,-84.7330255,242.2643585,1983.0,2024-11-14,12.3,0.0,17.3,0.2193856542864201,0.0,False,False,False,False,False
401645365,2024,12,2024-11-15T00:30:00.000Z,False,False,True,17979.0,3674,Chapman Stadium,202,Tulsa,American Athletic,31.0,"[3, 14, 7, 7]",0.058173332363367,952.0,971.0,151,East Carolina,fbs,American Athletic,38.0,"[7, 10, 7, 14]",0.9418266676366328,1410.0,1391.0,7.659156769468611,30000.0,False,False,Tulsa,OK,74194.0,US,America/Chicago,36.1489175,-95.9437853,235.5928345,1930.0,2024-11-15,12.8,0.0,7.0,0.5993,0.0,False,False,False,False,False
401643759,2024,12,2024-11-16T01:00:00.000Z,False,False,True,36720.0,5388,Canvas Stadium,36,Colorado State,Mountain West,24.0,"[14, 3, 7, 0]",0.9907070994377136,1343.0,1366.0,2751,Wyoming,fbs,Mountain West,10.0,"[0, 3, 7, 0]",0.0092929005622863,1283.0,1260.0,2.4404590155335266,36500.0,False,False,Fort Collins,CO,80521.0,US,America/Denver,40.570015,-105.088435,1528.4,2017.0,2024-11-16,5.3,0.0,1.2,1.006027397260274,1.0,False,False,True,False,False
401645366,2024,12,2024-11-16T01:00:00.000Z,False,False,True,21350.0,3604,Alamodome,2636,UTSA,American Athletic,48.0,"[14, 13, 3, 18]",0.974008560180664,1408.0,1463.0,249,North Texas,fbs,American Athletic,27.0,"[0, 7, 13, 7]",0.0259914398193359,1455.0,1400.0,3.298597258798221,36582.0,False,True,San Antonio,TX,78299.0,US,America/Chicago,29.4169834,-98.4788143,201.5526886,1993.0,2024-11-16,20.3,0.0,8.7,0.5836203597397627,0.0,False,False,False,False,False
401628553,2024,12,2024-11-16T02:00:00.000Z,False,False,True,68811.0,3765,Husky Stadium,264,Washington,Big Ten,31.0,"[7, 7, 3, 14]",0.5107772946357727,1644.0,1654.0,26,UCLA,fbs,Big Ten,19.0,"[0, 10, 3, 6]",0.4892227053642273,1476.0,1466.0,4.397378392583857,70138.0,False,False,Seattle,WA,98195.0,US,America/Los_Angeles,47.6503235,-122.3015746,11.65622807,1920.0,2024-11-16,7.1,0.0,0.4,0.9810801562633664,1.0,False,False,False,False,False
401636923,2024,12,2024-11-16T03:15:00.000Z,False,False,True,38538.0,3619,Arizona Stadium,12,Arizona,Big 12,27.0,"[7, 3, 17, 0]",0.7833019495010376,1382.0,1440.0,248,Houston,fbs,Big 12,3.0,"[0, 3, 0, 0]",0.2166980504989624,1364.0,1306.0,2.989002931254109,50782.0,False,False,Tucson,AZ,85721.0,US,America/Phoenix,32.2288054,-110.9488677,742.1530151,1928.0,2024-11-16,16.9,0.0,12.3,0.7588909456106494,0.0,False,False,False,False,False
401641013,2024,12,2024-11-16T17:00:00.000Z,False,False,True,13312.0,3796,Houchens Industries-L.T. Smith Stadium,98,Western Kentucky,Conference USA,7.0,"[0, 7, 0, 0]",0.4548585712909698,1506.0,1482.0,2348,Louisiana Tech,fbs,Conference USA,12.0,"[3, 6, 0, 3]",0.5451414287090302,1297.0,1321.0,4.040177810951153,22113.0,False,False,Bowling Green,KY,42101.0,US,America/Chicago,36.9847901,-86.4594041,154.4346619,1968.0,2024-11-16,13.9,0.0,12.3,0.6019988242210464,0.0,False,False,False,False,False
401636925,2024,12,2024-11-16T17:00:00.000Z,False,False,True,54646.0,3726,Folsom Field,38,Colorado,Big 12,49.0,"[14, 7, 7, 21]",0.9381392002105712,1627.0,1684.0,254,Utah,fbs,Big 12,24.0,"[3, 6, 7, 8]",0.0618607997894287,1572.0,1515.0,3.5986710956290917,50183.0,True,False,Boulder,CO,80309.0,US,America/Denver,40.0094746,-105.266905,1634.041138,1924.0,2024-11-16,8.6,0.0,2.6,1.0889344997309849,1.0,False,False,True,False,False
401628550,2024,12,2024-11-16T17:00:00.000Z,False,True,True,38147.0,4250,Wrigley Field,77,Northwestern,Big Ten,7.0,"[0, 7, 0, 0]",0.0151334907859563,1479.0,1486.0,194,Ohio State,fbs,Big Ten,31.0,"[0, 21, 10, 0]",0.9848665092140436,2093.0,2086.0,3.275728726439794,,True,False,Chicago,IL,60654.0,US,America/Chicago,41.8755616,-87.6244212,179.0,1914.0,2024-11-16,9.8,0.0,15.4,,,False,True,False,False,False
401629046,2024,12,2024-11-16T17:00:00.000Z,False,False,False,9115.0,3985,Warren McGuirk Alumni Stadium,113,Massachusetts,FBS Independents,34.0,"[7, 13, 0, 8, 6]",0.2587684094905853,994.0,1017.0,2335,Liberty,fbs,Conference USA,35.0,"[0, 7, 7, 14, 7]",0.7412315905094147,1568.0,1545.0,6.031051648660567,17000.0,False,False,Hadley,MA,1003.0,US,America/New_York,42.3773244,-72.5360595,46.58664703,1965.0,2024-11-16,13.3,0.0,18.0,0.5361764705882353,0.0,False,False,False,False,False
401628419,2024,12,2024-11-16T17:00:00.000Z,False,False,True,74929.0,3887,Razorback Stadium,8,Arkansas,SEC,10.0,"[0, 0, 7, 3]",0.0831659510731697,1524.0,1547.0,251,Texas,fbs,SEC,20.0,"[7, 3, 3, 7]",0.9168340489268304,2094.0,2071.0,4.4377816556590295,80000.0,False,False,Fayetteville,AR,72702.0,US,America/Chicago,36.0680662,-94.1789534,403.7972412,1938.0,2024-11-16,14.9,0.0,15.0,0.9366125,1.0,False,False,False,False,False
401645370,2024,12,2024-11-16T17:00:00.000Z,False,False,True,38914.0,3852,Navy-Marine Corps Memorial Stadium,2426,Navy,American Athletic,0.0,"[0, 0, 0, 0]",0.0070918947458267,1544.0,1477.0,2655,Tulane,fbs,American Athletic,35.0,"[7, 7, 7, 14]",0.9929081052541732,1807.0,1874.0,2.5402487844033095,34000.0,False,False,Annapolis,MD,21402.0,US,America/New_York,38.9846985,-76.5076335,10.74990082,1959.0,2024-11-16,15.0,0.0,21.4,1.1445294117647058,1.0,False,False,True,False,False
401635582,2024,12,2024-11-16T17:00:00.000Z,False,False,True,58667.0,3752,Acrisure Stadium,221,Pittsburgh,ACC,20.0,"[7, 0, 0, 13]",0.292782574892044,1519.0,1531.0,228,Clemson,fbs,ACC,24.0,"[7, 10, 0, 7]",0.7072174251079559,1827.0,1815.0,8.447491259663193,68400.0,True,False,Pittsburgh,PA,15260.0,US,America/New_York,40.4467648,-80.0157603,220.5887146,2001.0,2024-11-16,10.2,0.0,13.4,0.8577046783625731,0.0,False,False,False,False,False
401628426,2024,12,2024-11-16T17:45:00.000Z,False,False,False,88043.0,3785,Jordan-Hare Stadium,2,Auburn,SEC,48.0,"[10, 14, 14, 10]",0.9928672313690186,1550.0,1604.0,2433,UL Monroe,fbs,Sun Belt,14.0,"[0, 0, 7, 7]",0.0071327686309814,1220.0,1166.0,1.6541832310807754,87451.0,True,False,Auburn,AL,36849.0,US,America/Chicago,32.6025532,-85.4897479,201.1737976,1939.0,2024-11-16,18.4,0.0,4.2,1.0067695052086312,1.0,False,False,True,False,False
401643832,2024,12,2024-11-16T18:00:00.000Z,False,False,True,24175.0,3775,Joan C. Edwards Stadium,276,Marshall,Sun Belt,31.0,"[3, 14, 7, 7]",0.9655942916870116,1472.0,1489.0,324,Coastal Carolina,fbs,Sun Belt,19.0,"[7, 0, 0, 12]",0.0344057083129882,1403.0,1386.0,3.971071956949464,38016.0,False,False,Huntington,WV,25755.0,US,America/New_York,38.4247042,-82.4214412,163.7328186,1991.0,2024-11-16,13.1,0.0,5.2,0.6359164562289562,0.0,False,False,False,False,False
401628422,2024,12,2024-11-16T18:30:00.000Z,False,False,False,48370.0,3683,Kroger Field,96,Kentucky,SEC,48.0,"[14, 10, 10, 14]",0.9877020716667176,1527.0,1527.0,93,Murray State,fcs,MVFC,6.0,"[0, 0, 3, 3]",0.0122979283332824,1480.0,1472.0,2.375985203105853,61000.0,False,False,Lexington,KY,40506.0,US,America/New_York,38.0220905,-84.5053408,307.4248962,1973.0,2024-11-16,11.8,0.0,8.7,0.7929508196721311,0.0,False,False,False,True,False
401645369,2024,12,2024-11-16T19:00:00.000Z,False,False,True,12291.0,3806,Lincoln Financial Field,218,Temple,American Athletic,18.0,"[3, 0, 3, 9, 3]",0.6021506786346436,1040.0,1042.0,2226,Florida Atlantic,fbs,American Athletic,15.0,"[0, 7, 0, 8, 0]",0.3978493213653564,1125.0,1123.0,6.296938715983375,69879.0,False,False,Philadelphia,PA,19122.0,US,America/New_York,39.9007995,-75.1675414,3.198706865,2003.0,2024-11-16,16.3,0.0,19.1,0.1758897522860945,0.0,False,False,False,False,False
401628425,2024,12,2024-11-16T19:00:00.000Z,False,False,False,100077.0,3657,Bryant-Denny Stadium,333,Alabama,SEC,52.0,"[14, 17, 7, 14]",0.990824282169342,2130.0,2130.0,2382,Mercer,fcs,Southern,7.0,"[0, 7, 0, 0]",0.0091757178306579,1480.0,1472.0,2.210549656090027,101821.0,True,False,Tuscaloosa,AL,35487.0,US,America/Chicago,33.2082752,-87.5503836,70.05136108,1929.0,2024-11-16,19.1,0.0,1.4,0.9828719026526944,1.0,False,False,False,True,False
401640986,2024,12,2024-11-16T19:00:00.000Z,False,False,True,17688.0,3662,AmFirst Stadium,55,Jacksonville State,Conference USA,34.0,"[3, 17, 0, 14]",0.9359528422355652,1643.0,1640.0,2229,Florida International,fbs,Conference USA,31.0,"[3, 14, 7, 7]",0.0640471577644348,1297.0,1300.0,7.484719132951689,24000.0,False,False,Jacksonville,AL,36265.0,US,America/Chicago,33.8201052,-85.76647,198.0679016,1947.0,2024-11-16,18.0,0.0,4.4,0.737,0.0,False,False,False,False,False
401628547,2024,12,2024-11-16T19:30:00.000Z,False,False,True,52660.0,3832,"Memorial Stadium (Champaign, IL)",356,Illinois,Big Ten,38.0,"[14, 7, 3, 14]",0.99127197265625,1556.0,1593.0,127,Michigan State,fbs,Big Ten,16.0,"[6, 3, 7, 0]",0.00872802734375,1402.0,1365.0,3.933595519465395,60670.0,False,False,Champaign,IL,61820.0,US,America/Chicago,40.0993268,-88.2359569,223.2471619,1923.0,2024-11-16,11.4,0.0,16.1,0.8679742871270809,0.0,False,False,False,False,False
401635581,2024,12,2024-11-16T20:00:00.000Z,False,False,True,33493.0,3831,California Memorial Stadium,25,California,ACC,25.0,"[0, 7, 7, 11]",0.1700242608785629,1649.0,1610.0,183,Syracuse,fbs,ACC,33.0,"[6, 21, 3, 3]",0.8299757391214371,1386.0,1425.0,4.8873771385319476,62467.0,False,False,Berkeley,CA,94720.0,US,America/Los_Angeles,37.8710434,-122.2507729,125.3108063,1923.0,2024-11-16,13.6,0.0,9.6,0.5361710983399235,0.0,False,False,False,False,False
401643760,2024,12,2024-11-16T20:00:00.000Z,False,False,True,,3905,Maverik Stadium,328,Utah State,Mountain West,55.0,"[17, 7, 21, 10]",0.982502818107605,1170.0,1321.0,62,Hawai'i,fbs,Mountain West,10.0,"[0, 3, 0, 7]",0.017497181892395,1265.0,1114.0,2.1374518319933893,25513.0,False,False,Logan,UT,84322.0,US,America/Denver,41.7517394,-111.8116007,1427.914429,1968.0,2024-11-16,1.7,0.0,1.7,,,True,False,False,False,False
401641022,2024,12,2024-11-16T20:00:00.000Z,False,False,True,7736.0,4899,Fifth Third Stadium,338,Kennesaw State,Conference USA,17.0,"[0, 3, 7, 7, 0]",0.5700892210006714,1227.0,1230.0,2534,Sam Houston,fbs,Conference USA,23.0,"[0, 3, 7, 7, 6]",0.4299107789993286,1416.0,1413.0,5.869494169814326,11040.0,True,False,Kennesaw,GA,30144.0,US,America/New_York,34.0289318,-84.5676234,296.9589844,2010.0,2024-11-16,17.9,0.0,6.2,0.7007246376811594,0.0,False,False,False,False,False
401628985,2024,12,2024-11-16T20:30:00.000Z,False,False,False,77622.0,3855,Notre Dame Stadium,87,Notre Dame,FBS Independents,35.0,"[7, 21, 7, 0]",0.9839110970497132,2133.0,2115.0,258,Virginia,fbs,ACC,14.0,"[0, 0, 7, 7]",0.0160889029502868,1381.0,1399.0,2.6804055780137226,80795.0,False,False,Notre Dame,IN,46556.0,US,America/Indiana/Indianapolis,41.698378,-86.2339425,222.645401,1930.0,2024-11-16,11.2,0.0,15.7,0.960727767807414,1.0,False,False,False,False,False
401635517,2024,12,2024-11-16T20:30:00.000Z,False,False,True,18685.0,3940,Stanford Stadium,24,Stanford,ACC,38.0,"[10, 3, 8, 17]",0.8145387172698975,1158.0,1168.0,97,Louisville,fbs,ACC,35.0,"[7, 14, 7, 7]",0.1854612827301025,1725.0,1715.0,5.764665266658283,50424.0,True,False,Stanford,CA,94305.0,US,America/Los_Angeles,37.4345556,-122.1611271,18.38425636,2006.0,2024-11-16,13.5,0.0,7.3,0.3705576709503411,0.0,False,False,False,False,False
401635580,2024,12,2024-11-16T20:30:00.000Z,False,False,True,34438.0,3735,Gerald J. Ford Stadium,2567,SMU,ACC,38.0,"[10, 10, 11, 7]",0.9798381328582764,1814.0,1806.0,103,Boston College,fbs,ACC,28.0,"[0, 14, 7, 7]",0.0201618671417236,1433.0,1441.0,5.301375495397462,32000.0,False,False,University Park,TX,75275.0,US,America/Chicago,32.8377223,-96.7827859,169.4058075,2000.0,2024-11-16,22.1,0.0,15.2,1.0761875,1.0,False,False,True,False,False
401628420,2024,12,2024-11-16T20:30:00.000Z,False,False,True,90067.0,3634,Ben Hill Griffin Stadium,57,Florida,SEC,27.0,"[7, 3, 3, 14]",0.959041953086853,1598.0,1634.0,99,LSU,fbs,SEC,16.0,"[0, 10, 3, 3]",0.0409580469131469,1800.0,1764.0,5.33315691554045,88548.0,True,False,Gainesville,FL,32653.0,US,America/New_York,29.6499357,-82.3485788,44.97250748,1930.0,2024-11-16,24.0,0.0,8.6,1.0171545376518951,1.0,False,False,True,False,False
401628552,2024,12,2024-11-16T20:30:00.000Z,False,False,True,58346.0,3907,Ross-Ade Stadium,2509,Purdue,Big Ten,10.0,"[0, 3, 0, 7]",0.0008376220197177,1192.0,1172.0,213,Penn State,fbs,Big Ten,49.0,"[14, 7, 21, 7]",0.9991623779802824,1967.0,1987.0,1.8035917166,57282.0,True,False,West Lafayette,IN,47907.0,US,America/Indiana/Indianapolis,40.4352253,-86.9186843,197.5337677,1924.0,2024-11-16,12.7,0.0,14.0,1.0185747704339931,1.0,False,False,True,False,False
401645368,2024,12,2024-11-16T20:30:00.000Z,False,False,True,15030.0,4418,Jerry Richardson Stadium,2429,Charlotte,American Athletic,24.0,"[7, 3, 7, 7]",0.0334261618554592,1182.0,1101.0,58,South Florida,fbs,American Athletic,59.0,"[7, 7, 31, 14]",0.9665738381445408,1339.0,1420.0,5.271316672734322,15300.0,False,False,Charlotte,NC,28223.0,US,America/New_York,35.3105033,-80.7401194,190.365509,2013.0,2024-11-16,16.3,0.0,2.3,0.9823529411764704,1.0,False,False,False,False,False
401643757,2024,12,2024-11-16T20:30:00.000Z,False,False,False,21385.0,3713,Falcon Stadium,2005,Air Force,Mountain West,28.0,"[7, 7, 0, 14]",0.993308961391449,1316.0,1406.0,204,Oregon State,fbs,Pac-12,0.0,"[0, 0, 0, 0]",0.006691038608551,1446.0,1356.0,1.8552075852714331,46692.0,False,False,Colorado Springs,CO,80840.0,US,America/Denver,38.9969701,-104.8436165,2024.875732,1962.0,2024-11-16,6.6,0.0,8.0,0.4580013706844855,0.0,False,False,False,False,False
401636929,2024,12,2024-11-16T21:00:00.000Z,False,False,True,52376.0,3842,Milan Puskar Stadium,277,West Virginia,Big 12,35.0,"[7, 21, 0, 7]",0.0,1561.0,1529.0,239,Baylor,fbs,Big 12,49.0,"[14, 21, 0, 14]",1.0,1559.0,1591.0,6.470057922278158,60000.0,False,False,Morgantown,WV,26507.0,US,America/New_York,39.6502744,-79.9551873,327.409668,1980.0,2024-11-16,11.4,0.0,7.7,0.8729333333333333,0.0,False,False,False,False,False
401643833,2024,12,2024-11-16T21:00:00.000Z,False,False,True,21984.0,3918,S.B. Ballard Stadium,295,Old Dominion,Sun Belt,32.0,"[7, 17, 0, 8]",0.4122559850553954,1472.0,1486.0,256,James Madison,fbs,Sun Belt,35.0,"[7, 14, 7, 7]",0.5877440149446045,1794.0,1780.0,8.3624957585,20118.0,False,False,Norfolk,VA,23551.0,US,America/New_York,36.8889533,-76.3049175,3.147987843,1936.0,2024-11-16,14.8,0.0,10.7,1.092752758723531,1.0,False,False,True,False,False
401643830,2024,12,2024-11-16T21:00:00.000Z,False,False,True,21762.0,3608,Allen E. Paulson Stadium,290,Georgia Southern,Sun Belt,20.0,"[7, 3, 7, 3]",0.0,1397.0,1386.0,2653,Troy,fbs,Sun Belt,28.0,"[0, 7, 7, 14]",1.0,1455.0,1466.0,5.32145550117369,25000.0,False,False,Statesboro,GA,30460.0,US,America/New_York,32.4122471,-81.7849296,61.25376892,1984.0,2024-11-16,19.2,0.0,3.0,0.87048,0.0,False,False,False,False,False
401628549,2024,12,2024-11-16T21:00:00.000Z,False,False,True,75304.0,477,Los Angeles Memorial Coliseum,30,USC,Big Ten,28.0,"[7, 7, 7, 7]",0.995826166219086,1767.0,1761.0,158,Nebraska,fbs,Big Ten,20.0,"[7, 7, 6, 0]",0.0041738337809139,1453.0,1459.0,7.8481713683,77500.0,True,False,Los Angeles,CA,90089.0,US,America/Los_Angeles,34.014167,-118.287778,42.50374222,1923.0,2024-11-16,19.4,0.0,7.4,0.9716645161290324,1.0,False,False,False,False,False
401628423,2024,12,2024-11-16T21:15:00.000Z,False,False,True,79361.0,3994,Williams-Brice Stadium,2579,South Carolina,SEC,34.0,"[7, 14, 0, 13]",0.1737814992666244,1829.0,1828.0,142,Missouri,fbs,SEC,30.0,"[6, 0, 6, 18]",0.8262185007333755,1683.0,1684.0,5.160145911289666,80250.0,True,False,Columbia,SC,29208.0,US,America/New_York,33.9730239,-81.0191726,60.54548645,1934.0,2024-11-16,18.0,0.0,4.2,0.9889221183800624,1.0,False,False,False,False,False
401643831,2024,12,2024-11-16T22:00:00.000Z,False,False,True,14047.0,4246,Center Parc Stadium,2247,Georgia State,Sun Belt,20.0,"[7, 0, 7, 6]",0.0304506979882717,1254.0,1238.0,2032,Arkansas State,fbs,Sun Belt,27.0,"[7, 0, 10, 10]",0.9695493020117284,1219.0,1235.0,6.351785663818993,25000.0,False,False,Atlanta,GA,30315.0,US,America/New_York,33.735267,-84.389949,287.0,2017.0,2024-11-16,17.3,0.0,0.4,0.56188,0.0,False,False,False,False,False
401628548,2024,12,2024-11-16T23:00:00.000Z,False,False,True,31433.0,3665,SECU Stadium,120,Maryland,Big Ten,17.0,"[3, 7, 7, 0]",0.0672183334827423,1491.0,1453.0,164,Rutgers,fbs,Big Ten,31.0,"[0, 14, 7, 10]",0.9327816665172576,1434.0,1472.0,5.984811442880731,51802.0,False,False,College Park,MD,20742.0,US,America/New_York,38.9903332,-76.9473792,32.68748093,1950.0,2024-11-16,11.4,0.0,10.9,0.6067912435813289,0.0,False,False,False,False,False
401643758,2024,12,2024-11-17T00:00:00.000Z,False,False,True,20517.0,3935,CEFCU Stadium,23,San José State,Mountain West,21.0,"[7, 7, 7, 0]",0.1697279959917068,1518.0,1489.0,68,Boise State,fbs,Mountain West,42.0,"[0, 14, 14, 14]",0.8302720040082932,1741.0,1770.0,4.752790814634451,30456.0,False,False,San Jose,CA,95112.0,US,America/Los_Angeles,37.3196675,-121.8682962,28.30708694,1933.0,2024-11-17,13.1,0.0,8.4,0.6736603624901497,0.0,False,False,False,False,False
401643834,2024,12,2024-11-17T00:00:00.000Z,False,False,True,16063.0,3666,Cajun Field,309,Louisiana,Sun Belt,22.0,"[0, 3, 3, 16]",0.4230353236198425,1621.0,1618.0,6,South Alabama,fbs,Sun Belt,24.0,"[7, 17, 0, 0]",0.5769646763801575,1618.0,1621.0,3.605417965941981,41426.0,False,False,Lafayette,LA,70506.0,US,America/Chicago,30.2158434,-92.0417371,3.556508303,1971.0,2024-11-17,21.0,0.0,8.0,0.38775165355091,0.0,False,False,False,False,False
401643835,2024,12,2024-11-17T00:00:00.000Z,False,False,True,22618.0,3644,Bobcat Stadium (TX),326,Texas State,Sun Belt,58.0,"[21, 13, 17, 7]",0.9452369213104248,1602.0,1693.0,2572,Southern Miss,fbs,Sun Belt,3.0,"[0, 3, 0, 0]",0.0547630786895751,1039.0,948.0,2.197632369476356,30000.0,False,False,San Marcos,TX,78666.0,US,America/Chicago,29.8910008,-97.9255735,177.8676453,1981.0,2024-11-17,22.6,0.0,9.7,0.7539333333333333,0.0,False,False,False,False,False
401636927,2024,12,2024-11-17T00:00:00.000Z,False,False,True,51880.0,3636,Bill Snyder Family Stadium,2306,Kansas State,Big 12,14.0,"[0, 0, 6, 8]",0.0651992633938789,1771.0,1731.0,9,Arizona State,fbs,Big 12,24.0,"[7, 14, 3, 0]",0.9348007366061212,1568.0,1608.0,3.739081231971401,50000.0,False,False,Manhattan,KS,66502.0,US,America/Chicago,39.2020096,-96.5938395,328.0574646,1968.0,2024-11-17,15.1,0.0,18.8,1.0376,1.0,False,False,True,False,False
401628551,2024,12,2024-11-17T00:30:00.000Z,False,False,True,76298.0,347,Camp Randall Stadium,275,Wisconsin,Big Ten,13.0,"[0, 10, 3, 0]",0.0,1641.0,1659.0,2483,Oregon,fbs,Big Ten,16.0,"[6, 0, 0, 10]",1.0,2047.0,2029.0,6.273681476727409,80321.0,False,False,Madison,WI,53711.0,US,America/Chicago,43.06994,-89.4126943,263.604126,1917.0,2024-11-17,7.5,0.0,18.5,0.9499134721928264,1.0,False,False,False,False,False
401628421,2024,12,2024-11-17T00:30:00.000Z,False,False,True,93033.0,3917,Sanford Stadium,61,Georgia,SEC,31.0,"[0, 17, 7, 7]",0.9929498434066772,2007.0,2029.0,2633,Tennessee,fbs,SEC,17.0,"[10, 7, 0, 0]",0.0070501565933227,1930.0,1908.0,5.512019683714967,92746.0,True,False,Athens,GA,30602.0,US,America/New_York,33.9498197,-83.3733813,186.1120758,1929.0,2024-11-17,12.7,0.0,3.4,1.003094473077006,1.0,False,False,True,False,False
401628424,2024,12,2024-11-17T00:45:00.000Z,False,False,False,105815.0,3795,Kyle Field,245,Texas A&M,SEC,38.0,"[17, 7, 7, 7]",0.9867249131202698,1746.0,1770.0,166,New Mexico State,fbs,Conference USA,3.0,"[0, 0, 0, 3]",0.0132750868797302,1121.0,1097.0,1.9732749908394775,102733.0,True,False,College Station,TX,77843.0,US,America/Chicago,30.6098891,-96.3403828,108.824585,1927.0,2024-11-17,23.1,0.0,16.4,1.030000097339706,1.0,False,False,True,False,False
401636926,2024,12,2024-11-17T01:00:00.000Z,False,False,True,52881.0,3772,Jack Trice Stadium,66,Iowa State,Big 12,34.0,"[7, 3, 10, 14]",0.7731809020042419,1728.0,1746.0,2132,Cincinnati,fbs,Big 12,17.0,"[7, 3, 0, 7]",0.226819097995758,1524.0,1506.0,5.345293457370588,61500.0,True,False,Ames,IA,50011.0,US,America/Chicago,42.0139977,-93.6357716,274.9135437,1975.0,2024-11-17,10.0,0.0,18.1,0.8598536585365854,0.0,False,False,False,False,False
401645367,2024,12,2024-11-17T01:00:00.000Z,False,False,True,24225.0,3805,Simmons Bank Liberty Stadium,235,Memphis,American Athletic,53.0,"[11, 7, 7, 28]",0.9952467679977416,1569.0,1621.0,5,UAB,fbs,American Athletic,18.0,"[0, 8, 3, 7]",0.0047532320022583,1197.0,1145.0,2.7666542203130837,58325.0,False,False,Memphis,TN,38152.0,US,America/Chicago,35.1209429,-89.977147,90.62445831,1965.0,2024-11-17,14.0,0.0,6.9,0.4153450492927561,0.0,False,False,False,False,False
401635583,2024,12,2024-11-17T01:00:00.000Z,False,False,True,48364.0,3787,Kenan Stadium,153,North Carolina,ACC,31.0,"[0, 10, 14, 7]",0.7997316718101501,1612.0,1608.0,154,Wake Forest,fbs,ACC,24.0,"[3, 0, 14, 7]",0.2002683281898498,1353.0,1357.0,4.931720440611799,50500.0,False,False,Chapel Hill,NC,27515.0,US,America/New_York,35.9069294,-79.0478889,127.7569809,1927.0,2024-11-17,8.2,0.0,5.3,0.9577029702970296,1.0,False,False,False,False,False
401643761,2024,12,2024-11-17T02:30:00.000Z,False,False,False,14067.0,3971,University Stadium (NM),167,New Mexico,Mountain West,38.0,"[7, 7, 14, 10]",0.389329601231146,1263.0,1269.0,265,Washington State,fbs,Pac-12,35.0,"[14, 14, 0, 7]",0.610670398768854,1606.0,1600.0,8.4413070753,39224.0,False,False,Albuquerque,NM,87131.0,US,America/Denver,35.0669479,-106.6283225,1554.471924,1960.0,2024-11-17,10.6,0.0,6.5,0.3586324699163777,0.0,False,False,False,False,False
401636924,2024,12,2024-11-17T03:15:00.000Z,False,False,True,62704.0,3801,LaVell Edwards Stadium,252,BYU,Big 12,13.0,"[0, 10, 3, 0]",0.2802194952964782,1674.0,1667.0,2305,Kansas,fbs,Big 12,17.0,"[7, 3, 0, 7]",0.7197805047035217,1664.0,1671.0,5.333465718202751,63470.0,True,False,Provo,UT,84602.0,US,America/Denver,40.2575347,-111.6545247,1412.097046,1964.0,2024-11-17,-1.3,0.0,1.3,0.9879313061288798,1.0,False,False,False,False,False
401643762,2024,12,2024-11-17T03:30:00.000Z,False,False,True,30386.0,6501,Allegiant Stadium,2439,UNLV,Mountain West,41.0,"[7, 21, 10, 3]",1.0,1650.0,1665.0,21,San Diego State,fbs,Mountain West,20.0,"[0, 6, 7, 7]",0.0,1298.0,1283.0,2.801890621769447,65000.0,False,True,Las Vegas,NV,89118.0,US,America/Los_Angeles,36.09075,-115.183722,666.0,2020.0,2024-11-17,11.5,0.0,8.8,0.467476923076923,0.0,False,False,False,False,False
401644769,2024,13,2024-11-20T00:00:00.000Z,False,False,True,6768.0,3696,Dix Stadium,2309,Kent State,Mid-American,17.0,"[7, 3, 0, 7]",0.0742044076323509,835.0,805.0,2006,Akron,fbs,Mid-American,38.0,"[10, 13, 15, 0]",0.9257955923676492,1055.0,1085.0,3.804020533717492,25319.0,False,False,Kent,OH,44242.0,US,America/New_York,41.1390935,-81.31346,321.3641663,1969.0,2024-11-20,13.7,0.0,9.8,0.2673091354318891,0.0,False,False,False,False,False
401644770,2024,13,2024-11-20T00:30:00.000Z,False,False,True,13102.0,3786,Kelly/Shorts Stadium,2117,Central Michigan,Mid-American,16.0,"[7, 6, 0, 3]",0.9996080994606018,1091.0,1094.0,2711,Western Michigan,fbs,Mid-American,14.0,"[0, 0, 7, 7]",0.0003919005393981,1249.0,1246.0,4.326444538979832,30255.0,False,False,Mount Pleasant,MI,48859.0,US,America/Detroit,43.5777313,-84.7709904,240.9007721,1972.0,2024-11-20,12.8,0.0,10.2,0.4330523880350355,0.0,False,False,False,False,False
401644690,2024,13,2024-11-20T01:00:00.000Z,False,False,True,5891.0,3996,Yager Stadium,193,Miami (OH),Mid-American,20.0,"[7, 10, 0, 3]",0.5566905736923218,1544.0,1558.0,2459,Northern Illinois,fbs,Mid-American,9.0,"[0, 3, 0, 6]",0.4433094263076782,1464.0,1450.0,2.8304017864524567,24286.0,False,False,Oxford,OH,45056.0,US,America/New_York,39.5197009,-84.7330255,242.2643585,1983.0,2024-11-20,12.7,0.0,6.4,0.2425677344972412,0.0,False,False,False,False,False
401644773,2024,13,2024-11-21T00:00:00.000Z,False,False,True,14543.0,3739,Glass Bowl,2649,Toledo,Mid-American,7.0,"[0, 7, 0, 0]",0.0526498444378376,1495.0,1459.0,195,Ohio,fbs,Mid-American,24.0,"[0, 0, 7, 17]",0.9473501555621624,1546.0,1582.0,4.535534597248482,26038.0,False,False,Toledo,OH,43606.0,US,America/New_York,41.6574777,-83.6135652,181.4839783,1937.0,2024-11-21,4.8,0.0,12.3,0.5585298410016131,0.0,False,False,False,False,False
401644772,2024,13,2024-11-21T00:00:00.000Z,False,False,True,12004.0,3912,Rynearson Stadium,2199,Eastern Michigan,Mid-American,20.0,"[0, 0, 13, 7]",0.0,1225.0,1183.0,2084,Buffalo,fbs,Mid-American,37.0,"[8, 9, 6, 14]",1.0,1217.0,1259.0,5.37936371321777,30200.0,False,False,Ypsilanti,MI,48197.0,US,America/Detroit,42.256126,-83.647285,241.248764,1969.0,2024-11-21,3.4,0.0,13.6,0.3974834437086093,0.0,False,False,False,False,False
401634772,2024,13,2024-11-22T00:30:00.000Z,False,False,True,34591.0,721,Bobby Dodd Stadium,59,Georgia Tech,ACC,30.0,"[7, 6, 3, 14]",0.8967820405960083,1577.0,1575.0,152,NC State,fbs,ACC,29.0,"[7, 0, 0, 22]",0.1032179594039917,1499.0,1501.0,6.921749317598019,55000.0,False,False,Atlanta,GA,30332.0,US,America/New_York,33.7724449,-84.3928054,279.300415,1913.0,2024-11-22,7.9,0.0,18.0,0.6289272727272728,0.0,False,False,False,False,False
401645374,2024,13,2024-11-23T00:00:00.000Z,False,False,True,20121.0,3604,Alamodome,2636,UTSA,American Athletic,51.0,"[7, 21, 10, 13]",0.990747332572937,1463.0,1479.0,218,Temple,fbs,American Athletic,27.0,"[3, 14, 7, 3]",0.0092526674270629,1042.0,1026.0,4.093751479209763,36582.0,False,True,San Antonio,TX,78299.0,US,America/Chicago,29.4169834,-98.4788143,201.5526886,1993.0,2024-11-23,17.5,0.0,4.6,0.5500246022634082,0.0,False,False,False,False,False
401628558,2024,13,2024-11-23T01:00:00.000Z,False,False,True,57558.0,3936,Spartan Stadium,127,Michigan State,Big Ten,24.0,"[7, 17, 0, 0]",0.8620511293411255,1365.0,1364.0,2509,Purdue,fbs,Big Ten,17.0,"[3, 0, 7, 7]",0.1379488706588745,1172.0,1173.0,3.171925120433743,75005.0,True,False,East Lansing,MI,48824.0,US,America/Detroit,42.7281474,-84.4848526,254.8794861,1923.0,2024-11-23,6.2,0.0,22.0,0.7673888407439504,0.0,False,False,False,False,False
401643767,2024,13,2024-11-23T03:00:00.000Z,False,False,True,13671.0,3935,CEFCU Stadium,23,San José State,Mountain West,16.0,"[0, 16, 0, 0]",0.1400045305490493,1489.0,1481.0,2439,UNLV,fbs,Mountain West,27.0,"[3, 7, 10, 7]",0.8599954694509506,1665.0,1673.0,5.654143139953593,30456.0,False,False,San Jose,CA,95112.0,US,America/Los_Angeles,37.3196675,-121.8682962,28.30708694,1933.0,2024-11-23,15.7,2.5,19.2,0.4488770685579196,0.0,False,False,False,False,False
401635619,2024,13,2024-11-23T17:00:00.000Z,False,False,True,36305.0,3923,Scott Stadium,258,Virginia,ACC,7.0,"[0, 0, 0, 7]",0.0009218386840075,1399.0,1375.0,2567,SMU,fbs,ACC,33.0,"[7, 10, 3, 13]",0.9990781613159924,1806.0,1830.0,3.876500710518288,61500.0,True,False,Charlottesville,VA,22904.0,US,America/New_York,38.0311801,-78.5137897,170.4677429,1931.0,2024-11-23,12.5,0.0,19.8,0.5903252032520325,0.0,False,False,False,False,False
401635518,2024,13,2024-11-23T17:00:00.000Z,False,False,False,35453.0,1964,JMA Wireless Dome,183,Syracuse,ACC,31.0,"[7, 14, 3, 7]",0.9888649582862854,1425.0,1434.0,41,UConn,fbs,FBS Independents,24.0,"[7, 7, 3, 7]",0.0111350417137146,1423.0,1414.0,3.7018182922725513,49057.0,False,True,Syracuse,NY,13244.0,US,America/New_York,43.0362269,-76.1363161,162.6989746,1980.0,2024-11-23,6.4,0.0,23.6,0.722689932119779,0.0,False,False,False,False,False
401635612,2024,13,2024-11-23T17:00:00.000Z,False,False,True,37801.0,3615,"Alumni Stadium (Chestnut Hill, MA)",103,Boston College,ACC,41.0,"[3, 21, 3, 14]",0.9886507987976074,1441.0,1506.0,153,North Carolina,fbs,ACC,21.0,"[0, 7, 0, 14]",0.0113492012023925,1608.0,1543.0,3.8425672072818897,44500.0,False,False,Chestnut Hill,MA,2467.0,US,America/New_York,42.335104,-71.1664413,39.82634354,1957.0,2024-11-23,5.9,0.3,21.8,0.8494606741573034,0.0,False,False,False,False,False
401635618,2024,13,2024-11-23T17:00:00.000Z,False,False,True,64210.0,3948,Hard Rock Stadium,2390,Miami,ACC,42.0,"[10, 10, 0, 22]",0.9769409894943236,1858.0,1877.0,154,Wake Forest,fbs,ACC,14.0,"[7, 7, 0, 0]",0.0230590105056762,1357.0,1338.0,3.6548371226781655,64767.0,False,False,Miami Gardens,FL,33299.0,US,America/New_York,25.9579665,-80.2388604,2.624486446,1987.0,2024-11-23,20.1,0.0,9.6,0.9913999413281456,1.0,False,False,False,False,False
401628555,2024,13,2024-11-23T17:00:00.000Z,False,False,True,105751.0,3861,Ohio Stadium,194,Ohio State,Big Ten,38.0,"[0, 14, 14, 10]",0.9810001850128174,2086.0,2120.0,84,Indiana,fbs,Big Ten,15.0,"[7, 0, 0, 8]",0.0189998149871826,1876.0,1842.0,3.5133640512372524,102780.0,False,False,Columbus,OH,43210.0,US,America/New_York,40.0016447,-83.0197266,216.6770325,1922.0,2024-11-23,7.7,0.1,19.3,1.02890640202374,1.0,False,False,True,False,False
401628554,2024,13,2024-11-23T17:00:00.000Z,False,False,True,47524.0,6577,SHI Stadium,164,Rutgers,Big Ten,31.0,"[3, 14, 0, 14]",0.0811499133706092,1472.0,1468.0,356,Illinois,fbs,Big Ten,38.0,"[0, 9, 6, 23]",0.9188500866293908,1593.0,1597.0,7.133938527182541,52454.0,False,False,Piscataway,NJ,8854.0,US,America/New_York,40.513611,-74.465278,19.0,1994.0,2024-11-23,7.8,0.0,32.3,0.9060128874823656,1.0,False,False,False,False,False
401628556,2024,13,2024-11-23T17:00:00.000Z,False,False,True,30214.0,3665,SECU Stadium,120,Maryland,Big Ten,13.0,"[0, 0, 6, 7]",0.0179356802254915,1453.0,1447.0,2294,Iowa,fbs,Big Ten,29.0,"[3, 10, 6, 10]",0.9820643197745084,1780.0,1786.0,3.7794278238840353,51802.0,False,False,College Park,MD,20742.0,US,America/New_York,38.9903332,-76.9473792,32.68748093,1950.0,2024-11-23,11.3,0.0,25.1,0.5832593336164626,0.0,False,False,False,False,False
401641005,2024,13,2024-11-23T17:00:00.000Z,False,False,True,16312.0,3662,AmFirst Stadium,55,Jacksonville State,Conference USA,21.0,"[7, 7, 0, 7]",0.447383314371109,1640.0,1641.0,2534,Sam Houston,fbs,Conference USA,11.0,"[0, 3, 8, 0]",0.552616685628891,1413.0,1412.0,3.31710391580976,24000.0,False,False,Jacksonville,AL,36265.0,US,America/Chicago,33.8201052,-85.76647,198.0679016,1947.0,2024-11-23,10.7,0.0,9.6,0.6796666666666666,0.0,False,False,False,False,False
401628429,2024,13,2024-11-23T17:00:00.000Z,False,False,True,89942.0,3634,Ben Hill Griffin Stadium,57,Florida,SEC,24.0,"[0, 14, 3, 7]",0.5597763657569885,1634.0,1667.0,145,Ole Miss,fbs,SEC,17.0,"[0, 14, 3, 0]",0.4402236342430115,2010.0,1977.0,6.418535554203734,88548.0,True,False,Gainesville,FL,32653.0,US,America/New_York,29.6499357,-82.3485788,44.97250748,1930.0,2024-11-23,15.2,0.0,8.6,1.0157428739214889,1.0,False,False,True,False,False
401628430,2024,13,2024-11-23T17:45:00.000Z,False,False,False,93033.0,3917,Sanford Stadium,61,Georgia,SEC,59.0,"[7, 21, 17, 14]",0.9873310327529908,2029.0,2023.0,113,Massachusetts,fbs,FBS Independents,21.0,"[7, 7, 7, 0]",0.0126689672470092,1017.0,1023.0,3.1187392814344728,92746.0,True,False,Athens,GA,30602.0,US,America/New_York,33.9498197,-83.3733813,186.1120758,1929.0,2024-11-23,13.1,0.0,12.8,1.003094473077006,1.0,False,False,True,False,False
401640996,2024,13,2024-11-23T18:00:00.000Z,False,False,True,17930.0,3992,Williams Stadium (VA),2335,Liberty,Conference USA,38.0,"[0, 21, 7, 10]",0.9917790293693542,1545.0,1576.0,98,Western Kentucky,fbs,Conference USA,21.0,"[0, 7, 14, 0]",0.0082209706306457,1482.0,1451.0,4.000666168120101,25000.0,False,False,Lynchburg,VA,24502.0,US,America/New_York,37.3544305,-79.1750239,272.9237061,1989.0,2024-11-23,11.9,0.0,21.9,0.7172,0.0,False,False,False,False,False
401628435,2024,13,2024-11-23T18:00:00.000Z,False,False,False,101915.0,3853,Neyland Stadium,2633,Tennessee,SEC,56.0,"[0, 28, 21, 7]",0.9860267043113708,1908.0,1979.0,2638,UTEP,fbs,Conference USA,0.0,"[0, 0, 0, 0]",0.0139732956886291,1165.0,1094.0,3.726334917101529,102455.0,True,False,Knoxville,TN,37996.0,US,America/New_York,35.9550131,-83.9250128,271.9517212,1921.0,2024-11-23,9.4,0.0,5.4,0.994729393392221,1.0,False,False,False,False,False
401635616,2024,13,2024-11-23T18:30:00.000Z,False,False,False,43711.0,3697,Doak Campbell Stadium,52,Florida State,ACC,41.0,"[0, 17, 14, 10]",0.9945473670959472,1353.0,1353.0,2127,Charleston Southern,fcs,Big South-OVC,7.0,"[0, 0, 0, 7]",0.0054526329040527,1480.0,1472.0,3.047874592245136,67277.0,True,False,Tallahassee,FL,32306.0,US,America/New_York,30.4381692,-84.3044032,19.55942535,1950.0,2024-11-23,16.2,0.0,6.2,0.6497168423086642,0.0,False,False,False,True,False
401645373,2024,13,2024-11-23T19:00:00.000Z,False,False,True,16181.0,7221,Protective Stadium,5,UAB,American Athletic,40.0,"[14, 13, 0, 13]",1.0,1145.0,1231.0,242,Rice,fbs,American Athletic,14.0,"[14, 0, 0, 0]",0.0,1301.0,1215.0,4.373395452564022,45000.0,False,False,Birmingham,AL,35203.0,US,America/Chicago,33.5206824,-86.8024326,187.0,2021.0,2024-11-23,12.5,0.0,6.5,0.3595777777777778,0.0,False,False,False,False,False
401644774,2024,13,2024-11-23T19:00:00.000Z,False,False,True,7116.0,3919,Scheumann Stadium,2050,Ball State,Mid-American,13.0,"[0, 7, 0, 6]",0.001220466918312,1115.0,1089.0,189,Bowling Green,fbs,Mid-American,38.0,"[7, 3, 18, 10]",0.998779533081688,1472.0,1498.0,4.915044510800161,22500.0,False,False,Muncie,IN,47306.0,US,America/Indiana/Indianapolis,40.2159422,-85.4161148,285.481781,1967.0,2024-11-23,6.8,0.0,14.9,0.3162666666666666,0.0,False,False,False,False,False
401643836,2024,13,2024-11-23T19:30:00.000Z,False,False,True,34012.0,3792,Kidd Brewer Stadium,2026,App State,Sun Belt,34.0,"[0, 24, 7, 3]",0.9537871479988098,1332.0,1405.0,256,James Madison,fbs,Sun Belt,20.0,"[7, 10, 3, 0]",0.0462128520011901,1780.0,1707.0,3.850713345646686,30000.0,False,False,Boone,NC,28608.0,US,America/New_York,36.2114267,-81.6854278,991.3414307,1962.0,2024-11-23,2.1,0.0,21.3,1.1337333333333333,1.0,False,False,True,False,False
401641027,2024,13,2024-11-23T19:30:00.000Z,False,False,True,10123.0,3725,"Johnny ""Red"" Floyd Stadium",2393,Middle Tennessee,Conference USA,21.0,"[0, 7, 7, 7]",0.0,1144.0,1104.0,166,New Mexico State,fbs,Conference USA,36.0,"[10, 3, 13, 10]",1.0,1097.0,1137.0,4.994034360974621,30788.0,False,False,Murfreesboro,TN,37132.0,US,America/Chicago,35.8511463,-86.3681649,191.7279816,1933.0,2024-11-23,11.7,0.0,2.6,0.3287969338703391,0.0,False,False,False,False,False
401643841,2024,13,2024-11-23T20:00:00.000Z,False,False,True,20074.0,3815,M. M. Roberts Stadium,2572,Southern Miss,Sun Belt,14.0,"[8, 3, 0, 3]",0.0226865243166685,948.0,961.0,6,South Alabama,fbs,Sun Belt,35.0,"[0, 14, 14, 7]",0.9773134756833316,1621.0,1608.0,4.708429732587975,36000.0,False,False,Hattiesburg,MS,39402.0,US,America/Chicago,31.3289321,-89.3318118,64.52726746,1932.0,2024-11-23,16.8,0.0,2.1,0.5576111111111111,0.0,False,False,False,False,False
401645371,2024,13,2024-11-23T20:00:00.000Z,False,False,True,15066.0,3715,FAU Stadium,2226,Florida Atlantic,American Athletic,27.0,"[3, 7, 10, 7]",0.4641828835010528,1123.0,1095.0,2429,Charlotte,fbs,American Athletic,39.0,"[10, 6, 10, 13]",0.5358171164989471,1101.0,1129.0,6.810475733496954,29419.0,False,False,Boca Raton,FL,33499.0,US,America/New_York,26.3763763,-80.1015759,3.613628864,2011.0,2024-11-23,20.6,0.0,5.9,0.512118018967334,0.0,False,False,False,False,False
401640987,2024,13,2024-11-23T20:00:00.000Z,False,False,True,6210.0,4899,Fifth Third Stadium,338,Kennesaw State,Conference USA,27.0,"[3, 14, 0, 10]",0.2514111995697021,1230.0,1233.0,2229,Florida International,fbs,Conference USA,26.0,"[0, 20, 6, 0]",0.7485888004302979,1300.0,1297.0,6.317093636173363,11040.0,True,False,Kennesaw,GA,30144.0,US,America/New_York,34.0289318,-84.5676234,296.9589844,2010.0,2024-11-23,12.0,0.0,13.7,0.5625,0.0,False,False,False,False,False
401643839,2024,13,2024-11-23T20:00:00.000Z,False,False,True,14029.0,3625,Centennial Bank Stadium,2032,Arkansas State,Sun Belt,28.0,"[7, 7, 7, 7]",0.9449933767318726,1235.0,1241.0,2433,UL Monroe,fbs,Sun Belt,21.0,"[7, 0, 7, 7]",0.0550066232681274,1166.0,1160.0,5.680124569362166,30382.0,False,False,Jonesboro,AR,72404.0,US,America/Chicago,35.8488977,-90.6677436,89.52690887,1974.0,2024-11-23,12.7,0.0,5.2,0.4617536699361464,0.0,False,False,False,False,False
401636935,2024,13,2024-11-23T20:00:00.000Z,False,False,True,42977.0,3616,Amon G. Carter Stadium,2628,TCU,Big 12,49.0,"[14, 7, 14, 14]",1.0,1578.0,1614.0,12,Arizona,fbs,Big 12,28.0,"[7, 6, 0, 15]",0.0,1440.0,1404.0,3.2501533187441023,46000.0,True,False,Fort Worth,TX,76129.0,US,America/Chicago,32.7096604,-97.3680835,185.4387054,1929.0,2024-11-23,22.1,0.0,13.4,0.9342826086956522,1.0,False,False,False,False,False
401636937,2024,13,2024-11-23T20:30:00.000Z,False,False,True,40722.0,3842,Milan Puskar Stadium,277,West Virginia,Big 12,31.0,"[14, 7, 7, 3]",0.8476546406745911,1529.0,1553.0,2116,UCF,fbs,Big 12,21.0,"[0, 7, 7, 7]",0.1523453593254089,1620.0,1596.0,2.7958646629617636,60000.0,False,False,Morgantown,WV,26507.0,US,America/New_York,39.6502744,-79.9551873,327.409668,1980.0,2024-11-23,7.4,0.0,19.6,0.6787,0.0,False,False,False,False,False
401628557,2024,13,2024-11-23T20:30:00.000Z,False,False,True,109830.0,3558,Michigan Stadium,130,Michigan,Big Ten,50.0,"[10, 7, 14, 19]",0.9438161849975586,1777.0,1867.0,77,Northwestern,fbs,Big Ten,6.0,"[0, 6, 0, 0]",0.0561838150024414,1486.0,1396.0,2.983166654095502,107601.0,False,False,Ann Arbor,MI,48109.0,US,America/Detroit,42.2658365,-83.7486956,255.5500031,1927.0,2024-11-23,7.4,0.0,19.0,1.020715420860401,1.0,False,False,True,False,False
401628559,2024,13,2024-11-23T20:30:00.000Z,False,False,True,44266.0,3953,Huntington Bank Stadium,135,Minnesota,Big Ten,25.0,"[7, 12, 3, 3]",0.1375134438276291,1590.0,1606.0,213,Penn State,fbs,Big Ten,26.0,"[0, 16, 7, 3]",0.8624865561723709,1987.0,1971.0,4.8314334971113935,50850.0,False,False,Minneapolis,MN,55488.0,US,America/Chicago,44.976525,-93.2245462,254.3902283,2009.0,2024-11-23,4.1,0.0,0.8,0.8705211406096361,0.0,False,False,False,False,False
401636934,2024,13,2024-11-23T20:30:00.000Z,False,False,True,52202.0,3646,Boone Pickens Stadium,197,Oklahoma State,Big 12,48.0,"[7, 7, 14, 20]",0.4204517304897308,1375.0,1372.0,2641,Texas Tech,fbs,Big 12,56.0,"[14, 7, 14, 21]",0.5795482695102692,1537.0,1540.0,9.9350296909894,55509.0,False,False,Stillwater,OK,74078.0,US,America/Chicago,36.125673,-97.066513,276.4808655,1919.0,2024-11-23,18.5,0.0,19.1,0.9404240753751644,1.0,False,False,False,False,False
401635614,2024,13,2024-11-23T20:30:00.000Z,False,False,False,80300.0,3836,"Memorial Stadium (Clemson, SC)",228,Clemson,ACC,51.0,"[14, 21, 10, 6]",0.9824963808059692,1824.0,1824.0,2643,The Citadel,fcs,Southern,14.0,"[0, 0, 7, 7]",0.0175036191940307,1480.0,1472.0,2.128136332550022,81500.0,True,False,Clemson,SC,29634.0,US,America/New_York,34.6787737,-82.8432428,205.6452179,1942.0,2024-11-23,16.0,0.0,7.2,0.985276073619632,1.0,False,False,False,True,False
401628560,2024,13,2024-11-23T20:30:00.000Z,False,False,True,86923.0,3834,"Memorial Stadium (Lincoln, NE)",158,Nebraska,Big Ten,44.0,"[7, 17, 10, 10]",0.9763728976249696,1459.0,1524.0,275,Wisconsin,fbs,Big Ten,25.0,"[7, 3, 7, 8]",0.0236271023750305,1659.0,1594.0,3.812255433388763,85458.0,False,False,Lincoln,NE,68588.0,US,America/Chicago,40.820682,-96.705594,354.9318848,1923.0,2024-11-23,12.2,0.0,12.4,1.017142924009455,1.0,False,False,True,False,False
401645375,2024,13,2024-11-23T20:30:00.000Z,False,False,True,27623.0,3886,Raymond James Stadium,58,South Florida,American Athletic,63.0,"[28, 14, 7, 14]",0.9899627566337584,1420.0,1457.0,202,Tulsa,fbs,American Athletic,30.0,"[0, 7, 0, 23]",0.0100372433662414,971.0,934.0,2.8025375964279213,65828.0,True,False,Tampa,FL,33620.0,US,America/New_York,27.9758691,-82.5033344,11.07972908,1998.0,2024-11-23,18.4,0.0,10.2,0.4196238682627453,0.0,False,False,False,False,False
401643837,2024,13,2024-11-23T20:30:00.000Z,False,False,True,14556.0,3654,Brooks Stadium (SC),324,Coastal Carolina,Sun Belt,6.0,"[3, 0, 3, 0]",0.0,1386.0,1335.0,290,Georgia Southern,fbs,Sun Belt,26.0,"[10, 3, 0, 13]",1.0,1386.0,1437.0,3.786611354215834,21000.0,False,False,Conway,SC,29528.0,US,America/New_York,33.7928506,-79.0166946,13.74894905,2003.0,2024-11-23,15.1,0.0,9.9,0.6931428571428572,0.0,False,False,False,False,False
401628436,2024,13,2024-11-23T20:30:00.000Z,False,False,True,102811.0,3910,DKR-Texas Memorial Stadium,251,Texas,SEC,31.0,"[7, 17, 0, 7]",0.8899090886116028,2071.0,2063.0,96,Kentucky,fbs,SEC,14.0,"[0, 7, 7, 0]",0.1100909113883972,1537.0,1545.0,3.1557316581143473,100119.0,False,False,Austin,TX,78712.0,US,America/Chicago,30.2836813,-97.7325345,160.3089447,1924.0,2024-11-23,23.1,0.0,14.0,1.0268880032761014,1.0,False,False,True,False,False
401643766,2024,13,2024-11-23T20:30:00.000Z,False,False,True,12583.0,3905,Maverik Stadium,328,Utah State,Mountain West,41.0,"[0, 14, 7, 20]",0.9596592783927916,1321.0,1367.0,21,San Diego State,fbs,Mountain West,20.0,"[3, 10, 0, 7]",0.0403407216072082,1283.0,1237.0,5.257574675451709,25513.0,False,False,Logan,UT,84322.0,US,America/Denver,41.7517394,-111.8116007,1427.914429,1968.0,2024-11-23,7.9,0.0,10.0,0.4931995453298318,0.0,False,False,False,False,False
401636932,2024,13,2024-11-23T20:30:00.000Z,False,True,True,56470.0,3622,GEHA Field at Arrowhead Stadium,2305,Kansas,Big 12,37.0,"[10, 13, 7, 7]",0.988077998161316,1671.0,1714.0,38,Colorado,fbs,Big 12,21.0,"[0, 14, 7, 0]",0.011922001838684,1684.0,1641.0,3.1588420188716957,76416.0,True,False,Kansas City,MO,64129.0,US,America/Chicago,39.048889,-94.483889,256.798584,1972.0,2024-11-23,12.1,0.0,12.3,0.7389813651591289,,False,False,False,False,False
401645372,2024,13,2024-11-23T20:30:00.000Z,False,False,True,17387.0,3825,DATCU Stadium,249,North Texas,American Athletic,28.0,"[14, 7, 7, 0]",0.1044515743851661,1400.0,1373.0,151,East Carolina,fbs,American Athletic,40.0,"[0, 7, 24, 9]",0.8955484256148338,1391.0,1418.0,5.721435480516302,30850.0,False,False,Denton,TX,76210.0,US,America/Chicago,33.203899,-97.159245,198.6871948,2011.0,2024-11-23,20.8,0.0,17.1,0.5635980551053484,0.0,False,False,False,False,False
401636930,2024,13,2024-11-23T20:30:00.000Z,False,False,True,55400.0,3947,Mountain America Stadium,9,Arizona State,Big 12,28.0,"[7, 14, 7, 0]",1.0,1608.0,1615.0,252,BYU,fbs,Big 12,23.0,"[0, 3, 14, 6]",0.0,1667.0,1660.0,3.8783119818220886,65870.0,True,False,Tempe,AZ,85287.0,US,America/Phoenix,33.4264471,-111.9325005,360.1569519,1958.0,2024-11-23,23.6,0.0,1.3,0.841050554121755,0.0,False,False,False,False,False
401635613,2024,13,2024-11-23T20:30:00.000Z,False,False,True,52428.0,3831,California Memorial Stadium,25,California,ACC,24.0,"[0, 7, 3, 14]",0.9074411392211914,1610.0,1606.0,24,Stanford,fbs,ACC,21.0,"[14, 0, 7, 0]",0.0925588607788086,1168.0,1172.0,5.624663686290698,62467.0,False,False,Berkeley,CA,94720.0,US,America/Los_Angeles,37.8710434,-122.2507729,125.3108063,1923.0,2024-11-23,12.9,0.2,12.9,0.8392911457249428,0.0,False,False,False,False,False
401635617,2024,13,2024-11-23T21:00:00.000Z,False,False,True,49441.0,3873,L&N Federal Credit Union Stadium,97,Louisville,ACC,37.0,"[10, 17, 10, 0]",0.9911055564880372,1715.0,1767.0,221,Pittsburgh,fbs,ACC,9.0,"[0, 0, 7, 2]",0.0088944435119628,1531.0,1479.0,2.455487113037938,60000.0,False,False,Louisville,KY,40292.0,US,America/Kentucky/Louisville,38.2057621,-85.7588141,138.5615997,1998.0,2024-11-23,7.7,0.0,7.9,0.8240166666666666,0.0,False,False,False,False,False
401628427,2024,13,2024-11-23T21:00:00.000Z,False,False,False,66041.0,3887,Razorback Stadium,8,Arkansas,SEC,35.0,"[0, 14, 7, 14]",0.9892511367797852,1547.0,1574.0,2348,Louisiana Tech,fbs,Conference USA,14.0,"[0, 0, 7, 7]",0.0107488632202148,1321.0,1294.0,4.053954592704638,80000.0,False,False,Fayetteville,AR,72702.0,US,America/Chicago,36.0680662,-94.1789534,403.7972412,1938.0,2024-11-23,16.4,0.0,12.5,0.8255125,0.0,False,False,False,False,False
401628434,2024,13,2024-11-23T21:00:00.000Z,False,False,False,79078.0,3994,Williams-Brice Stadium,2579,South Carolina,SEC,56.0,"[7, 14, 14, 21]",0.904030978679657,1827.0,1827.0,2747,Wofford,fcs,Southern,12.0,"[3, 6, 0, 3]",0.095969021320343,1480.0,1472.0,3.0588180580645528,80250.0,True,False,Columbia,SC,29208.0,US,America/New_York,33.9730239,-81.0191726,60.54548645,1934.0,2024-11-23,16.3,0.0,8.7,0.9853956386292836,1.0,False,False,False,True,False
401628432,2024,13,2024-11-23T21:15:00.000Z,False,False,True,47824.0,3693,Davis Wade Stadium,344,Mississippi State,SEC,20.0,"[10, 3, 7, 0]",0.010199312120676,1362.0,1348.0,142,Missouri,fbs,SEC,39.0,"[14, 14, 3, 8]",0.989800687879324,1684.0,1698.0,3.683423411213274,61337.0,True,False,Starkville,MS,39762.0,US,America/Chicago,33.4563403,-88.7933652,110.2742081,1914.0,2024-11-23,14.4,0.0,2.2,0.7796925183820532,0.0,False,False,False,False,False
401643840,2024,13,2024-11-23T22:00:00.000Z,False,False,True,15501.0,3666,Cajun Field,309,Louisiana,Sun Belt,51.0,"[7, 27, 3, 14]",0.9979888200759888,1618.0,1652.0,2653,Troy,fbs,Sun Belt,30.0,"[14, 0, 8, 8]",0.0020111799240112,1466.0,1432.0,4.467095687825893,41426.0,False,False,Lafayette,LA,70506.0,US,America/Chicago,30.2158434,-92.0417371,3.556508303,1971.0,2024-11-23,17.5,0.0,2.4,0.3741852942596437,0.0,False,False,False,False,False
401643842,2024,13,2024-11-24T00:00:00.000Z,False,False,True,18271.0,3644,Bobcat Stadium (TX),326,Texas State,Sun Belt,44.0,"[14, 7, 0, 23]",0.281713455915451,1693.0,1635.0,2247,Georgia State,fbs,Sun Belt,52.0,"[14, 24, 7, 7]",0.718286544084549,1238.0,1296.0,5.968950373645084,30000.0,False,False,San Marcos,TX,78666.0,US,America/Chicago,29.8910008,-97.9255735,177.8676453,1981.0,2024-11-24,17.9,0.0,6.8,0.6090333333333333,0.0,False,False,False,False,False
401636931,2024,13,2024-11-24T00:00:00.000Z,False,False,True,34166.0,4728,TDECU Stadium,248,Houston,Big 12,10.0,"[7, 0, 0, 3]",0.2282697856426239,1306.0,1309.0,239,Baylor,fbs,Big 12,20.0,"[7, 10, 0, 3]",0.7717302143573761,1591.0,1588.0,4.749040455339252,40000.0,False,False,Houston,TX,77004.0,US,America/Chicago,29.7219885,-95.3491623,9.57440567,2014.0,2024-11-24,17.5,0.0,9.6,0.85415,0.0,False,False,False,False,False
401628572,2024,13,2024-11-24T00:00:00.000Z,False,False,True,38008.0,3893,Reser Stadium,204,Oregon State,Pac-12,41.0,"[7, 14, 10, 10]",0.3890833854675293,1356.0,1360.0,265,Washington State,fbs,Pac-12,38.0,"[7, 10, 7, 14]",0.6109166145324707,1600.0,1596.0,6.569601233246732,43363.0,False,False,Corvallis,OR,97331.0,US,America/Los_Angeles,44.5594559,-123.2814341,66.90744781,1953.0,2024-11-24,8.5,0.0,10.8,0.8765076217051403,0.0,False,False,False,False,False
401643764,2024,13,2024-11-24T00:00:00.000Z,False,False,True,18094.0,3984,War Memorial Stadium,2751,Wyoming,Mountain West,13.0,"[3, 7, 0, 3]",0.3241929411888122,1260.0,1283.0,68,Boise State,fbs,Mountain West,17.0,"[7, 3, 0, 7]",0.6758070588111877,1770.0,1747.0,5.479898315638003,29181.0,False,False,Laramie,WY,82071.0,US,America/Denver,41.31161,-105.5681384,2200.153564,1950.0,2024-11-24,4.5,0.0,12.4,0.6200609985949762,0.0,False,False,False,False,False
401640959,2024,13,2024-11-24T00:00:00.000Z,False,True,False,47342.0,4102,Yankee Stadium,87,Notre Dame,FBS Independents,49.0,"[14, 14, 14, 7]",0.9778062105178832,2115.0,2165.0,349,Army,fbs,American Athletic,14.0,"[0, 7, 0, 7]",0.0221937894821167,1661.0,1611.0,1.9951739314201464,54251.0,False,False,New York,NY,10451.0,US,America/New_York,40.829167,-73.926389,6.745362282,2009.0,2024-11-24,6.5,0.0,15.8,0.8726475088016811,,False,False,False,False,False
401643838,2024,13,2024-11-24T00:30:00.000Z,False,False,True,18083.0,3918,S.B. Ballard Stadium,295,Old Dominion,Sun Belt,35.0,"[0, 7, 21, 7]",0.2705864608287811,1486.0,1473.0,276,Marshall,fbs,Sun Belt,42.0,"[3, 14, 10, 15]",0.7294135391712189,1489.0,1502.0,8.788548843802724,20118.0,False,False,Norfolk,VA,23551.0,US,America/New_York,36.8889533,-76.3049175,3.147987843,1936.0,2024-11-24,11.1,0.0,15.5,0.8988468038572422,0.0,False,False,False,False,False
401636936,2024,13,2024-11-24T00:30:00.000Z,False,False,True,52152.0,587,Rice-Eccles Stadium,254,Utah,Big 12,28.0,"[3, 10, 0, 15]",0.7425057291984558,1515.0,1524.0,66,Iowa State,fbs,Big 12,31.0,"[7, 10, 7, 7]",0.2574942708015442,1746.0,1737.0,7.181723247913672,51444.0,False,False,Salt Lake City,UT,84112.0,US,America/Denver,40.7599724,-111.8488255,1411.543579,1998.0,2024-11-24,11.1,0.0,13.9,1.013762537905295,1.0,False,False,True,False,False
401628428,2024,13,2024-11-24T00:30:00.000Z,False,False,True,88043.0,3785,Jordan-Hare Stadium,2,Auburn,SEC,43.0,"[14, 7, 7, 3, 7, 3, 0, 2]",0.1604197770357132,1604.0,1607.0,245,Texas A&M,fbs,SEC,41.0,"[0, 7, 14, 10, 7, 3, 0, 0]",0.8395802229642868,1770.0,1767.0,10.269865547929546,87451.0,True,False,Auburn,AL,36849.0,US,America/Chicago,32.6025532,-85.4897479,201.1737976,1939.0,2024-11-24,9.8,0.0,7.5,1.0067695052086312,1.0,False,False,True,False,False
401628433,2024,13,2024-11-24T00:30:00.000Z,False,False,True,84053.0,3835,"Memorial Stadium (Norman, OK)",201,Oklahoma,SEC,24.0,"[0, 10, 14, 0]",0.9999362230300904,1678.0,1780.0,333,Alabama,fbs,SEC,3.0,"[3, 0, 0, 0]",6.377696990966797e-05,2113.0,2011.0,3.3117644923004925,86112.0,True,False,Norman,OK,73019.0,US,America/Chicago,35.2058537,-97.4423145,355.0962524,1925.0,2024-11-24,15.3,0.0,23.7,0.9760892790784096,1.0,False,False,False,False,False
401628431,2024,13,2024-11-24T00:45:00.000Z,False,False,True,102086.0,3958,Tiger Stadium (LA),99,LSU,SEC,24.0,"[7, 7, 7, 3]",0.7792057991027832,1764.0,1757.0,238,Vanderbilt,fbs,SEC,17.0,"[7, 0, 3, 7]",0.2207942008972168,1446.0,1453.0,3.717449497673473,102321.0,True,False,Baton Rouge,LA,70803.0,US,America/Chicago,30.412035,-91.1838163,7.640734673,1924.0,2024-11-24,13.3,0.0,4.0,0.9977033062616668,1.0,False,False,False,False,False
401636933,2024,13,2024-11-24T01:00:00.000Z,False,False,True,50988.0,3636,Bill Snyder Family Stadium,2306,Kansas State,Big 12,41.0,"[10, 17, 0, 14]",0.9963854551315308,1731.0,1772.0,2132,Cincinnati,fbs,Big 12,15.0,"[0, 3, 6, 6]",0.0036145448684692,1506.0,1465.0,2.0829546566241928,50000.0,False,False,Manhattan,KS,66502.0,US,America/Chicago,39.2020096,-96.5938395,328.0574646,1968.0,2024-11-24,11.6,0.0,16.7,1.01976,1.0,False,False,True,False,False
401635615,2024,13,2024-11-24T01:00:00.000Z,False,False,True,22462.0,3982,Wallace Wade Stadium,150,Duke,ACC,31.0,"[14, 7, 10, 0]",0.8735338449478149,1597.0,1599.0,259,Virginia Tech,fbs,ACC,28.0,"[7, 10, 0, 11]",0.126466155052185,1658.0,1656.0,6.427808567249802,40004.0,True,False,Durham,NC,27708.0,US,America/New_York,35.9953688,-78.9417564,103.0028152,1929.0,2024-11-24,8.1,0.0,10.3,0.5614938506149385,0.0,False,False,False,False,False
401643763,2024,13,2024-11-24T03:30:00.000Z,False,False,True,12228.0,3816,Mackay Stadium,2440,Nevada,Mountain West,19.0,"[0, 6, 6, 7]",0.0386248268187046,1196.0,1204.0,2005,Air Force,fbs,Mountain West,22.0,"[0, 7, 0, 15]",0.9613751731812954,1406.0,1398.0,5.562163641400027,27000.0,False,False,Reno,NV,89557.0,US,America/Los_Angeles,39.5469459,-119.8175435,1406.57605,1966.0,2024-11-24,3.9,0.0,11.9,0.4528888888888889,0.0,False,False,False,False,False
401628561,2024,13,2024-11-24T03:30:00.000Z,False,False,True,59473.0,1056,Rose Bowl,26,UCLA,Big Ten,13.0,"[3, 0, 10, 0]",0.2288723737001419,1466.0,1476.0,30,USC,fbs,Big Ten,19.0,"[3, 6, 0, 10]",0.7711276262998581,1761.0,1751.0,5.472270490531233,88565.0,True,False,Pasadena,CA,90095.0,US,America/Los_Angeles,34.1613284,-118.1676462,245.1772461,1922.0,2024-11-24,13.4,0.0,2.1,0.6715180940552137,0.0,False,False,False,False,False
401643765,2024,13,2024-11-24T03:30:00.000Z,False,False,True,39543.0,3660,Valley Children's Stadium,278,Fresno State,Mountain West,28.0,"[7, 21, 0, 0]",0.8744219541549683,1511.0,1511.0,36,Colorado State,fbs,Mountain West,22.0,"[7, 0, 7, 8]",0.1255780458450317,1366.0,1366.0,5.041555870377935,41031.0,False,False,Fresno,CA,93740.0,US,America/Los_Angeles,36.8143527,-119.7580092,102.564064,1980.0,2024-11-24,13.3,0.0,4.3,0.9637347371499598,1.0,False,False,False,False,False
401644775,2024,14,2024-11-27T00:00:00.000Z,False,False,True,4716.0,3768,InfoCision Stadium,2006,Akron,Mid-American,21.0,"[7, 0, 0, 7, 7]",0.3837621808052063,1085.0,1118.0,2649,Toledo,fbs,Mid-American,14.0,"[0, 0, 0, 14, 0]",0.6162378191947937,1459.0,1426.0,4.878281443759803,30000.0,False,False,Akron,OH,44399.0,US,America/New_York,41.0725534,-81.5083408,321.2875061,2009.0,2024-11-27,2.5,0.0,13.5,0.1572,0.0,False,False,False,False,False
401644776,2024,14,2024-11-27T00:00:00.000Z,False,False,True,11916.0,3965,UB Stadium,2084,Buffalo,Mid-American,43.0,"[13, 13, 7, 10]",0.9937936067581176,1259.0,1304.0,2309,Kent State,fbs,Mid-American,7.0,"[0, 0, 7, 0]",0.0062063932418823,805.0,760.0,2.3923176955994445,30270.0,False,False,Amherst,NY,14260.0,US,America/New_York,42.9991334,-78.7775113,181.5759735,1993.0,2024-11-27,4.7,0.0,21.9,0.3936570862239841,0.0,False,False,False,False,False
401645376,2024,14,2024-11-29T00:30:00.000Z,False,False,True,25021.0,4729,Yulman Stadium,2655,Tulane,American Athletic,24.0,"[10, 0, 0, 14]",0.0545661523938179,1874.0,1829.0,235,Memphis,fbs,American Athletic,34.0,"[7, 10, 7, 10]",0.945433847606182,1621.0,1666.0,4.388342962218865,30000.0,False,False,New Orleans,LA,70118.0,US,America/Chicago,29.944616,-90.116692,0.0,2014.0,2024-11-29,16.8,0.0,18.4,0.8340333333333333,0.0,False,False,False,False,False
401644691,2024,14,2024-11-29T17:00:00.000Z,False,False,True,9345.0,3700,Doyt L. Perry Stadium,189,Bowling Green,Mid-American,12.0,"[0, 5, 0, 7]",0.0134301800280809,1498.0,1466.0,193,Miami (OH),fbs,Mid-American,28.0,"[7, 7, 0, 14]",0.9865698199719192,1558.0,1590.0,4.4725347275931835,24000.0,False,False,Bowling Green,OH,43403.0,US,America/New_York,41.3780114,-83.6225,205.9057465,1966.0,2024-11-29,-1.1,0.0,27.9,0.389375,0.0,False,False,False,False,False
401628568,2024,14,2024-11-29T17:00:00.000Z,False,False,True,76059.0,347,Camp Randall Stadium,275,Wisconsin,Big Ten,7.0,"[0, 0, 7, 0]",0.0,1594.0,1554.0,135,Minnesota,fbs,Big Ten,24.0,"[7, 7, 7, 3]",1.0,1606.0,1646.0,3.3706385083800288,80321.0,False,False,Madison,WI,53711.0,US,America/Chicago,43.06994,-89.4126943,263.604126,1917.0,2024-11-29,-5.3,0.0,22.7,0.9469379116295864,1.0,False,False,False,False,False
401643769,2024,14,2024-11-29T17:00:00.000Z,False,False,False,37264.0,3653,Albertsons Stadium,68,Boise State,Mountain West,34.0,"[14, 7, 6, 7]",1.0,1747.0,1748.0,204,Oregon State,fbs,Pac-12,18.0,"[0, 7, 3, 8]",0.0,1360.0,1359.0,2.562092216867285,36387.0,False,False,Boise,ID,83725.0,US,America/Boise,43.6028839,-116.1958882,823.2221069,1970.0,2024-11-29,-0.7,0.0,0.6,1.0241020144557125,1.0,False,False,True,False,False
401644777,2024,14,2024-11-29T17:00:00.000Z,False,False,True,11804.0,3876,Peden Stadium,195,Ohio,Mid-American,42.0,"[14, 7, 14, 7]",0.9950094819068908,1582.0,1585.0,2050,Ball State,fbs,Mid-American,21.0,"[0, 7, 7, 7]",0.0049905180931091,1089.0,1086.0,2.4739106721701223,24000.0,False,False,Athens,OH,45701.0,US,America/New_York,39.3212794,-82.1034315,194.230896,1929.0,2024-11-29,0.3,0.0,21.2,0.4918333333333333,0.0,False,False,False,False,False
401645379,2024,14,2024-11-29T17:00:00.000Z,False,False,True,35663.0,3699,Dowdy-Ficklen Stadium,151,East Carolina,American Athletic,20.0,"[0, 3, 0, 17]",0.0166326519101858,1418.0,1392.0,2426,Navy,fbs,American Athletic,34.0,"[0, 0, 14, 20]",0.9833673480898142,1477.0,1503.0,4.944710414409827,50000.0,True,False,Greenville,NC,27858.0,US,America/New_York,35.5968486,-77.364564,19.0564537,1963.0,2024-11-29,10.7,0.0,8.1,0.71326,0.0,False,False,False,False,False
401636938,2024,14,2024-11-29T17:00:00.000Z,False,False,True,51030.0,3726,Folsom Field,38,Colorado,Big 12,52.0,"[21, 0, 17, 14]",0.987844705581665,1641.0,1762.0,197,Oklahoma State,fbs,Big 12,0.0,"[0, 0, 0, 0]",0.0121552944183349,1372.0,1251.0,2.6517819193600864,50183.0,True,False,Boulder,CO,80309.0,US,America/Denver,40.0094746,-105.266905,1634.041138,1924.0,2024-11-29,-3.0,0.0,4.6,1.01687822569396,1.0,False,False,True,False,False
401628442,2024,14,2024-11-29T20:30:00.000Z,False,False,True,67896.0,3974,Vaught-Hemingway Stadium,145,Ole Miss,SEC,26.0,"[10, 7, 3, 6]",0.9883589148521424,1977.0,1956.0,344,Mississippi State,fbs,SEC,14.0,"[14, 0, 0, 0]",0.0116410851478576,1348.0,1369.0,5.7009099652296,64038.0,True,False,Oxford,MS,38677.0,US,America/Chicago,34.3619837,-89.5342076,146.8517151,1915.0,2024-11-29,7.2,0.0,13.2,1.060245479246697,1.0,False,False,True,False,False
401643770,2024,14,2024-11-29T20:30:00.000Z,False,False,True,24772.0,5388,Canvas Stadium,36,Colorado State,Mountain West,42.0,"[0, 13, 0, 29]",0.9249988198280334,1366.0,1371.0,328,Utah State,fbs,Mountain West,37.0,"[13, 3, 14, 7]",0.0750011801719665,1367.0,1362.0,6.4714859765384185,36500.0,False,False,Fort Collins,CO,80521.0,US,America/Denver,40.570015,-105.088435,1528.4,2017.0,2024-11-29,2.7,0.0,6.4,0.6786849315068493,0.0,False,False,False,False,False
401643843,2024,14,2024-11-29T20:30:00.000Z,False,False,True,15569.0,6526,Hancock Whitney Stadium,6,South Alabama,Sun Belt,38.0,"[14, 14, 7, 3]",0.0259899981319904,1608.0,1597.0,326,Texas State,fbs,Sun Belt,45.0,"[14, 7, 10, 14]",0.9740100018680096,1635.0,1646.0,7.565117157498561,25450.0,False,False,Mobile,AL,36688.0,US,America/Chicago,30.696904,-88.192013,45.0,2020.0,2024-11-29,12.2,0.0,19.4,0.6117485265225934,0.0,False,False,False,False,False
401640997,2024,14,2024-11-29T20:30:00.000Z,False,False,True,8651.0,3647,Elliott T. Bowers Stadium,2534,Sam Houston,Conference USA,20.0,"[3, 14, 3, 0]",1.0,1412.0,1415.0,2335,Liberty,fbs,Conference USA,18.0,"[2, 7, 0, 9]",0.0,1576.0,1573.0,4.0819542831673745,14000.0,False,False,Huntsville,TX,77340.0,US,America/Chicago,30.713926,-95.5419802,127.6225204,1986.0,2024-11-29,13.3,0.0,15.4,0.6179285714285714,0.0,False,False,False,False,False
401635625,2024,14,2024-11-29T21:00:00.000Z,False,False,False,19117.0,3935,CEFCU Stadium,23,San José State,Mountain West,34.0,"[0, 17, 10, 7]",0.8878703713417053,1481.0,1478.0,24,Stanford,fbs,ACC,31.0,"[3, 7, 7, 14]",0.1121296286582946,1172.0,1175.0,5.89567207354352,30456.0,False,False,San Jose,CA,95112.0,US,America/Los_Angeles,37.3196675,-121.8682962,28.30708694,1933.0,2024-11-29,12.3,0.0,4.8,0.6276924087207775,0.0,False,False,False,False,False
401628562,2024,14,2024-11-30T00:30:00.000Z,False,False,True,69250.0,3793,Kinnick Stadium,2294,Iowa,Big Ten,13.0,"[0, 0, 3, 10]",0.0608288582453514,1786.0,1784.0,158,Nebraska,fbs,Big Ten,10.0,"[3, 7, 0, 0]",0.9391711417546486,1524.0,1526.0,6.8061849771,69250.0,False,False,Iowa City,IA,52242.0,US,America/Chicago,41.6586045,-91.5510829,220.6357727,1929.0,2024-11-30,-6.2,0.0,14.2,1.0,1.0,False,False,False,False,False
401628439,2024,14,2024-11-30T00:30:00.000Z,False,False,False,93033.0,3917,Sanford Stadium,61,Georgia,SEC,44.0,"[0, 0, 6, 21, 7, 6, 0, 0, 2, 0, 0, 2]",0.5666486620903015,2023.0,2017.0,59,Georgia Tech,fbs,ACC,42.0,"[3, 14, 0, 10, 7, 6, 0, 0, 2, 0, 0, 0]",0.4333513379096985,1575.0,1581.0,8.225850887789113,92746.0,True,False,Athens,GA,30602.0,US,America/New_York,33.9498197,-83.3733813,186.1120758,1929.0,2024-11-30,5.3,0.0,17.7,1.003094473077006,1.0,False,False,True,False,False
401636939,2024,14,2024-11-30T01:00:00.000Z,False,False,True,40747.0,3652,FBC Mortgage Stadium,2116,UCF,Big 12,14.0,"[0, 7, 0, 7]",0.1048488318920135,1596.0,1557.0,254,Utah,fbs,Big 12,28.0,"[3, 10, 0, 15]",0.8951511681079865,1524.0,1563.0,4.912997487441696,44206.0,True,False,Orlando,FL,32816.0,US,America/New_York,28.6079765,-81.1927233,20.94113731,2007.0,2024-11-30,14.7,0.2,15.1,0.921752703252952,1.0,False,False,False,False,False
401636941,2024,14,2024-11-30T17:00:00.000Z,False,False,True,36585.0,4727,McLane Stadium,239,Baylor,Big 12,45.0,"[14, 7, 21, 3]",0.9468156099319458,1588.0,1677.0,2305,Kansas,fbs,Big 12,17.0,"[7, 3, 7, 0]",0.0531843900680542,1714.0,1625.0,3.253403767857007,45140.0,False,False,Waco,TX,76704.0,US,America/Chicago,31.5582015,-97.1156702,117.0538101,2014.0,2024-11-30,11.0,0.0,7.5,0.8104785112981834,0.0,False,False,False,False,False
401628444,2024,14,2024-11-30T17:00:00.000Z,False,False,False,81500.0,3836,"Memorial Stadium (Clemson, SC)",228,Clemson,ACC,14.0,"[0, 7, 7, 0]",0.1117021068930625,1815.0,1811.0,2579,South Carolina,fbs,SEC,17.0,"[0, 7, 0, 10]",0.8882978931069374,1828.0,1832.0,6.196028401357402,81500.0,True,False,Clemson,SC,29634.0,US,America/New_York,34.6787737,-82.8432428,205.6452179,1942.0,2024-11-30,7.7,0.0,5.3,1.0,1.0,False,False,False,False,False
401643848,2024,14,2024-11-30T17:00:00.000Z,False,False,True,15006.0,3817,Malone Stadium,2433,UL Monroe,Sun Belt,23.0,"[3, 10, 3, 7]",0.0189692676067352,1160.0,1172.0,309,Louisiana,fbs,Sun Belt,37.0,"[6, 7, 7, 17]",0.9810307323932648,1652.0,1640.0,6.197964668702797,27617.0,False,False,Monroe,LA,71209.0,US,America/Chicago,32.5308089,-92.0660602,22.998209,1978.0,2024-11-30,8.3,0.0,7.5,0.5433609733135387,0.0,False,False,False,False,False
401635622,2024,14,2024-11-30T17:00:00.000Z,False,False,True,24776.0,3630,Allegacy Federal Credit Union Stadium,154,Wake Forest,ACC,17.0,"[0, 10, 7, 0]",0.9492907524108888,1338.0,1346.0,150,Duke,fbs,ACC,23.0,"[0, 3, 7, 13]",0.0507092475891113,1599.0,1591.0,5.1814565047653245,31500.0,False,False,Winston-Salem,NC,27105.0,US,America/New_York,36.1305507,-80.2545851,283.548584,1968.0,2024-11-30,3.9,0.0,13.9,0.7865396825396825,0.0,False,False,False,False,False
401645381,2024,14,2024-11-30T17:00:00.000Z,False,False,True,,3806,Lincoln Financial Field,218,Temple,American Athletic,17.0,"[3, 14, 0, 0]",0.1134754195809364,1026.0,1038.0,249,North Texas,fbs,American Athletic,24.0,"[17, 7, 0, 0]",0.8865245804190636,1373.0,1361.0,5.781767629423672,69879.0,False,False,Philadelphia,PA,19122.0,US,America/New_York,39.9007995,-75.1675414,3.198706865,2003.0,2024-11-30,2.5,0.0,14.7,,,True,False,False,False,False
401645378,2024,14,2024-11-30T17:00:00.000Z,False,False,True,22120.0,3841,Michie Stadium,349,Army,American Athletic,29.0,"[7, 6, 3, 13]",0.99054753780365,1611.0,1611.0,2636,UTSA,fbs,American Athletic,24.0,"[7, 3, 7, 7]",0.00945246219635,1479.0,1479.0,6.883645164285345,38000.0,False,False,West Point,NY,10996.0,US,America/New_York,41.3874924,-73.9640891,99.21277618,1924.0,2024-11-30,1.7,0.0,19.2,0.5821052631578948,0.0,False,False,False,False,False
401628446,2024,14,2024-11-30T17:00:00.000Z,False,False,True,28934.0,3973,FirstBank Stadium,238,Vanderbilt,SEC,23.0,"[17, 0, 0, 6]",0.1300984472036361,1453.0,1469.0,2633,Tennessee,fbs,SEC,36.0,"[7, 17, 9, 3]",0.8699015527963638,1979.0,1963.0,3.355829925434262,40351.0,False,False,Nashville,TN,37212.0,US,America/Chicago,36.1440455,-86.8088942,159.9194641,1922.0,2024-11-30,3.7,0.0,6.5,0.7170578176501202,0.0,False,False,False,False,False
401628563,2024,14,2024-11-30T17:00:00.000Z,False,True,True,26378.0,4250,Wrigley Field,77,Northwestern,Big Ten,28.0,"[10, 0, 10, 8]",0.0341599993407726,1396.0,1397.0,356,Illinois,fbs,Big Ten,38.0,"[7, 7, 14, 10]",0.9658400006592274,1597.0,1596.0,5.278482950483824,,True,False,Chicago,IL,60654.0,US,America/Chicago,41.8755616,-87.6244212,179.0,1914.0,2024-11-30,-5.9,0.0,15.9,,,False,True,False,False,False
401628566,2024,14,2024-11-30T17:00:00.000Z,False,False,True,106005.0,3861,Ohio Stadium,194,Ohio State,Big Ten,10.0,"[3, 7, 0, 0]",0.0744833275675773,2120.0,2099.0,130,Michigan,fbs,Big Ten,13.0,"[0, 10, 0, 3]",0.9255166724324226,1867.0,1888.0,5.026016630386382,102780.0,False,False,Columbus,OH,43210.0,US,America/New_York,40.0016447,-83.0197266,216.6770325,1922.0,2024-11-30,-3.2,0.0,15.2,1.0313776999416229,1.0,False,False,True,False,False
401629038,2024,14,2024-11-30T17:00:00.000Z,False,False,True,10365.0,3985,Warren McGuirk Alumni Stadium,113,Massachusetts,FBS Independents,42.0,"[14, 14, 0, 14]",0.9002549648284912,1023.0,1040.0,41,UConn,fbs,FBS Independents,47.0,"[14, 13, 6, 14]",0.0997450351715087,1414.0,1397.0,6.982458727450796,17000.0,False,False,Hadley,MA,1003.0,US,America/New_York,42.3773244,-72.5360595,46.58664703,1965.0,2024-11-30,2.4,0.0,11.9,0.6097058823529412,0.0,False,False,False,False,False
401628440,2024,14,2024-11-30T17:00:00.000Z,False,False,False,58612.0,3683,Kroger Field,96,Kentucky,SEC,14.0,"[0, 0, 7, 7]",0.0359741933643817,1545.0,1498.0,97,Louisville,fbs,ACC,41.0,"[7, 13, 14, 7]",0.9640258066356182,1767.0,1814.0,3.1345997755382915,61000.0,False,False,Lexington,KY,40506.0,US,America/New_York,38.0220905,-84.5053408,307.4248962,1973.0,2024-11-30,-0.7,0.0,15.9,0.9608524590163936,1.0,False,False,False,False,False
401636945,2024,14,2024-11-30T17:00:00.000Z,False,False,True,52785.0,3784,Jones AT&T Stadium,2641,Texas Tech,Big 12,52.0,"[6, 29, 7, 10]",0.9802547097206116,1540.0,1647.0,277,West Virginia,fbs,Big 12,15.0,"[3, 0, 6, 6]",0.0197452902793884,1553.0,1446.0,2.836670370370417,60454.0,False,False,Lubbock,TX,79409.0,US,America/Chicago,33.5910518,-101.8728824,980.7632446,1947.0,2024-11-30,9.0,0.0,9.5,0.8731432163297714,0.0,False,False,False,False,False
401644780,2024,14,2024-11-30T18:30:00.000Z,False,False,True,,3980,Waldo Stadium,2711,Western Michigan,Mid-American,26.0,"[0, 16, 7, 3]",0.9105388555960336,1246.0,1254.0,2199,Eastern Michigan,fbs,Mid-American,18.0,"[0, 0, 15, 3]",0.0894611444039664,1183.0,1175.0,6.2258019605,30200.0,False,False,Kalamazoo,MI,49008.0,US,America/Detroit,42.2860064,-85.6007573,243.8211212,1939.0,2024-11-30,-4.5,0.0,20.1,,,True,False,False,False,False
401640988,2024,14,2024-11-30T19:00:00.000Z,False,True,True,8962.0,2031,Pitbull Stadium,2229,Florida International,Conference USA,35.0,"[14, 14, 0, 7]",0.929617702960968,1297.0,1308.0,2393,Middle Tennessee,fbs,Conference USA,24.0,"[0, 17, 0, 7]",0.0703822970390319,1104.0,1093.0,3.411391971216249,20000.0,False,False,Miami,FL,33199.0,US,America/New_York,25.7525,-80.37778,6.0,1995.0,2024-11-30,25.0,0.0,13.0,0.4481,,False,False,False,False,False
401643845,2024,14,2024-11-30T19:00:00.000Z,False,False,True,12606.0,4246,Center Parc Stadium,2247,Georgia State,Sun Belt,27.0,"[0, 10, 9, 8]",0.0018415341619402,1296.0,1247.0,324,Coastal Carolina,fbs,Sun Belt,48.0,"[7, 10, 14, 17]",0.9981584658380598,1335.0,1384.0,3.8419166732405343,25000.0,False,False,Atlanta,GA,30315.0,US,America/New_York,33.735267,-84.389949,287.0,2017.0,2024-11-30,7.3,0.0,11.6,0.50424,0.0,False,False,False,False,False
401645382,2024,14,2024-11-30T19:00:00.000Z,False,False,True,16430.0,3895,Rice Stadium,242,Rice,American Athletic,35.0,"[17, 10, 8, 0]",0.8131147027015686,1215.0,1239.0,58,South Florida,fbs,American Athletic,28.0,"[7, 0, 7, 14]",0.1868852972984314,1457.0,1433.0,4.180401515622044,47000.0,False,False,Houston,TX,77251.0,US,America/Chicago,29.7163297,-95.4093261,7.148301601,1950.0,2024-11-30,14.9,0.0,7.7,0.3495744680851064,0.0,False,False,False,False,False
401643849,2024,14,2024-11-30T19:00:00.000Z,False,False,True,19521.0,3975,Veterans Memorial Stadium (AL),2653,Troy,Sun Belt,52.0,"[10, 7, 14, 21]",1.0,1432.0,1464.0,2572,Southern Miss,fbs,Sun Belt,20.0,"[8, 0, 6, 6]",0.0,961.0,929.0,4.211109236915879,30000.0,False,False,Troy,AL,36082.0,US,America/Chicago,31.7995565,-85.9518328,154.7746277,1950.0,2024-11-30,11.2,0.0,10.7,0.6507,0.0,False,False,False,False,False
401635620,2024,14,2024-11-30T20:00:00.000Z,False,False,True,29704.0,3615,"Alumni Stadium (Chestnut Hill, MA)",103,Boston College,ACC,34.0,"[6, 14, 7, 7]",0.981151521205902,1506.0,1524.0,221,Pittsburgh,fbs,ACC,23.0,"[0, 10, 7, 6]",0.0188484787940979,1479.0,1461.0,4.561281172203917,44500.0,False,False,Chestnut Hill,MA,2467.0,US,America/New_York,42.335104,-71.1664413,39.82634354,1957.0,2024-11-30,3.4,0.0,13.8,0.667505617977528,0.0,False,False,False,False,False
401643847,2024,14,2024-11-30T20:00:00.000Z,False,False,True,13584.0,3625,Centennial Bank Stadium,2032,Arkansas State,Sun Belt,32.0,"[7, 7, 15, 3]",0.0071091018617153,1241.0,1243.0,295,Old Dominion,fbs,Sun Belt,40.0,"[14, 7, 19, 0]",0.9928908981382848,1473.0,1471.0,6.38650796218999,30382.0,False,False,Jonesboro,AR,72404.0,US,America/Chicago,35.8488977,-90.6677436,89.52690887,1974.0,2024-11-30,9.1,0.0,18.8,0.4471068395760648,0.0,False,False,False,False,False
401635621,2024,14,2024-11-30T20:30:00.000Z,False,False,True,33178.0,3735,Gerald J. Ford Stadium,2567,SMU,ACC,38.0,"[14, 7, 0, 17]",0.9911704063415528,1830.0,1890.0,25,California,fbs,ACC,6.0,"[0, 0, 3, 3]",0.0088295936584472,1606.0,1546.0,2.3167428770268494,32000.0,False,False,University Park,TX,75275.0,US,America/Chicago,32.8377223,-96.7827859,169.4058075,2000.0,2024-11-30,14.2,0.0,8.5,1.0368125,1.0,False,False,True,False,False
401628565,2024,14,2024-11-30T20:30:00.000Z,False,False,True,104044.0,3632,Beaver Stadium,213,Penn State,Big Ten,44.0,"[3, 28, 0, 13]",0.9880518913269044,1971.0,2011.0,120,Maryland,fbs,Big Ten,7.0,"[7, 0, 0, 0]",0.0119481086730957,1447.0,1407.0,3.879484605046563,106572.0,True,False,University Park,PA,16802.0,US,America/New_York,40.8121958,-77.8561023,354.1551514,1960.0,2024-11-30,-2.9,0.0,18.2,0.9762789475659648,1.0,False,False,False,False,False
401635623,2024,14,2024-11-30T20:30:00.000Z,False,False,True,40486.0,1964,JMA Wireless Dome,183,Syracuse,ACC,42.0,"[0, 14, 21, 7]",0.7667104005813599,1434.0,1452.0,2390,Miami,fbs,ACC,38.0,"[14, 7, 7, 10]",0.2332895994186401,1877.0,1859.0,6.603588936042728,49057.0,False,True,Syracuse,NY,13244.0,US,America/New_York,43.0362269,-76.1363161,162.6989746,1980.0,2024-11-30,-0.2,0.0,21.9,0.8252848726991051,0.0,False,False,False,False,False
401628571,2024,14,2024-11-30T20:30:00.000Z,False,False,False,73241.0,477,Los Angeles Memorial Coliseum,30,USC,Big Ten,35.0,"[0, 14, 7, 14]",0.1243626475334167,1751.0,1756.0,87,Notre Dame,fbs,FBS Independents,49.0,"[7, 7, 21, 14]",0.8756373524665833,2165.0,2160.0,6.866238201944575,77500.0,True,False,Los Angeles,CA,90089.0,US,America/Los_Angeles,34.014167,-118.287778,42.50374222,1923.0,2024-11-30,24.0,0.0,2.6,0.9450451612903226,1.0,False,False,False,False,False
401628570,2024,14,2024-11-30T20:30:00.000Z,False,False,False,35018.0,1056,Rose Bowl,26,UCLA,Big Ten,20.0,"[3, 3, 7, 7]",0.7204728126525879,1476.0,1488.0,278,Fresno State,fbs,Mountain West,13.0,"[0, 10, 0, 3]",0.2795271873474121,1511.0,1499.0,4.766963413103574,88565.0,True,False,Pasadena,CA,90095.0,US,America/Los_Angeles,34.1613284,-118.1676462,245.1772461,1922.0,2024-11-30,22.7,0.0,2.2,0.3953932140235985,0.0,False,False,False,False,False
401645377,2024,14,2024-11-30T20:30:00.000Z,False,False,True,8091.0,4418,Jerry Richardson Stadium,2429,Charlotte,American Athletic,29.0,"[7, 6, 6, 10]",0.1671954691410064,1129.0,1131.0,5,UAB,fbs,American Athletic,27.0,"[0, 14, 0, 13]",0.8328045308589935,1231.0,1229.0,7.197260328251095,15300.0,False,False,Charlotte,NC,28223.0,US,America/New_York,35.3105033,-80.7401194,190.365509,2013.0,2024-11-30,7.5,0.0,11.3,0.5288235294117647,0.0,False,False,False,False,False
401644779,2024,14,2024-11-30T20:30:00.000Z,False,False,True,5843.0,3764,Huskie Stadium,2459,Northern Illinois,Mid-American,24.0,"[19, 2, 3, 0]",0.9561448693275452,1450.0,1441.0,2117,Central Michigan,fbs,Mid-American,16.0,"[0, 16, 0, 0]",0.0438551306724548,1094.0,1103.0,3.1751001387064175,23595.0,False,False,DeKalb,IL,60115.0,US,America/Chicago,41.9339586,-88.7778357,267.4530029,1965.0,2024-11-30,-3.7,0.0,20.4,0.2476372112735749,0.0,False,False,False,False,False
401645380,2024,14,2024-11-30T20:30:00.000Z,False,False,True,15243.0,3674,Chapman Stadium,202,Tulsa,American Athletic,16.0,"[2, 7, 7, 0]",0.0,934.0,812.0,2226,Florida Atlantic,fbs,American Athletic,63.0,"[7, 35, 14, 7]",1.0,1095.0,1217.0,3.2889448497001577,30000.0,False,False,Tulsa,OK,74194.0,US,America/Chicago,36.1489175,-95.9437853,235.5928345,1930.0,2024-11-30,11.3,0.0,14.5,0.5081,0.0,False,False,False,False,False
401628567,2024,14,2024-11-30T20:30:00.000Z,False,False,True,50038.0,3936,Spartan Stadium,127,Michigan State,Big Ten,14.0,"[7, 0, 0, 7]",0.0031516663730144,1364.0,1303.0,164,Rutgers,fbs,Big Ten,41.0,"[10, 13, 8, 10]",0.9968483336269855,1468.0,1529.0,4.387602558642776,75005.0,True,False,East Lansing,MI,48824.0,US,America/Detroit,42.7281474,-84.4848526,254.8794861,1923.0,2024-11-30,-4.4,0.1,20.4,0.6671288580761282,0.0,False,False,False,False,False
401628443,2024,14,2024-11-30T20:30:00.000Z,False,False,True,62621.0,3838,Memorial Stadium,142,Missouri,SEC,28.0,"[7, 0, 3, 18]",0.9334843158721924,1698.0,1701.0,8,Arkansas,fbs,SEC,21.0,"[0, 7, 7, 7]",0.0665156841278076,1574.0,1571.0,6.0145398828883,71168.0,False,False,Columbia,MO,65211.0,US,America/Chicago,38.9358491,-92.3332009,212.6865692,1927.0,2024-11-30,-1.6,1.2,11.2,0.8799038893884892,0.0,False,False,False,False,False
401635624,2024,14,2024-11-30T20:30:00.000Z,False,False,True,50500.0,3787,Kenan Stadium,153,North Carolina,ACC,30.0,"[0, 6, 14, 10]",0.0007380731403827,1543.0,1531.0,152,NC State,fbs,ACC,35.0,"[7, 0, 6, 22]",0.9992619268596172,1501.0,1513.0,7.287584943060739,50500.0,False,False,Chapel Hill,NC,27515.0,US,America/New_York,35.9069294,-79.0478889,127.7569809,1927.0,2024-11-30,6.3,0.0,13.7,1.0,1.0,False,False,False,False,False
401636940,2024,14,2024-11-30T20:30:00.000Z,False,False,True,49813.0,3619,Arizona Stadium,12,Arizona,Big 12,7.0,"[0, 0, 7, 0]",0.0016093913000077,1404.0,1307.0,9,Arizona State,fbs,Big 12,49.0,"[14, 21, 0, 14]",0.9983906086999924,1615.0,1712.0,2.702761958657678,50782.0,False,False,Tucson,AZ,85721.0,US,America/Phoenix,32.2288054,-110.9488677,742.1530151,1928.0,2024-11-30,24.0,0.0,2.8,0.980918435666181,1.0,False,False,False,False,False
401628437,2024,14,2024-11-30T20:30:00.000Z,False,False,True,100077.0,3657,Bryant-Denny Stadium,333,Alabama,SEC,28.0,"[7, 7, 14, 0]",0.8266636729240417,2011.0,2007.0,2,Auburn,fbs,SEC,14.0,"[0, 6, 8, 0]",0.1733363270759582,1607.0,1611.0,3.3247335585616766,101821.0,True,False,Tuscaloosa,AL,35487.0,US,America/Chicago,33.2082752,-87.5503836,70.05136108,1929.0,2024-11-30,10.4,0.0,1.2,0.9828719026526944,1.0,False,False,False,False,False
401641006,2024,14,2024-11-30T21:00:00.000Z,False,False,True,6547.0,3796,Houchens Industries-L.T. Smith Stadium,98,Western Kentucky,Conference USA,19.0,"[7, 3, 3, 6]",0.7082599997520447,1451.0,1454.0,55,Jacksonville State,fbs,Conference USA,17.0,"[3, 7, 0, 7]",0.2917400002479553,1641.0,1638.0,5.890768750011016,22113.0,False,False,Bowling Green,KY,42101.0,US,America/Chicago,36.9847901,-86.4594041,154.4346619,1968.0,2024-11-30,2.8,0.0,3.3,0.2960701849590738,0.0,False,False,False,False,False
401641031,2024,14,2024-11-30T21:00:00.000Z,False,False,True,15358.0,3601,Aggie Memorial Stadium,166,New Mexico State,Conference USA,35.0,"[17, 7, 0, 11]",0.2509662508964538,1137.0,1120.0,2638,UTEP,fbs,Conference USA,42.0,"[7, 7, 14, 14]",0.7490337491035461,1094.0,1111.0,6.160766566482527,28853.0,False,False,Las Cruces,NM,88003.0,US,America/Denver,32.2796202,-106.7411148,1208.201294,1978.0,2024-11-30,17.4,0.0,4.6,0.5322843378504835,0.0,False,False,False,False,False
401641014,2024,14,2024-11-30T21:00:00.000Z,False,False,True,14686.0,3776,Joe Aillet Stadium,2348,Louisiana Tech,Conference USA,33.0,"[7, 10, 9, 7]",0.9912545084953308,1294.0,1377.0,338,Kennesaw State,fbs,Conference USA,0.0,"[0, 0, 0, 0]",0.0087454915046691,1233.0,1150.0,2.4459853079649654,28019.0,False,False,Ruston,LA,71272.0,US,America/Chicago,32.5321487,-92.6560019,72.87982941,1968.0,2024-11-30,13.4,0.0,9.0,0.5241443306327849,0.0,False,False,False,False,False
401643844,2024,14,2024-11-30T23:00:00.000Z,False,False,True,23383.0,3608,Allen E. Paulson Stadium,290,Georgia Southern,Sun Belt,29.0,"[8, 7, 0, 14]",0.6559457182884216,1437.0,1449.0,2026,App State,fbs,Sun Belt,20.0,"[0, 6, 7, 7]",0.3440542817115783,1405.0,1393.0,4.627025439429121,25000.0,False,False,Statesboro,GA,30460.0,US,America/New_York,32.4122471,-81.7849296,61.25376892,1984.0,2024-11-30,5.5,0.0,5.5,0.93532,1.0,False,False,False,False,False
401636943,2024,14,2024-11-30T23:00:00.000Z,False,False,True,30021.0,3854,Nippert Stadium,2132,Cincinnati,Big 12,13.0,"[0, 7, 0, 6]",0.0877544954419136,1465.0,1463.0,2628,TCU,fbs,Big 12,20.0,"[7, 13, 0, 0]",0.9122455045580864,1614.0,1616.0,3.845641432534461,40000.0,False,False,Cincinnati,OH,45221.0,US,America/New_York,39.1312495,-84.5161913,230.0660553,1915.0,2024-11-30,-0.2,0.0,14.5,0.750525,0.0,False,False,False,False,False
401643773,2024,14,2024-11-30T23:30:00.000Z,False,False,False,17088.0,3820,Gesa Field,265,Washington State,Pac-12,14.0,"[7, 7, 0, 0]",0.4724685549736023,1596.0,1578.0,2751,Wyoming,fbs,Mountain West,15.0,"[3, 3, 3, 6]",0.5275314450263977,1283.0,1301.0,4.771440185916518,32952.0,False,False,Pullman,WA,99164.0,US,America/Los_Angeles,46.731831,-117.1604991,773.9526367,1972.0,2024-11-30,3.8,0.0,2.4,0.5185724690458849,0.0,False,False,False,False,False
401628438,2024,14,2024-12-01T00:00:00.000Z,False,False,False,55107.0,3697,Doak Campbell Stadium,52,Florida State,ACC,11.0,"[0, 0, 3, 8]",0.0,1383.0,1363.0,57,Florida,fbs,SEC,31.0,"[7, 7, 3, 14]",1.0,1667.0,1687.0,3.8269729081220913,67277.0,True,False,Tallahassee,FL,32306.0,US,America/New_York,30.4381692,-84.3044032,19.55942535,1950.0,2024-12-01,7.8,0.0,9.5,0.8191060838027855,0.0,False,False,False,False,False
401628441,2024,14,2024-12-01T00:00:00.000Z,False,False,True,99364.0,3958,Tiger Stadium (LA),99,LSU,SEC,37.0,"[7, 17, 7, 6]",0.9838939905166626,1757.0,1806.0,201,Oklahoma,fbs,SEC,17.0,"[7, 10, 0, 0]",0.0161060094833374,1780.0,1731.0,3.796345377328534,102321.0,True,False,Baton Rouge,LA,70803.0,US,America/Chicago,30.412035,-91.1838163,7.640734673,1924.0,2024-12-01,10.0,0.0,9.2,0.9711007515563764,1.0,False,False,False,False,False
401628564,2024,14,2024-12-01T00:00:00.000Z,False,False,True,53082.0,3830,"Memorial Stadium (Bloomington, IN)",84,Indiana,Big Ten,66.0,"[7, 21, 17, 21]",0.9919167160987854,1842.0,1954.0,2509,Purdue,fbs,Big Ten,0.0,"[0, 0, 0, 0]",0.0080832839012146,1173.0,1061.0,2.6971314769417623,52656.0,False,False,Bloomington,IN,47408.0,US,America/Indiana/Indianapolis,39.1808959,-86.5256217,231.6500854,1960.0,2024-12-01,-2.6,0.3,11.7,1.0080902461257977,1.0,False,False,True,False,False
401636944,2024,14,2024-12-01T00:30:00.000Z,False,False,True,56228.0,3772,Jack Trice Stadium,66,Iowa State,Big 12,29.0,"[7, 17, 0, 5]",0.3992723822593689,1737.0,1751.0,2306,Kansas State,fbs,Big 12,21.0,"[7, 7, 7, 0]",0.6007276177406311,1772.0,1758.0,4.4378195289087605,61500.0,True,False,Ames,IA,50011.0,US,America/Chicago,42.0139977,-93.6357716,274.9135437,1975.0,2024-12-01,-4.8,0.0,9.5,0.9142764227642276,1.0,False,False,False,False,False
401628569,2024,14,2024-12-01T00:30:00.000Z,False,False,True,59603.0,3626,Autzen Stadium,2483,Oregon,Big Ten,49.0,"[7, 21, 7, 14]",0.9905105829238892,2029.0,2060.0,264,Washington,fbs,Big Ten,21.0,"[3, 11, 0, 7]",0.0094894170761108,1654.0,1623.0,3.3293176864109535,54000.0,False,False,Eugene,OR,97401.0,US,America/Los_Angeles,44.0582712,-123.0684883,127.4198303,1967.0,2024-12-01,4.3,0.0,5.7,1.103759259259259,1.0,False,False,True,False,False
401628445,2024,14,2024-12-01T00:30:00.000Z,False,False,True,109028.0,3795,Kyle Field,245,Texas A&M,SEC,7.0,"[0, 0, 7, 0]",0.0194114781916141,1767.0,1771.0,251,Texas,fbs,SEC,17.0,"[7, 10, 0, 0]",0.9805885218083858,2063.0,2059.0,3.4045616377466894,102733.0,True,False,College Station,TX,77843.0,US,America/Chicago,30.6098891,-96.3403828,108.824585,1927.0,2024-12-01,14.1,0.0,6.7,1.061275344825908,1.0,False,False,True,False,False
401643772,2024,14,2024-12-01T01:00:00.000Z,False,False,True,40122.0,6501,Allegiant Stadium,2439,UNLV,Mountain West,38.0,"[10, 14, 7, 7]",0.8515607118606567,1673.0,1685.0,2440,Nevada,fbs,Mountain West,14.0,"[7, 0, 0, 7]",0.1484392881393432,1204.0,1192.0,2.817803519714785,65000.0,False,True,Las Vegas,NV,89118.0,US,America/Los_Angeles,36.09075,-115.183722,666.0,2020.0,2024-12-01,12.0,0.0,1.7,0.6172615384615384,0.0,False,False,False,False,False
401643846,2024,14,2024-12-01T01:00:00.000Z,False,False,True,23341.0,3651,Bridgeforth Stadium,256,James Madison,Sun Belt,33.0,"[14, 3, 0, 7, 3, 6]",0.9707049378406948,1707.0,1692.0,276,Marshall,fbs,Sun Belt,35.0,"[0, 0, 17, 7, 3, 8]",0.0292950621593052,1502.0,1517.0,5.7902123187,24877.0,False,False,Harrisonburg,VA,22807.0,US,America/New_York,38.4352919,-78.8729349,399.303009,1975.0,2024-12-01,-2.3,0.0,5.4,0.9382562206053784,1.0,False,False,False,False,False
401635640,2024,14,2024-12-01T01:00:00.000Z,False,False,True,65632.0,3799,Lane Stadium,259,Virginia Tech,ACC,37.0,"[10, 10, 10, 7]",0.9919674396514891,1656.0,1675.0,258,Virginia,fbs,ACC,17.0,"[0, 3, 8, 6]",0.0080325603485107,1375.0,1356.0,2.345801087478854,65632.0,True,False,Blacksburg,VA,24061.0,US,America/New_York,37.2199873,-80.4180643,632.2631226,1965.0,2024-12-01,-2.1,0.0,13.3,1.0,1.0,False,False,False,False,False
401636942,2024,14,2024-12-01T03:15:00.000Z,False,False,True,59213.0,3801,LaVell Edwards Stadium,252,BYU,Big 12,30.0,"[7, 14, 3, 6]",0.9705783128738404,1660.0,1656.0,248,Houston,fbs,Big 12,18.0,"[7, 3, 0, 8]",0.0294216871261596,1309.0,1313.0,3.955765419514441,63470.0,True,False,Provo,UT,84602.0,US,America/Denver,40.2575347,-111.6545247,1412.097046,1964.0,2024-12-01,-0.3,0.0,0.4,0.9329289428076256,1.0,False,False,False,False,False
401643768,2024,14,2024-12-01T03:30:00.000Z,False,False,True,18045.0,7311,Snapdragon Stadium,21,San Diego State,Mountain West,20.0,"[7, 7, 0, 6]",0.0,1237.0,1228.0,2005,Air Force,fbs,Mountain West,31.0,"[14, 3, 14, 0]",1.0,1398.0,1407.0,3.982084712444832,35000.0,True,False,San Diego,CA,92093.0,US,America/Los_Angeles,32.784444,-117.122833,62.0,2022.0,2024-12-01,16.0,0.0,3.1,0.5155714285714286,0.0,False,False,False,False,False
401643771,2024,14,2024-12-01T04:00:00.000Z,False,False,True,12046.0,7220,Clarence T.C. Ching Athletics Complex,62,Hawai'i,Mountain West,38.0,"[7, 14, 10, 7]",0.6815758347511292,1114.0,1136.0,167,New Mexico,fbs,Mountain West,30.0,"[0, 9, 7, 14]",0.3184241652488708,1269.0,1247.0,4.094300785633626,15194.0,False,False,Honolulu,HI,96822.0,US,Pacific/Honolulu,21.294294,-157.819338,20.0,2015.0,2024-12-01,23.1,0.0,9.7,0.7928129524812426,0.0,False,False,False,False,False
401673466,2024,15,2024-12-07T00:00:00.000Z,False,False,True,15628.0,3662,AmFirst Stadium,55,Jacksonville State,Conference USA,52.0,"[14, 14, 10, 14]",0.9942452311515808,1638.0,1729.0,98,Western Kentucky,fbs,Conference USA,12.0,"[3, 3, 6, 0]",0.0057547688484191,1454.0,1363.0,2.3472106579004777,24000.0,False,False,Jacksonville,AL,36265.0,US,America/Chicago,33.8201052,-85.76647,198.0679016,1947.0,2024-12-07,0.3,0.0,8.8,0.6511666666666667,0.0,False,False,False,False,False
401673462,2024,15,2024-12-07T01:00:00.000Z,False,False,True,14016.0,3841,Michie Stadium,349,Army,American Athletic,35.0,"[7, 14, 7, 7]",0.9998512268066406,1611.0,1686.0,2655,Tulane,fbs,American Athletic,14.0,"[0, 7, 0, 7]",0.0001487731933593,1829.0,1754.0,2.478052448203305,38000.0,False,False,West Point,NY,10996.0,US,America/New_York,41.3874924,-73.9640891,99.21277618,1924.0,2024-12-07,-3.8,0.0,7.8,0.3688421052631579,0.0,False,False,False,False,False
401673468,2024,15,2024-12-07T01:00:00.000Z,False,False,True,36663.0,3653,Albertsons Stadium,68,Boise State,Mountain West,21.0,"[7, 14, 0, 0]",0.935003101825714,1748.0,1771.0,2439,UNLV,fbs,Mountain West,7.0,"[0, 0, 0, 7]",0.0649968981742858,1685.0,1662.0,2.9133277523530534,36387.0,False,False,Boise,ID,83725.0,US,America/Boise,43.6028839,-116.1958882,823.2221069,1970.0,2024-12-07,-3.9,0.0,2.2,1.0075851265561877,1.0,False,False,True,False,False
401673465,2024,15,2024-12-07T17:00:00.000Z,False,True,True,55889.0,3687,AT&T Stadium,9,Arizona State,Big 12,45.0,"[10, 14, 21, 0]",0.9893358945846558,1712.0,1792.0,66,Iowa State,fbs,Big 12,19.0,"[7, 3, 0, 9]",0.0106641054153442,1751.0,1671.0,2.928390766186814,100000.0,False,True,Arlington,TX,76011.0,US,America/Chicago,32.747778,-97.092778,172.5047302,2009.0,2024-12-07,8.6,0.0,5.8,0.55889,,False,False,False,False,False
401673467,2024,15,2024-12-07T17:00:00.000Z,False,True,True,15478.0,3727,Ford Field,193,Miami (OH),Mid-American,3.0,"[3, 0, 0, 0]",0.0092523172497749,1590.0,1496.0,195,Ohio,fbs,Mid-American,38.0,"[7, 14, 10, 7]",0.9907476827502252,1585.0,1679.0,2.540766488512685,64500.0,False,True,Detroit,MI,48226.0,US,America/Detroit,42.34,-83.045556,183.9643707,2002.0,2024-12-07,-0.8,0.0,16.6,0.239968992248062,,False,False,False,False,False
401673469,2024,15,2024-12-07T21:00:00.000Z,False,True,True,74916.0,5348,Mercedes-Benz Stadium,251,Texas,SEC,19.0,"[3, 3, 0, 10, 3]",0.2932311296463012,2059.0,2057.0,61,Georgia,fbs,SEC,22.0,"[0, 3, 10, 3, 6]",0.7067688703536987,2017.0,2019.0,9.136188031505878,75000.0,False,True,Atlanta,GA,30313.0,US,America/New_York,33.755578,-84.400881,307.9,2017.0,2024-12-07,9.7,0.0,7.4,0.99888,,False,False,False,False,False
401673470,2024,15,2024-12-08T00:30:00.000Z,False,False,True,20067.0,3666,Cajun Field,309,Louisiana,Sun Belt,3.0,"[3, 0, 0, 0]",0.0,1640.0,1546.0,276,Marshall,fbs,Sun Belt,31.0,"[7, 10, 7, 7]",1.0,1517.0,1611.0,3.794569149239947,41426.0,False,False,Lafayette,LA,70506.0,US,America/Chicago,30.2158434,-92.0417371,3.556508303,1971.0,2024-12-08,11.3,0.0,8.3,0.4844059286438468,0.0,False,False,False,False,False
401673463,2024,15,2024-12-08T01:00:00.000Z,False,True,True,53808.0,3628,Bank of America Stadium,2567,SMU,ACC,31.0,"[7, 0, 7, 17]",0.6509968042373657,1890.0,1886.0,228,Clemson,fbs,ACC,34.0,"[21, 3, 7, 3]",0.3490031957626343,1811.0,1815.0,5.15762411312274,73778.0,True,False,Charlotte,NC,28202.0,US,America/New_York,35.225833,-80.852778,220.8777466,1996.0,2024-12-08,3.5,0.0,12.3,0.7293231044484806,,False,False,False,False,False
401673464,2024,15,2024-12-08T01:00:00.000Z,False,True,True,67469.0,3812,Lucas Oil Stadium,2483,Oregon,Big Ten,45.0,"[14, 17, 7, 7]",0.8975746631622314,2060.0,2075.0,213,Penn State,fbs,Big Ten,37.0,"[10, 14, 0, 13]",0.1024253368377685,2011.0,1996.0,4.045752768237689,63000.0,False,True,Indianapolis,IN,46225.0,US,America/Indiana/Indianapolis,39.760056,-86.163806,216.3370361,2008.0,2024-12-08,4.3,0.0,19.0,1.070936507936508,,False,False,True,False,False
401645383,2024,16,2024-12-14T20:00:00.000Z,False,True,True,60726.0,3719,Northwest Stadium,349,Army,American Athletic,13.0,"[0, 7, 3, 3]",0.0,1686.0,1630.0,2426,Navy,fbs,American Athletic,31.0,"[7, 7, 7, 10]",1.0,1503.0,1559.0,3.7390196410750183,82000.0,True,False,Landover,MD,20785.0,US,America/New_York,38.907778,-76.864444,59.50488663,1997.0,2024-12-14,3.0,0.0,9.5,0.7405609756097561,,False,False,False,False,False
401756846,2025,1,2025-08-23T16:00:00.000Z,False,True,True,47221.0,3504,Aviva Stadium,2306,Kansas State,Big 12,21.0,"[0, 7, 0, 14]",0.0503725931048393,1669.0,1666.0,66,Iowa State,fbs,Big 12,24.0,"[7, 0, 7, 10]",0.9496274068951608,1616.0,1619.0,6.029094160739601,51700.0,True,False,Dublin,,,IE,Europe/Dublin,53.33523,-6.228447,2.264276505,2010.0,2025-08-23,19.8,0.1,5.3,0.9133655705996132,,False,False,False,False,False
401760371,2025,1,2025-08-23T20:00:00.000Z,False,False,False,25723.0,6501,Allegiant Stadium,2439,UNLV,Mountain West,38.0,"[0, 14, 10, 14]",1.0,1617.25,1631.5833333333333,304,Idaho State,fcs,Big Sky,31.0,"[10, 7, 7, 7]",0.0,1480.0,1472.0,8.650095280317405,65000.0,False,True,Las Vegas,NV,89118.0,US,America/Los_Angeles,36.09075,-115.183722,666.0,2020.0,2025-08-23,41.3,0.0,4.4,0.3957384615384615,0.0,False,False,False,True,True
401756847,2025,1,2025-08-23T22:30:00.000Z,False,False,False,41525.0,3833,Memorial Stadium,2305,Kansas,Big 12,31.0,"[14, 10, 7, 0]",1.0,1583.0,1632.0,278,Fresno State,fbs,Mountain West,7.0,"[7, 0, 0, 0]",0.0,1490.0,1441.0,2.7830408481663227,47000.0,False,False,Lawrence,KS,66045.0,US,America/Chicago,38.9629418,-95.2463686,274.855957,1921.0,2025-08-23,28.4,0.0,14.6,0.8835106382978724,0.0,False,False,False,False,False
401757218,2025,1,2025-08-23T23:00:00.000Z,False,False,True,15312.0,3796,Houchens Industries-L.T. Smith Stadium,98,Western Kentucky,Conference USA,41.0,"[7, 13, 14, 7]",0.9504224061965942,1409.0,1450.0,2534,Sam Houston,fbs,Conference USA,24.0,"[3, 7, 14, 0]",0.0495775938034057,1452.0,1411.0,5.04146368507938,22113.0,False,False,Bowling Green,KY,42101.0,US,America/Chicago,36.9847901,-86.4594041,154.4346619,1968.0,2025-08-23,27.9,0.0,15.2,0.6924433591100257,0.0,False,False,False,False,False
401754516,2025,1,2025-08-23T23:30:00.000Z,False,False,False,15194.0,7220,Clarence T.C. Ching Athletics Complex,62,Hawai'i,Mountain West,23.0,"[7, 7, 3, 6]",0.4369106590747833,1257.0,1258.0,24,Stanford,fbs,ACC,20.0,"[10, 3, 0, 7]",0.5630893409252167,1283.0,1282.0,6.995256097508367,15194.0,False,False,Honolulu,HI,96822.0,US,Pacific/Honolulu,21.294294,-157.819338,20.0,2015.0,2025-08-23,30.1,0.0,17.3,1.0,1.0,False,False,False,False,False
401762522,2025,1,2025-08-28T21:30:00.000Z,False,False,False,34707.0,3886,Raymond James Stadium,58,South Florida,American Athletic,34.0,"[0, 10, 14, 10]",0.991242527961731,1456.0,1554.0,68,Boise State,fbs,Mountain West,7.0,"[7, 0, 0, 0]",0.008757472038269,1676.0,1578.0,4.198854782620091,65828.0,True,False,Tampa,FL,33620.0,US,America/New_York,27.9758691,-82.5033344,11.07972908,1998.0,2025-08-28,30.0,0.2,9.9,0.5272376496323753,0.0,False,False,False,False,False
401752794,2025,1,2025-08-28T22:00:00.000Z,False,False,False,46907.0,6577,SHI Stadium,164,Rutgers,Big Ten,34.0,"[7, 24, 0, 3]",0.9000661373138428,1522.0,1524.0,195,Ohio,fbs,Mid-American,31.0,"[7, 10, 14, 0]",0.0999338626861572,1621.0,1619.0,6.943864856309906,52454.0,False,False,Piscataway,NJ,8854.0,US,America/New_York,40.513611,-74.465278,19.0,1994.0,2025-08-28,24.4,0.0,14.2,0.8942502001753918,0.0,False,False,False,False,False
401762790,2025,1,2025-08-28T22:00:00.000Z,False,False,False,19328.0,3700,Doyt L. Perry Stadium,189,Bowling Green,Mid-American,26.0,"[7, 10, 6, 3]",1.0,1461.0,1461.0,322,Lafayette,fcs,Patriot,7.0,"[0, 0, 7, 0]",0.0,1480.0,1472.0,1.743718059958304,24000.0,False,False,Bowling Green,OH,43403.0,US,America/New_York,41.3780114,-83.6225,205.9057465,1966.0,2025-08-28,21.0,0.2,13.0,0.8053333333333333,0.0,False,False,False,True,False
401761588,2025,1,2025-08-28T23:00:00.000Z,False,False,False,12459.0,3817,Malone Stadium,2433,UL Monroe,Sun Belt,29.0,"[7, 3, 7, 12]",0.99480402469635,1281.0,1281.0,2598,Saint Francis,fcs,NEC,0.0,"[0, 0, 0, 0]",0.0051959753036499,1480.0,1472.0,2.6582437502851985,27617.0,False,False,Monroe,LA,71209.0,US,America/Chicago,32.5308089,-92.0660602,22.998209,1978.0,2025-08-28,26.6,4.2,15.3,0.4511351703660788,0.0,False,False,False,True,False
401762789,2025,1,2025-08-28T23:00:00.000Z,False,False,False,9138.0,3768,InfoCision Stadium,2006,Akron,Mid-American,0.0,"[0, 0, 0, 0]",0.1403001993894577,1245.0,1235.0,2751,Wyoming,fbs,Mountain West,10.0,"[0, 3, 0, 7]",0.8596998006105423,1367.0,1377.0,4.853832638856986,30000.0,False,False,Akron,OH,44399.0,US,America/New_York,41.0725534,-81.5083408,321.2875061,2009.0,2025-08-28,17.2,0.0,13.2,0.3046,0.0,False,False,False,False,False
401757219,2025,1,2025-08-28T23:00:00.000Z,False,False,False,17895.0,3695,Delaware Stadium,48,Delaware,Conference USA,35.0,"[0, 14, 7, 14]",0.948571503162384,1500.0,1500.0,2169,Delaware State,fcs,MEAC,17.0,"[0, 3, 7, 7]",0.0514284968376159,1480.0,1472.0,3.8863147504803375,22000.0,False,False,Newark,DE,19713.0,US,America/New_York,39.6617428,-75.7488224,28.74350357,1952.0,2025-08-28,22.3,0.0,6.6,0.8134090909090909,0.0,False,False,False,True,False
401754373,2025,1,2025-08-28T23:00:00.000Z,False,False,False,56919.0,3670,Carter-Finley Stadium,152,NC State,ACC,24.0,"[3, 14, 7, 0]",0.7440896034240723,1501.0,1507.0,151,East Carolina,fbs,American Athletic,17.0,"[0, 7, 0, 10]",0.2559103965759277,1435.0,1429.0,3.940855281840526,58000.0,True,False,Raleigh,NC,27695.0,US,America/New_York,35.8008001,-78.7195655,117.0089951,1966.0,2025-08-28,23.5,0.0,2.3,0.9813620689655173,1.0,False,False,False,False,False
401756848,2025,1,2025-08-28T23:00:00.000Z,False,False,False,43043.0,3652,FBC Mortgage Stadium,2116,UCF,Big 12,17.0,"[0, 0, 3, 14]",0.8685790300369263,1538.0,1554.0,55,Jacksonville State,fbs,Conference USA,10.0,"[0, 0, 3, 7]",0.1314209699630737,1650.0,1634.0,6.779838854522642,44206.0,True,False,Orlando,FL,32816.0,US,America/New_York,28.6079765,-81.1927233,20.94113731,2007.0,2025-08-28,24.8,0.6,7.6,0.973691354114826,1.0,False,False,False,False,False
401752674,2025,1,2025-08-28T23:30:00.000Z,False,False,False,57321.0,3838,Memorial Stadium,142,Missouri,SEC,61.0,"[9, 17, 14, 21]",0.9923890829086304,1640.0,1640.0,2110,Central Arkansas,fcs,UAC,6.0,"[0, 0, 0, 6]",0.0076109170913696,1480.0,1472.0,3.2619476923306743,71168.0,False,False,Columbia,MO,65211.0,US,America/Chicago,38.9358491,-92.3332009,212.6865692,1927.0,2025-08-28,27.5,0.0,6.0,0.8054322167266187,0.0,False,False,False,True,False
401754517,2025,1,2025-08-28T23:30:00.000Z,False,False,False,15677.0,3982,Wallace Wade Stadium,150,Duke,ACC,45.0,"[3, 7, 14, 21]",0.950526475906372,1526.0,1526.0,2210,Elon,fcs,Coastal Athletic,17.0,"[0, 10, 0, 7]",0.0494735240936279,1480.0,1472.0,5.108617579482511,40004.0,True,False,Durham,NC,27708.0,US,America/New_York,35.9953688,-78.9417564,103.0028152,1929.0,2025-08-28,22.8,0.0,0.7,0.3918858114188581,0.0,False,False,False,True,False
401756876,2025,1,2025-08-28T23:30:00.000Z,False,False,False,44809.0,3646,Boone Pickens Stadium,197,Oklahoma State,Big 12,27.0,"[14, 3, 3, 7]",0.8100014328956604,1334.0,1334.0,2630,UT Martin,fcs,OVC-Big South,7.0,"[7, 0, 0, 0]",0.1899985671043396,1480.0,1472.0,2.5593415223854774,55509.0,False,False,Stillwater,OK,74078.0,US,America/Chicago,36.125673,-97.066513,276.4808655,1919.0,2025-08-28,24.4,0.0,15.6,0.8072384658343692,0.0,False,False,False,True,False
401756852,2025,1,2025-08-29T00:00:00.000Z,False,False,False,28150.0,4728,TDECU Stadium,248,Houston,Big 12,27.0,"[7, 10, 7, 3]",1.0,1375.0,1375.0,2617,Stephen F. Austin,fcs,Southland,0.0,"[0, 0, 0, 0]",0.0,1480.0,1472.0,2.357485880054012,40000.0,False,False,Houston,TX,77004.0,US,America/Chicago,29.7219885,-95.3491623,9.57440567,2014.0,2025-08-29,29.9,0.0,8.5,0.70375,0.0,False,False,False,True,False
401752793,2025,1,2025-08-29T00:00:00.000Z,False,False,False,47774.0,3953,Huntington Bank Stadium,135,Minnesota,Big Ten,23.0,"[0, 10, 3, 10]",0.9904310703277588,1616.0,1625.0,2084,Buffalo,fbs,Mid-American,10.0,"[0, 3, 7, 0]",0.0095689296722412,1416.0,1407.0,3.4432187643946706,50850.0,False,False,Minneapolis,MN,55488.0,US,America/Chicago,44.976525,-93.2245462,254.3902283,2009.0,2025-08-29,25.0,0.0,9.9,0.9395083579154376,1.0,False,False,False,False,False
401762430,2025,1,2025-08-29T00:30:00.000Z,False,False,False,26294.0,7221,Protective Stadium,5,UAB,American Athletic,52.0,"[10, 7, 21, 14]",0.6135753989219666,1319.0,1319.0,2011,Alabama State,fcs,SWAC,42.0,"[7, 14, 7, 14]",0.3864246010780334,1480.0,1472.0,6.530426333629312,45000.0,False,False,Birmingham,AL,35203.0,US,America/Chicago,33.5206824,-86.8024326,187.0,2021.0,2025-08-29,22.8,0.1,6.0,0.5843111111111111,0.0,False,False,False,True,False
401752796,2025,1,2025-08-29T01:00:00.000Z,False,True,False,72884.0,3622,GEHA Field at Arrowhead Stadium,2132,Cincinnati,Big 12,17.0,"[3, 0, 7, 7]",0.6849573254585266,1475.0,1477.0,158,Nebraska,fbs,Big Ten,20.0,"[0, 13, 0, 7]",0.3150426745414734,1524.0,1522.0,6.207148038057158,76416.0,True,False,Kansas City,MO,64129.0,US,America/Chicago,39.048889,-94.483889,256.798584,1972.0,2025-08-29,24.4,0.0,4.3,0.9537793132328308,,False,False,False,False,False
401762791,2025,1,2025-08-29T01:00:00.000Z,False,False,False,65952.0,347,Camp Randall Stadium,275,Wisconsin,Big Ten,17.0,"[3, 0, 7, 7]",1.0,1536.0,1573.0,193,Miami (OH),fbs,Mid-American,0.0,"[0, 0, 0, 0]",0.0,1528.0,1491.0,3.079787957421434,80321.0,False,False,Madison,WI,53711.0,US,America/Chicago,43.06994,-89.4126943,263.604126,1917.0,2025-08-29,18.9,0.0,6.5,0.821105314923868,0.0,False,False,False,False,False
401760357,2025,1,2025-08-29T02:00:00.000Z,False,False,False,20624.0,7311,Snapdragon Stadium,21,San Diego State,Mountain West,42.0,"[14, 6, 8, 14]",1.0,1318.0,1318.0,2619,Stony Brook,fcs,Coastal Athletic,0.0,"[0, 0, 0, 0]",0.0,1480.0,1472.0,2.6060254433997136,35000.0,True,False,San Diego,CA,92093.0,US,America/Los_Angeles,32.784444,-117.122833,62.0,2022.0,2025-08-29,24.6,0.0,5.0,0.5892571428571428,0.0,False,False,False,True,False
401762432,2025,1,2025-08-29T22:00:00.000Z,False,False,False,23032.0,3841,Michie Stadium,349,Army,American Athletic,27.0,"[7, 10, 7, 0, 3]",0.349024623632431,1607.0,1607.0,2627,Tarleton State,fcs,UAC,30.0,"[3, 7, 7, 7, 6]",0.650975376367569,1480.0,1472.0,6.9127413278628165,38000.0,False,False,West Point,NY,10996.0,US,America/New_York,41.3874924,-73.9640891,99.21277618,1924.0,2025-08-29,20.9,0.0,11.3,0.6061052631578947,0.0,False,False,False,True,False
401752802,2025,1,2025-08-29T23:00:00.000Z,False,False,False,71657.0,3936,Spartan Stadium,127,Michigan State,Big Ten,23.0,"[7, 14, 2, 0]",1.0,1368.0,1403.0,2711,Western Michigan,fbs,Mid-American,6.0,"[0, 0, 0, 6]",0.0,1345.0,1310.0,2.8680052592635046,75005.0,True,False,East Lansing,MI,48824.0,US,America/Detroit,42.7281474,-84.4848526,254.8794861,1923.0,2025-08-29,18.0,0.0,6.6,0.9553629758016132,1.0,False,False,False,False,False
401766898,2025,1,2025-08-29T23:00:00.000Z,False,False,False,18034.0,2031,Pitbull Stadium,2229,Florida International,Conference USA,42.0,"[7, 21, 7, 7]",0.9834718108177184,1372.0,1372.0,2065,Bethune-Cookman,fcs,SWAC,9.0,"[3, 3, 0, 3]",0.0165281891822814,1480.0,1472.0,2.954049844219754,20000.0,False,False,Miami,FL,33199.0,US,America/New_York,25.7525,-80.37778,6.0,1995.0,2025-08-29,25.4,5.9,3.7,0.9017,1.0,False,False,False,True,False
401761589,2025,1,2025-08-29T23:00:00.000Z,False,True,False,35718.0,3628,Bank of America Stadium,2429,Charlotte,American Athletic,11.0,"[3, 0, 0, 8]",0.0426952205598354,1254.0,1221.0,2026,App State,fbs,Sun Belt,34.0,"[0, 17, 10, 7]",0.9573047794401646,1428.0,1461.0,3.6672300484451488,73778.0,True,False,Charlotte,NC,28202.0,US,America/New_York,35.225833,-80.852778,220.8777466,1996.0,2025-08-29,26.1,0.0,2.3,0.4841280598552414,,False,False,False,False,False
401754374,2025,1,2025-08-29T23:00:00.000Z,False,False,False,30789.0,3630,Allegacy Federal Credit Union Stadium,154,Wake Forest,ACC,10.0,"[7, 0, 3, 0]",0.9848545789718628,1397.0,1394.0,338,Kennesaw State,fbs,Conference USA,9.0,"[6, 0, 3, 0]",0.0151454210281372,1266.0,1269.0,5.674199343634623,31500.0,False,False,Winston-Salem,NC,27105.0,US,America/New_York,36.1305507,-80.2545851,283.548584,1968.0,2025-08-29,24.7,0.0,8.2,0.9774285714285714,1.0,False,False,False,False,False
401752795,2025,1,2025-08-29T23:30:00.000Z,False,False,False,56040.0,3832,"Memorial Stadium (Champaign, IL)",356,Illinois,Big Ten,52.0,"[14, 17, 7, 14]",0.9946691989898682,1578.0,1578.0,2710,Western Illinois,fcs,OVC-Big South,3.0,"[0, 0, 0, 3]",0.0053308010101318,1480.0,1472.0,1.9825601280930891,60670.0,False,False,Champaign,IL,61820.0,US,America/Chicago,40.0993268,-88.2359569,223.2471619,1923.0,2025-08-29,23.2,0.0,10.8,0.9236855117850667,1.0,False,False,False,True,False
401756854,2025,1,2025-08-29T23:30:00.000Z,False,False,False,39129.0,3833,Memorial Stadium,2305,Kansas,Big 12,46.0,"[14, 15, 10, 7]",0.9886996150016784,1633.0,1633.0,2681,Wagner,fcs,NEC,7.0,"[0, 7, 0, 0]",0.0113003849983215,1480.0,1472.0,1.6895921395162847,47000.0,False,False,Lawrence,KS,66045.0,US,America/Chicago,38.9629418,-95.2463686,274.855957,1921.0,2025-08-29,26.4,0.0,7.3,0.832531914893617,0.0,False,False,False,True,False
401752667,2025,1,2025-08-30T00:00:00.000Z,False,False,False,45233.0,4727,McLane Stadium,239,Baylor,Big 12,24.0,"[3, 7, 7, 7]",0.1997608542442321,1604.0,1569.0,2,Auburn,fbs,SEC,38.0,"[7, 10, 14, 7]",0.8002391457557678,1574.0,1609.0,5.207606567811596,45140.0,False,False,Waco,TX,76704.0,US,America/Chicago,31.5582015,-97.1156702,117.0538101,2014.0,2025-08-30,32.1,0.0,8.2,1.0020602569782897,1.0,False,False,True,False,False
401754375,2025,1,2025-08-30T00:00:00.000Z,False,False,False,52868.0,3726,Folsom Field,38,Colorado,Big 12,20.0,"[7, 3, 3, 7]",0.467380553483963,1634.0,1613.0,59,Georgia Tech,fbs,ACC,27.0,"[0, 13, 7, 7]",0.532619446516037,1536.0,1557.0,5.409469095229784,50183.0,True,False,Boulder,CO,80309.0,US,America/Denver,40.0094746,-105.266905,1634.041138,1924.0,2025-08-30,21.7,0.5,6.0,1.053504174720523,1.0,False,False,True,False,False
401757224,2025,1,2025-08-30T01:30:00.000Z,False,True,False,5837.0,3631,BBVA Compass Stadium,2534,Sam Houston,Conference USA,21.0,"[7, 0, 0, 14]",0.0324541106820106,1411.0,1397.0,2439,UNLV,fbs,Mountain West,38.0,"[14, 10, 7, 7]",0.9675458893179892,1619.0,1633.0,3.66182117856834,22000.0,True,False,Houston,TX,77003.0,US,America/Chicago,29.7521988,-95.3524146,13.68128395,2012.0,2025-08-30,27.7,0.4,2.8,0.2653181818181818,,False,False,False,False,False
401760358,2025,1,2025-08-30T02:30:00.000Z,False,False,False,14877.0,3935,CEFCU Stadium,23,San José State,Mountain West,14.0,"[0, 7, 7, 0]",0.032235562801361,1484.0,1467.0,2117,Central Michigan,fbs,Mid-American,16.0,"[10, 3, 0, 3]",0.9677644371986388,1235.0,1252.0,6.0997865114863705,30456.0,False,False,San Jose,CA,95112.0,US,America/Los_Angeles,37.3196675,-121.8682962,28.30708694,1933.0,2025-08-30,22.4,0.0,8.0,0.4884751773049645,0.0,False,False,False,False,False
401762434,2025,1,2025-08-30T16:00:00.000Z,False,False,False,30014.0,3852,Navy-Marine Corps Memorial Stadium,2426,Navy,American Athletic,52.0,"[7, 21, 10, 14]",0.9952975511550904,1543.0,1543.0,2678,VMI,fcs,Southern,7.0,"[0, 0, 7, 0]",0.0047024488449096,1480.0,1472.0,1.9702852958010255,34000.0,False,False,Annapolis,MD,21402.0,US,America/New_York,38.9846985,-76.5076335,10.74990082,1959.0,2025-08-30,20.5,0.0,8.5,0.8827647058823529,0.0,False,False,False,True,False
401752673,2025,1,2025-08-30T16:00:00.000Z,False,False,False,33485.0,3815,M. M. Roberts Stadium,2572,Southern Miss,Sun Belt,17.0,"[3, 7, 0, 7]",0.0183775965124368,1119.0,1107.0,344,Mississippi State,fbs,SEC,34.0,"[10, 3, 21, 0]",0.9816224034875632,1412.0,1424.0,4.441994027739813,36000.0,False,False,Hattiesburg,MS,39402.0,US,America/Chicago,31.3289321,-89.3318118,64.52726746,1932.0,2025-08-30,26.1,0.1,11.1,0.9301388888888888,1.0,False,False,False,False,False
401752676,2025,1,2025-08-30T16:00:00.000Z,False,True,False,45918.0,5348,Mercedes-Benz Stadium,2633,Tennessee,SEC,45.0,"[17, 14, 7, 7]",0.9841050505638124,1776.0,1799.0,183,Syracuse,fbs,ACC,26.0,"[0, 14, 6, 6]",0.0158949494361877,1499.0,1476.0,3.339909414752006,75000.0,False,True,Atlanta,GA,30313.0,US,America/New_York,33.755578,-84.400881,307.9,2017.0,2025-08-30,26.8,0.0,7.7,0.61224,,False,False,False,False,False
401754520,2025,1,2025-08-30T16:00:00.000Z,False,False,False,53006.0,3752,Acrisure Stadium,221,Pittsburgh,ACC,61.0,"[14, 20, 14, 13]",0.9959656000137328,1470.0,1470.0,2184,Duquesne,fcs,NEC,9.0,"[0, 6, 0, 3]",0.004034399986267,1480.0,1472.0,2.544712763176378,68400.0,True,False,Pittsburgh,PA,15260.0,US,America/New_York,40.4467648,-80.0157603,220.5887146,2001.0,2025-08-30,18.7,0.0,4.8,0.7749415204678363,0.0,False,False,False,True,False
401762792,2025,1,2025-08-30T16:00:00.000Z,False,False,False,8647.0,3696,Dix Stadium,2309,Kent State,Mid-American,21.0,"[0, 7, 7, 7]",0.7662817239761353,1006.0,1006.0,2771,Merrimack,fcs,FCS Independents,17.0,"[0, 3, 3, 11]",0.2337182760238647,1480.0,1472.0,5.994707794081288,25319.0,False,False,Kent,OH,44242.0,US,America/New_York,41.1390935,-81.31346,321.3641663,1969.0,2025-08-30,18.3,0.0,10.1,0.3415221770212093,0.0,False,False,False,True,False
401752797,2025,1,2025-08-30T16:00:00.000Z,False,False,False,35067.0,3665,SECU Stadium,120,Maryland,Big Ten,39.0,"[7, 26, 6, 0]",0.9894888997077942,1438.0,1509.0,2226,Florida Atlantic,fbs,American Athletic,7.0,"[7, 0, 0, 0]",0.0105111002922058,1311.0,1240.0,4.0587975477575435,51802.0,False,False,College Park,MD,20742.0,US,America/New_York,38.9903332,-76.9473792,32.68748093,1950.0,2025-08-30,21.7,0.0,8.1,0.6769429751747037,0.0,False,False,False,False,False
401752677,2025,1,2025-08-30T16:00:00.000Z,False,False,False,107524.0,3861,Ohio Stadium,194,Ohio State,Big Ten,14.0,"[0, 7, 0, 7]",0.7310812473297119,1974.0,1977.0,251,Texas,fbs,SEC,7.0,"[0, 0, 0, 7]",0.2689187526702881,1861.0,1858.0,2.8501456148390796,102780.0,False,False,Columbus,OH,43210.0,US,America/New_York,40.0016447,-83.0197266,216.6770325,1922.0,2025-08-30,18.7,0.0,7.9,1.0461568398521113,1.0,False,False,True,False,False
401752801,2025,1,2025-08-30T16:00:00.000Z,False,False,False,53994.0,3907,Ross-Ade Stadium,2509,Purdue,Big Ten,31.0,"[14, 7, 7, 3]",0.988307774066925,1207.0,1293.0,2050,Ball State,fbs,Mid-American,0.0,"[0, 0, 0, 0]",0.0116922259330749,1224.0,1138.0,2.2003856045032593,57282.0,True,False,West Lafayette,IN,47907.0,US,America/Indiana/Indianapolis,40.4352253,-86.9186843,197.5337677,1924.0,2025-08-30,20.9,0.0,3.2,0.9425997695611188,1.0,False,False,False,False,False
401752803,2025,1,2025-08-30T16:00:00.000Z,False,False,False,22103.0,4729,Yulman Stadium,2655,Tulane,American Athletic,23.0,"[7, 13, 3, 0]",1.0,1616.0,1644.0,77,Northwestern,fbs,Big Ten,3.0,"[3, 0, 0, 0]",0.0,1431.0,1403.0,2.4735579019831504,30000.0,False,False,New Orleans,LA,70118.0,US,America/Chicago,29.944616,-90.116692,0.0,2014.0,2025-08-30,27.7,0.1,9.1,0.7367666666666667,0.0,False,False,False,False,False
401752670,2025,1,2025-08-30T16:45:00.000Z,False,False,False,56457.0,3683,Kroger Field,96,Kentucky,SEC,24.0,"[7, 3, 0, 14]",0.970619022846222,1498.0,1507.0,2649,Toledo,fbs,Mid-American,16.0,"[0, 2, 0, 14]",0.029380977153778,1454.0,1445.0,3.6450777717616583,61000.0,False,False,Lexington,KY,40506.0,US,America/New_York,38.0220905,-84.5053408,307.4248962,1973.0,2025-08-30,22.1,0.0,12.2,0.9255245901639344,1.0,False,False,False,False,False
401754518,2025,1,2025-08-30T18:00:00.000Z,False,False,False,41221.0,3615,"Alumni Stadium (Chestnut Hill, MA)",103,Boston College,ACC,66.0,"[14, 7, 24, 21]",0.9878271818161012,1508.0,1508.0,2230,Fordham,fcs,Patriot,10.0,"[3, 0, 0, 7]",0.0121728181838989,1480.0,1472.0,1.976087307715974,44500.0,False,False,Chestnut Hill,MA,2467.0,US,America/New_York,42.335104,-71.1664413,39.82634354,1957.0,2025-08-30,23.2,0.0,12.8,0.9263146067415732,1.0,False,False,False,True,False
401756878,2025,1,2025-08-30T18:00:00.000Z,False,False,False,57093.0,3842,Milan Puskar Stadium,277,West Virginia,Big 12,45.0,"[7, 3, 14, 21]",0.9934393763542176,1470.0,1470.0,2523,Robert Morris,fcs,NEC,3.0,"[0, 3, 0, 0]",0.0065606236457824,1480.0,1472.0,2.9644348700139513,60000.0,False,False,Morgantown,WV,26507.0,US,America/New_York,39.6502744,-79.9551873,327.409668,1980.0,2025-08-30,20.8,0.0,7.8,0.95155,1.0,False,False,False,True,False
401757167,2025,1,2025-08-30T18:00:00.000Z,False,False,False,37594.0,3892,Pratt & Whitney Stadium,41,UConn,FBS Independents,59.0,"[14, 21, 10, 14]",0.990516722202301,1454.0,1454.0,2115,Central Connecticut,fcs,NEC,13.0,"[7, 3, 3, 0]",0.0094832777976989,1480.0,1472.0,3.3336148066236553,40000.0,True,False,East Hartford,CT,6118.0,US,America/New_York,41.7595675,-72.6187728,6.515614986,2003.0,2025-08-30,21.9,0.0,13.6,0.93985,1.0,False,False,False,True,False
401752806,2025,1,2025-08-30T18:30:00.000Z,False,False,False,47109.0,3830,"Memorial Stadium (Bloomington, IN)",84,Indiana,Big Ten,27.0,"[7, 10, 10, 0]",0.7637277245521545,1800.0,1800.0,295,Old Dominion,fbs,Sun Belt,14.0,"[7, 0, 0, 7]",0.2362722754478454,1480.0,1480.0,3.5853643609346264,52656.0,False,False,Bloomington,IN,47408.0,US,America/Indiana/Indianapolis,39.1808959,-86.5256217,231.6500854,1960.0,2025-08-30,24.0,0.0,6.2,0.8946558796718322,0.0,False,False,False,False,False
401754519,2025,1,2025-08-30T19:00:00.000Z,False,False,False,50536.0,3873,L&N Federal Credit Union Stadium,97,Louisville,ACC,51.0,"[21, 20, 7, 3]",0.9674173593521118,1706.0,1706.0,2198,Eastern Kentucky,fcs,UAC,17.0,"[0, 7, 0, 10]",0.0325826406478881,1480.0,1472.0,2.510451246927339,60000.0,False,False,Louisville,KY,40292.0,US,America/Kentucky/Louisville,38.2057621,-85.7588141,138.5615997,1998.0,2025-08-30,26.6,0.0,8.3,0.8422666666666667,0.0,False,False,False,True,False
401752807,2025,1,2025-08-30T19:30:00.000Z,False,False,False,106915.0,3632,Beaver Stadium,213,Penn State,Big Ten,46.0,"[10, 17, 12, 7]",0.9887898564338684,2063.0,2073.0,2440,Nevada,fbs,Mountain West,11.0,"[0, 3, 0, 8]",0.0112101435661315,1294.0,1284.0,2.740640517537327,106572.0,True,False,University Park,PA,16802.0,US,America/New_York,40.8121958,-77.8561023,354.1551514,1960.0,2025-08-30,21.0,0.0,9.3,1.0032184814022445,1.0,False,False,True,False,False
401752665,2025,1,2025-08-30T19:30:00.000Z,False,False,False,67277.0,3697,Doak Campbell Stadium,52,Florida State,ACC,31.0,"[7, 10, 7, 7]",0.9999723434448242,1408.0,1477.0,333,Alabama,fbs,SEC,17.0,"[7, 0, 3, 7]",2.765655517578125e-05,1824.0,1755.0,3.890692760872287,67277.0,True,False,Tallahassee,FL,32306.0,US,America/New_York,30.4381692,-84.3044032,19.55942535,1950.0,2025-08-30,29.3,0.2,4.7,1.0,1.0,False,False,False,False,False
401762456,2025,1,2025-08-30T19:30:00.000Z,False,False,False,11565.0,3985,Warren McGuirk Alumni Stadium,113,Massachusetts,Mid-American,10.0,"[10, 0, 0, 0]",0.0226590987294912,1193.0,1101.0,218,Temple,fbs,American Athletic,42.0,"[7, 21, 0, 14]",0.9773409012705088,1192.0,1284.0,3.848331369196091,17000.0,False,False,Hadley,MA,1003.0,US,America/New_York,42.3773244,-72.5360595,46.58664703,1965.0,2025-08-30,21.8,0.0,15.2,0.6802941176470588,0.0,False,False,False,False,False
401756853,2025,1,2025-08-30T19:30:00.000Z,False,False,False,61500.0,3772,Jack Trice Stadium,66,Iowa State,Big 12,55.0,"[14, 13, 14, 14]",0.9931229948997498,1621.0,1621.0,233,South Dakota,fcs,MVFC,7.0,"[7, 0, 0, 0]",0.0068770051002502,1480.0,1472.0,2.7165267446492507,61500.0,True,False,Ames,IA,50011.0,US,America/Chicago,42.0139977,-93.6357716,274.9135437,1975.0,2025-08-30,26.1,0.3,10.3,1.0,1.0,False,False,False,True,False
401760359,2025,1,2025-08-30T19:30:00.000Z,False,False,False,30207.0,3713,Falcon Stadium,2005,Air Force,Mountain West,49.0,"[14, 14, 14, 7]",0.9939007759094238,1438.0,1438.0,2083,Bucknell,fcs,Patriot,13.0,"[0, 7, 3, 3]",0.0060992240905761,1480.0,1472.0,2.7835130951563953,46692.0,False,False,Colorado Springs,CO,80840.0,US,America/Denver,38.9969701,-104.8436165,2024.875732,1962.0,2025-08-30,21.0,0.0,10.2,0.6469416602415832,0.0,False,False,False,True,False
401752669,2025,1,2025-08-30T19:30:00.000Z,False,False,False,93033.0,3917,Sanford Stadium,61,Georgia,SEC,45.0,"[14, 10, 14, 7]",0.9931291341781616,1998.0,2053.0,276,Marshall,fbs,Sun Belt,7.0,"[0, 0, 0, 7]",0.0068708658218383,1574.0,1519.0,2.831958872682932,92746.0,True,False,Athens,GA,30602.0,US,America/New_York,33.9498197,-83.3733813,186.1120758,1929.0,2025-08-30,28.5,0.0,10.1,1.003094473077006,1.0,False,False,True,False,False
401762793,2025,1,2025-08-30T19:30:00.000Z,False,False,False,10569.0,3764,Huskie Stadium,2459,Northern Illinois,Mid-American,19.0,"[3, 3, 0, 13]",0.8795457482337952,1470.0,1470.0,107,Holy Cross,fcs,Patriot,17.0,"[0, 3, 0, 14]",0.1204542517662048,1480.0,1472.0,5.4788604432195065,23595.0,False,False,DeKalb,IL,60115.0,US,America/Chicago,41.9339586,-88.7778357,267.4530029,1965.0,2025-08-30,21.6,0.0,4.6,0.4479338842975207,0.0,False,False,False,True,False
401752804,2025,1,2025-08-30T20:00:00.000Z,False,False,False,57257.0,3626,Autzen Stadium,2483,Oregon,Big Ten,59.0,"[17, 21, 14, 7]",0.9927279949188232,1860.0,1860.0,147,Montana State,fcs,Big Sky,13.0,"[0, 3, 3, 7]",0.0072720050811767,1480.0,1472.0,2.403256355858443,54000.0,False,False,Eugene,OR,97401.0,US,America/Los_Angeles,44.0582712,-123.0684883,127.4198303,1967.0,2025-08-30,23.1,0.0,6.8,1.0603148148148147,1.0,False,False,True,True,False
401757220,2025,1,2025-08-30T20:00:00.000Z,False,False,False,20337.0,3992,Williams Stadium (VA),2335,Liberty,Conference USA,28.0,"[0, 7, 0, 21]",1.0,1502.0,1502.0,311,Maine,fcs,Coastal Athletic,7.0,"[0, 7, 0, 0]",0.0,1480.0,1472.0,4.596249113453677,25000.0,False,False,Lynchburg,VA,24502.0,US,America/New_York,37.3544305,-79.1750239,272.9237061,1989.0,2025-08-30,24.3,0.0,3.8,0.81348,0.0,False,False,False,True,False
401752666,2025,1,2025-08-30T20:15:00.000Z,False,False,False,70827.0,3887,Razorback Stadium,8,Arkansas,SEC,52.0,"[10, 21, 14, 7]",0.954650342464447,1574.0,1574.0,2010,Alabama A&M,fcs,SWAC,7.0,"[7, 0, 0, 0]",0.0453496575355529,1480.0,1472.0,3.687395892523427,80000.0,False,False,Fayetteville,AR,72702.0,US,America/Chicago,36.0680662,-94.1789534,403.7972412,1938.0,2025-08-30,26.7,0.0,8.8,0.8853375,0.0,False,False,False,True,False
401762433,2025,1,2025-08-30T20:30:00.000Z,False,False,False,25011.0,3805,Simmons Bank Liberty Stadium,235,Memphis,American Athletic,45.0,"[14, 14, 10, 7]",0.9938881397247314,1604.0,1604.0,236,Chattanooga,fcs,Southern,10.0,"[0, 3, 0, 7]",0.0061118602752685,1480.0,1472.0,1.8319668734099273,58325.0,False,False,Memphis,TN,38152.0,US,America/Chicago,35.1209429,-89.977147,90.62445831,1965.0,2025-08-30,32.2,0.0,11.2,0.4288212601800257,0.0,False,False,False,True,False
401752799,2025,1,2025-08-30T22:00:00.000Z,False,False,False,69250.0,3793,Kinnick Stadium,2294,Iowa,Big Ten,34.0,"[3, 14, 7, 10]",0.9937663078308104,1682.0,1682.0,399,UAlbany,fcs,Coastal Athletic,7.0,"[0, 7, 0, 0]",0.0062336921691894,1480.0,1472.0,3.449036446083837,69250.0,False,False,Iowa City,IA,52242.0,US,America/Chicago,41.6586045,-91.5510829,220.6357727,1929.0,2025-08-30,25.8,0.0,8.8,1.0,1.0,False,False,False,True,False
401761590,2025,1,2025-08-30T22:00:00.000Z,False,False,False,24965.0,3651,Bridgeforth Stadium,256,James Madison,Sun Belt,45.0,"[14, 14, 3, 14]",0.99522864818573,1627.0,1627.0,2692,Weber State,fcs,Big Sky,10.0,"[0, 7, 3, 0]",0.00477135181427,1480.0,1472.0,2.311021820853732,24877.0,False,False,Harrisonburg,VA,22807.0,US,America/New_York,38.4352919,-78.8729349,399.303009,1975.0,2025-08-30,22.2,0.0,8.5,1.0035374040278169,1.0,False,False,True,True,False
401752675,2025,1,2025-08-30T22:00:00.000Z,False,False,False,83218.0,3835,"Memorial Stadium (Norman, OK)",201,Oklahoma,SEC,35.0,"[7, 14, 0, 14]",0.9841676354408264,1650.0,1650.0,2287,Illinois State,fcs,MVFC,3.0,"[0, 0, 3, 0]",0.0158323645591735,1480.0,1472.0,2.339243175901871,86112.0,True,False,Norman,OK,73019.0,US,America/Chicago,35.2058537,-97.4423145,355.0962524,1925.0,2025-08-30,25.1,0.0,3.9,0.9663926049795616,1.0,False,False,False,True,False
401754616,2025,1,2025-08-30T22:00:00.000Z,False,False,False,46143.0,3923,Scott Stadium,258,Virginia,ACC,48.0,"[7, 21, 14, 6]",0.9922709465026855,1404.0,1521.0,324,Coastal Carolina,fbs,Sun Belt,7.0,"[0, 0, 7, 0]",0.0077290534973144,1379.0,1262.0,2.5924538254952325,61500.0,True,False,Charlottesville,VA,22904.0,US,America/New_York,38.0311801,-78.5137897,170.4677429,1931.0,2025-08-30,23.4,0.0,5.8,0.7502926829268293,0.0,False,False,False,False,False
401756855,2025,1,2025-08-30T23:00:00.000Z,False,False,False,51927.0,3636,Bill Snyder Family Stadium,2306,Kansas State,Big 12,38.0,"[10, 7, 14, 7]",0.9437008500099182,1664.0,1664.0,155,North Dakota,fcs,MVFC,35.0,"[7, 14, 0, 14]",0.0562991499900817,1480.0,1472.0,7.381952693813373,50000.0,False,False,Manhattan,KS,66502.0,US,America/Chicago,39.2020096,-96.5938395,328.0574646,1968.0,2025-08-30,22.5,0.2,12.9,1.03854,1.0,False,False,True,True,False
401757226,2025,1,2025-08-30T23:00:00.000Z,False,False,False,12226.0,3796,Houchens Industries-L.T. Smith Stadium,98,Western Kentucky,Conference USA,55.0,"[14, 28, 3, 10]",0.98651921749115,1445.0,1445.0,2453,North Alabama,fcs,UAC,6.0,"[6, 0, 0, 0]",0.01348078250885,1480.0,1472.0,2.9685185692235607,22113.0,False,False,Bowling Green,KY,42101.0,US,America/Chicago,36.9847901,-86.4594041,154.4346619,1968.0,2025-08-30,25.4,0.0,13.6,0.5528874417763306,0.0,False,False,False,True,False
401752678,2025,1,2025-08-30T23:00:00.000Z,False,False,False,107521.0,3795,Kyle Field,245,Texas A&M,SEC,42.0,"[7, 14, 14, 7]",1.0,1674.0,1700.0,2636,UTSA,fbs,American Athletic,24.0,"[3, 7, 7, 7]",0.0,1529.0,1503.0,5.030838796225625,102733.0,True,False,College Station,TX,77843.0,US,America/Chicago,30.6098891,-96.3403828,108.824585,1927.0,2025-08-30,33.5,0.0,1.7,1.046606251155909,1.0,False,False,True,False,False
401761591,2025,1,2025-08-30T23:00:00.000Z,False,False,False,18241.0,3625,Centennial Bank Stadium,2032,Arkansas State,Sun Belt,42.0,"[7, 21, 7, 7]",0.9896280169487,1344.0,1344.0,2546,Southeast Missouri State,fcs,OVC-Big South,24.0,"[7, 3, 0, 14]",0.0103719830513,1480.0,1472.0,5.044477295926289,30382.0,False,False,Jonesboro,AR,72404.0,US,America/Chicago,35.8488977,-90.6677436,89.52690887,1974.0,2025-08-30,29.7,0.0,14.7,0.6003883878612336,0.0,False,False,False,True,False
401761593,2025,1,2025-08-30T23:00:00.000Z,False,False,False,14017.0,6526,Hancock Whitney Stadium,6,South Alabama,Sun Belt,38.0,"[7, 10, 7, 14]",0.9894805550575256,1555.0,1555.0,2415,Morgan State,fcs,MEAC,21.0,"[7, 0, 7, 7]",0.0105194449424743,1480.0,1472.0,4.579103970844046,25450.0,False,False,Mobile,AL,36688.0,US,America/Chicago,30.696904,-88.192013,45.0,2020.0,2025-08-30,27.5,0.4,6.7,0.5507662082514735,0.0,False,False,False,True,False
401761595,2025,1,2025-08-30T23:00:00.000Z,False,False,False,25546.0,3975,Veterans Memorial Stadium (AL),2653,Troy,Sun Belt,38.0,"[0, 7, 3, 28]",0.9957315325737,1476.0,1476.0,2447,Nicholls,fcs,Southland,20.0,"[0, 10, 7, 3]",0.0042684674263,1480.0,1472.0,5.097250982479779,30000.0,False,False,Troy,AL,36082.0,US,America/Chicago,31.7995565,-85.9518328,154.7746277,1950.0,2025-08-30,25.2,0.0,5.8,0.8515333333333334,0.0,False,False,False,True,False
401752668,2025,1,2025-08-30T23:00:00.000Z,False,False,False,89451.0,3634,Ben Hill Griffin Stadium,57,Florida,SEC,55.0,"[14, 24, 10, 7]",0.9889460802078248,1678.0,1678.0,2341,Long Island University,fcs,NEC,0.0,"[0, 0, 0, 0]",0.0110539197921752,1480.0,1472.0,1.4437960459230383,88548.0,True,False,Gainesville,FL,32653.0,US,America/New_York,29.6499357,-82.3485788,44.97250748,1930.0,2025-08-30,25.2,2.5,5.9,1.0101978587884537,1.0,False,False,True,True,False
401752679,2025,1,2025-08-30T23:00:00.000Z,False,False,False,35000.0,3973,FirstBank Stadium,238,Vanderbilt,SEC,45.0,"[14, 14, 7, 10]",0.9889649748802184,1497.0,1497.0,2127,Charleston Southern,fcs,OVC-Big South,3.0,"[0, 0, 0, 3]",0.0110350251197814,1480.0,1472.0,1.767896745375514,40351.0,False,False,Nashville,TN,37212.0,US,America/Chicago,36.1440455,-86.8088942,159.9194641,1922.0,2025-08-30,27.6,0.0,16.0,0.8673886644692821,0.0,False,False,False,True,False
401757222,2025,1,2025-08-30T23:00:00.000Z,False,False,False,18505.0,3725,"Johnny ""Red"" Floyd Stadium",2393,Middle Tennessee,Conference USA,14.0,"[0, 7, 7, 0]",0.0470785684883594,1228.0,1228.0,2046,Austin Peay,fcs,UAC,34.0,"[14, 7, 3, 10]",0.9529214315116404,1480.0,1472.0,3.462974439157419,30788.0,False,False,Murfreesboro,TN,37132.0,US,America/Chicago,35.8511463,-86.3681649,191.7279816,1933.0,2025-08-30,27.1,0.0,12.7,0.6010458620241652,0.0,False,False,False,True,False
401752808,2025,1,2025-08-30T23:30:00.000Z,False,False,False,110648.0,3558,Michigan Stadium,130,Michigan,Big Ten,34.0,"[14, 10, 3, 7]",0.989814519882202,1772.0,1771.0,167,New Mexico,fbs,Mountain West,17.0,"[0, 10, 7, 0]",0.0101854801177978,1331.0,1332.0,2.8071636758153686,107601.0,False,False,Ann Arbor,MI,48109.0,US,America/Detroit,42.2658365,-83.7486956,255.5500031,1927.0,2025-08-30,20.5,0.0,7.1,1.0283175806916292,1.0,False,False,True,False,False
401757221,2025,1,2025-08-30T23:30:00.000Z,False,False,False,12872.0,3776,Joe Aillet Stadium,2348,Louisiana Tech,Conference USA,24.0,"[0, 3, 21, 0]",0.932179868221283,1397.0,1397.0,2545,SE Louisiana,fcs,Southland,0.0,"[0, 0, 0, 0]",0.067820131778717,1480.0,1472.0,4.255358736024053,28019.0,False,False,Ruston,LA,71272.0,US,America/Chicago,32.5321487,-92.6560019,72.87982941,1968.0,2025-08-30,29.2,0.0,9.9,0.4594025482708162,0.0,False,False,False,True,False
401752671,2025,1,2025-08-30T23:30:00.000Z,False,False,False,81500.0,3836,"Memorial Stadium (Clemson, SC)",228,Clemson,ACC,10.0,"[3, 7, 0, 0]",0.102573737502098,1704.0,1692.0,99,LSU,fbs,SEC,17.0,"[0, 3, 7, 7]",0.8974262624979019,1718.0,1730.0,5.004065274365249,81500.0,True,False,Clemson,SC,29634.0,US,America/New_York,34.6787737,-82.8432428,205.6452179,1942.0,2025-08-30,25.7,0.1,5.1,1.0,1.0,False,False,False,False,False
401752798,2025,1,2025-08-30T23:30:00.000Z,False,False,False,62841.0,477,Los Angeles Memorial Coliseum,30,USC,Big Ten,73.0,"[14, 28, 14, 17]",0.9899773597717284,1676.0,1841.0,2623,Missouri State,fbs,Conference USA,13.0,"[3, 7, 3, 0]",0.0100226402282714,1500.0,1335.0,3.0279735308189717,77500.0,True,False,Los Angeles,CA,90089.0,US,America/Los_Angeles,34.014167,-118.287778,42.50374222,1923.0,2025-08-30,29.3,0.0,11.3,0.8108516129032258,0.0,False,False,False,False,False
401756877,2025,1,2025-08-30T23:30:00.000Z,False,False,False,60229.0,3784,Jones AT&T Stadium,2641,Texas Tech,Big 12,67.0,"[23, 24, 14, 6]",0.9876359701156616,1571.0,1571.0,2029,Arkansas-Pine Bluff,fcs,SWAC,7.0,"[0, 0, 0, 7]",0.0123640298843383,1480.0,1472.0,2.1355264776531504,60454.0,False,False,Lubbock,TX,79409.0,US,America/Chicago,33.5910518,-101.8728824,980.7632446,1947.0,2025-08-30,30.9,0.1,14.3,0.9962781619082276,1.0,False,False,False,True,False
401757225,2025,1,2025-08-30T23:30:00.000Z,False,False,False,16448.0,3905,Maverik Stadium,328,Utah State,Mountain West,28.0,"[10, 10, 8, 0]",0.827567994594574,1408.0,1418.0,2638,UTEP,fbs,Conference USA,16.0,"[7, 3, 0, 6]",0.172432005405426,1240.0,1230.0,4.024054871708383,25513.0,False,False,Logan,UT,84322.0,US,America/Denver,41.7517394,-111.8116007,1427.914429,1968.0,2025-08-30,25.1,0.0,6.9,0.6446909418727708,0.0,False,False,False,False,False
401752672,2025,1,2025-08-30T23:45:00.000Z,False,False,False,66378.0,3974,Vaught-Hemingway Stadium,145,Ole Miss,SEC,63.0,"[7, 18, 17, 21]",0.9927834868431092,1838.0,1939.0,2247,Georgia State,fbs,Sun Belt,7.0,"[0, 7, 0, 0]",0.0072165131568908,1331.0,1230.0,2.746951828945296,64038.0,True,False,Oxford,MS,38677.0,US,America/Chicago,34.3619837,-89.5342076,146.8517151,1915.0,2025-08-30,28.8,0.0,7.3,1.0365408038976858,1.0,False,False,True,False,False
401762457,2025,1,2025-08-31T00:00:00.000Z,False,False,False,17337.0,3674,Chapman Stadium,202,Tulsa,American Athletic,35.0,"[7, 3, 11, 14]",0.9792423248291016,1041.0,1041.0,2000,Abilene Christian,fcs,UAC,7.0,"[0, 0, 0, 7]",0.0207576751708984,1480.0,1472.0,2.621739144074778,30000.0,False,False,Tulsa,OK,74194.0,US,America/Chicago,36.1489175,-95.9437853,235.5928345,1930.0,2025-08-31,25.5,0.0,6.6,0.5779,0.0,False,False,False,True,False
401762435,2025,1,2025-08-31T00:00:00.000Z,False,False,False,20594.0,3825,DATCU Stadium,249,North Texas,American Athletic,51.0,"[13, 24, 14, 0]",0.990288496017456,1411.0,1411.0,2320,Lamar,fcs,Southland,0.0,"[0, 0, 0, 0]",0.0097115039825439,1480.0,1472.0,2.3573009786963683,30850.0,False,False,Denton,TX,76210.0,US,America/Chicago,33.203899,-97.159245,198.6871948,2011.0,2025-08-31,27.0,0.0,8.6,0.6675526742301459,0.0,False,False,False,True,False
401756851,2025,1,2025-08-31T00:00:00.000Z,False,False,False,64494.0,3801,LaVell Edwards Stadium,252,BYU,Big 12,69.0,"[14, 35, 6, 14]",0.9965556859970092,1644.0,1644.0,2502,Portland State,fcs,Big Sky,0.0,"[0, 0, 0, 0]",0.0034443140029907,1480.0,1472.0,2.5564132230791032,63470.0,True,False,Provo,UT,84602.0,US,America/Denver,40.2575347,-111.6545247,1412.097046,1964.0,2025-08-31,25.0,0.0,8.7,1.0161336064282338,1.0,False,False,True,True,False
401761594,2025,1,2025-08-31T00:00:00.000Z,False,False,False,21082.0,3644,Bobcat Stadium (TX),326,Texas State,Sun Belt,52.0,"[14, 10, 14, 14]",0.9995025992393494,1593.0,1623.0,2199,Eastern Michigan,fbs,Mid-American,27.0,"[3, 14, 0, 10]",0.0004974007606506,1283.0,1253.0,4.503330170819301,30000.0,False,False,San Marcos,TX,78666.0,US,America/Chicago,29.8910008,-97.9255735,177.8676453,1981.0,2025-08-31,32.8,0.0,4.9,0.7027333333333333,0.0,False,False,False,False,False
401761592,2025,1,2025-08-31T00:00:00.000Z,False,False,False,22148.0,3666,Cajun Field,309,Louisiana,Sun Belt,12.0,"[3, 3, 6, 0]",0.090759128332138,1474.0,1463.0,242,Rice,fbs,American Athletic,14.0,"[0, 14, 0, 0]",0.909240871667862,1326.0,1337.0,5.187988330546746,41426.0,False,False,Lafayette,LA,70506.0,US,America/Chicago,30.2158434,-92.0417371,3.556508303,1971.0,2025-08-31,26.8,0.0,2.5,0.5346400811084826,0.0,False,False,False,False,False
401754521,2025,1,2025-08-31T01:00:00.000Z,False,False,False,33044.0,3735,Gerald J. Ford Stadium,2567,SMU,ACC,42.0,"[14, 7, 7, 14]",0.923669934272766,1717.0,1717.0,2837,East Texas A&M,fcs,Southland,13.0,"[0, 3, 0, 10]",0.0763300657272338,1480.0,1472.0,2.8074836179099596,32000.0,False,False,University Park,TX,75275.0,US,America/Chicago,32.8377223,-96.7827859,169.4058075,2000.0,2025-08-31,25.0,0.0,6.0,1.032625,1.0,False,False,True,True,False
401757223,2025,1,2025-08-31T01:00:00.000Z,False,False,False,10058.0,3601,Aggie Memorial Stadium,166,New Mexico State,Conference USA,19.0,"[6, 3, 0, 10]",0.8037628531455994,1246.0,1246.0,2803,Bryant,fcs,Coastal Athletic,3.0,"[3, 0, 0, 0]",0.1962371468544006,1480.0,1472.0,4.622536798733111,28853.0,False,False,Las Cruces,NM,88003.0,US,America/Denver,32.2796202,-106.7411148,1208.201294,1978.0,2025-08-31,30.8,0.0,7.7,0.3485946002148823,0.0,False,False,False,True,False
401760361,2025,1,2025-08-31T01:30:00.000Z,False,False,False,36801.0,3660,Valley Children's Stadium,278,Fresno State,Mountain West,42.0,"[10, 3, 15, 14]",1.0,1441.0,1516.0,290,Georgia Southern,fbs,Sun Belt,14.0,"[7, 7, 0, 0]",0.0,1457.0,1382.0,4.663563603587247,41031.0,False,False,Fresno,CA,93740.0,US,America/Los_Angeles,36.8143527,-119.7580092,102.564064,1980.0,2025-08-31,37.8,0.0,14.1,0.8969072164948454,0.0,False,False,False,False,False
401752947,2025,1,2025-08-31T02:00:00.000Z,False,False,False,28243.0,3820,Gesa Field,265,Washington State,Pac-12,13.0,"[0, 7, 3, 3]",0.2976610958576202,1520.0,1520.0,70,Idaho,fcs,Big Sky,10.0,"[0, 0, 0, 10]",0.7023389041423798,1480.0,1472.0,4.3135115653866585,32952.0,False,False,Pullman,WA,99164.0,US,America/Los_Angeles,46.731831,-117.1604991,773.9526367,1972.0,2025-08-31,27.6,0.0,5.3,0.8570951687302744,0.0,False,False,False,True,False
401756850,2025,1,2025-08-31T02:00:00.000Z,False,False,False,56759.0,3947,Mountain America Stadium,9,Arizona State,Big 12,38.0,"[14, 3, 14, 7]",0.9801790118217468,1700.0,1700.0,2464,Northern Arizona,fcs,Big Sky,19.0,"[0, 6, 7, 6]",0.0198209881782531,1480.0,1472.0,3.454469563632829,65870.0,True,False,Tempe,AZ,85287.0,US,America/Phoenix,33.4264471,-111.9325005,360.1569519,1958.0,2025-08-31,37.9,0.0,8.4,0.8616821011082435,0.0,False,False,False,True,False
401752936,2025,1,2025-08-31T02:30:00.000Z,False,False,False,31630.0,3893,Reser Stadium,204,Oregon State,Pac-12,15.0,"[0, 3, 6, 6]",0.024204296991229,1406.0,1371.0,25,California,fbs,ACC,34.0,"[14, 3, 7, 10]",0.9757957030087708,1519.0,1554.0,2.8187930693076786,43363.0,False,False,Corvallis,OR,97331.0,US,America/Los_Angeles,44.5594559,-123.2814341,66.90744781,1953.0,2025-08-31,21.7,0.0,7.4,0.7294237022346239,0.0,False,False,False,False,False
401756849,2025,1,2025-08-31T02:30:00.000Z,False,False,False,42423.0,3619,Arizona Stadium,12,Arizona,Big 12,40.0,"[7, 10, 14, 9]",0.9823190569877625,1371.0,1451.0,62,Hawai'i,fbs,Mountain West,6.0,"[3, 3, 0, 0]",0.0176809430122375,1258.0,1178.0,3.2736314520920584,50782.0,False,False,Tucson,AZ,85721.0,US,America/Phoenix,32.2288054,-110.9488677,742.1530151,1928.0,2025-08-31,35.4,0.0,8.1,0.835394431097633,0.0,False,False,False,False,False
401752805,2025,1,2025-08-31T03:00:00.000Z,False,False,False,67778.0,3765,Husky Stadium,264,Washington,Big Ten,38.0,"[7, 7, 14, 10]",0.9972135424613952,1585.0,1604.0,36,Colorado State,fbs,Mountain West,21.0,"[7, 7, 7, 0]",0.0027864575386047,1382.0,1363.0,4.716015967021742,70138.0,False,False,Seattle,WA,98195.0,US,America/Los_Angeles,47.6503235,-122.3015746,11.65622807,1920.0,2025-08-31,19.3,0.0,2.1,0.9663520488180444,1.0,False,False,False,False,False
401752800,2025,1,2025-08-31T03:00:00.000Z,False,False,False,35032.0,1056,Rose Bowl,26,UCLA,Big Ten,10.0,"[0, 7, 3, 0]",0.0,1492.0,1404.0,254,Utah,fbs,Big 12,43.0,"[13, 10, 7, 13]",1.0,1542.0,1630.0,2.96631481543708,88565.0,True,False,Pasadena,CA,90095.0,US,America/Los_Angeles,34.1613284,-118.1676462,245.1772461,1922.0,2025-08-31,27.4,0.0,5.5,0.3955512900129848,0.0,False,False,False,False,False
401752680,2025,1,2025-08-31T19:00:00.000Z,False,True,False,55531.0,5348,Mercedes-Benz Stadium,2579,South Carolina,SEC,24.0,"[7, 3, 0, 14]",0.8414051532745361,1706.0,1729.0,259,Virginia Tech,fbs,ACC,11.0,"[2, 6, 0, 3]",0.1585948467254638,1598.0,1575.0,4.239271697882769,75000.0,False,True,Atlanta,GA,30313.0,US,America/New_York,33.755578,-84.400881,307.9,2017.0,2025-08-31,28.0,0.0,7.8,0.7404133333333334,,False,False,False,False,False
401754522,2025,1,2025-08-31T23:30:00.000Z,False,False,False,66793.0,3948,Hard Rock Stadium,2390,Miami,ACC,27.0,"[0, 14, 7, 6]",0.9332687258720398,1736.0,1743.0,87,Notre Dame,fbs,FBS Independents,24.0,"[0, 7, 0, 17]",0.0667312741279602,2173.0,2166.0,4.531250325366178,64767.0,False,False,Miami Gardens,FL,33299.0,US,America/New_York,25.9579665,-80.2388604,2.624486446,1987.0,2025-08-31,25.5,0.2,5.4,1.0312813624222212,1.0,False,False,True,False,False
401754523,2025,1,2025-09-02T00:00:00.000Z,False,False,False,50500.0,3787,Kenan Stadium,153,North Carolina,ACC,14.0,"[7, 0, 7, 0]",0.0296894237399101,1497.0,1417.0,2628,TCU,fbs,Big 12,48.0,"[7, 13, 21, 7]",0.97031057626009,1633.0,1713.0,3.407486721191629,50500.0,False,False,Chapel Hill,NC,27515.0,US,America/New_York,35.9069294,-79.0478889,127.7569809,1927.0,2025-09-02,19.4,0.0,6.6,1.0,1.0,False,False,False,False,False
401754528,2025,2,2025-09-05T23:00:00.000Z,False,False,False,48717.0,3873,L&N Federal Credit Union Stadium,97,Louisville,ACC,28.0,"[0, 6, 8, 14]",0.7079175710678101,1706.0,1727.0,256,James Madison,fbs,Sun Belt,14.0,"[7, 0, 7, 0]",0.2920824289321899,1627.0,1606.0,6.579471474543188,60000.0,False,False,Louisville,KY,40292.0,US,America/Kentucky/Louisville,38.2057621,-85.7588141,138.5615997,1998.0,2025-09-05,25.3,0.0,9.7,0.81195,0.0,False,False,False,False,False
401752817,2025,2,2025-09-05T23:30:00.000Z,False,False,False,9647.0,5960,Lanny and Sharon Martin Stadium,77,Northwestern,Big Ten,42.0,"[15, 7, 6, 14]",0.988507091999054,1397.0,1397.0,2710,Western Illinois,fcs,OVC-Big South,7.0,"[0, 0, 0, 7]",0.011492908000946,1480.0,1472.0,1.918841693990304,12023.0,False,False,Evanston,IL,60208.0,US,America/Chicago,42.058246,-87.670876,179.0,1997.0,2025-09-05,17.3,0.0,18.9,0.8023787740164684,0.0,False,False,False,True,False
401752826,2025,2,2025-09-05T23:30:00.000Z,False,False,False,35331.0,3665,SECU Stadium,120,Maryland,Big Ten,20.0,"[3, 7, 3, 7]",0.6393875479698181,1509.0,1526.0,2459,Northern Illinois,fbs,Mid-American,9.0,"[0, 3, 6, 0]",0.3606124520301819,1470.0,1453.0,3.687040328791484,51802.0,False,False,College Park,MD,20742.0,US,America/New_York,38.9903332,-76.9473792,32.68748093,1950.0,2025-09-05,29.5,0.0,12.0,0.6820393035017953,0.0,False,False,False,False,False
401760363,2025,2,2025-09-06T01:00:00.000Z,False,False,False,32887.0,3653,Albertsons Stadium,68,Boise State,Mountain West,51.0,"[20, 10, 7, 14]",0.992191195487976,1596.0,1596.0,331,Eastern Washington,fcs,Big Sky,14.0,"[0, 7, 0, 7]",0.0078088045120239,1480.0,1472.0,2.5236959378510284,36387.0,False,False,Boise,ID,83725.0,US,America/Boise,43.6028839,-116.1958882,823.2221069,1970.0,2025-09-06,33.0,0.0,3.8,0.9038118009179102,1.0,False,False,False,True,False
401754524,2025,2,2025-09-06T16:00:00.000Z,False,False,False,56919.0,3670,Carter-Finley Stadium,152,NC State,ACC,35.0,"[7, 7, 21, 0]",0.6785362958908081,1507.0,1510.0,258,Virginia,fbs,ACC,31.0,"[14, 10, 7, 0]",0.3214637041091919,1521.0,1518.0,7.232871463699586,58000.0,True,False,Raleigh,NC,27695.0,US,America/New_York,35.8008001,-78.7195655,117.0089951,1966.0,2025-09-06,29.8,0.0,9.6,0.9813620689655173,1.0,False,False,False,False,False
401754621,2025,2,2025-09-06T16:00:00.000Z,False,False,False,65430.0,3697,Doak Campbell Stadium,52,Florida State,ACC,77.0,"[21, 28, 21, 7]",0.9972588419914246,1452.0,1452.0,2837,East Texas A&M,fcs,Southland,3.0,"[0, 0, 0, 3]",0.0027411580085754,1480.0,1472.0,1.7743432518372813,67277.0,True,False,Tallahassee,FL,32306.0,US,America/New_York,30.4381692,-84.3044032,19.55942535,1950.0,2025-09-06,31.9,0.0,4.8,0.9725463382731095,1.0,False,False,False,True,False
401754618,2025,2,2025-09-06T16:00:00.000Z,False,False,False,39391.0,1964,JMA Wireless Dome,183,Syracuse,ACC,27.0,"[0, 6, 0, 14, 7]",0.1826662719249725,1476.0,1484.0,41,UConn,fbs,FBS Independents,20.0,"[0, 14, 3, 3, 0]",0.8173337280750275,1454.0,1446.0,6.642710881646021,49057.0,False,True,Syracuse,NY,13244.0,US,America/New_York,43.0362269,-76.1363161,162.6989746,1980.0,2025-09-06,13.4,0.7,3.8,0.8029638991377377,0.0,False,False,False,False,False
401752825,2025,2,2025-09-06T16:00:00.000Z,False,False,False,23893.0,3982,Wallace Wade Stadium,150,Duke,ACC,19.0,"[3, 10, 6, 0]",0.2316601723432541,1526.0,1462.0,356,Illinois,fbs,Big Ten,45.0,"[7, 7, 14, 17]",0.7683398276567459,1578.0,1642.0,5.058968869408419,40004.0,True,False,Durham,NC,27708.0,US,America/New_York,35.9953688,-78.9417564,103.0028152,1929.0,2025-09-06,29.9,0.0,11.2,0.5972652734726527,0.0,False,False,False,False,False
401752811,2025,2,2025-09-06T16:00:00.000Z,False,False,False,103818.0,3632,Beaver Stadium,213,Penn State,Big Ten,34.0,"[7, 3, 10, 14]",0.959557294845581,2073.0,2087.0,2229,Florida International,fbs,Conference USA,0.0,"[0, 0, 0, 0]",0.0404427051544189,1372.0,1358.0,3.3761229236617063,106572.0,True,False,University Park,PA,16802.0,US,America/New_York,40.8121958,-77.8561023,354.1551514,1960.0,2025-09-06,17.1,1.0,5.4,0.9741583155050108,1.0,False,False,False,False,False
401752813,2025,2,2025-09-06T16:00:00.000Z,False,False,False,42447.0,3953,Huntington Bank Stadium,135,Minnesota,Big Ten,66.0,"[35, 24, 7, 0]",0.9938032031059264,1630.0,1630.0,2466,Northwestern State,fcs,Southland,0.0,"[0, 0, 0, 0]",0.0061967968940734,1480.0,1472.0,0.9151125280369778,50850.0,False,False,Minneapolis,MN,55488.0,US,America/Chicago,44.976525,-93.2245462,254.3902283,2009.0,2025-09-06,12.7,0.0,9.6,0.8347492625368732,0.0,False,False,False,True,False
401752693,2025,2,2025-09-06T16:00:00.000Z,False,False,False,100841.0,3910,DKR-Texas Memorial Stadium,251,Texas,SEC,38.0,"[14, 14, 10, 0]",0.9910861253738404,1858.0,1896.0,23,San José State,fbs,Mountain West,7.0,"[0, 7, 0, 0]",0.0089138746261596,1467.0,1429.0,3.0706770400082175,100119.0,False,False,Austin,TX,78712.0,US,America/Chicago,30.2836813,-97.7325345,160.3089447,1924.0,2025-09-06,28.1,0.0,7.9,1.0072114184120895,1.0,False,False,True,False,False
401756885,2025,2,2025-09-06T16:00:00.000Z,False,False,False,60229.0,3784,Jones AT&T Stadium,2641,Texas Tech,Big 12,62.0,"[21, 27, 7, 7]",0.989311695098877,1571.0,1639.0,2309,Kent State,fbs,Mid-American,14.0,"[0, 0, 0, 14]",0.010688304901123,1006.0,938.0,2.276871401163506,60454.0,False,False,Lubbock,TX,79409.0,US,America/Chicago,33.5910518,-101.8728824,980.7632446,1947.0,2025-09-06,16.4,0.0,6.8,0.9962781619082276,1.0,False,False,False,False,False
401752812,2025,2,2025-09-06T16:00:00.000Z,False,False,False,43801.0,3830,"Memorial Stadium (Bloomington, IN)",84,Indiana,Big Ten,56.0,"[14, 7, 21, 14]",0.9847565293312072,1800.0,1869.0,338,Kennesaw State,fbs,Conference USA,9.0,"[0, 6, 3, 0]",0.0152434706687927,1269.0,1200.0,2.707155848014116,52656.0,False,False,Bloomington,IN,47408.0,US,America/Indiana/Indianapolis,39.1808959,-86.5256217,231.6500854,1960.0,2025-09-06,19.1,0.0,10.6,0.8318330294743239,0.0,False,False,False,False,False
401754529,2025,2,2025-09-06T16:00:00.000Z,False,False,False,48424.0,3752,Acrisure Stadium,221,Pittsburgh,ACC,45.0,"[7, 17, 7, 14]",0.977940797805786,1470.0,1518.0,2117,Central Michigan,fbs,Mid-American,17.0,"[0, 10, 7, 0]",0.0220592021942138,1252.0,1204.0,2.9827182864377737,68400.0,True,False,Pittsburgh,PA,15260.0,US,America/New_York,40.4467648,-80.0157603,220.5887146,2001.0,2025-09-06,19.0,0.0,9.0,0.707953216374269,0.0,False,False,False,False,False
401757227,2025,2,2025-09-06T16:00:00.000Z,False,False,True,20755.0,3662,AmFirst Stadium,55,Jacksonville State,Conference USA,34.0,"[7, 10, 7, 10]",0.8045607209205627,1634.0,1642.0,2335,Liberty,fbs,Conference USA,24.0,"[7, 3, 0, 14]",0.1954392790794372,1502.0,1494.0,3.622378213706064,24000.0,False,False,Jacksonville,AL,36265.0,US,America/Chicago,33.8201052,-85.76647,198.0679016,1947.0,2025-09-06,23.5,0.2,7.1,0.8647916666666666,0.0,False,False,False,False,False
401752822,2025,2,2025-09-06T16:00:00.000Z,False,False,False,61500.0,3772,Jack Trice Stadium,66,Iowa State,Big 12,16.0,"[6, 7, 0, 3]",0.9640465378761292,1619.0,1621.0,2294,Iowa,fbs,Big Ten,13.0,"[0, 10, 3, 0]",0.0359534621238708,1682.0,1680.0,4.137924145830644,61500.0,True,False,Ames,IA,50011.0,US,America/Chicago,42.0139977,-93.6357716,274.9135437,1975.0,2025-09-06,14.4,0.0,10.6,1.0,1.0,False,False,False,False,False
401754525,2025,2,2025-09-06T16:00:00.000Z,False,False,False,34852.0,3735,Gerald J. Ford Stadium,2567,SMU,ACC,45.0,"[10, 14, 0, 14, 7, 0]",0.9366649985313416,1717.0,1703.0,239,Baylor,fbs,Big 12,48.0,"[0, 21, 3, 14, 7, 3]",0.0633350014686584,1569.0,1583.0,8.737381517894203,32000.0,False,False,University Park,TX,75275.0,US,America/Chicago,32.8377223,-96.7827859,169.4058075,2000.0,2025-09-06,18.9,0.8,11.7,1.089125,1.0,False,False,True,False,False
401752694,2025,2,2025-09-06T16:45:00.000Z,False,False,False,100026.0,3795,Kyle Field,245,Texas A&M,SEC,44.0,"[10, 20, 7, 7]",0.9944328665733336,1700.0,1724.0,328,Utah State,fbs,Mountain West,22.0,"[6, 0, 8, 8]",0.0055671334266662,1418.0,1394.0,2.8471288896070894,102733.0,True,False,College Station,TX,77843.0,US,America/Chicago,30.6098891,-96.3403828,108.824585,1927.0,2025-09-06,27.4,0.0,11.0,0.973650141629272,1.0,False,False,False,False,False
401762462,2025,2,2025-09-06T18:00:00.000Z,False,False,False,15655.0,3806,Lincoln Financial Field,218,Temple,American Athletic,55.0,"[21, 10, 14, 10]",0.9970473051071168,1289.0,1289.0,47,Howard,fcs,MEAC,7.0,"[0, 7, 0, 0]",0.0029526948928833,1480.0,1472.0,2.1065490207743376,69879.0,False,False,Philadelphia,PA,19122.0,US,America/New_York,39.9007995,-75.1675414,3.198706865,2003.0,2025-09-06,28.4,0.8,13.9,0.2240301091887405,0.0,False,False,False,True,False
401754620,2025,2,2025-09-06T18:00:00.000Z,False,False,False,28239.0,3630,Allegacy Federal Credit Union Stadium,154,Wake Forest,ACC,42.0,"[21, 0, 21, 0]",0.9889627695083618,1394.0,1394.0,2717,Western Carolina,fcs,Southern,10.0,"[0, 3, 0, 7]",0.0110372304916381,1480.0,1472.0,3.4066339060301316,31500.0,False,False,Winston-Salem,NC,27105.0,US,America/New_York,36.1305507,-80.2545851,283.548584,1968.0,2025-09-06,29.5,0.0,9.9,0.8964761904761904,0.0,False,False,False,True,False
401760366,2025,2,2025-09-06T19:00:00.000Z,False,False,False,17639.0,3971,University Stadium (NM),167,New Mexico,Mountain West,32.0,"[7, 7, 3, 15]",0.9902304410934448,1317.0,1317.0,304,Idaho State,fcs,Big Sky,22.0,"[0, 10, 6, 6]",0.0097695589065551,1480.0,1472.0,9.17245648654974,39224.0,False,False,Albuquerque,NM,87131.0,US,America/Denver,35.0669479,-106.6283225,1554.471924,1960.0,2025-09-06,24.8,0.0,4.8,0.4496991637772792,0.0,False,False,False,True,False
401754637,2025,2,2025-09-06T19:30:00.000Z,False,False,False,77890.0,3836,"Memorial Stadium (Clemson, SC)",228,Clemson,ACC,27.0,"[0, 3, 17, 7]",1.0,1692.0,1696.0,2653,Troy,fbs,Sun Belt,16.0,"[7, 9, 0, 0]",0.0,1476.0,1472.0,4.694620885378706,81500.0,True,False,Clemson,SC,29634.0,US,America/New_York,34.6787737,-82.8432428,205.6452179,1942.0,2025-09-06,23.2,0.5,9.9,0.9557055214723926,1.0,False,False,False,False,False
401762816,2025,2,2025-09-06T19:30:00.000Z,False,False,False,3714.0,3985,Warren McGuirk Alumni Stadium,113,Massachusetts,Mid-American,26.0,"[6, 14, 3, 3]",0.9517859816551208,1096.0,1096.0,2803,Bryant,fcs,Coastal Athletic,27.0,"[0, 10, 14, 3]",0.0482140183448791,1480.0,1472.0,12.276715985149488,17000.0,False,False,Hadley,MA,1003.0,US,America/New_York,42.3773244,-72.5360595,46.58664703,1965.0,2025-09-06,22.6,1.0,13.4,0.2184705882352941,0.0,False,False,False,True,False
401752686,2025,2,2025-09-06T19:30:00.000Z,False,False,True,58346.0,3683,Kroger Field,96,Kentucky,SEC,23.0,"[7, 6, 7, 3]",0.4151056110858917,1507.0,1524.0,145,Ole Miss,fbs,SEC,30.0,"[0, 17, 10, 3]",0.5848943889141083,1939.0,1922.0,5.576328550071941,61000.0,False,False,Lexington,KY,40506.0,US,America/New_York,38.0220905,-84.5053408,307.4248962,1973.0,2025-09-06,16.8,0.1,10.0,0.9564918032786884,1.0,False,False,False,False,False
401752692,2025,2,2025-09-06T19:30:00.000Z,False,False,False,101915.0,3853,Neyland Stadium,2633,Tennessee,SEC,72.0,"[24, 24, 14, 10]",0.9897788166999816,1808.0,1808.0,2193,East Tennessee State,fcs,Southern,17.0,"[0, 7, 3, 7]",0.0102211833000183,1480.0,1472.0,2.3666336633020975,102455.0,True,False,Knoxville,TN,37996.0,US,America/New_York,35.9550131,-83.9250128,271.9517212,1921.0,2025-09-06,23.4,0.1,6.8,0.994729393392221,1.0,False,False,False,True,False
401752815,2025,2,2025-09-06T19:30:00.000Z,False,False,False,100624.0,3861,Ohio Stadium,194,Ohio State,Big Ten,70.0,"[21, 14, 21, 14]",0.9849264025688172,1978.0,1978.0,2755,Grambling,fcs,SWAC,0.0,"[0, 0, 0, 0]",0.0150735974311828,1480.0,1472.0,1.8562841171230613,102780.0,False,False,Columbus,OH,43210.0,US,America/New_York,40.0016447,-83.0197266,216.6770325,1922.0,2025-09-06,20.5,0.0,14.8,0.9790231562560808,1.0,False,False,False,True,False
401752824,2025,2,2025-09-06T19:30:00.000Z,False,False,False,57266.0,3626,Autzen Stadium,2483,Oregon,Big Ten,69.0,"[20, 21, 28, 0]",0.9958012700080872,1860.0,1992.0,197,Oklahoma State,fbs,Big 12,3.0,"[0, 3, 0, 0]",0.0041987299919128,1334.0,1202.0,2.2316889409328917,54000.0,False,False,Eugene,OR,97401.0,US,America/Los_Angeles,44.0582712,-123.0684883,127.4198303,1967.0,2025-09-06,21.5,0.0,5.6,1.0604814814814816,1.0,False,False,True,False,False
401761603,2025,2,2025-09-06T19:30:00.000Z,False,False,False,45778.0,3604,Alamodome,2636,UTSA,American Athletic,36.0,"[0, 14, 14, 8]",0.1666414737701416,1503.0,1499.0,326,Texas State,fbs,Sun Belt,43.0,"[2, 17, 10, 14]",0.8333585262298584,1623.0,1627.0,7.993288344920428,36582.0,False,True,San Antonio,TX,78299.0,US,America/Chicago,29.4169834,-98.4788143,201.5526886,1993.0,2025-09-06,31.0,0.0,4.4,1.2513804603356842,1.0,False,False,True,False,False
401752937,2025,2,2025-09-06T19:30:00.000Z,False,False,False,28068.0,3893,Reser Stadium,204,Oregon State,Pac-12,27.0,"[6, 9, 6, 6]",0.881254255771637,1371.0,1365.0,278,Fresno State,fbs,Mountain West,36.0,"[7, 13, 0, 16]",0.118745744228363,1516.0,1522.0,10.016643565438494,43363.0,False,False,Corvallis,OR,97331.0,US,America/Los_Angeles,44.5594559,-123.2814341,66.90744781,1953.0,2025-09-06,18.8,0.0,5.4,0.6472799391186034,0.0,False,False,False,False,False
401762458,2025,2,2025-09-06T19:30:00.000Z,False,False,True,28325.0,3852,Navy-Marine Corps Memorial Stadium,2426,Navy,American Athletic,38.0,"[14, 10, 7, 7]",0.999152660369873,1543.0,1553.0,5,UAB,fbs,American Athletic,24.0,"[7, 17, 0, 0]",0.0008473396301269,1319.0,1309.0,4.7014933667827785,34000.0,False,False,Annapolis,MD,21402.0,US,America/New_York,38.9846985,-76.5076335,10.74990082,1959.0,2025-09-06,29.6,1.8,10.5,0.8330882352941177,0.0,False,False,False,False,False
401752689,2025,2,2025-09-06T19:30:00.000Z,False,False,False,57321.0,3838,Memorial Stadium,142,Missouri,SEC,42.0,"[6, 15, 7, 14]",0.9613492488861084,1640.0,1659.0,2305,Kansas,fbs,Big 12,31.0,"[21, 0, 3, 7]",0.0386507511138916,1632.0,1613.0,7.009144755470777,71168.0,False,False,Columbia,MO,65211.0,US,America/Chicago,38.9358491,-92.3332009,212.6865692,1927.0,2025-09-06,23.0,0.0,18.8,0.8054322167266187,0.0,False,False,False,False,False
401761596,2025,2,2025-09-06T19:30:00.000Z,False,False,False,34921.0,3792,Kidd Brewer Stadium,2026,App State,Sun Belt,20.0,"[14, 0, 3, 3]",0.7579728364944458,1477.0,1477.0,2815,Lindenwood,fcs,OVC-Big South,13.0,"[0, 6, 0, 7]",0.2420271635055542,1480.0,1472.0,2.840284969539618,30000.0,False,False,Boone,NC,28608.0,US,America/New_York,36.2114267,-81.6854278,991.3414307,1962.0,2025-09-06,20.0,3.1,12.6,1.1640333333333333,1.0,False,False,True,True,False
401752818,2025,2,2025-09-06T19:30:00.000Z,False,False,False,45981.0,6577,SHI Stadium,164,Rutgers,Big Ten,45.0,"[7, 17, 7, 14]",0.990956962108612,1524.0,1593.0,193,Miami (OH),fbs,Mid-American,17.0,"[7, 3, 7, 0]",0.0090430378913879,1491.0,1422.0,3.418786733415338,52454.0,False,False,Piscataway,NJ,8854.0,US,America/New_York,40.513611,-74.465278,19.0,1994.0,2025-09-06,27.1,0.2,7.1,0.8765966370534183,0.0,False,False,False,False,False
401762461,2025,2,2025-09-06T19:30:00.000Z,False,False,False,20051.0,3980,Waldo Stadium,2711,Western Michigan,Mid-American,30.0,"[0, 17, 7, 3, 3]",0.3836910724639892,1310.0,1312.0,249,North Texas,fbs,American Athletic,33.0,"[0, 7, 10, 10, 6]",0.6163089275360107,1411.0,1409.0,13.082157990893087,30200.0,False,False,Kalamazoo,MI,49008.0,US,America/Detroit,42.2860064,-85.6007573,243.8211212,1939.0,2025-09-06,16.5,0.0,17.8,0.6639403973509934,0.0,False,False,False,False,False
401752685,2025,2,2025-09-06T19:30:00.000Z,False,False,False,93033.0,3917,Sanford Stadium,61,Georgia,SEC,28.0,"[7, 7, 7, 7]",0.9730114340782166,2072.0,2072.0,2046,Austin Peay,fcs,UAC,6.0,"[0, 3, 3, 0]",0.0269885659217834,1480.0,1472.0,2.1152278036155816,92746.0,True,False,Athens,GA,30602.0,US,America/New_York,33.9498197,-83.3733813,186.1120758,1929.0,2025-09-06,21.6,11.9,16.6,1.003094473077006,1.0,False,False,True,True,False
401754622,2025,2,2025-09-06T19:30:00.000Z,False,False,False,37775.0,721,Bobby Dodd Stadium,59,Georgia Tech,ACC,59.0,"[7, 21, 14, 17]",0.9895111918449402,1556.0,1556.0,2241,Gardner-Webb,fcs,OVC-Big South,12.0,"[6, 0, 0, 6]",0.0104888081550598,1480.0,1472.0,4.322248368858751,55000.0,False,False,Atlanta,GA,30332.0,US,America/New_York,33.7724449,-84.3928054,279.300415,1913.0,2025-09-06,23.8,0.6,4.1,0.6868181818181818,0.0,False,False,False,True,False
401762794,2025,2,2025-09-06T19:30:00.000Z,False,False,False,15740.0,3965,UB Stadium,2084,Buffalo,Mid-American,45.0,"[17, 7, 14, 7]",0.9950892329216005,1402.0,1402.0,2598,Saint Francis,fcs,NEC,6.0,"[0, 0, 0, 6]",0.0049107670783996,1480.0,1472.0,2.291655555280953,30270.0,False,False,Amherst,NY,14260.0,US,America/New_York,42.9991334,-78.7775113,181.5759735,1993.0,2025-09-06,19.3,0.0,11.2,0.5199867855963,0.0,False,False,False,True,False
401756881,2025,2,2025-09-06T19:30:00.000Z,False,False,False,50341.0,3726,Folsom Field,38,Colorado,Big 12,31.0,"[7, 10, 7, 7]",0.9268234372138976,1613.0,1660.0,48,Delaware,fbs,Conference USA,7.0,"[0, 7, 0, 0]",0.0731765627861023,1500.0,1453.0,3.0806966829732896,50183.0,True,False,Boulder,CO,80309.0,US,America/Denver,40.0094746,-105.266905,1634.041138,1924.0,2025-09-06,22.8,0.0,7.0,1.0031484765757328,1.0,False,False,True,False,False
401756880,2025,2,2025-09-06T19:30:00.000Z,False,False,False,35421.0,3854,Nippert Stadium,2132,Cincinnati,Big 12,34.0,"[7, 14, 10, 3]",0.943564772605896,1477.0,1504.0,189,Bowling Green,fbs,Mid-American,20.0,"[0, 3, 7, 10]",0.056435227394104,1461.0,1434.0,2.254922711215148,40000.0,False,False,Cincinnati,OH,45221.0,US,America/New_York,39.1312495,-84.5161913,230.0660553,1915.0,2025-09-06,22.3,0.0,14.2,0.885525,0.0,False,False,False,False,False
401756883,2025,2,2025-09-06T20:00:00.000Z,False,False,False,26740.0,3876,Peden Stadium,195,Ohio,Mid-American,17.0,"[3, 14, 0, 0]",0.8875462412834167,1619.0,1620.0,277,West Virginia,fbs,Big 12,10.0,"[7, 0, 3, 0]",0.1124537587165832,1470.0,1469.0,4.290102965286809,24000.0,False,False,Athens,OH,45701.0,US,America/New_York,39.3212794,-82.1034315,194.230896,1929.0,2025-09-06,17.4,0.1,11.2,1.1141666666666667,1.0,False,False,True,False,False
401752820,2025,2,2025-09-06T20:00:00.000Z,False,False,False,70368.0,347,Camp Randall Stadium,275,Wisconsin,Big Ten,42.0,"[0, 14, 14, 14]",0.9707022905349731,1573.0,1619.0,2393,Middle Tennessee,fbs,Conference USA,10.0,"[3, 7, 0, 0]",0.0292977094650268,1228.0,1182.0,7.30487217133281,80321.0,False,False,Madison,WI,53711.0,US,America/Chicago,43.06994,-89.4126943,263.604126,1917.0,2025-09-06,16.7,0.0,18.2,0.8760847101007209,0.0,False,False,False,False,False
401760367,2025,2,2025-09-06T20:00:00.000Z,False,False,False,25009.0,3984,War Memorial Stadium,2751,Wyoming,Mountain West,31.0,"[7, 10, 7, 7]",0.985328495502472,1386.0,1386.0,2460,Northern Iowa,fcs,MVFC,7.0,"[0, 7, 0, 0]",0.014671504497528,1480.0,1472.0,7.255029662458553,29181.0,False,False,Laramie,WY,82071.0,US,America/Denver,41.31161,-105.5681384,2200.153564,1950.0,2025-09-06,21.3,0.0,4.7,0.857030259415373,0.0,False,False,False,True,False
401752684,2025,2,2025-09-06T20:15:00.000Z,False,False,False,89909.0,3634,Ben Hill Griffin Stadium,57,Florida,SEC,16.0,"[3, 6, 0, 7]",0.4972257316112518,1678.0,1668.0,58,South Florida,fbs,American Athletic,18.0,"[0, 6, 9, 3]",0.5027742683887482,1554.0,1564.0,6.000807473517696,88548.0,True,False,Gainesville,FL,32653.0,US,America/New_York,29.6499357,-82.3485788,44.97250748,1930.0,2025-09-06,26.9,3.7,6.2,1.0153701946966618,1.0,False,False,True,False,False
401760365,2025,2,2025-09-06T21:00:00.000Z,False,False,False,20535.0,3816,Mackay Stadium,2440,Nevada,Mountain West,20.0,"[0, 13, 0, 7]",0.3233785331249237,1249.0,1249.0,16,Sacramento State,fcs,Big Sky,17.0,"[7, 10, 0, 0]",0.6766214668750763,1483.0,1395.0,6.902041952612669,27000.0,False,False,Reno,NV,89557.0,US,America/Los_Angeles,39.5469459,-119.8175435,1406.57605,1966.0,2025-09-06,29.5,0.0,9.9,0.7605555555555555,0.0,False,False,False,True,False
401752682,2025,2,2025-09-06T21:00:00.000Z,False,True,False,54224.0,3983,War Memorial Stadium (AR),8,Arkansas,SEC,56.0,"[28, 7, 14, 7]",0.998382568359375,1574.0,1674.0,2032,Arkansas State,fbs,Sun Belt,14.0,"[7, 7, 0, 0]",0.001617431640625,1344.0,1244.0,3.493453978670016,54120.0,False,False,Little Rock,AR,72205.0,US,America/Chicago,34.749848,-92.330127,112.1398163,1948.0,2025-09-06,23.3,0.0,6.8,1.0019216555801922,,False,False,True,False,False
401761602,2025,2,2025-09-06T21:00:00.000Z,False,False,False,32011.0,3815,M. M. Roberts Stadium,2572,Southern Miss,Sun Belt,38.0,"[14, 3, 7, 14]",0.9898084998130798,1089.0,1089.0,2296,Jackson State,fcs,SWAC,20.0,"[3, 7, 0, 10]",0.0101915001869201,1480.0,1472.0,3.6500557956045463,36000.0,False,False,Hattiesburg,MS,39402.0,US,America/Chicago,31.3289321,-89.3318118,64.52726746,1932.0,2025-09-06,32.2,0.0,10.1,0.8891944444444444,0.0,False,False,False,True,False
401756887,2025,2,2025-09-06T22:00:00.000Z,False,False,False,51463.0,587,Rice-Eccles Stadium,254,Utah,Big 12,63.0,"[14, 21, 21, 7]",0.9827632308006288,1638.0,1638.0,13,Cal Poly,fcs,Big Sky,9.0,"[3, 3, 0, 3]",0.0172367691993713,1480.0,1472.0,2.1367854662551324,51444.0,False,False,Salt Lake City,UT,84112.0,US,America/Denver,40.7599724,-111.8488255,1411.543579,1998.0,2025-09-06,25.5,0.0,11.4,1.000369333644351,1.0,False,False,True,True,False
401762459,2025,2,2025-09-06T22:00:00.000Z,False,False,False,35120.0,3699,Dowdy-Ficklen Stadium,151,East Carolina,American Athletic,56.0,"[14, 21, 14, 7]",0.9879902005195618,1429.0,1429.0,2097,Campbell,fcs,Coastal Athletic,3.0,"[0, 3, 0, 0]",0.0120097994804382,1480.0,1472.0,2.3894709194043213,50000.0,True,False,Greenville,NC,27858.0,US,America/New_York,35.5968486,-77.364564,19.0564537,1963.0,2025-09-06,32.0,0.0,10.2,0.7024,0.0,False,False,False,True,False
401762460,2025,2,2025-09-06T22:00:00.000Z,False,False,False,21029.0,3715,FAU Stadium,2226,Florida Atlantic,American Athletic,56.0,"[22, 17, 0, 17]",0.977178156375885,1237.0,1237.0,50,Florida A&M,fcs,SWAC,14.0,"[0, 0, 7, 7]",0.0228218436241149,1480.0,1472.0,2.097398530154686,29419.0,False,False,Boca Raton,FL,33499.0,US,America/New_York,26.3763763,-80.1015759,3.613628864,2011.0,2025-09-06,29.0,0.2,2.0,0.7148101567014514,0.0,False,False,False,True,False
401761599,2025,2,2025-09-06T22:00:00.000Z,False,False,False,18111.0,3918,S.B. Ballard Stadium,295,Old Dominion,Sun Belt,54.0,"[9, 7, 28, 10]",0.9922709465026855,1470.0,1470.0,2428,North Carolina Central,fcs,MEAC,6.0,"[0, 3, 3, 0]",0.0077290534973144,1480.0,1472.0,3.171607761996218,20118.0,False,False,Norfolk,VA,23551.0,US,America/New_York,36.8889533,-76.3049175,3.147987843,1936.0,2025-09-06,32.1,0.0,15.7,0.9002385923053982,1.0,False,False,False,True,False
401757228,2025,2,2025-09-06T22:00:00.000Z,False,False,False,28564.0,3775,Joan C. Edwards Stadium,276,Marshall,Sun Belt,20.0,"[0, 17, 3, 0]",0.0402304306626319,1519.0,1508.0,2623,Missouri State,fbs,Conference USA,21.0,"[0, 7, 7, 7]",0.959769569337368,1335.0,1346.0,7.466062922611336,38016.0,False,False,Huntington,WV,25755.0,US,America/New_York,38.4247042,-82.4214412,163.7328186,1991.0,2025-09-06,17.8,0.0,7.5,0.7513678451178452,0.0,False,False,False,False,False
401754530,2025,2,2025-09-06T22:00:00.000Z,False,False,False,35898.0,3831,California Memorial Stadium,25,California,ACC,35.0,"[3, 8, 14, 10]",0.9355884194374084,1564.0,1564.0,2640,Texas Southern,fcs,SWAC,3.0,"[0, 0, 0, 3]",0.0644115805625915,1480.0,1472.0,3.713203523942471,62467.0,False,False,Berkeley,CA,94720.0,US,America/Los_Angeles,37.8710434,-122.2507729,125.3108063,1923.0,2025-09-06,20.6,0.0,17.3,0.574671426513199,0.0,False,False,False,True,False
401756882,2025,2,2025-09-06T23:00:00.000Z,False,False,False,52723.0,3636,Bill Snyder Family Stadium,2306,Kansas State,Big 12,21.0,"[3, 10, 8, 0]",0.2481024265289306,1666.0,1658.0,349,Army,fbs,American Athletic,24.0,"[0, 7, 7, 10]",0.7518975734710693,1607.0,1615.0,4.812631689492559,50000.0,False,False,Manhattan,KS,66502.0,US,America/Chicago,39.2020096,-96.5938395,328.0574646,1968.0,2025-09-06,21.8,0.0,13.6,1.05446,1.0,False,False,True,False,False
401754641,2025,2,2025-09-06T23:00:00.000Z,False,False,False,60617.0,3948,Hard Rock Stadium,2390,Miami,ACC,45.0,"[14, 14, 7, 10]",0.9784430861473083,1752.0,1752.0,2065,Bethune-Cookman,fcs,SWAC,3.0,"[0, 3, 0, 0]",0.0215569138526916,1480.0,1472.0,1.7536217433564345,64767.0,False,False,Miami Gardens,FL,33299.0,US,America/New_York,25.9579665,-80.2388604,2.624486446,1987.0,2025-09-06,27.6,0.1,3.6,0.935924158908086,1.0,False,False,False,True,False
401756886,2025,2,2025-09-06T23:00:00.000Z,False,False,False,44009.0,3652,FBC Mortgage Stadium,2116,UCF,Big 12,68.0,"[28, 12, 14, 14]",0.9864861965179444,1550.0,1550.0,2448,North Carolina A&T,fcs,Coastal Athletic,7.0,"[0, 0, 0, 7]",0.0135138034820556,1480.0,1472.0,2.431407299737214,44206.0,True,False,Orlando,FL,32816.0,US,America/New_York,28.6079765,-81.1927233,20.94113731,2007.0,2025-09-06,26.3,0.1,4.4,0.9955435913676876,1.0,False,False,False,True,False
401757232,2025,2,2025-09-06T23:00:00.000Z,False,False,False,24138.0,3739,Glass Bowl,2649,Toledo,Mid-American,45.0,"[21, 10, 14, 0]",0.9942803382873536,1445.0,1505.0,98,Western Kentucky,fbs,Conference USA,21.0,"[7, 0, 0, 14]",0.0057196617126464,1450.0,1390.0,2.539211806272949,26038.0,False,False,Toledo,OH,43606.0,US,America/New_York,41.6574777,-83.6135652,181.4839783,1937.0,2025-09-06,17.4,0.0,13.9,0.9270297257853906,1.0,False,False,False,False,False
401760364,2025,2,2025-09-06T23:00:00.000Z,False,False,False,37023.0,5388,Canvas Stadium,36,Colorado State,Mountain West,21.0,"[0, 0, 14, 7]",0.9605945348739624,1357.0,1357.0,2458,Northern Colorado,fcs,Big Sky,17.0,"[7, 3, 7, 0]",0.0394054651260376,1480.0,1472.0,6.357367126535031,36500.0,False,False,Fort Collins,CO,80521.0,US,America/Denver,40.570015,-105.088435,1528.4,2017.0,2025-09-06,24.8,0.0,5.7,1.0143287671232877,1.0,False,False,True,True,False
401761598,2025,2,2025-09-06T23:00:00.000Z,False,False,False,13625.0,4246,Center Parc Stadium,2247,Georgia State,Sun Belt,16.0,"[9, 7, 0, 0]",0.1624457240104675,1230.0,1213.0,235,Memphis,fbs,American Athletic,38.0,"[7, 10, 14, 7]",0.8375542759895325,1604.0,1621.0,11.630263530136874,25000.0,False,False,Atlanta,GA,30315.0,US,America/New_York,33.735267,-84.389949,287.0,2017.0,2025-09-06,26.5,0.0,1.4,0.545,0.0,False,False,False,False,False
401754527,2025,2,2025-09-06T23:00:00.000Z,False,False,False,19233.0,4418,Jerry Richardson Stadium,2429,Charlotte,American Athletic,3.0,"[0, 3, 0, 0]",0.0,1221.0,1200.0,153,North Carolina,fbs,ACC,20.0,"[10, 7, 0, 3]",1.0,1417.0,1438.0,3.333886477580821,15300.0,False,False,Charlotte,NC,28223.0,US,America/New_York,35.3105033,-80.7401194,190.365509,2013.0,2025-09-06,24.9,0.5,5.4,1.2570588235294118,1.0,False,False,True,False,False
401761601,2025,2,2025-09-06T23:00:00.000Z,False,False,False,16871.0,6526,Hancock Whitney Stadium,6,South Alabama,Sun Belt,31.0,"[14, 0, 0, 17]",0.1358165442943573,1555.0,1557.0,2655,Tulane,fbs,American Athletic,33.0,"[14, 10, 3, 6]",0.8641834557056427,1644.0,1642.0,5.567741495898722,25450.0,False,False,Mobile,AL,36688.0,US,America/Chicago,30.696904,-88.192013,45.0,2020.0,2025-09-06,29.8,0.0,1.6,0.6629076620825147,0.0,False,False,False,False,False
401756884,2025,2,2025-09-06T23:00:00.000Z,False,False,False,30116.0,3895,Rice Stadium,242,Rice,American Athletic,9.0,"[0, 3, 0, 6]",0.1036910787224769,1337.0,1271.0,248,Houston,fbs,Big 12,35.0,"[0, 7, 7, 21]",0.896308921277523,1375.0,1441.0,5.868186786577186,47000.0,False,False,Houston,TX,77251.0,US,America/Chicago,29.7163297,-95.4093261,7.148301601,1950.0,2025-09-06,30.4,0.0,5.8,0.6407659574468085,0.0,False,False,False,False,False
401762795,2025,2,2025-09-06T23:00:00.000Z,False,False,False,15313.0,3912,Rynearson Stadium,2199,Eastern Michigan,Mid-American,23.0,"[3, 7, 0, 13]",0.0106831891462206,1241.0,1241.0,2341,Long Island University,fcs,NEC,28.0,"[7, 7, 0, 14]",0.9893168108537792,1480.0,1472.0,10.841158200364871,30200.0,False,False,Ypsilanti,MI,48197.0,US,America/Detroit,42.256126,-83.647285,241.248764,1969.0,2025-09-06,16.0,0.0,13.3,0.5070529801324504,0.0,False,False,False,True,False
401752691,2025,2,2025-09-06T23:00:00.000Z,False,False,False,79705.0,3994,Williams-Brice Stadium,2579,South Carolina,SEC,38.0,"[0, 17, 21, 0]",0.6999583840370178,1729.0,1729.0,2569,South Carolina State,fcs,MEAC,10.0,"[3, 0, 0, 7]",0.3000416159629822,1480.0,1472.0,3.623477344268848,80250.0,True,False,Columbia,SC,29208.0,US,America/New_York,33.9730239,-81.0191726,60.54548645,1934.0,2025-09-06,25.9,0.2,4.3,0.993208722741433,1.0,False,False,False,True,False
401752819,2025,2,2025-09-06T23:30:00.000Z,False,False,False,54663.0,3907,Ross-Ade Stadium,2509,Purdue,Big Ten,34.0,"[14, 10, 3, 7]",0.9792229533195496,1287.0,1287.0,79,Southern Illinois,fcs,MVFC,17.0,"[14, 0, 0, 3]",0.0207770466804504,1480.0,1472.0,3.722895548188221,57282.0,True,False,West Lafayette,IN,47907.0,US,America/Indiana/Indianapolis,40.4352253,-86.9186843,197.5337677,1924.0,2025-09-06,18.4,0.0,16.2,0.954278831046402,1.0,False,False,False,True,False
401752816,2025,2,2025-09-06T23:30:00.000Z,False,False,False,70510.0,3936,Spartan Stadium,127,Michigan State,Big Ten,42.0,"[7, 7, 10, 3, 7, 8]",0.0518375150859355,1403.0,1405.0,103,Boston College,fbs,ACC,40.0,"[0, 21, 3, 3, 7, 6]",0.9481624849140644,1508.0,1506.0,12.45742436349646,75005.0,True,False,East Lansing,MI,48824.0,US,America/Detroit,42.7281474,-84.4848526,254.8794861,1923.0,2025-09-06,14.2,0.0,17.0,0.9400706619558696,1.0,False,False,False,False,False
401761597,2025,2,2025-09-06T23:30:00.000Z,False,False,False,22217.0,3654,Brooks Stadium (SC),324,Coastal Carolina,Sun Belt,13.0,"[0, 3, 0, 10]",1.0,1266.0,1266.0,2127,Charleston Southern,fcs,OVC-Big South,0.0,"[0, 0, 0, 0]",0.0,1480.0,1472.0,4.242174070025722,21000.0,False,False,Conway,SC,29528.0,US,America/New_York,33.7928506,-79.0166946,13.74894905,2003.0,2025-09-06,26.8,0.0,6.6,1.057952380952381,1.0,False,False,True,True,False
401752683,2025,2,2025-09-06T23:30:00.000Z,False,False,False,88043.0,3785,Jordan-Hare Stadium,2,Auburn,SEC,42.0,"[14, 7, 7, 14]",0.9814049601554872,1609.0,1661.0,2050,Ball State,fbs,Mid-American,3.0,"[0, 0, 3, 0]",0.0185950398445129,1138.0,1086.0,3.1998303337378187,87451.0,True,False,Auburn,AL,36849.0,US,America/Chicago,32.6025532,-85.4897479,201.1737976,1939.0,2025-09-06,27.7,0.2,5.8,1.0067695052086312,1.0,False,False,True,False,False
401752814,2025,2,2025-09-06T23:30:00.000Z,False,False,False,,477,Los Angeles Memorial Coliseum,30,USC,Big Ten,59.0,"[21, 10, 14, 14]",0.9896509051322936,1841.0,1895.0,290,Georgia Southern,fbs,Sun Belt,20.0,"[6, 7, 7, 0]",0.0103490948677062,1382.0,1328.0,3.561627952727972,77500.0,True,False,Los Angeles,CA,90089.0,US,America/Los_Angeles,34.014167,-118.287778,42.50374222,1923.0,2025-09-06,28.3,0.0,11.2,,,True,False,False,False,False
401752687,2025,2,2025-09-06T23:30:00.000Z,False,False,False,101667.0,3958,Tiger Stadium (LA),99,LSU,SEC,23.0,"[7, 3, 7, 6]",0.9601048827171326,1730.0,1735.0,2348,Louisiana Tech,fbs,Conference USA,7.0,"[0, 0, 0, 7]",0.0398951172828674,1397.0,1392.0,2.689104640399413,102321.0,True,False,Baton Rouge,LA,70803.0,US,America/Chicago,30.412035,-91.1838163,7.640734673,1924.0,2025-09-06,32.2,0.0,8.7,0.9936083501920429,1.0,False,False,False,False,False
401752810,2025,2,2025-09-06T23:30:00.000Z,False,False,False,86439.0,3834,"Memorial Stadium (Lincoln, NE)",158,Nebraska,Big Ten,68.0,"[9, 24, 21, 14]",0.993889331817627,1522.0,1699.0,2006,Akron,fbs,Mid-American,0.0,"[0, 0, 0, 0]",0.006110668182373,1235.0,1058.0,2.7140669746621877,85458.0,False,False,Lincoln,NE,68588.0,US,America/Chicago,40.820682,-96.705594,354.9318848,1923.0,2025-09-06,19.3,0.0,7.0,1.011479323176297,1.0,False,False,True,False,False
401752688,2025,2,2025-09-06T23:30:00.000Z,False,False,False,50808.0,3693,Davis Wade Stadium,344,Mississippi State,SEC,24.0,"[10, 7, 0, 7]",0.8706225156784058,1424.0,1436.0,9,Arizona State,fbs,Big 12,20.0,"[0, 3, 7, 10]",0.1293774843215942,1700.0,1688.0,4.934156253962285,61337.0,True,False,Starkville,MS,39762.0,US,America/Chicago,33.4563403,-88.7933652,110.2742081,1914.0,2025-09-06,23.1,0.0,13.8,0.8283417839150921,0.0,False,False,False,False,False
401752690,2025,2,2025-09-06T23:30:00.000Z,False,False,False,84107.0,3835,"Memorial Stadium (Norman, OK)",201,Oklahoma,SEC,24.0,"[7, 7, 7, 3]",0.8726335167884827,1650.0,1679.0,130,Michigan,fbs,Big Ten,13.0,"[0, 0, 13, 0]",0.1273664832115173,1771.0,1742.0,3.288925346237761,86112.0,True,False,Norman,OK,73019.0,US,America/Chicago,35.2058537,-97.4423145,355.0962524,1925.0,2025-09-06,22.0,0.0,9.9,0.9767163693794128,1.0,False,False,False,False,False
401752695,2025,2,2025-09-06T23:30:00.000Z,False,False,False,65632.0,3799,Lane Stadium,259,Virginia Tech,ACC,20.0,"[10, 10, 0, 0]",0.0259151346981525,1575.0,1502.0,238,Vanderbilt,fbs,SEC,44.0,"[0, 10, 13, 21]",0.9740848653018476,1497.0,1570.0,5.012196213185042,65632.0,True,False,Blacksburg,VA,24061.0,US,America/New_York,37.2199873,-80.4180643,632.2631226,1965.0,2025-09-06,19.8,0.2,7.9,1.0,1.0,False,False,False,False,False
401752681,2025,2,2025-09-06T23:45:00.000Z,False,False,False,100077.0,3657,Bryant-Denny Stadium,333,Alabama,SEC,73.0,"[21, 21, 10, 21]",0.9963486790657043,1755.0,1920.0,2433,UL Monroe,fbs,Sun Belt,0.0,"[0, 0, 0, 0]",0.0036513209342956,1281.0,1116.0,1.7092281180496258,101821.0,True,False,Tuscaloosa,AL,35487.0,US,America/Chicago,33.2082752,-87.5503836,70.05136108,1929.0,2025-09-06,28.2,0.0,10.0,0.9828719026526944,1.0,False,False,False,False,False
401752823,2025,2,2025-09-07T00:00:00.000Z,False,False,False,36117.0,6501,Allegiant Stadium,2439,UNLV,Mountain West,30.0,"[10, 13, 0, 7]",0.7130630612373352,1633.0,1630.0,26,UCLA,fbs,Big Ten,23.0,"[0, 3, 10, 10]",0.2869369387626648,1404.0,1407.0,3.0101892724210857,65000.0,False,True,Las Vegas,NV,89118.0,US,America/Los_Angeles,36.09075,-115.183722,666.0,2020.0,2025-09-07,36.5,0.0,11.4,0.5556461538461539,0.0,False,False,False,False,False
401761600,2025,2,2025-09-07T00:00:00.000Z,False,False,False,26071.0,3666,Cajun Field,309,Louisiana,Sun Belt,34.0,"[7, 10, 0, 17]",0.9776145815849304,1465.0,1465.0,2377,McNeese,fcs,Southland,10.0,"[7, 0, 3, 0]",0.0223854184150695,1480.0,1472.0,4.00838757879188,41426.0,False,False,Lafayette,LA,70506.0,US,America/Chicago,30.2158434,-92.0417371,3.556508303,1971.0,2025-09-07,30.3,0.0,8.1,0.6293390624245643,0.0,False,False,False,True,False
401757231,2025,2,2025-09-07T01:00:00.000Z,False,False,False,31122.0,3946,Sun Bowl,2638,UTEP,Conference USA,42.0,"[7, 21, 14, 0]",0.9783709049224854,1227.0,1227.0,2630,UT Martin,fcs,OVC-Big South,17.0,"[0, 7, 3, 7]",0.0216290950775146,1480.0,1472.0,3.292420370184263,51500.0,False,False,El Paso,TX,79968.0,US,America/Denver,31.7733353,-106.507957,1183.697876,1963.0,2025-09-07,23.9,0.1,7.0,0.6043106796116505,0.0,False,False,False,True,False
401757229,2025,2,2025-09-07T01:00:00.000Z,False,False,False,10240.0,3601,Aggie Memorial Stadium,166,New Mexico State,Conference USA,21.0,"[3, 0, 7, 11]",0.9349650740623474,1246.0,1244.0,202,Tulsa,fbs,American Athletic,14.0,"[0, 0, 7, 7]",0.0650349259376525,1041.0,1043.0,11.044681784504649,28853.0,False,False,Las Cruces,NM,88003.0,US,America/Denver,32.2796202,-106.7411148,1208.201294,1978.0,2025-09-07,24.3,0.0,7.5,0.3549024364884067,0.0,False,False,False,False,False
401756879,2025,2,2025-09-07T02:00:00.000Z,False,False,False,40038.0,3619,Arizona Stadium,12,Arizona,Big 12,48.0,"[24, 10, 14, 0]",0.9933739304542542,1453.0,1453.0,2692,Weber State,fcs,Big Sky,3.0,"[0, 0, 0, 3]",0.0066260695457458,1480.0,1472.0,2.013261608018814,50782.0,False,False,Tucson,AZ,85721.0,US,America/Phoenix,32.2288054,-110.9488677,742.1530151,1928.0,2025-09-07,28.9,0.0,5.7,0.788428970895199,0.0,False,False,False,True,False
401752948,2025,2,2025-09-07T02:15:00.000Z,False,False,False,24330.0,3820,Gesa Field,265,Washington State,Pac-12,36.0,"[7, 12, 10, 7]",0.9851616621017456,1520.0,1555.0,21,San Diego State,fbs,Mountain West,13.0,"[7, 0, 6, 0]",0.0148383378982543,1318.0,1283.0,4.054313451343486,32952.0,False,False,Pullman,WA,99164.0,US,America/Los_Angeles,46.731831,-117.1604991,773.9526367,1972.0,2025-09-07,26.0,0.0,7.7,0.7383466860888566,0.0,False,False,False,False,False
401754526,2025,2,2025-09-07T02:15:00.000Z,False,False,False,64692.0,3801,LaVell Edwards Stadium,252,BYU,Big 12,27.0,"[6, 8, 10, 3]",0.9587950110435486,1644.0,1666.0,24,Stanford,fbs,ACC,3.0,"[0, 0, 0, 3]",0.0412049889564514,1282.0,1260.0,2.1486485074285286,63470.0,True,False,Provo,UT,84602.0,US,America/Denver,40.2575347,-111.6545247,1412.097046,1964.0,2025-09-07,21.9,0.0,1.8,1.019253190483693,1.0,False,False,True,False,False
401752821,2025,2,2025-09-07T03:00:00.000Z,False,False,False,65421.0,3765,Husky Stadium,264,Washington,Big Ten,70.0,"[14, 28, 14, 14]",0.9911258220672609,1610.0,1610.0,302,UC Davis,fcs,Big Sky,10.0,"[3, 7, 0, 0]",0.0088741779327392,1480.0,1472.0,2.1246557869163945,70138.0,False,False,Seattle,WA,98195.0,US,America/Los_Angeles,47.6503235,-122.3015746,11.65622807,1920.0,2025-09-07,19.4,0.0,2.1,0.932746870455388,1.0,False,False,False,True,False
401757230,2025,2,2025-09-07T03:59:00.000Z,False,False,False,11625.0,7220,Clarence T.C. Ching Athletics Complex,62,Hawai'i,Mountain West,37.0,"[7, 10, 3, 17]",0.915744125843048,1178.0,1238.0,2534,Sam Houston,fbs,Conference USA,20.0,"[3, 3, 7, 7]",0.0842558741569519,1397.0,1337.0,3.805860380572348,15194.0,False,False,Honolulu,HI,96822.0,US,Pacific/Honolulu,21.294294,-157.819338,20.0,2015.0,2025-09-07,28.0,0.0,15.0,0.7651046465710148,0.0,False,False,False,False,False
401754531,2025,3,2025-09-11T23:30:00.000Z,False,False,True,29043.0,3630,Allegacy Federal Credit Union Stadium,154,Wake Forest,ACC,24.0,"[14, 10, 0, 0]",0.0,1394.0,1383.0,152,NC State,fbs,ACC,34.0,"[14, 3, 7, 10]",1.0,1510.0,1521.0,5.133342505139144,31500.0,False,False,Winston-Salem,NC,27105.0,US,America/New_York,36.1305507,-80.2545851,283.548584,1968.0,2025-09-11,23.0,0.0,4.5,0.922,1.0,False,False,False,False,False
401752836,2025,3,2025-09-12T22:30:00.000Z,False,False,False,46219.0,3830,"Memorial Stadium (Bloomington, IN)",84,Indiana,Big Ten,73.0,"[21, 24, 21, 7]",0.9889745712280272,1904.0,1904.0,282,Indiana State,fcs,MVFC,0.0,"[0, 0, 0, 0]",0.0110254287719726,1480.0,1472.0,2.0712970299067037,52656.0,False,False,Bloomington,IN,47408.0,US,America/Indiana/Indianapolis,39.1808959,-86.5256217,231.6500854,1960.0,2025-09-12,29.1,0.0,7.5,0.8777537222728654,0.0,False,False,False,True,False
401754532,2025,3,2025-09-12T23:00:00.000Z,False,False,False,37372.0,1964,JMA Wireless Dome,183,Syracuse,ACC,66.0,"[14, 24, 7, 21]",0.99398934841156,1475.0,1475.0,2142,Colgate,fcs,Patriot,24.0,"[3, 0, 14, 7]",0.0060106515884399,1480.0,1472.0,2.529816092843343,49057.0,False,True,Syracuse,NY,13244.0,US,America/New_York,43.0362269,-76.1363161,162.6989746,1980.0,2025-09-12,19.7,0.0,2.3,0.7618076930917096,0.0,False,False,False,True,False
401756893,2025,3,2025-09-12T23:30:00.000Z,False,False,True,37899.0,4728,TDECU Stadium,248,Houston,Big 12,36.0,"[10, 6, 10, 10]",1.0,1441.0,1497.0,38,Colorado,fbs,Big 12,20.0,"[0, 14, 0, 6]",0.0,1660.0,1604.0,3.8156903990071345,40000.0,False,False,Houston,TX,77004.0,US,America/Chicago,29.7219885,-95.3491623,9.57440567,2014.0,2025-09-12,30.7,0.0,10.5,0.947475,1.0,False,False,False,False,False
401756888,2025,3,2025-09-13T01:00:00.000Z,False,False,False,40051.0,3619,Arizona Stadium,12,Arizona,Big 12,23.0,"[7, 10, 3, 3]",0.8945243954658508,1451.0,1469.0,2306,Kansas State,fbs,Big 12,17.0,"[3, 0, 14, 0]",0.1054756045341491,1658.0,1640.0,4.652025807713283,50782.0,False,False,Tucson,AZ,85721.0,US,America/Phoenix,32.2288054,-110.9488677,742.1530151,1928.0,2025-09-13,32.2,0.0,7.7,0.7886849671143319,0.0,False,False,False,False,False
401752837,2025,3,2025-09-13T02:00:00.000Z,False,False,False,31163.0,1056,Rose Bowl,26,UCLA,Big Ten,10.0,"[0, 7, 3, 0]",0.0,1407.0,1331.0,167,New Mexico,fbs,Mountain West,35.0,"[7, 7, 0, 21]",1.0,1332.0,1408.0,3.584693048370142,88565.0,True,False,Pasadena,CA,90095.0,US,America/Los_Angeles,34.1613284,-118.1676462,245.1772461,1922.0,2025-09-13,22.3,0.0,8.0,0.3518658612318636,0.0,False,False,False,False,False
401752839,2025,3,2025-09-13T16:00:00.000Z,False,False,False,110740.0,3558,Michigan Stadium,130,Michigan,Big Ten,63.0,"[14, 21, 14, 14]",0.9919071197509766,1742.0,1852.0,2117,Central Michigan,fbs,Mid-American,3.0,"[0, 3, 0, 0]",0.0080928802490234,1204.0,1094.0,2.0936837087583444,107601.0,False,False,Ann Arbor,MI,48109.0,US,America/Detroit,42.2658365,-83.7486956,255.5500031,1927.0,2025-09-13,18.4,0.0,9.6,1.0291725913327945,1.0,False,False,True,False,False
401752831,2025,3,2025-09-13T16:00:00.000Z,False,False,True,12023.0,5960,Lanny and Sharon Martin Stadium,77,Northwestern,Big Ten,14.0,"[0, 0, 0, 14]",0.0342713184654712,1403.0,1411.0,2483,Oregon,fbs,Big Ten,34.0,"[7, 10, 14, 3]",0.9657286815345288,1992.0,1984.0,3.2641501167463502,12023.0,False,False,Evanston,IL,60208.0,US,America/Chicago,42.058246,-87.670876,179.0,1997.0,2025-09-13,20.2,0.0,13.6,1.0,1.0,False,False,False,False,False
401761608,2025,3,2025-09-13T16:00:00.000Z,False,False,False,23384.0,3975,Veterans Memorial Stadium (AL),2653,Troy,Sun Belt,7.0,"[0, 7, 0, 0]",0.0,1472.0,1435.0,235,Memphis,fbs,American Athletic,28.0,"[7, 14, 0, 7]",1.0,1621.0,1658.0,4.585106428375084,30000.0,False,False,Troy,AL,36082.0,US,America/Chicago,31.7995565,-85.9518328,154.7746277,1950.0,2025-09-13,28.2,0.0,10.3,0.7794666666666666,0.0,False,False,False,False,False
401752838,2025,3,2025-09-13T16:00:00.000Z,False,False,False,36780.0,3665,SECU Stadium,120,Maryland,Big Ten,44.0,"[17, 17, 7, 3]",0.9941574335098268,1528.0,1528.0,119,Towson,fcs,Coastal Athletic,17.0,"[0, 0, 7, 10]",0.0058425664901733,1480.0,1472.0,1.9388600742460969,51802.0,False,False,College Park,MD,20742.0,US,America/New_York,38.9903332,-76.9473792,32.68748093,1950.0,2025-09-13,25.0,0.0,6.3,0.7100111964789004,0.0,False,False,False,True,False
401752828,2025,3,2025-09-13T16:00:00.000Z,False,False,False,86292.0,3834,"Memorial Stadium (Lincoln, NE)",158,Nebraska,Big Ten,59.0,"[17, 21, 14, 7]",0.9886107444763184,1712.0,1712.0,2277,Houston Christian,fcs,Southland,7.0,"[0, 0, 7, 0]",0.0113892555236816,1480.0,1472.0,2.439646774748465,85458.0,False,False,Lincoln,NE,68588.0,US,America/Chicago,40.820682,-96.705594,354.9318848,1923.0,2025-09-13,26.8,0.0,15.8,1.0097591799480448,1.0,False,False,True,True,False
401762817,2025,3,2025-09-13T16:00:00.000Z,False,False,True,11833.0,3696,Dix Stadium,2309,Kent State,Mid-American,28.0,"[7, 7, 7, 7]",0.2833284735679626,938.0,959.0,2084,Buffalo,fbs,Mid-American,31.0,"[0, 10, 14, 7]",0.7166715264320374,1407.0,1386.0,6.469148484749553,25319.0,False,False,Kent,OH,44242.0,US,America/New_York,41.1390935,-81.31346,321.3641663,1969.0,2025-09-13,23.9,0.0,5.0,0.4673565306686678,0.0,False,False,False,False,False
401752703,2025,3,2025-09-13T16:00:00.000Z,False,False,False,24927.0,3806,Lincoln Financial Field,218,Temple,American Athletic,3.0,"[0, 3, 0, 0]",0.0323617905378341,1284.0,1221.0,201,Oklahoma,fbs,SEC,42.0,"[11, 17, 14, 0]",0.9676382094621658,1679.0,1742.0,2.8145400659947084,69879.0,False,False,Philadelphia,PA,19122.0,US,America/New_York,39.9007995,-75.1675414,3.198706865,2003.0,2025-09-13,26.1,0.0,4.9,0.3567166101403855,0.0,False,False,False,False,False
401752696,2025,3,2025-09-13T16:00:00.000Z,False,False,False,100077.0,3657,Bryant-Denny Stadium,333,Alabama,SEC,38.0,"[7, 14, 14, 3]",0.8941497206687927,1920.0,1948.0,275,Wisconsin,fbs,Big Ten,14.0,"[0, 0, 7, 7]",0.1058502793312072,1619.0,1591.0,2.1300362761686698,101821.0,True,False,Tuscaloosa,AL,35487.0,US,America/Chicago,33.2082752,-87.5503836,70.05136108,1929.0,2025-09-13,29.7,0.0,5.4,0.9828719026526944,1.0,False,False,False,False,False
401754619,2025,3,2025-09-13T16:00:00.000Z,False,False,False,38512.0,3923,Scott Stadium,258,Virginia,ACC,55.0,"[14, 28, 10, 3]",0.9928979873657228,1514.0,1514.0,2729,William & Mary,fcs,Coastal Athletic,16.0,"[0, 7, 7, 2]",0.0071020126342773,1480.0,1472.0,2.634922305513789,61500.0,True,False,Charlottesville,VA,22904.0,US,America/New_York,38.0311801,-78.5137897,170.4677429,1931.0,2025-09-13,24.4,0.0,7.4,0.6262113821138211,0.0,False,False,False,True,False
401756891,2025,3,2025-09-13T16:00:00.000Z,False,False,False,41215.0,4727,McLane Stadium,239,Baylor,Big 12,42.0,"[14, 21, 0, 7]",0.8392053842544556,1579.0,1579.0,2535,Samford,fcs,Southern,7.0,"[7, 0, 0, 0]",0.1607946157455444,1480.0,1472.0,2.898550045459711,45140.0,False,False,Waco,TX,76704.0,US,America/Chicago,31.5582015,-97.1156702,117.0538101,2014.0,2025-09-13,28.9,0.0,8.5,0.9130482941958352,1.0,False,False,False,True,False
401754623,2025,3,2025-09-13T16:00:00.000Z,False,False,True,48059.0,721,Bobby Dodd Stadium,59,Georgia Tech,ACC,24.0,"[3, 10, 0, 11]",0.70292729139328,1557.0,1560.0,228,Clemson,fbs,ACC,21.0,"[0, 7, 7, 7]",0.2970727086067199,1696.0,1693.0,5.074361404081918,55000.0,False,False,Atlanta,GA,30332.0,US,America/New_York,33.7724449,-84.3928054,279.300415,1913.0,2025-09-13,26.4,0.0,6.0,0.8738,0.0,False,False,False,False,False
401752697,2025,3,2025-09-13T16:45:00.000Z,False,False,False,88043.0,3785,Jordan-Hare Stadium,2,Auburn,SEC,31.0,"[7, 21, 3, 0]",0.9974876046180724,1661.0,1686.0,6,South Alabama,fbs,Sun Belt,15.0,"[3, 6, 6, 0]",0.0025123953819274,1557.0,1532.0,2.4154160553241155,87451.0,True,False,Auburn,AL,36849.0,US,America/Chicago,32.6025532,-85.4897479,201.1737976,1939.0,2025-09-13,27.1,0.0,8.5,1.0067695052086312,1.0,False,False,True,False,False
401752702,2025,3,2025-09-13T17:00:00.000Z,False,False,False,57321.0,3838,Memorial Stadium,142,Missouri,SEC,52.0,"[14, 24, 7, 7]",0.9936493635177612,1659.0,1755.0,309,Louisiana,fbs,Sun Belt,10.0,"[0, 10, 0, 0]",0.0063506364822387,1463.0,1367.0,1.633721829510829,71168.0,False,False,Columbia,MO,65211.0,US,America/Chicago,38.9358491,-92.3332009,212.6865692,1927.0,2025-09-13,32.5,0.0,12.4,0.8054322167266187,0.0,False,False,False,False,False
401762818,2025,3,2025-09-13T18:00:00.000Z,False,False,False,10512.0,3919,Scheumann Stadium,2050,Ball State,Mid-American,34.0,"[14, 14, 6, 0]",0.6108605861663818,1070.0,1070.0,160,New Hampshire,fcs,Coastal Athletic,29.0,"[14, 7, 3, 5]",0.3891394138336181,1480.0,1472.0,5.4201324303022815,22500.0,False,False,Muncie,IN,47306.0,US,America/Indiana/Indianapolis,40.2159422,-85.4161148,285.481781,1967.0,2025-09-13,26.2,0.0,8.8,0.4672,0.0,False,False,False,True,False
401757168,2025,3,2025-09-13T19:00:00.000Z,False,False,False,17862.0,3695,Delaware Stadium,48,Delaware,Conference USA,44.0,"[14, 14, 7, 3, 6]",0.25627401471138,1453.0,1454.0,41,UConn,fbs,FBS Independents,41.0,"[10, 14, 7, 7, 3]",0.74372598528862,1446.0,1445.0,7.432477630514397,22000.0,False,False,Newark,DE,19713.0,US,America/New_York,39.6617428,-75.7488224,28.74350357,1952.0,2025-09-13,26.7,0.0,8.2,0.8119090909090909,0.0,False,False,False,False,False
401754638,2025,3,2025-09-13T19:30:00.000Z,False,False,False,62108.0,3842,Milan Puskar Stadium,277,West Virginia,Big 12,31.0,"[0, 7, 7, 10, 7]",0.1767073571681976,1469.0,1481.0,221,Pittsburgh,fbs,ACC,24.0,"[0, 3, 11, 10, 0]",0.8232926428318024,1518.0,1506.0,6.6083691049315805,60000.0,False,False,Morgantown,WV,26507.0,US,America/New_York,39.6502744,-79.9551873,327.409668,1980.0,2025-09-13,28.0,0.0,9.7,1.0351333333333332,1.0,False,False,True,False,False
401752833,2025,3,2025-09-13T19:30:00.000Z,False,False,False,41011.0,6577,SHI Stadium,164,Rutgers,Big Ten,60.0,"[13, 13, 20, 14]",0.9916054010391236,1594.0,1594.0,2450,Norfolk State,fcs,MEAC,10.0,"[0, 3, 7, 0]",0.0083945989608764,1480.0,1472.0,2.6001700876586886,52454.0,False,False,Piscataway,NJ,8854.0,US,America/New_York,40.513611,-74.465278,19.0,1994.0,2025-09-13,27.6,0.0,9.2,0.7818469516147482,0.0,False,False,False,True,False
401752949,2025,3,2025-09-13T19:30:00.000Z,False,False,False,26837.0,3825,DATCU Stadium,249,North Texas,American Athletic,59.0,"[14, 28, 10, 7]",0.992473304271698,1409.0,1585.0,265,Washington State,fbs,Pac-12,10.0,"[3, 0, 0, 7]",0.007526695728302,1555.0,1379.0,2.337911501476914,30850.0,False,False,Denton,TX,76210.0,US,America/Chicago,33.203899,-97.159245,198.6871948,2011.0,2025-09-13,32.9,0.0,15.4,0.8699189627228525,0.0,False,False,False,False,False
401752938,2025,3,2025-09-13T19:30:00.000Z,False,False,False,60229.0,3784,Jones AT&T Stadium,2641,Texas Tech,Big 12,45.0,"[14, 14, 10, 7]",0.9839296936988832,1639.0,1690.0,204,Oregon State,fbs,Pac-12,14.0,"[0, 0, 0, 14]",0.0160703063011169,1365.0,1314.0,2.7183524777019303,60454.0,False,False,Lubbock,TX,79409.0,US,America/Chicago,33.5910518,-101.8728824,980.7632446,1947.0,2025-09-13,28.1,0.0,17.3,0.9962781619082276,1.0,False,False,False,False,False
401752835,2025,3,2025-09-13T19:30:00.000Z,False,False,False,109516.0,3632,Beaver Stadium,213,Penn State,Big Ten,52.0,"[7, 14, 10, 21]",1.0,2152.0,2152.0,222,Villanova,fcs,Coastal Athletic,6.0,"[0, 0, 0, 6]",0.0,1480.0,1472.0,1.5691614982419644,106572.0,True,False,University Park,PA,16802.0,US,America/New_York,40.8121958,-77.8561023,354.1551514,1960.0,2025-09-13,27.6,0.0,10.0,1.027624516758623,1.0,False,False,True,True,False
401752705,2025,3,2025-09-13T19:30:00.000Z,False,False,True,101915.0,3853,Neyland Stadium,2633,Tennessee,SEC,41.0,"[21, 0, 7, 10, 3]",0.8366788625717163,1799.0,1809.0,61,Georgia,fbs,SEC,44.0,"[7, 10, 10, 11, 6]",0.1633211374282837,2053.0,2043.0,8.927697065894355,102455.0,True,False,Knoxville,TN,37996.0,US,America/New_York,35.9550131,-83.9250128,271.9517212,1921.0,2025-09-13,28.4,0.0,0.5,0.994729393392221,1.0,False,False,False,False,False
401752834,2025,3,2025-09-13T19:30:00.000Z,False,False,False,71301.0,3936,Spartan Stadium,127,Michigan State,Big Ten,41.0,"[7, 10, 14, 10]",0.9076184034347534,1406.0,1406.0,2754,Youngstown State,fcs,MVFC,24.0,"[3, 7, 7, 7]",0.0923815965652465,1480.0,1472.0,3.481551560526096,75005.0,True,False,East Lansing,MI,48824.0,US,America/Detroit,42.7281474,-84.4848526,254.8794861,1923.0,2025-09-13,24.2,0.0,5.4,0.950616625558296,1.0,False,False,False,True,False
401752832,2025,3,2025-09-13T19:30:00.000Z,False,False,True,58065.0,3907,Ross-Ade Stadium,2509,Purdue,Big Ten,17.0,"[0, 3, 7, 7]",0.0364251509308815,1293.0,1310.0,30,USC,fbs,Big Ten,33.0,"[3, 14, 13, 3]",0.9635748490691184,1895.0,1878.0,4.127607975845876,57282.0,True,False,West Lafayette,IN,47907.0,US,America/Indiana/Indianapolis,40.4352253,-86.9186843,197.5337677,1924.0,2025-09-13,28.9,0.0,19.1,1.013669215460354,1.0,False,False,True,False,False
401754639,2025,3,2025-09-13T19:30:00.000Z,False,False,False,50500.0,3787,Kenan Stadium,153,North Carolina,ACC,41.0,"[10, 10, 7, 14]",0.9921181201934814,1439.0,1439.0,257,Richmond,fcs,Patriot,6.0,"[0, 3, 0, 3]",0.0078818798065185,1480.0,1472.0,1.969859511624668,50500.0,False,False,Chapel Hill,NC,27515.0,US,America/New_York,35.9069294,-79.0478889,127.7569809,1927.0,2025-09-13,25.5,0.0,9.9,1.0,1.0,False,False,False,True,False
401756892,2025,3,2025-09-13T19:30:00.000Z,False,False,False,30014.0,3854,Nippert Stadium,2132,Cincinnati,Big 12,70.0,"[35, 21, 7, 7]",0.978312373161316,1498.0,1498.0,2466,Northwestern State,fcs,Southland,0.0,"[0, 0, 0, 0]",0.021687626838684,1480.0,1472.0,1.9902269210722308,40000.0,False,False,Cincinnati,OH,45221.0,US,America/New_York,39.1312495,-84.5161913,230.0660553,1915.0,2025-09-13,29.9,0.0,8.0,0.75035,0.0,False,False,False,True,False
401762467,2025,3,2025-09-13T19:30:00.000Z,False,False,False,20421.0,3604,Alamodome,2636,UTSA,American Athletic,48.0,"[10, 14, 14, 10]",0.9960624575614928,1489.0,1489.0,2916,Incarnate Word,fcs,Southland,20.0,"[0, 0, 14, 6]",0.003937542438507,1480.0,1472.0,2.14359432660084,36582.0,False,True,San Antonio,TX,78299.0,US,America/Chicago,29.4169834,-98.4788143,201.5526886,1993.0,2025-09-13,33.4,0.0,10.9,0.5582253567328194,0.0,False,False,False,True,False
401762819,2025,3,2025-09-13T19:30:00.000Z,False,False,False,22846.0,3739,Glass Bowl,2649,Toledo,Mid-American,60.0,"[3, 43, 7, 7]",0.9923451542854308,1501.0,1501.0,2415,Morgan State,fcs,MEAC,0.0,"[0, 0, 0, 0]",0.007654845714569,1480.0,1472.0,2.4077897300641373,26038.0,False,False,Toledo,OH,43606.0,US,America/New_York,41.6574777,-83.6135652,181.4839783,1937.0,2025-09-13,22.4,0.0,3.4,0.8774099393194562,0.0,False,False,False,True,False
401754615,2025,3,2025-09-13T19:30:00.000Z,False,False,False,15027.0,3878,Plaster Sports Complex,2623,Missouri State,Conference USA,10.0,"[10, 0, 0, 0]",0.0060413377359509,1346.0,1338.0,2567,SMU,fbs,ACC,28.0,"[0, 14, 7, 7]",0.993958662264049,1703.0,1711.0,4.819093231576694,17337.0,False,False,Springfield,MO,65897.0,US,America/Chicago,37.1976229,-93.2798119,402.368103,1941.0,2025-09-13,33.4,0.0,9.8,0.8667589548364769,0.0,False,False,False,False,False
401756890,2025,3,2025-09-13T20:00:00.000Z,False,False,False,22348.0,3625,Centennial Bank Stadium,2032,Arkansas State,Sun Belt,16.0,"[0, 10, 3, 3]",0.1001568138599395,1244.0,1257.0,66,Iowa State,fbs,Big 12,24.0,"[9, 8, 0, 7]",0.8998431861400604,1621.0,1608.0,6.731182769771558,30382.0,False,False,Jonesboro,AR,72404.0,US,America/Chicago,35.8488977,-90.6677436,89.52690887,1974.0,2025-09-13,33.5,0.0,6.0,0.7355671121058521,0.0,False,False,False,False,False
401752706,2025,3,2025-09-13T20:15:00.000Z,False,False,False,102025.0,3910,DKR-Texas Memorial Stadium,251,Texas,SEC,27.0,"[7, 7, 6, 7]",1.0,1896.0,1878.0,2638,UTEP,fbs,Conference USA,10.0,"[0, 3, 0, 7]",0.0,1230.0,1248.0,3.4510180667844916,100119.0,False,False,Austin,TX,78712.0,US,America/Chicago,30.2836813,-97.7325345,160.3089447,1924.0,2025-09-13,33.1,0.0,11.8,1.0190373455587851,1.0,False,False,True,False,False
401754535,2025,3,2025-09-13T20:30:00.000Z,False,False,False,66591.0,3948,Hard Rock Stadium,2390,Miami,ACC,49.0,"[14, 14, 7, 14]",0.9881351590156556,1743.0,1825.0,58,South Florida,fbs,American Athletic,12.0,"[3, 3, 0, 6]",0.0118648409843444,1564.0,1482.0,2.955756798120136,64767.0,False,False,Miami Gardens,FL,33299.0,US,America/New_York,25.9579665,-80.2388604,2.624486446,1987.0,2025-09-13,24.2,4.6,3.6,1.0281624901570243,1.0,False,False,True,False,False
401757256,2025,3,2025-09-13T21:00:00.000Z,False,False,False,23159.0,3700,Doyt L. Perry Stadium,189,Bowling Green,Mid-American,23.0,"[3, 7, 3, 10]",0.9232409596443176,1434.0,1456.0,2335,Liberty,fbs,Conference USA,13.0,"[0, 0, 7, 6]",0.0767590403556823,1494.0,1472.0,3.9960137813612553,24000.0,False,False,Bowling Green,OH,43403.0,US,America/New_York,41.3780114,-83.6225,205.9057465,1966.0,2025-09-13,25.0,0.0,5.8,0.9649583333333334,1.0,False,False,False,False,False
401757258,2025,3,2025-09-13T21:00:00.000Z,False,False,False,16808.0,3816,Mackay Stadium,2440,Nevada,Mountain West,13.0,"[0, 13, 0, 0]",0.7403632402420044,1284.0,1278.0,2393,Middle Tennessee,fbs,Conference USA,14.0,"[0, 0, 0, 14]",0.2596367597579956,1182.0,1188.0,4.244323209980611,27000.0,False,False,Reno,NV,89557.0,US,America/Los_Angeles,39.5469459,-119.8175435,1406.57605,1966.0,2025-09-13,24.7,0.0,9.4,0.6225185185185185,0.0,False,False,False,False,False
401757235,2025,3,2025-09-13T22:00:00.000Z,False,False,False,11040.0,4899,Fifth Third Stadium,338,Kennesaw State,Conference USA,27.0,"[0, 7, 17, 3]",0.8851298093795776,1175.0,1175.0,2771,Merrimack,fcs,FCS Independents,13.0,"[0, 0, 0, 13]",0.1148701906204223,1480.0,1472.0,3.858363899375836,11040.0,True,False,Kennesaw,GA,30144.0,US,America/New_York,34.0289318,-84.5676234,296.9589844,2010.0,2025-09-13,28.1,0.0,6.4,1.0,1.0,False,False,False,True,False
401752701,2025,3,2025-09-13T22:00:00.000Z,False,False,False,49158.0,3693,Davis Wade Stadium,344,Mississippi State,SEC,63.0,"[28, 14, 7, 14]",0.9959214925765992,1454.0,1454.0,2016,Alcorn State,fcs,SWAC,0.0,"[0, 0, 0, 0]",0.0040785074234008,1480.0,1472.0,1.7864428042072722,61337.0,True,False,Starkville,MS,39762.0,US,America/Chicago,33.4563403,-88.7933652,110.2742081,1914.0,2025-09-13,31.6,0.0,3.4,0.8014412181880431,0.0,False,False,False,True,False
401757233,2025,3,2025-09-13T22:00:00.000Z,False,False,False,17638.0,2031,Pitbull Stadium,2229,Florida International,Conference USA,38.0,"[7, 10, 21, 0]",1.0,1358.0,1367.0,2226,Florida Atlantic,fbs,American Athletic,28.0,"[7, 14, 0, 7]",0.0,1240.0,1231.0,5.3864632418035905,20000.0,False,False,Miami,FL,33199.0,US,America/New_York,25.7525,-80.37778,6.0,1995.0,2025-09-13,25.8,0.1,2.0,0.8819,0.0,False,False,False,False,False
401761606,2025,3,2025-09-13T22:00:00.000Z,False,False,False,23925.0,3775,Joan C. Edwards Stadium,276,Marshall,Sun Belt,38.0,"[17, 14, 7, 0]",0.9945290088653564,1492.0,1492.0,2198,Eastern Kentucky,fcs,UAC,7.0,"[0, 0, 7, 0]",0.0054709911346435,1480.0,1472.0,2.546843613107965,38016.0,False,False,Huntington,WV,25755.0,US,America/New_York,38.4247042,-82.4214412,163.7328186,1991.0,2025-09-13,28.5,0.0,5.1,0.6293402777777778,0.0,False,False,False,True,False
401762464,2025,3,2025-09-13T22:00:00.000Z,False,False,False,15681.0,4418,Jerry Richardson Stadium,2429,Charlotte,American Athletic,42.0,"[0, 7, 21, 14]",0.9812779426574708,1170.0,1170.0,2405,Monmouth,fcs,Coastal Athletic,35.0,"[7, 7, 7, 14]",0.0187220573425292,1480.0,1472.0,7.631365971094696,15300.0,False,False,Charlotte,NC,28223.0,US,America/New_York,35.3105033,-80.7401194,190.365509,2013.0,2025-09-13,26.1,0.0,13.6,1.0249019607843135,1.0,False,False,True,True,False
401761605,2025,3,2025-09-13T23:00:00.000Z,False,False,False,13988.0,4246,Center Parc Stadium,2247,Georgia State,Sun Belt,37.0,"[14, 9, 7, 7]",0.9919071197509766,1167.0,1167.0,93,Murray State,fcs,MVFC,21.0,"[0, 7, 0, 14]",0.0080928802490234,1480.0,1472.0,3.3424632064061637,25000.0,False,False,Atlanta,GA,30315.0,US,America/New_York,33.735267,-84.389949,287.0,2017.0,2025-09-13,27.0,0.0,5.4,0.55952,0.0,False,False,False,True,False
401752827,2025,3,2025-09-13T23:00:00.000Z,False,False,False,105765.0,3861,Ohio Stadium,194,Ohio State,Big Ten,37.0,"[3, 10, 10, 14]",0.9895108938217164,1977.0,2010.0,195,Ohio,fbs,Mid-American,9.0,"[0, 3, 6, 0]",0.0104891061782836,1620.0,1587.0,2.6200476901291596,102780.0,False,False,Columbus,OH,43210.0,US,America/New_York,40.0016447,-83.0197266,216.6770325,1922.0,2025-09-13,27.0,0.0,2.7,1.0290426152948045,1.0,False,False,True,False,False
401752700,2025,3,2025-09-13T23:00:00.000Z,False,False,True,65068.0,3974,Vaught-Hemingway Stadium,145,Ole Miss,SEC,41.0,"[7, 24, 7, 3]",0.4054233729839325,1922.0,1918.0,8,Arkansas,fbs,SEC,35.0,"[7, 21, 0, 7]",0.5945766270160675,1674.0,1678.0,6.476053958073642,64038.0,True,False,Oxford,MS,38677.0,US,America/Chicago,34.3619837,-89.5342076,146.8517151,1915.0,2025-09-13,30.5,0.0,5.6,1.0160842000062462,1.0,False,False,True,False,False
401752829,2025,3,2025-09-13T23:00:00.000Z,False,False,False,60670.0,3832,"Memorial Stadium (Champaign, IL)",356,Illinois,Big Ten,38.0,"[3, 7, 14, 14]",0.9919793605804444,1642.0,1708.0,2711,Western Michigan,fbs,Mid-American,0.0,"[0, 0, 0, 0]",0.0080206394195556,1312.0,1246.0,2.477241590312125,60670.0,False,False,Champaign,IL,61820.0,US,America/Chicago,40.0993268,-88.2359569,223.2471619,1923.0,2025-09-13,29.8,0.0,9.9,1.0,1.0,False,False,False,False,False
401757234,2025,3,2025-09-13T23:00:00.000Z,False,False,False,24585.0,3608,Allen E. Paulson Stadium,290,Georgia Southern,Sun Belt,41.0,"[17, 14, 0, 10]",0.9934029579162598,1328.0,1357.0,55,Jacksonville State,fbs,Conference USA,34.0,"[14, 10, 10, 0]",0.0065970420837402,1642.0,1613.0,6.064462253017327,25000.0,False,False,Statesboro,GA,30460.0,US,America/New_York,32.4122471,-81.7849296,61.25376892,1984.0,2025-09-13,25.3,0.0,9.9,0.9834,1.0,False,False,False,False,False
401762466,2025,3,2025-09-13T23:00:00.000Z,False,False,False,22260.0,3895,Rice Stadium,242,Rice,American Athletic,38.0,"[7, 17, 7, 7]",0.9957946538925172,1262.0,1262.0,2504,Prairie View A&M,fcs,SWAC,17.0,"[7, 0, 3, 7]",0.0042053461074829,1480.0,1472.0,3.318519201815514,47000.0,False,False,Houston,TX,77251.0,US,America/Chicago,29.7163297,-95.4093261,7.148301601,1950.0,2025-09-13,31.1,0.0,10.1,0.4736170212765957,0.0,False,False,False,True,False
401754536,2025,3,2025-09-13T23:00:00.000Z,False,False,False,57627.0,3799,Lane Stadium,259,Virginia Tech,ACC,26.0,"[0, 0, 7, 19]",0.0545707456767559,1502.0,1452.0,295,Old Dominion,fbs,Sun Belt,45.0,"[7, 21, 10, 7]",0.945429254323244,1480.0,1530.0,3.4013443232710543,65632.0,True,False,Blacksburg,VA,24061.0,US,America/New_York,37.2199873,-80.4180643,632.2631226,1965.0,2025-09-13,22.0,0.0,7.9,0.8780320575329108,0.0,False,False,False,False,False
401761607,2025,3,2025-09-13T23:00:00.000Z,False,False,True,24534.0,3815,M. M. Roberts Stadium,2572,Southern Miss,Sun Belt,38.0,"[7, 10, 7, 14]",0.9881961345672609,1107.0,1178.0,2026,App State,fbs,Sun Belt,22.0,"[7, 0, 7, 8]",0.0118038654327392,1461.0,1390.0,4.30131453710597,36000.0,False,False,Hattiesburg,MS,39402.0,US,America/Chicago,31.3289321,-89.3318118,64.52726746,1932.0,2025-09-13,31.7,0.0,2.7,0.6815,0.0,False,False,False,False,False
401752830,2025,3,2025-09-13T23:30:00.000Z,False,False,False,69250.0,3793,Kinnick Stadium,2294,Iowa,Big Ten,47.0,"[20, 10, 10, 7]",0.9895370602607728,1680.0,1723.0,113,Massachusetts,fbs,Mid-American,7.0,"[0, 7, 0, 0]",0.0104629397392272,1101.0,1058.0,1.7656731380714883,69250.0,False,False,Iowa City,IA,52242.0,US,America/Chicago,41.6586045,-91.5510829,220.6357727,1929.0,2025-09-13,31.8,0.0,10.5,1.0,1.0,False,False,False,False,False
401761604,2025,3,2025-09-13T23:30:00.000Z,False,False,False,21634.0,3654,Brooks Stadium (SC),324,Coastal Carolina,Sun Belt,0.0,"[0, 0, 0, 0]",0.0,1262.0,1172.0,151,East Carolina,fbs,American Athletic,38.0,"[10, 0, 7, 21]",1.0,1429.0,1519.0,3.8528115010189783,21000.0,False,False,Conway,SC,29528.0,US,America/New_York,33.7928506,-79.0166946,13.74894905,2003.0,2025-09-13,24.0,0.0,8.3,1.030190476190476,1.0,False,False,True,False,False
401757257,2025,3,2025-09-13T23:30:00.000Z,False,False,True,60229.0,3776,Joe Aillet Stadium,2348,Louisiana Tech,Conference USA,49.0,"[10, 17, 0, 22]",0.9931659698486328,1392.0,1471.0,166,New Mexico State,fbs,Conference USA,14.0,"[0, 14, 0, 0]",0.0068340301513671,1244.0,1165.0,2.632393593303924,28019.0,False,False,Ruston,LA,71272.0,US,America/Chicago,32.5321487,-92.6560019,72.87982941,1968.0,2025-09-13,31.7,0.0,10.9,2.1495770727006676,1.0,False,False,True,False,False
401752698,2025,3,2025-09-13T23:30:00.000Z,False,False,False,58489.0,3683,Kroger Field,96,Kentucky,SEC,48.0,"[14, 14, 10, 10]",0.9919674396514891,1524.0,1557.0,2199,Eastern Michigan,fbs,Mid-American,23.0,"[3, 13, 0, 7]",0.0080325603485107,1253.0,1220.0,3.1385967464938243,61000.0,False,False,Lexington,KY,40506.0,US,America/New_York,38.0220905,-84.5053408,307.4248962,1973.0,2025-09-13,26.2,0.0,3.1,0.9588360655737704,1.0,False,False,False,False,False
401752699,2025,3,2025-09-13T23:30:00.000Z,False,False,True,102158.0,3958,Tiger Stadium (LA),99,LSU,SEC,20.0,"[0, 13, 7, 0]",0.960201859474182,1735.0,1747.0,57,Florida,fbs,SEC,10.0,"[3, 7, 0, 0]",0.0397981405258178,1668.0,1656.0,4.803348735160815,102321.0,True,False,Baton Rouge,LA,70803.0,US,America/Chicago,30.412035,-91.1838163,7.640734673,1924.0,2025-09-13,34.2,0.0,11.2,0.9984069741304328,1.0,False,False,False,False,False
401752707,2025,3,2025-09-13T23:30:00.000Z,False,False,False,77622.0,3855,Notre Dame Stadium,87,Notre Dame,FBS Independents,40.0,"[14, 10, 7, 9]",0.1494044363498687,2166.0,2141.0,245,Texas A&M,fbs,SEC,41.0,"[7, 21, 3, 10]",0.8505955636501312,1724.0,1749.0,8.103345635698446,80795.0,False,False,Notre Dame,IN,46556.0,US,America/Indiana/Indianapolis,41.698378,-86.2339425,222.645401,1930.0,2025-09-13,23.6,0.0,10.0,0.960727767807414,1.0,False,False,False,False,False
401752704,2025,3,2025-09-13T23:45:00.000Z,False,False,True,79873.0,3994,Williams-Brice Stadium,2579,South Carolina,SEC,7.0,"[7, 0, 0, 0]",0.0153611125424504,1729.0,1645.0,238,Vanderbilt,fbs,SEC,31.0,"[7, 7, 7, 10]",0.9846388874575496,1570.0,1654.0,4.458445004730975,80250.0,True,False,Columbia,SC,29208.0,US,America/New_York,33.9730239,-81.0191726,60.54548645,1934.0,2025-09-13,27.4,0.0,8.9,0.9953021806853584,1.0,False,False,False,False,False
401762465,2025,3,2025-09-14T00:00:00.000Z,False,False,True,20103.0,3674,Chapman Stadium,202,Tulsa,American Athletic,23.0,"[14, 3, 0, 6]",0.0550366230309009,1043.0,1046.0,2426,Navy,fbs,American Athletic,42.0,"[7, 14, 14, 7]",0.944963376969099,1553.0,1550.0,4.787999254795146,30000.0,False,False,Tulsa,OK,74194.0,US,America/Chicago,36.1489175,-95.9437853,235.5928345,1930.0,2025-09-14,29.1,0.0,7.8,0.6701,0.0,False,False,False,False,False
401754534,2025,3,2025-09-14T00:00:00.000Z,False,False,False,30000.0,4729,Yulman Stadium,2655,Tulane,American Athletic,34.0,"[14, 10, 7, 3]",1.0,1642.0,1642.0,150,Duke,fbs,ACC,27.0,"[0, 9, 7, 11]",0.0,1462.0,1462.0,3.00333564937811,30000.0,False,False,New Orleans,LA,70118.0,US,America/Chicago,29.944616,-90.116692,0.0,2014.0,2025-09-14,28.2,0.0,6.2,1.0,1.0,False,False,False,False,False
401756894,2025,3,2025-09-14T00:00:00.000Z,False,False,False,48094.0,3616,Amon G. Carter Stadium,2628,TCU,Big 12,42.0,"[14, 14, 7, 7]",0.6292220950126648,1726.0,1726.0,2000,Abilene Christian,fcs,UAC,21.0,"[0, 0, 9, 12]",0.3707779049873352,1480.0,1472.0,2.1478550419011553,46000.0,True,False,Fort Worth,TX,76129.0,US,America/Chicago,32.7096604,-97.3680835,185.4387054,1929.0,2025-09-14,32.1,0.0,14.1,1.0455217391304348,1.0,False,False,True,True,False
401756895,2025,3,2025-09-14T00:00:00.000Z,False,False,False,23500.0,3984,War Memorial Stadium,2751,Wyoming,Mountain West,6.0,"[0, 0, 0, 6]",0.0,1377.0,1339.0,254,Utah,fbs,Big 12,31.0,"[3, 0, 14, 14]",1.0,1630.0,1668.0,3.6670493757129026,29181.0,False,False,Laramie,WY,82071.0,US,America/Denver,41.31161,-105.5681384,2200.153564,1950.0,2025-09-14,13.6,0.0,10.2,0.8053185291799458,0.0,False,False,False,False,False
401762463,2025,3,2025-09-14T00:30:00.000Z,False,False,False,17823.0,7221,Protective Stadium,5,UAB,American Athletic,31.0,"[14, 17, 0, 0]",0.2481190413236618,1309.0,1307.0,2006,Akron,fbs,Mid-American,28.0,"[17, 3, 0, 8]",0.7518809586763382,1058.0,1060.0,4.763485619363661,45000.0,False,False,Birmingham,AL,35203.0,US,America/Chicago,33.5206824,-86.8024326,187.0,2021.0,2025-09-14,28.3,0.0,4.9,0.3960666666666667,0.0,False,False,False,False,False
401760368,2025,3,2025-09-14T01:45:00.000Z,False,False,True,17124.0,3905,Maverik Stadium,328,Utah State,Mountain West,49.0,"[7, 7, 21, 14]",0.9948674440383912,1394.0,1442.0,2005,Air Force,fbs,Mountain West,30.0,"[0, 10, 6, 14]",0.0051325559616088,1438.0,1390.0,4.81997204774554,25513.0,False,False,Logan,UT,84322.0,US,America/Denver,41.7517394,-111.8116007,1427.914429,1968.0,2025-09-14,18.4,0.0,7.9,0.6711872378787285,0.0,False,False,False,False,False
401760369,2025,3,2025-09-14T02:00:00.000Z,False,False,False,37210.0,3660,Valley Children's Stadium,278,Fresno State,Mountain West,56.0,"[14, 21, 7, 14]",0.9841591715812684,1458.0,1458.0,2582,Southern,fcs,SWAC,7.0,"[0, 7, 0, 0]",0.0158408284187316,1480.0,1472.0,2.7328645123792015,41031.0,False,False,Fresno,CA,93740.0,US,America/Los_Angeles,36.8143527,-119.7580092,102.564064,1980.0,2025-09-14,31.0,0.0,11.5,0.90687528941532,1.0,False,False,False,True,False
401752840,2025,3,2025-09-14T02:30:00.000Z,False,False,False,38556.0,3831,California Memorial Stadium,25,California,ACC,27.0,"[7, 3, 7, 10]",0.8893956542015076,1554.0,1586.0,135,Minnesota,fbs,Big Ten,14.0,"[0, 7, 7, 0]",0.1106043457984924,1625.0,1593.0,5.165404689795862,62467.0,False,False,Berkeley,CA,94720.0,US,America/Los_Angeles,37.8710434,-122.2507729,125.3108063,1923.0,2025-09-14,16.0,0.0,11.7,0.6172218931595883,0.0,False,False,False,False,False
401754533,2025,3,2025-09-14T02:30:00.000Z,False,False,True,22162.0,3940,Stanford Stadium,24,Stanford,ACC,30.0,"[6, 14, 7, 3]",0.9348934888839722,1260.0,1296.0,103,Boston College,fbs,ACC,20.0,"[0, 20, 0, 0]",0.0651065111160278,1506.0,1470.0,4.314606342621533,50424.0,True,False,Stanford,CA,94305.0,US,America/Los_Angeles,37.4345556,-122.1611271,18.38425636,2006.0,2025-09-14,18.6,0.0,8.5,0.4395129303506266,0.0,False,False,False,False,False
401756889,2025,3,2025-09-14T02:30:00.000Z,False,False,False,54005.0,3947,Mountain America Stadium,9,Arizona State,Big 12,34.0,"[3, 17, 14, 0]",0.8866621851921082,1688.0,1725.0,326,Texas State,fbs,Sun Belt,15.0,"[3, 0, 6, 6]",0.1133378148078918,1627.0,1590.0,3.280185399518363,65870.0,True,False,Tempe,AZ,85287.0,US,America/Phoenix,33.4264471,-111.9325005,360.1569519,1958.0,2025-09-14,33.6,0.0,9.6,0.8198724760892667,0.0,False,False,False,False,False
401760370,2025,3,2025-09-14T03:59:00.000Z,False,False,False,11936.0,7220,Clarence T.C. Ching Athletics Complex,62,Hawai'i,Mountain West,23.0,"[0, 14, 3, 6]",0.9712616205215454,1220.0,1220.0,2502,Portland State,fcs,Big Sky,3.0,"[0, 0, 3, 0]",0.0287383794784545,1480.0,1472.0,3.47505583467685,15194.0,False,False,Honolulu,HI,96822.0,US,Pacific/Honolulu,21.294294,-157.819338,20.0,2015.0,2025-09-14,27.9,0.0,19.2,0.7855732525997104,0.0,False,False,False,True,False
401762468,2025,4,2025-09-18T23:30:00.000Z,False,False,True,13397.0,4418,Jerry Richardson Stadium,2429,Charlotte,American Athletic,17.0,"[3, 6, 0, 8]",0.1346907317638397,1200.0,1183.0,242,Rice,fbs,American Athletic,28.0,"[7, 7, 7, 7]",0.8653092682361603,1271.0,1288.0,4.3486835794294665,15300.0,False,False,Charlotte,NC,28223.0,US,America/New_York,35.3105033,-80.7401194,190.365509,2013.0,2025-09-18,27.5,0.0,7.3,0.8756209150326797,0.0,False,False,False,False,False
401756900,2025,4,2025-09-19T23:30:00.000Z,False,False,False,48842.0,3646,Boone Pickens Stadium,197,Oklahoma State,Big 12,12.0,"[3, 0, 0, 9]",0.1637347191572189,1202.0,1176.0,202,Tulsa,fbs,American Athletic,19.0,"[10, 6, 3, 0]",0.8362652808427811,1046.0,1072.0,4.265337484404841,55509.0,False,False,Stillwater,OK,74078.0,US,America/Chicago,36.125673,-97.066513,276.4808655,1919.0,2025-09-19,29.6,0.0,9.9,0.8798933506278261,0.0,False,False,False,False,False
401752844,2025,4,2025-09-20T00:00:00.000Z,False,False,True,55942.0,6577,SHI Stadium,164,Rutgers,Big Ten,28.0,"[14, 7, 0, 7]",0.0370514430105686,1593.0,1583.0,2294,Iowa,fbs,Big Ten,38.0,"[14, 7, 0, 17]",0.9629485569894314,1723.0,1733.0,6.504062292308946,52454.0,False,False,Piscataway,NJ,8854.0,US,America/New_York,40.513611,-74.465278,19.0,1994.0,2025-09-20,23.4,0.0,9.0,1.0664963587143022,1.0,False,False,True,False,False
401762469,2025,4,2025-09-20T16:00:00.000Z,False,False,True,28446.0,3841,Michie Stadium,349,Army,American Athletic,38.0,"[7, 7, 7, 17, 0]",0.514945387840271,1615.0,1599.0,249,North Texas,fbs,American Athletic,45.0,"[21, 7, 3, 7, 7]",0.485054612159729,1585.0,1601.0,5.938978446833998,38000.0,False,False,West Point,NY,10996.0,US,America/New_York,41.3874924,-73.9640891,99.21277618,1924.0,2025-09-20,19.1,0.0,6.6,0.748578947368421,0.0,False,False,False,False,False
401754537,2025,4,2025-09-20T16:00:00.000Z,False,False,True,80225.0,3836,"Memorial Stadium (Clemson, SC)",228,Clemson,ACC,21.0,"[7, 7, 0, 7]",0.0394827872514724,1693.0,1642.0,183,Syracuse,fbs,ACC,34.0,"[10, 14, 10, 0]",0.9605172127485276,1484.0,1535.0,4.317694278621441,81500.0,True,False,Clemson,SC,29634.0,US,America/New_York,34.6787737,-82.8432428,205.6452179,1942.0,2025-09-20,27.2,0.0,2.4,0.9843558282208588,1.0,False,False,False,False,False
401754617,2025,4,2025-09-20T16:00:00.000Z,False,False,False,57229.0,3799,Lane Stadium,259,Virginia Tech,ACC,38.0,"[7, 14, 10, 7]",1.0,1449.0,1449.0,2747,Wofford,fcs,Southern,6.0,"[0, 3, 0, 3]",0.0,1480.0,1472.0,2.2832560051662276,65632.0,True,False,Blacksburg,VA,24061.0,US,America/New_York,37.2199873,-80.4180643,632.2631226,1965.0,2025-09-20,25.0,0.0,5.8,0.8719679424670892,0.0,False,False,False,True,False
401760376,2025,4,2025-09-20T16:00:00.000Z,False,False,False,12625.0,3996,Yager Stadium,193,Miami (OH),Mid-American,38.0,"[14, 10, 14, 0]",0.2596797347068786,1422.0,1430.0,2439,UNLV,fbs,Mountain West,41.0,"[0, 10, 14, 17]",0.7403202652931213,1630.0,1622.0,6.068854680783486,24286.0,False,False,Oxford,OH,45056.0,US,America/New_York,39.5197009,-84.7330255,242.2643585,1983.0,2025-09-20,24.6,0.0,6.8,0.5198468253314666,0.0,False,False,False,False,False
401762470,2025,4,2025-09-20T16:00:00.000Z,False,False,False,28461.0,3886,Raymond James Stadium,58,South Florida,American Athletic,63.0,"[7, 14, 35, 7]",0.9685367941856384,1477.0,1477.0,2569,South Carolina State,fcs,MEAC,14.0,"[0, 7, 0, 7]",0.0314632058143615,1480.0,1472.0,2.56000165452392,65828.0,True,False,Tampa,FL,33620.0,US,America/New_York,27.9758691,-82.5033344,11.07972908,1998.0,2025-09-20,31.6,0.0,8.8,0.4323540134897004,0.0,False,False,False,True,False
401754636,2025,4,2025-09-20T16:00:00.000Z,False,False,False,43333.0,3616,Amon G. Carter Stadium,2628,TCU,Big 12,35.0,"[7, 7, 7, 14]",0.948393702507019,1713.0,1733.0,2567,SMU,fbs,ACC,24.0,"[3, 7, 7, 7]",0.0516062974929809,1711.0,1691.0,5.107027581915229,46000.0,True,False,Fort Worth,TX,76129.0,US,America/Chicago,32.7096604,-97.3680835,185.4387054,1929.0,2025-09-20,30.1,0.0,8.1,0.9420217391304349,1.0,False,False,False,False,False
401756901,2025,4,2025-09-20T16:00:00.000Z,False,False,True,52236.0,587,Rice-Eccles Stadium,254,Utah,Big 12,10.0,"[0, 3, 0, 7]",0.0400704331696033,1668.0,1607.0,2641,Texas Tech,fbs,Big 12,34.0,"[7, 3, 0, 24]",0.9599295668303968,1690.0,1751.0,5.001086331842076,51444.0,False,False,Salt Lake City,UT,84112.0,US,America/Denver,40.7599724,-111.8488255,1411.543579,1998.0,2025-09-20,21.5,0.0,6.8,1.0153953813855845,1.0,False,False,True,False,False
401754642,2025,4,2025-09-20T16:00:00.000Z,False,False,False,49482.0,3873,L&N Federal Credit Union Stadium,97,Louisville,ACC,40.0,"[7, 14, 9, 10]",0.9894548654556274,1727.0,1755.0,189,Bowling Green,fbs,Mid-American,17.0,"[3, 0, 0, 14]",0.0105451345443725,1456.0,1428.0,3.18187023671258,60000.0,False,False,Louisville,KY,40292.0,US,America/Kentucky/Louisville,38.2057621,-85.7588141,138.5615997,1998.0,2025-09-20,27.9,0.0,3.9,0.8247,0.0,False,False,False,False,False
401752708,2025,4,2025-09-20T16:00:00.000Z,False,False,False,39861.0,3805,Simmons Bank Liberty Stadium,235,Memphis,American Athletic,32.0,"[10, 7, 9, 6]",0.8126097321510315,1658.0,1659.0,8,Arkansas,fbs,SEC,31.0,"[7, 21, 3, 0]",0.1873902678489685,1678.0,1677.0,7.031627542435475,58325.0,False,False,Memphis,TN,38152.0,US,America/Chicago,35.1209429,-89.977147,90.62445831,1965.0,2025-09-20,27.4,0.0,5.2,0.6834290612944707,0.0,False,False,False,False,False
401752845,2025,4,2025-09-20T16:00:00.000Z,False,False,True,68547.0,347,Camp Randall Stadium,275,Wisconsin,Big Ten,10.0,"[0, 0, 3, 7]",0.1635263562202453,1591.0,1543.0,120,Maryland,fbs,Big Ten,27.0,"[7, 13, 0, 7]",0.8364736437797546,1526.0,1574.0,3.246110005059111,80321.0,False,False,Madison,WI,53711.0,US,America/Chicago,43.06994,-89.4126943,263.604126,1917.0,2025-09-20,21.9,0.0,12.3,0.8534131796167876,0.0,False,False,False,False,False
401752715,2025,4,2025-09-20T16:45:00.000Z,False,False,False,101915.0,3853,Neyland Stadium,2633,Tennessee,SEC,56.0,"[21, 21, 14, 0]",0.9989473819732666,1809.0,1838.0,5,UAB,fbs,American Athletic,24.0,"[0, 7, 10, 7]",0.0010526180267333,1307.0,1278.0,2.4876261409806415,102455.0,True,False,Knoxville,TN,37996.0,US,America/New_York,35.9550131,-83.9250128,271.9517212,1921.0,2025-09-20,26.6,0.0,4.2,0.994729393392221,1.0,False,False,False,False,False
401762822,2025,4,2025-09-20T17:00:00.000Z,False,False,False,18787.0,3786,Kelly/Shorts Stadium,2117,Central Michigan,Mid-American,49.0,"[14, 21, 14, 0]",0.9925546050071716,1069.0,1069.0,2681,Wagner,fcs,NEC,10.0,"[0, 3, 0, 7]",0.0074453949928283,1480.0,1472.0,2.359798098679042,30255.0,False,False,Mount Pleasant,MI,48859.0,US,America/Detroit,43.5777313,-84.7709904,240.9007721,1972.0,2025-09-20,23.4,0.0,15.3,0.6209552140142125,0.0,False,False,False,True,False
401752841,2025,4,2025-09-20T19:00:00.000Z,False,False,False,58571.0,3626,Autzen Stadium,2483,Oregon,Big Ten,41.0,"[7, 14, 10, 10]",0.9918121695518494,1984.0,2001.0,204,Oregon State,fbs,Pac-12,7.0,"[7, 0, 0, 0]",0.0081878304481506,1314.0,1297.0,3.085551441109206,54000.0,False,False,Eugene,OR,97401.0,US,America/Los_Angeles,44.0582712,-123.0684883,127.4198303,1967.0,2025-09-20,20.5,0.0,6.5,1.0846481481481485,1.0,False,False,True,False,False
401761613,2025,4,2025-09-20T19:30:00.000Z,False,False,False,12068.0,3965,UB Stadium,2084,Buffalo,Mid-American,17.0,"[7, 0, 7, 3]",0.1955811530351638,1386.0,1383.0,2653,Troy,fbs,Sun Belt,21.0,"[0, 0, 0, 21]",0.8044188469648361,1435.0,1438.0,4.636984161676919,30270.0,False,False,Amherst,NY,14260.0,US,America/New_York,42.9991334,-78.7775113,181.5759735,1993.0,2025-09-20,21.8,0.0,15.7,0.3986785596299967,0.0,False,False,False,False,False
401762820,2025,4,2025-09-20T19:30:00.000Z,False,False,True,20744.0,3980,Waldo Stadium,2711,Western Michigan,Mid-American,14.0,"[0, 0, 6, 8]",0.6010221838951111,1246.0,1254.0,2649,Toledo,fbs,Mid-American,13.0,"[0, 3, 10, 0]",0.3989778161048889,1505.0,1497.0,5.110531368179245,30200.0,False,False,Kalamazoo,MI,49008.0,US,America/Detroit,42.2860064,-85.6007573,243.8211212,1939.0,2025-09-20,26.1,0.0,10.3,0.6868874172185431,0.0,False,False,False,False,False
401754541,2025,4,2025-09-20T19:30:00.000Z,False,False,False,67277.0,3697,Doak Campbell Stadium,52,Florida State,ACC,66.0,"[35, 10, 14, 7]",0.9925882816314696,1477.0,1577.0,2309,Kent State,fbs,Mid-American,10.0,"[7, 0, 0, 3]",0.0074117183685302,959.0,859.0,2.188506252239387,67277.0,True,False,Tallahassee,FL,32306.0,US,America/New_York,30.4381692,-84.3044032,19.55942535,1950.0,2025-09-20,33.6,0.0,4.2,1.0,1.0,False,False,False,False,False
401754640,2025,4,2025-09-20T19:30:00.000Z,False,False,False,44206.0,3652,FBC Mortgage Stadium,2116,UCF,Big 12,34.0,"[10, 10, 7, 7]",0.992478370666504,1554.0,1604.0,153,North Carolina,fbs,ACC,9.0,"[0, 3, 6, 0]",0.007521629333496,1438.0,1388.0,2.664027745298376,44206.0,True,False,Orlando,FL,32816.0,US,America/New_York,28.6079765,-81.1927233,20.94113731,2007.0,2025-09-20,30.8,0.0,13.8,1.0,1.0,False,False,False,False,False
401752846,2025,4,2025-09-20T19:30:00.000Z,False,False,True,87278.0,3834,"Memorial Stadium (Lincoln, NE)",158,Nebraska,Big Ten,27.0,"[0, 17, 0, 10]",0.3412935435771942,1699.0,1703.0,130,Michigan,fbs,Big Ten,30.0,"[10, 7, 10, 3]",0.6587064564228058,1852.0,1848.0,6.364445124145732,85458.0,False,False,Lincoln,NE,68588.0,US,America/Chicago,40.820682,-96.705594,354.9318848,1923.0,2025-09-20,22.1,0.0,2.9,1.0212970113974116,1.0,False,False,True,False,False
401761610,2025,4,2025-09-20T19:30:00.000Z,False,False,False,18371.0,3912,Rynearson Stadium,2199,Eastern Michigan,Mid-American,34.0,"[7, 14, 0, 13]",0.8346293568611145,1220.0,1223.0,309,Louisiana,fbs,Sun Belt,31.0,"[7, 10, 7, 7]",0.1653706431388855,1367.0,1364.0,6.789217291186414,30200.0,False,False,Ypsilanti,MI,48197.0,US,America/Detroit,42.256126,-83.647285,241.248764,1969.0,2025-09-20,24.8,0.0,14.9,0.6083112582781457,0.0,False,False,False,False,False
401752848,2025,4,2025-09-20T19:30:00.000Z,False,False,False,77622.0,3855,Notre Dame Stadium,87,Notre Dame,FBS Independents,56.0,"[14, 21, 21, 0]",0.988640069961548,2141.0,2126.0,2509,Purdue,fbs,Big Ten,30.0,"[7, 16, 0, 7]",0.0113599300384521,1310.0,1325.0,3.9527377374059056,80795.0,False,False,Notre Dame,IN,46556.0,US,America/Indiana/Indianapolis,41.698378,-86.2339425,222.645401,1930.0,2025-09-20,27.3,0.9,7.1,0.960727767807414,1.0,False,False,False,False,False
401752714,2025,4,2025-09-20T19:30:00.000Z,False,False,True,83639.0,3835,"Memorial Stadium (Norman, OK)",201,Oklahoma,SEC,24.0,"[3, 7, 3, 11]",0.908517360687256,1742.0,1748.0,2,Auburn,fbs,SEC,17.0,"[3, 7, 0, 7]",0.0914826393127441,1686.0,1680.0,5.956621046190708,86112.0,True,False,Norman,OK,73019.0,US,America/Chicago,35.2058537,-97.4423145,355.0962524,1925.0,2025-09-20,31.0,0.0,15.3,0.9712815867707172,1.0,False,False,False,False,False
401757262,2025,4,2025-09-20T19:30:00.000Z,False,False,False,24022.0,3992,Williams Stadium (VA),2335,Liberty,Conference USA,13.0,"[3, 7, 3, 0]",0.015911566093564,1472.0,1442.0,256,James Madison,fbs,Sun Belt,31.0,"[3, 7, 7, 14]",0.984088433906436,1606.0,1636.0,3.7421837106554343,25000.0,False,False,Lynchburg,VA,24502.0,US,America/New_York,37.3544305,-79.1750239,272.9237061,1989.0,2025-09-20,28.0,0.0,7.7,0.96088,1.0,False,False,False,False,False
401762823,2025,4,2025-09-20T19:30:00.000Z,False,False,False,22312.0,3876,Peden Stadium,195,Ohio,Mid-American,52.0,"[3, 28, 7, 14]",0.7757560014724731,1572.0,1572.0,2241,Gardner-Webb,fcs,OVC-Big South,35.0,"[14, 7, 0, 14]",0.2242439985275268,1480.0,1472.0,4.344308300856461,24000.0,False,False,Athens,OH,45701.0,US,America/New_York,39.3212794,-82.1034315,194.230896,1929.0,2025-09-20,30.8,0.0,6.1,0.9296666666666666,1.0,False,False,False,True,False
401757169,2025,4,2025-09-20T19:30:00.000Z,False,False,False,25025.0,3892,Pratt & Whitney Stadium,41,UConn,FBS Independents,31.0,"[10, 0, 7, 14]",0.8598232865333557,1445.0,1436.0,2050,Ball State,fbs,Mid-American,25.0,"[0, 7, 3, 15]",0.1401767134666443,1086.0,1095.0,4.406614000406764,40000.0,True,False,East Hartford,CT,6118.0,US,America/New_York,41.7595675,-72.6187728,6.515614986,2003.0,2025-09-20,20.7,0.0,3.7,0.625625,0.0,False,False,False,False,False
401752711,2025,4,2025-09-20T19:30:00.000Z,False,False,False,65644.0,3974,Vaught-Hemingway Stadium,145,Ole Miss,SEC,45.0,"[10, 13, 0, 22]",0.9863547682762146,1918.0,1981.0,2655,Tulane,fbs,American Athletic,10.0,"[0, 3, 0, 7]",0.0136452317237854,1642.0,1579.0,1.8655250919442568,64038.0,True,False,Oxford,MS,38677.0,US,America/Chicago,34.3619837,-89.5342076,146.8517151,1915.0,2025-09-20,31.3,0.0,7.7,1.025078859427215,1.0,False,False,True,False,False
401754538,2025,4,2025-09-20T20:00:00.000Z,False,False,True,30022.0,3982,Wallace Wade Stadium,150,Duke,ACC,45.0,"[7, 14, 14, 10]",0.9929142594337464,1462.0,1489.0,152,NC State,fbs,ACC,33.0,"[7, 13, 6, 7]",0.0070857405662536,1521.0,1494.0,5.954364216208502,40004.0,True,False,Durham,NC,27708.0,US,America/New_York,35.9953688,-78.9417564,103.0028152,1929.0,2025-09-20,29.1,0.0,10.9,0.7504749525047495,0.0,False,False,False,False,False
401752712,2025,4,2025-09-20T20:15:00.000Z,False,False,False,45803.0,3693,Davis Wade Stadium,344,Mississippi State,SEC,38.0,"[7, 7, 10, 14]",0.989556610584259,1436.0,1512.0,2459,Northern Illinois,fbs,Mid-American,10.0,"[3, 7, 0, 0]",0.0104433894157409,1453.0,1377.0,3.2053902517985993,61337.0,True,False,Starkville,MS,39762.0,US,America/Chicago,33.4563403,-88.7933652,110.2742081,1914.0,2025-09-20,32.4,0.0,1.1,0.7467434012097103,0.0,False,False,False,False,False
401754542,2025,4,2025-09-20T20:30:00.000Z,False,False,False,45123.0,721,Bobby Dodd Stadium,59,Georgia Tech,ACC,45.0,"[21, 0, 14, 10]",0.9912994503974916,1560.0,1576.0,218,Temple,fbs,American Athletic,24.0,"[0, 7, 7, 10]",0.0087005496025085,1221.0,1205.0,2.4358362182481184,55000.0,False,False,Atlanta,GA,30332.0,US,America/New_York,33.7724449,-84.3928054,279.300415,1913.0,2025-09-20,31.2,0.0,1.1,0.8204181818181818,0.0,False,False,False,False,False
401760375,2025,4,2025-09-20T21:00:00.000Z,False,False,False,13155.0,3935,CEFCU Stadium,23,San José State,Mountain West,31.0,"[0, 14, 7, 10]",0.6454872488975525,1416.0,1416.0,70,Idaho,fcs,Big Sky,28.0,"[7, 7, 7, 7]",0.3545127511024475,1480.0,1472.0,7.178558080115324,30456.0,False,False,San Jose,CA,95112.0,US,America/Los_Angeles,37.3196675,-121.8682962,28.30708694,1933.0,2025-09-20,27.5,0.0,12.4,0.4319345941686367,0.0,False,False,False,True,False
401762821,2025,4,2025-09-20T22:00:00.000Z,False,False,False,8117.0,3768,InfoCision Stadium,2006,Akron,Mid-American,51.0,"[10, 28, 7, 6]",0.988182008266449,1064.0,1064.0,2184,Duquesne,fcs,NEC,7.0,"[0, 0, 7, 0]",0.011817991733551,1480.0,1472.0,2.2853455631928883,30000.0,False,False,Akron,OH,44399.0,US,America/New_York,41.0725534,-81.5083408,321.2875061,2009.0,2025-09-20,23.4,0.3,15.2,0.2705666666666667,0.0,False,False,False,True,False
401757261,2025,4,2025-09-20T22:00:00.000Z,False,False,False,10713.0,4899,Fifth Third Stadium,338,Kennesaw State,Conference USA,28.0,"[21, 0, 7, 0]",1.0,1200.0,1213.0,2032,Arkansas State,fbs,Sun Belt,21.0,"[0, 7, 7, 7]",0.0,1257.0,1244.0,4.732694572867168,11040.0,True,False,Kennesaw,GA,30144.0,US,America/New_York,34.0289318,-84.5676234,296.9589844,2010.0,2025-09-20,30.2,0.0,4.2,0.9703804347826088,1.0,False,False,False,False,False
401757259,2025,4,2025-09-20T22:00:00.000Z,False,False,True,11705.0,2031,Pitbull Stadium,2229,Florida International,Conference USA,16.0,"[7, 0, 3, 6]",0.1203091144561767,1367.0,1320.0,48,Delaware,fbs,Conference USA,38.0,"[3, 21, 7, 7]",0.8796908855438232,1454.0,1501.0,3.857832326216719,20000.0,False,False,Miami,FL,33199.0,US,America/New_York,25.7525,-80.37778,6.0,1995.0,2025-09-20,26.0,1.7,9.6,0.58525,0.0,False,False,False,False,False
401756899,2025,4,2025-09-20T22:00:00.000Z,False,False,True,40320.0,3833,Memorial Stadium,2305,Kansas,Big 12,41.0,"[7, 13, 14, 7]",0.9924370050430298,1613.0,1680.0,277,West Virginia,fbs,Big 12,10.0,"[0, 3, 0, 7]",0.0075629949569702,1481.0,1414.0,2.641422746892105,47000.0,False,False,Lawrence,KS,66045.0,US,America/Chicago,38.9629418,-95.2463686,274.855957,1921.0,2025-09-20,26.3,0.0,9.0,0.857872340425532,0.0,False,False,False,False,False
401760372,2025,4,2025-09-20T23:00:00.000Z,False,False,True,24046.0,3713,Falcon Stadium,2005,Air Force,Mountain West,37.0,"[7, 7, 10, 13]",0.1365149170160293,1390.0,1381.0,68,Boise State,fbs,Mountain West,49.0,"[14, 7, 14, 14]",0.8634850829839706,1578.0,1587.0,7.33669359799025,46692.0,False,False,Colorado Springs,CO,80840.0,US,America/Denver,38.9969701,-104.8436165,2024.875732,1962.0,2025-09-20,18.7,0.0,7.2,0.514991861560867,0.0,False,False,False,False,False
401757260,2025,4,2025-09-20T23:00:00.000Z,False,False,False,21426.0,3662,AmFirst Stadium,55,Jacksonville State,Conference USA,45.0,"[7, 17, 14, 7]",0.9939760565757751,1623.0,1623.0,93,Murray State,fcs,MVFC,10.0,"[3, 0, 7, 0]",0.0060239434242248,1480.0,1472.0,3.1062490141334944,24000.0,False,False,Jacksonville,AL,36265.0,US,America/Chicago,33.8201052,-85.76647,198.0679016,1947.0,2025-09-20,27.9,0.0,7.8,0.89275,0.0,False,False,False,True,False
401757265,2025,4,2025-09-20T23:00:00.000Z,False,False,False,14476.0,3878,Plaster Sports Complex,2623,Missouri State,Conference USA,42.0,"[21, 14, 7, 0]",0.9847715497016908,1316.0,1316.0,2630,UT Martin,fcs,OVC-Big South,10.0,"[0, 0, 0, 10]",0.0152284502983093,1480.0,1472.0,2.2687440490074784,17337.0,False,False,Springfield,MO,65897.0,US,America/Chicago,37.1976229,-93.2798119,402.368103,1941.0,2025-09-20,25.2,0.0,11.2,0.8349772163580781,0.0,False,False,False,True,False
401761609,2025,4,2025-09-20T23:00:00.000Z,False,False,False,23217.0,3608,Allen E. Paulson Stadium,290,Georgia Southern,Sun Belt,45.0,"[7, 10, 14, 14]",0.9874967336654664,1347.0,1347.0,311,Maine,fcs,Coastal Athletic,17.0,"[7, 7, 3, 0]",0.0125032663345336,1480.0,1472.0,3.6091894149333887,25000.0,False,False,Statesboro,GA,30460.0,US,America/New_York,32.4122471,-81.7849296,61.25376892,1984.0,2025-09-20,27.8,0.0,5.5,0.92868,1.0,False,False,False,True,False
401752713,2025,4,2025-09-20T23:00:00.000Z,False,False,True,57321.0,3838,Memorial Stadium,142,Missouri,SEC,29.0,"[0, 12, 6, 11]",0.9567704796791076,1755.0,1762.0,2579,South Carolina,fbs,SEC,20.0,"[0, 14, 6, 0]",0.0432295203208923,1645.0,1638.0,6.401869009669572,71168.0,False,False,Columbia,MO,65211.0,US,America/Chicago,38.9358491,-92.3332009,212.6865692,1927.0,2025-09-20,22.8,0.1,7.5,0.8054322167266187,0.0,False,False,False,False,False
401761611,2025,4,2025-09-20T23:00:00.000Z,False,False,True,17050.0,6526,Hancock Whitney Stadium,6,South Alabama,Sun Belt,20.0,"[0, 14, 3, 3]",0.0382192991673946,1532.0,1445.0,324,Coastal Carolina,fbs,Sun Belt,38.0,"[0, 7, 14, 17]",0.9617807008326054,1172.0,1259.0,6.294906926418065,25450.0,False,False,Mobile,AL,36688.0,US,America/Chicago,30.696904,-88.192013,45.0,2020.0,2025-09-20,29.7,0.0,7.4,0.6699410609037328,0.0,False,False,False,False,False
401757268,2025,4,2025-09-20T23:00:00.000Z,False,False,False,17247.0,3796,Houchens Industries-L.T. Smith Stadium,98,Western Kentucky,Conference USA,31.0,"[3, 0, 7, 21]",0.6574909687042236,1390.0,1411.0,2440,Nevada,fbs,Mountain West,16.0,"[3, 7, 3, 3]",0.3425090312957763,1278.0,1257.0,5.524897301525892,22113.0,False,False,Bowling Green,KY,42101.0,US,America/Chicago,36.9847901,-86.4594041,154.4346619,1968.0,2025-09-20,27.5,0.0,6.1,0.7799484466151133,0.0,False,False,False,False,False
401757264,2025,4,2025-09-20T23:00:00.000Z,False,False,False,15168.0,3725,"Johnny ""Red"" Floyd Stadium",2393,Middle Tennessee,Conference USA,28.0,"[14, 6, 8, 0]",0.0052274065092206,1188.0,1185.0,276,Marshall,fbs,Sun Belt,42.0,"[21, 0, 0, 21]",0.9947725934907794,1508.0,1511.0,7.080076248813927,30788.0,False,False,Murfreesboro,TN,37132.0,US,America/Chicago,35.8511463,-86.3681649,191.7279816,1933.0,2025-09-20,28.4,0.0,8.8,0.4926594777185916,0.0,False,False,False,False,False
401752716,2025,4,2025-09-20T23:30:00.000Z,False,False,False,35000.0,3973,FirstBank Stadium,238,Vanderbilt,SEC,70.0,"[21, 21, 14, 14]",0.993236482143402,1654.0,1741.0,2247,Georgia State,fbs,Sun Belt,21.0,"[3, 6, 6, 6]",0.0067635178565979,1213.0,1126.0,3.416313854106599,40351.0,False,False,Nashville,TN,37212.0,US,America/Chicago,36.1440455,-86.8088942,159.9194641,1922.0,2025-09-20,29.2,0.0,5.9,0.8673886644692821,0.0,False,False,False,False,False
401752842,2025,4,2025-09-20T23:30:00.000Z,False,False,False,32952.0,3820,Gesa Field,265,Washington State,Pac-12,24.0,"[0, 10, 14, 0]",0.0102804824709892,1379.0,1307.0,264,Washington,fbs,Big Ten,59.0,"[14, 10, 7, 28]",0.9897195175290108,1604.0,1676.0,4.161728481343954,32952.0,False,False,Pullman,WA,99164.0,US,America/Los_Angeles,46.731831,-117.1604991,773.9526367,1972.0,2025-09-20,27.0,0.0,9.6,1.0,1.0,False,False,False,False,False
401754539,2025,4,2025-09-20T23:30:00.000Z,False,False,True,36223.0,3923,Scott Stadium,258,Virginia,ACC,48.0,"[21, 7, 10, 10]",0.9902341961860656,1518.0,1565.0,24,Stanford,fbs,ACC,20.0,"[7, 7, 6, 0]",0.0097658038139343,1296.0,1249.0,3.680080334067038,61500.0,True,False,Charlottesville,VA,22904.0,US,America/New_York,38.0311801,-78.5137897,170.4677429,1931.0,2025-09-20,22.6,0.0,3.3,0.5889918699186992,0.0,False,False,False,False,False
401757263,2025,4,2025-09-20T23:30:00.000Z,False,False,False,17108.0,3776,Joe Aillet Stadium,2348,Louisiana Tech,Conference USA,30.0,"[17, 13, 0, 0]",0.9279791712760924,1471.0,1468.0,2572,Southern Miss,fbs,Sun Belt,20.0,"[10, 0, 3, 7]",0.0720208287239074,1178.0,1181.0,3.828634490127194,28019.0,False,False,Ruston,LA,71272.0,US,America/Chicago,32.5321487,-92.6560019,72.87982941,1968.0,2025-09-20,30.6,0.0,5.4,0.6105856740069239,0.0,False,False,False,False,False
401756896,2025,4,2025-09-20T23:30:00.000Z,False,False,True,40964.0,4727,McLane Stadium,239,Baylor,Big 12,24.0,"[3, 7, 0, 14]",0.579441487789154,1583.0,1587.0,9,Arizona State,fbs,Big 12,27.0,"[3, 7, 3, 14]",0.4205585122108459,1725.0,1721.0,7.112305805049334,45140.0,False,False,Waco,TX,76704.0,US,America/Chicago,31.5582015,-97.1156702,117.0538101,2014.0,2025-09-20,32.9,0.0,11.2,0.907487815684537,1.0,False,False,False,False,False
401752843,2025,4,2025-09-20T23:30:00.000Z,False,False,True,56088.0,3830,"Memorial Stadium (Bloomington, IN)",84,Indiana,Big Ten,63.0,"[14, 21, 14, 14]",0.992191195487976,1869.0,2010.0,356,Illinois,fbs,Big Ten,10.0,"[7, 3, 0, 0]",0.0078088045120239,1708.0,1567.0,2.6827283378576943,52656.0,False,False,Bloomington,IN,47408.0,US,America/Indiana/Indianapolis,39.1808959,-86.5256217,231.6500854,1960.0,2025-09-20,26.0,0.0,1.7,1.0651777575205106,1.0,False,False,True,False,False
401752709,2025,4,2025-09-20T23:30:00.000Z,False,False,False,66713.0,3948,Hard Rock Stadium,2390,Miami,ACC,26.0,"[7, 6, 0, 13]",1.0,1825.0,1852.0,57,Florida,fbs,SEC,7.0,"[0, 0, 7, 0]",0.0,1656.0,1629.0,3.3658697574455463,64767.0,False,False,Miami Gardens,FL,33299.0,US,America/New_York,25.9579665,-80.2388604,2.624486446,1987.0,2025-09-20,26.0,0.0,9.7,1.0300461654855095,1.0,False,False,True,False,False
401756898,2025,4,2025-09-20T23:30:00.000Z,False,False,False,47213.0,3699,Dowdy-Ficklen Stadium,151,East Carolina,American Athletic,13.0,"[3, 0, 3, 7]",0.0148231713101267,1519.0,1482.0,252,BYU,fbs,Big 12,34.0,"[3, 10, 7, 14]",0.9851768286898732,1666.0,1703.0,4.208961929345976,50000.0,True,False,Greenville,NC,27858.0,US,America/New_York,35.5968486,-77.364564,19.0564537,1963.0,2025-09-20,24.0,0.0,9.7,0.94426,1.0,False,False,False,False,False
401752710,2025,4,2025-09-20T23:45:00.000Z,False,False,False,102219.0,3958,Tiger Stadium (LA),99,LSU,SEC,56.0,"[7, 28, 7, 14]",0.989064872264862,1747.0,1747.0,2545,SE Louisiana,fcs,Southland,10.0,"[0, 0, 7, 3]",0.0109351277351379,1480.0,1472.0,2.416578722550905,102321.0,True,False,Baton Rouge,LA,70803.0,US,America/Chicago,30.412035,-91.1838163,7.640734673,1924.0,2025-09-20,32.0,0.0,10.6,0.9990031371859148,1.0,False,False,False,True,False
401752723,2025,4,2025-09-21T00:00:00.000Z,False,False,False,103003.0,3910,DKR-Texas Memorial Stadium,251,Texas,SEC,55.0,"[14, 17, 17, 7]",0.9902904629707336,1878.0,1972.0,2534,Sam Houston,fbs,Conference USA,0.0,"[0, 0, 0, 0]",0.0097095370292663,1337.0,1243.0,2.8833695642232984,100119.0,False,False,Austin,TX,78712.0,US,America/Chicago,30.2836813,-97.7325345,160.3089447,1924.0,2025-09-21,32.1,0.0,11.0,1.0288057211917818,1.0,False,False,True,False,False
401761612,2025,4,2025-09-21T00:00:00.000Z,False,False,False,31500.0,3644,Bobcat Stadium (TX),326,Texas State,Sun Belt,35.0,"[7, 21, 7, 0]",0.9768553972244264,1590.0,1590.0,2447,Nicholls,fcs,Southland,3.0,"[3, 0, 0, 0]",0.0231446027755737,1480.0,1472.0,2.8064114536095865,30000.0,False,False,San Marcos,TX,78666.0,US,America/Chicago,29.8910008,-97.9255735,177.8676453,1981.0,2025-09-21,29.3,0.0,4.9,1.05,1.0,False,False,True,True,False
401760377,2025,4,2025-09-21T00:00:00.000Z,False,False,False,16273.0,3905,Maverik Stadium,328,Utah State,Mountain West,48.0,"[13, 21, 14, 0]",0.9917429685592652,1436.0,1436.0,2377,McNeese,fcs,Southland,7.0,"[0, 7, 0, 0]",0.0082570314407348,1480.0,1472.0,2.4736816052879043,25513.0,False,False,Logan,UT,84322.0,US,America/Denver,41.7517394,-111.8116007,1427.914429,1968.0,2025-09-21,22.8,0.0,5.4,0.6378316936463764,0.0,False,False,False,True,False
401757267,2025,4,2025-09-21T01:00:00.000Z,False,False,False,15272.0,3946,Sun Bowl,2638,UTEP,Conference USA,25.0,"[7, 0, 3, 15]",0.0001167621230706,1248.0,1227.0,2433,UL Monroe,fbs,Sun Belt,31.0,"[14, 10, 7, 0]",0.9998832378769292,1116.0,1137.0,5.968620563481887,51500.0,False,False,El Paso,TX,79968.0,US,America/Denver,31.7733353,-106.507957,1183.697876,1963.0,2025-09-21,26.5,0.0,3.8,0.2965436893203883,0.0,False,False,False,False,False
401760373,2025,4,2025-09-21T01:30:00.000Z,False,False,False,32061.0,5388,Canvas Stadium,36,Colorado State,Mountain West,16.0,"[0, 3, 0, 13]",0.6911537051200867,1363.0,1368.0,2636,UTSA,fbs,American Athletic,17.0,"[0, 10, 0, 7]",0.3088462948799133,1499.0,1494.0,7.314316560895462,36500.0,False,False,Fort Collins,CO,80521.0,US,America/Denver,40.570015,-105.088435,1528.4,2017.0,2025-09-21,16.0,0.7,13.8,0.8783835616438356,0.0,False,False,False,False,False
401756897,2025,4,2025-09-21T02:15:00.000Z,False,False,False,53442.0,3726,Folsom Field,38,Colorado,Big 12,37.0,"[0, 21, 7, 9]",0.979032576084137,1604.0,1617.0,2751,Wyoming,fbs,Mountain West,20.0,"[0, 3, 10, 7]",0.020967423915863,1339.0,1326.0,2.957025965675921,50183.0,True,False,Boulder,CO,80309.0,US,America/Denver,40.0094746,-105.266905,1634.041138,1924.0,2025-09-21,15.8,0.0,3.3,1.064942311141223,1.0,False,False,True,False,False
401754540,2025,4,2025-09-21T02:30:00.000Z,False,False,False,31369.0,7311,Snapdragon Stadium,21,San Diego State,Mountain West,34.0,"[0, 13, 14, 7]",0.9996335506439208,1283.0,1422.0,25,California,fbs,ACC,0.0,"[0, 0, 0, 0]",0.0003664493560791,1586.0,1447.0,2.5758433433059102,35000.0,True,False,San Diego,CA,92093.0,US,America/Los_Angeles,32.784444,-117.122833,62.0,2022.0,2025-09-21,20.7,0.0,8.4,0.8962571428571429,0.0,False,False,False,False,False
401752847,2025,4,2025-09-21T03:00:00.000Z,False,False,True,67614.0,477,Los Angeles Memorial Coliseum,30,USC,Big Ten,45.0,"[10, 14, 7, 14]",0.9623426795005798,1878.0,1869.0,127,Michigan State,fbs,Big Ten,31.0,"[7, 3, 14, 7]",0.0376573204994201,1405.0,1414.0,3.3870736205636875,77500.0,True,False,Los Angeles,CA,90089.0,US,America/Los_Angeles,34.014167,-118.287778,42.50374222,1923.0,2025-09-21,20.4,0.0,3.8,0.8724387096774193,0.0,False,False,False,False,False
401760374,2025,4,2025-09-21T03:59:00.000Z,False,False,True,13789.0,7220,Clarence T.C. Ching Athletics Complex,62,Hawai'i,Mountain West,21.0,"[0, 9, 6, 6]",0.041847638785839,1238.0,1250.0,278,Fresno State,fbs,Mountain West,23.0,"[0, 7, 6, 10]",0.9581523612141608,1522.0,1510.0,6.726265961961575,15194.0,False,False,Honolulu,HI,96822.0,US,Pacific/Honolulu,21.294294,-157.819338,20.0,2015.0,2025-09-21,26.0,0.5,13.8,0.9075292878767934,1.0,False,False,False,False,False
401762471,2025,5,2025-09-25T23:30:00.000Z,False,False,True,32497.0,3699,Dowdy-Ficklen Stadium,151,East Carolina,American Athletic,28.0,"[21, 0, 0, 7]",0.9631180763244628,1482.0,1548.0,349,Army,fbs,American Athletic,6.0,"[0, 0, 6, 0]",0.0368819236755371,1599.0,1533.0,1.8188151150227017,50000.0,True,False,Greenville,NC,27858.0,US,America/New_York,35.5968486,-77.364564,19.0564537,1963.0,2025-09-25,27.7,0.0,11.3,0.64994,0.0,False,False,False,False,False
401754543,2025,5,2025-09-26T23:00:00.000Z,False,False,True,50107.0,3923,Scott Stadium,258,Virginia,ACC,46.0,"[7, 14, 7, 7, 3, 8]",0.5579074621200562,1565.0,1578.0,52,Florida State,fbs,ACC,38.0,"[0, 21, 7, 7, 3, 0]",0.4420925378799438,1577.0,1564.0,8.217825215322934,61500.0,True,False,Charlottesville,VA,22904.0,US,America/New_York,38.0311801,-78.5137897,170.4677429,1931.0,2025-09-26,22.7,0.1,3.1,0.8147479674796748,0.0,False,False,False,False,False
401756902,2025,5,2025-09-27T01:00:00.000Z,False,False,True,53774.0,3947,Mountain America Stadium,9,Arizona State,Big 12,27.0,"[0, 14, 3, 10]",0.9671964645385742,1721.0,1722.0,2628,TCU,fbs,Big 12,24.0,"[7, 10, 7, 0]",0.0328035354614257,1733.0,1732.0,6.2247709465896754,65870.0,True,False,Tempe,AZ,85287.0,US,America/Phoenix,33.4264471,-111.9325005,360.1569519,1958.0,2025-09-27,23.0,0.4,13.4,0.816365568544102,0.0,False,False,False,False,False
401752939,2025,5,2025-09-27T02:30:00.000Z,False,False,False,29338.0,3893,Reser Stadium,204,Oregon State,Pac-12,24.0,"[7, 7, 3, 7, 0]",0.9730728268623352,1297.0,1304.0,248,Houston,fbs,Big 12,27.0,"[0, 10, 0, 14, 3]",0.0269271731376647,1497.0,1490.0,6.212626502878512,43363.0,False,False,Corvallis,OR,97331.0,US,America/Los_Angeles,44.5594559,-123.2814341,66.90744781,1953.0,2025-09-27,19.8,0.0,10.6,0.67656758065632,0.0,False,False,False,False,False
401752717,2025,5,2025-09-27T16:00:00.000Z,False,False,False,75111.0,3887,Razorback Stadium,8,Arkansas,SEC,13.0,"[3, 10, 0, 0]",0.0708706751465797,1677.0,1608.0,87,Notre Dame,fbs,FBS Independents,56.0,"[14, 28, 7, 7]",0.9291293248534204,2126.0,2195.0,3.1141392481338106,80000.0,False,False,Fayetteville,AR,72702.0,US,America/Chicago,36.0680662,-94.1789534,403.7972412,1938.0,2025-09-27,23.3,0.0,2.1,0.9388875,1.0,False,False,False,False,False
401756906,2025,5,2025-09-27T16:00:00.000Z,False,False,True,53013.0,3636,Bill Snyder Family Stadium,2306,Kansas State,Big 12,34.0,"[0, 17, 14, 3]",0.9885370135307312,1640.0,1665.0,2116,UCF,fbs,Big 12,20.0,"[0, 7, 10, 3]",0.0114629864692687,1604.0,1579.0,3.382435912410488,50000.0,False,False,Manhattan,KS,66502.0,US,America/Chicago,39.2020096,-96.5938395,328.0574646,1968.0,2025-09-27,23.3,0.0,8.2,1.06026,1.0,False,False,True,False,False
401752849,2025,5,2025-09-27T16:00:00.000Z,False,False,True,46234.0,3953,Huntington Bank Stadium,135,Minnesota,Big Ten,31.0,"[0, 14, 10, 7]",0.7365654706954956,1593.0,1594.0,164,Rutgers,fbs,Big Ten,28.0,"[7, 14, 0, 7]",0.2634345293045044,1583.0,1582.0,7.037807510854444,50850.0,False,False,Minneapolis,MN,55488.0,US,America/Chicago,44.976525,-93.2245462,254.3902283,2009.0,2025-09-27,18.5,0.0,11.9,0.9092232055063914,1.0,False,False,False,False,False
401752850,2025,5,2025-09-27T16:00:00.000Z,False,False,True,60670.0,3832,"Memorial Stadium (Champaign, IL)",356,Illinois,Big Ten,34.0,"[7, 7, 10, 10]",0.686018168926239,1567.0,1571.0,30,USC,fbs,Big Ten,32.0,"[7, 3, 7, 15]",0.313981831073761,1869.0,1865.0,5.793640598744493,60670.0,False,False,Champaign,IL,61820.0,US,America/Chicago,40.0993268,-88.2359569,223.2471619,1923.0,2025-09-27,25.7,0.0,3.0,1.0,1.0,False,False,False,False,False
401754547,2025,5,2025-09-27T16:00:00.000Z,False,False,True,45301.0,3752,Acrisure Stadium,221,Pittsburgh,ACC,27.0,"[17, 10, 0, 0]",0.1551940143108368,1506.0,1511.0,97,Louisville,fbs,ACC,34.0,"[0, 17, 3, 14]",0.8448059856891632,1755.0,1750.0,5.393030338489725,68400.0,True,False,Pittsburgh,PA,15260.0,US,America/New_York,40.4467648,-80.0157603,220.5887146,2001.0,2025-09-27,23.1,0.0,4.2,0.6622953216374269,0.0,False,False,False,False,False
401756905,2025,5,2025-09-27T16:00:00.000Z,False,False,True,41525.0,3833,Memorial Stadium,2305,Kansas,Big 12,34.0,"[7, 6, 14, 7]",0.6432141065597534,1680.0,1664.0,2132,Cincinnati,fbs,Big 12,37.0,"[7, 13, 10, 7]",0.3567858934402466,1504.0,1520.0,8.502777237602228,47000.0,False,False,Lawrence,KS,66045.0,US,America/Chicago,38.9629418,-95.2463686,274.855957,1921.0,2025-09-27,23.6,0.0,9.1,0.8835106382978724,0.0,False,False,False,False,False
401762825,2025,5,2025-09-27T16:00:00.000Z,False,False,True,20027.0,3876,Peden Stadium,195,Ohio,Mid-American,35.0,"[14, 7, 7, 7]",1.0,1587.0,1604.0,189,Bowling Green,fbs,Mid-American,20.0,"[10, 3, 0, 7]",0.0,1428.0,1411.0,3.812115943813982,24000.0,False,False,Athens,OH,45701.0,US,America/New_York,39.3212794,-82.1034315,194.230896,1929.0,2025-09-27,24.6,0.0,6.1,0.8344583333333333,0.0,False,False,False,False,False
401754545,2025,5,2025-09-27T16:00:00.000Z,False,False,True,44451.0,1964,JMA Wireless Dome,183,Syracuse,ACC,3.0,"[3, 0, 0, 0]",0.0037904616910964,1535.0,1426.0,150,Duke,fbs,ACC,38.0,"[10, 14, 7, 7]",0.9962095383089036,1489.0,1598.0,4.2228872621589435,49057.0,False,True,Syracuse,NY,13244.0,US,America/New_York,43.0362269,-76.1363161,162.6989746,1980.0,2025-09-27,22.8,0.0,5.9,0.9061092198870702,1.0,False,False,False,False,False
401761617,2025,5,2025-09-27T16:00:00.000Z,False,False,False,16575.0,3825,DATCU Stadium,249,North Texas,American Athletic,36.0,"[7, 7, 14, 8]",0.9968198537826538,1601.0,1616.0,6,South Alabama,fbs,Sun Belt,22.0,"[7, 0, 7, 8]",0.0031801462173461,1445.0,1430.0,5.295937666588428,30850.0,False,False,Denton,TX,76210.0,US,America/Chicago,33.203899,-97.159245,198.6871948,2011.0,2025-09-27,26.6,0.0,6.9,0.5372771474878444,0.0,False,False,False,False,False
401754546,2025,5,2025-09-27T16:00:00.000Z,False,False,True,30264.0,3630,Allegacy Federal Credit Union Stadium,154,Wake Forest,ACC,29.0,"[0, 17, 3, 3, 6]",0.9560624957084656,1383.0,1391.0,59,Georgia Tech,fbs,ACC,30.0,"[3, 0, 14, 6, 7]",0.0439375042915344,1576.0,1568.0,7.461044236655397,31500.0,False,False,Winston-Salem,NC,27105.0,US,America/New_York,36.1305507,-80.2545851,283.548584,1968.0,2025-09-27,21.8,0.1,1.3,0.9607619047619048,1.0,False,False,False,False,False
401752725,2025,5,2025-09-27T16:45:00.000Z,False,False,False,33688.0,3973,FirstBank Stadium,238,Vanderbilt,SEC,55.0,"[7, 24, 17, 7]",0.9819328784942628,1741.0,1758.0,328,Utah State,fbs,Mountain West,35.0,"[7, 14, 0, 14]",0.0180671215057373,1442.0,1425.0,4.60252610511381,40351.0,False,False,Nashville,TN,37212.0,US,America/Chicago,36.1440455,-86.8088942,159.9194641,1922.0,2025-09-27,24.4,0.0,5.4,0.8348739808183192,0.0,False,False,False,False,False
401762826,2025,5,2025-09-27T17:00:00.000Z,False,False,True,28605.0,3786,Kelly/Shorts Stadium,2117,Central Michigan,Mid-American,24.0,"[14, 7, 0, 3]",0.9720277190208436,1094.0,1124.0,2199,Eastern Michigan,fbs,Mid-American,13.0,"[3, 3, 7, 0]",0.0279722809791564,1223.0,1193.0,2.407559954134809,30255.0,False,False,Mount Pleasant,MI,48859.0,US,America/Detroit,43.5777313,-84.7709904,240.9007721,1972.0,2025-09-27,24.5,0.0,9.9,0.9454635597421914,1.0,False,False,False,False,False
401761614,2025,5,2025-09-27T17:30:00.000Z,False,False,True,25029.0,3651,Bridgeforth Stadium,256,James Madison,Sun Belt,35.0,"[7, 14, 14, 0]",0.9939213395118712,1636.0,1669.0,290,Georgia Southern,fbs,Sun Belt,10.0,"[0, 3, 7, 0]",0.0060786604881286,1357.0,1324.0,2.740239301258901,24877.0,False,False,Harrisonburg,VA,22807.0,US,America/New_York,38.4352919,-78.8729349,399.303009,1975.0,2025-09-27,19.8,1.3,8.7,1.0061100615025929,1.0,False,False,True,False,False
401761616,2025,5,2025-09-27T19:00:00.000Z,False,False,True,21147.0,3817,Malone Stadium,2433,UL Monroe,Sun Belt,28.0,"[0, 14, 7, 7]",0.9813252091407776,1137.0,1168.0,2032,Arkansas State,fbs,Sun Belt,16.0,"[10, 0, 3, 3]",0.0186747908592224,1244.0,1213.0,5.703973319291415,27617.0,False,False,Monroe,LA,71209.0,US,America/Chicago,32.5308089,-92.0660602,22.998209,1978.0,2025-09-27,28.4,0.0,7.7,0.7657240105731977,0.0,False,False,False,False,False
401752852,2025,5,2025-09-27T19:30:00.000Z,False,False,True,72485.0,3765,Husky Stadium,264,Washington,Big Ten,6.0,"[0, 3, 3, 0]",0.0,1676.0,1665.0,194,Ohio State,fbs,Big Ten,24.0,"[0, 7, 7, 10]",1.0,2010.0,2021.0,3.5693821702972266,70138.0,False,False,Seattle,WA,98195.0,US,America/Los_Angeles,47.6503235,-122.3015746,11.65622807,1920.0,2025-09-27,16.8,0.0,1.9,1.0334626022983262,1.0,False,False,True,False,False
401754544,2025,5,2025-09-27T19:30:00.000Z,False,False,True,44500.0,3615,"Alumni Stadium (Chestnut Hill, MA)",103,Boston College,ACC,24.0,"[14, 3, 0, 7]",0.7262603640556335,1470.0,1462.0,25,California,fbs,ACC,28.0,"[7, 7, 0, 14]",0.2737396359443664,1447.0,1455.0,6.918061132137002,44500.0,False,False,Chestnut Hill,MA,2467.0,US,America/New_York,42.335104,-71.1664413,39.82634354,1957.0,2025-09-27,22.6,0.0,8.4,1.0,1.0,False,False,False,False,False
401752851,2025,5,2025-09-27T19:30:00.000Z,False,False,True,12023.0,5960,Lanny and Sharon Martin Stadium,77,Northwestern,Big Ten,17.0,"[3, 14, 0, 0]",0.6868436336517334,1411.0,1411.0,26,UCLA,fbs,Big Ten,14.0,"[0, 3, 3, 8]",0.3131563663482666,1331.0,1331.0,3.2096617060479944,12023.0,False,False,Evanston,IL,60208.0,US,America/Chicago,42.058246,-87.670876,179.0,1997.0,2025-09-27,28.7,0.0,12.2,1.0,1.0,False,False,False,False,False
401756908,2025,5,2025-09-27T19:30:00.000Z,False,False,True,53965.0,3842,Milan Puskar Stadium,277,West Virginia,Big 12,14.0,"[0, 0, 7, 7]",0.0,1414.0,1341.0,254,Utah,fbs,Big 12,48.0,"[14, 14, 10, 10]",1.0,1607.0,1680.0,3.294367911328435,60000.0,False,False,Morgantown,WV,26507.0,US,America/New_York,39.6502744,-79.9551873,327.409668,1980.0,2025-09-27,22.4,0.3,6.0,0.8994166666666666,0.0,False,False,False,False,False
401752853,2025,5,2025-09-27T19:30:00.000Z,False,False,True,69250.0,3793,Kinnick Stadium,2294,Iowa,Big Ten,15.0,"[3, 7, 0, 5]",0.0864246487617492,1733.0,1743.0,84,Indiana,fbs,Big Ten,20.0,"[7, 3, 0, 10]",0.9135753512382508,2010.0,2000.0,7.018765473483252,69250.0,False,False,Iowa City,IA,52242.0,US,America/Chicago,41.6586045,-91.5510829,220.6357727,1929.0,2025-09-27,28.9,0.0,17.7,1.0,1.0,False,False,False,False,False
401762473,2025,5,2025-09-27T19:30:00.000Z,False,False,True,28873.0,3852,Navy-Marine Corps Memorial Stadium,2426,Navy,American Athletic,21.0,"[7, 7, 0, 7]",0.983842432498932,1550.0,1547.0,242,Rice,fbs,American Athletic,13.0,"[0, 0, 3, 10]",0.0161575675010681,1288.0,1291.0,2.2905691020692287,34000.0,False,False,Annapolis,MD,21402.0,US,America/New_York,38.9846985,-76.5076335,10.74990082,1959.0,2025-09-27,23.7,0.0,5.9,0.8492058823529411,0.0,False,False,False,False,False
401757170,2025,5,2025-09-27T19:30:00.000Z,False,False,False,12717.0,3965,UB Stadium,2084,Buffalo,Mid-American,17.0,"[0, 7, 3, 7]",0.1814369261264801,1383.0,1382.0,41,UConn,fbs,FBS Independents,20.0,"[0, 7, 10, 3]",0.8185630738735199,1436.0,1437.0,5.418023678480578,30270.0,False,False,Amherst,NY,14260.0,US,America/New_York,42.9991334,-78.7775113,181.5759735,1993.0,2025-09-27,22.4,0.0,10.4,0.4201189296333003,0.0,False,False,False,False,False
401756907,2025,5,2025-09-27T19:30:00.000Z,False,False,True,45689.0,3646,Boone Pickens Stadium,197,Oklahoma State,Big 12,27.0,"[7, 13, 7, 0]",0.0150752337649464,1176.0,1173.0,239,Baylor,fbs,Big 12,45.0,"[7, 21, 7, 10]",0.9849247662350537,1587.0,1590.0,6.252031557586193,55509.0,False,False,Stillwater,OK,74078.0,US,America/Chicago,36.125673,-97.066513,276.4808655,1919.0,2025-09-27,31.3,0.0,9.9,0.8230917508872435,0.0,False,False,False,False,False
401762827,2025,5,2025-09-27T19:30:00.000Z,False,False,False,10504.0,3996,Yager Stadium,193,Miami (OH),Mid-American,38.0,"[7, 10, 14, 7]",0.9914972186088562,1495.0,1495.0,2815,Lindenwood,fcs,OVC-Big South,0.0,"[0, 0, 0, 0]",0.0085027813911437,1480.0,1472.0,2.645236547747449,24286.0,False,False,Oxford,OH,45056.0,US,America/New_York,39.5197009,-84.7330255,242.2643585,1983.0,2025-09-27,25.5,0.0,5.1,0.4325125586757803,0.0,False,False,False,True,False
401760380,2025,5,2025-09-27T19:30:00.000Z,False,False,False,13512.0,3764,Huskie Stadium,2459,Northern Illinois,Mid-American,3.0,"[3, 0, 0, 0]",0.6836990714073181,1377.0,1375.0,21,San Diego State,fbs,Mountain West,6.0,"[0, 3, 0, 3]",0.3163009285926819,1422.0,1424.0,5.207526340091206,23595.0,False,False,DeKalb,IL,60115.0,US,America/Chicago,41.9339586,-88.7778357,267.4530029,1965.0,2025-09-27,29.1,0.0,18.9,0.5726636999364272,0.0,False,False,False,False,False
401762824,2025,5,2025-09-27T19:30:00.000Z,False,False,True,24535.0,3739,Glass Bowl,2649,Toledo,Mid-American,45.0,"[14, 21, 3, 7]",0.9890300631523132,1497.0,1562.0,2006,Akron,fbs,Mid-American,3.0,"[0, 3, 0, 0]",0.0109699368476867,1060.0,995.0,2.037751308081071,26038.0,False,False,Toledo,OH,43606.0,US,America/New_York,41.6574777,-83.6135652,181.4839783,1937.0,2025-09-27,27.4,0.0,8.7,0.942276672555496,1.0,False,False,False,False,False
401752719,2025,5,2025-09-27T19:30:00.000Z,False,False,True,67737.0,3974,Vaught-Hemingway Stadium,145,Ole Miss,SEC,24.0,"[3, 14, 0, 7]",0.8488922119140625,1981.0,1977.0,99,LSU,fbs,SEC,19.0,"[7, 0, 6, 6]",0.1511077880859375,1747.0,1751.0,5.3689509418819625,64038.0,True,False,Oxford,MS,38677.0,US,America/Chicago,34.3619837,-89.5342076,146.8517151,1915.0,2025-09-27,27.3,0.0,13.0,1.057762578469034,1.0,False,False,True,False,False
401752724,2025,5,2025-09-27T19:30:00.000Z,False,False,True,108449.0,3795,Kyle Field,245,Texas A&M,SEC,16.0,"[7, 6, 0, 3]",0.9677963852882384,1749.0,1753.0,2,Auburn,fbs,SEC,10.0,"[0, 3, 0, 7]",0.0322036147117614,1680.0,1676.0,3.8765048091063026,102733.0,True,False,College Station,TX,77843.0,US,America/Chicago,30.6098891,-96.3403828,108.824585,1927.0,2025-09-27,30.5,0.0,7.9,1.0556393758578062,1.0,False,False,True,False,False
401762474,2025,5,2025-09-27T20:00:00.000Z,False,False,True,16311.0,3674,Chapman Stadium,202,Tulsa,American Athletic,14.0,"[7, 7, 0, 0]",0.0231730807572603,1072.0,1079.0,2655,Tulane,fbs,American Athletic,31.0,"[7, 17, 7, 0]",0.9768269192427396,1579.0,1572.0,5.984301461097488,30000.0,False,False,Tulsa,OK,74194.0,US,America/Chicago,36.1489175,-95.9437853,235.5928345,1930.0,2025-09-27,28.4,0.0,7.3,0.5437,0.0,False,False,False,False,False
401757274,2025,5,2025-09-27T20:00:00.000Z,False,False,False,37440.0,3971,University Stadium (NM),167,New Mexico,Mountain West,38.0,"[7, 7, 10, 14]",0.9572336077690125,1408.0,1426.0,166,New Mexico State,fbs,Conference USA,20.0,"[7, 10, 0, 3]",0.0427663922309875,1165.0,1147.0,6.244615631678274,39224.0,False,False,Albuquerque,NM,87131.0,US,America/Denver,35.0669479,-106.6283225,1554.471924,1960.0,2025-09-27,23.8,0.0,13.3,0.9545176422598408,1.0,False,False,False,False,False
401760378,2025,5,2025-09-27T20:00:00.000Z,False,False,True,22677.0,3713,Falcon Stadium,2005,Air Force,Mountain West,35.0,"[7, 0, 7, 21]",0.4322656095027923,1381.0,1351.0,62,Hawai'i,fbs,Mountain West,44.0,"[14, 3, 7, 20]",0.5677343904972076,1250.0,1280.0,6.016653245970114,46692.0,False,False,Colorado Springs,CO,80840.0,US,America/Denver,38.9969701,-104.8436165,2024.875732,1962.0,2025-09-27,23.7,0.0,18.2,0.4856720637368286,0.0,False,False,False,False,False
401752720,2025,5,2025-09-27T20:15:00.000Z,False,False,True,60417.0,3693,Davis Wade Stadium,344,Mississippi State,SEC,34.0,"[7, 10, 7, 10, 0]",0.2722036242485046,1512.0,1523.0,2633,Tennessee,fbs,SEC,41.0,"[10, 7, 3, 14, 7]",0.7277963757514954,1838.0,1827.0,8.714407031892366,61337.0,True,False,Starkville,MS,39762.0,US,America/Chicago,33.4563403,-88.7933652,110.2742081,1914.0,2025-09-27,27.6,0.0,11.7,0.9850008966855244,1.0,False,False,False,False,False
401757270,2025,5,2025-09-27T22:00:00.000Z,False,False,True,11040.0,4899,Fifth Third Stadium,338,Kennesaw State,Conference USA,24.0,"[21, 0, 0, 3]",0.7368634939193726,1213.0,1223.0,2393,Middle Tennessee,fbs,Conference USA,16.0,"[3, 7, 0, 6]",0.2631365060806274,1185.0,1175.0,3.4086167982523374,11040.0,True,False,Kennesaw,GA,30144.0,US,America/New_York,34.0289318,-84.5676234,296.9589844,2010.0,2025-09-27,26.2,0.0,4.4,1.0,1.0,False,False,False,False,False
401757271,2025,5,2025-09-27T22:00:00.000Z,False,False,False,18435.0,3918,S.B. Ballard Stadium,295,Old Dominion,Sun Belt,21.0,"[0, 14, 0, 7]",1.0,1530.0,1551.0,2335,Liberty,fbs,Conference USA,7.0,"[0, 0, 7, 0]",0.0,1442.0,1421.0,3.8746917798708536,20118.0,False,False,Norfolk,VA,23551.0,US,America/New_York,36.8889533,-76.3049175,3.147987843,1936.0,2025-09-27,22.4,0.3,6.8,0.9163435729197732,1.0,False,False,False,False,False
401762828,2025,5,2025-09-27T22:30:00.000Z,False,False,False,20191.0,3980,Waldo Stadium,2711,Western Michigan,Mid-American,47.0,"[3, 28, 13, 3]",0.9961190223693848,1255.0,1255.0,227,Rhode Island,fcs,Coastal Athletic,14.0,"[7, 0, 0, 7]",0.0038809776306152,1480.0,1472.0,3.107216197522771,30200.0,False,False,Kalamazoo,MI,49008.0,US,America/Detroit,42.2860064,-85.6007573,243.8211212,1939.0,2025-09-27,24.9,0.0,9.4,0.6685761589403973,0.0,False,False,False,True,False
401762472,2025,5,2025-09-27T23:00:00.000Z,False,False,True,17733.0,3715,FAU Stadium,2226,Florida Atlantic,American Athletic,26.0,"[7, 9, 3, 7]",0.0096248891204595,1231.0,1201.0,235,Memphis,fbs,American Athletic,55.0,"[10, 7, 7, 31]",0.9903751108795404,1659.0,1689.0,6.5867582029500635,29419.0,False,False,Boca Raton,FL,33499.0,US,America/New_York,26.3763763,-80.1015759,3.613628864,2011.0,2025-09-27,26.2,0.4,7.4,0.6027737176654543,0.0,False,False,False,False,False
401757273,2025,5,2025-09-27T23:00:00.000Z,False,False,True,10068.0,3878,Plaster Sports Complex,2623,Missouri State,Conference USA,22.0,"[0, 9, 7, 6]",0.055622287094593,1338.0,1335.0,98,Western Kentucky,fbs,Conference USA,27.0,"[0, 10, 14, 3]",0.944377712905407,1411.0,1414.0,6.079149938303324,17337.0,False,False,Springfield,MO,65897.0,US,America/Chicago,37.1976229,-93.2798119,402.368103,1941.0,2025-09-27,24.5,0.0,2.0,0.5807233085308877,0.0,False,False,False,False,False
401754548,2025,5,2025-09-27T23:00:00.000Z,False,False,True,56919.0,3670,Carter-Finley Stadium,152,NC State,ACC,21.0,"[7, 0, 7, 7]",0.2334788143634796,1494.0,1489.0,259,Virginia Tech,fbs,ACC,23.0,"[3, 10, 7, 3]",0.7665211856365204,1452.0,1457.0,6.646683052975088,58000.0,True,False,Raleigh,NC,27695.0,US,America/New_York,35.8008001,-78.7195655,117.0089951,1966.0,2025-09-27,23.7,0.0,2.3,0.9813620689655173,1.0,False,False,False,False,False
401756904,2025,5,2025-09-27T23:00:00.000Z,False,False,True,61500.0,3772,Jack Trice Stadium,66,Iowa State,Big 12,39.0,"[8, 14, 14, 3]",1.0,1608.0,1655.0,12,Arizona,fbs,Big 12,14.0,"[0, 7, 7, 0]",0.0,1469.0,1422.0,2.561086514101573,61500.0,True,False,Ames,IA,50011.0,US,America/Chicago,42.0139977,-93.6357716,274.9135437,1975.0,2025-09-27,23.9,0.0,12.1,1.0,1.0,False,False,False,False,False
401757269,2025,5,2025-09-27T23:00:00.000Z,False,False,False,25034.0,3815,M. M. Roberts Stadium,2572,Southern Miss,Sun Belt,42.0,"[14, 7, 14, 7]",0.9974352121353148,1181.0,1265.0,55,Jacksonville State,fbs,Conference USA,25.0,"[3, 0, 8, 14]",0.002564787864685,1613.0,1529.0,2.6005906885756223,36000.0,False,False,Hattiesburg,MS,39402.0,US,America/Chicago,31.3289321,-89.3318118,64.52726746,1932.0,2025-09-27,29.2,0.0,10.8,0.6953888888888888,0.0,False,False,False,False,False
401760379,2025,5,2025-09-27T23:30:00.000Z,False,False,False,32904.0,3653,Albertsons Stadium,68,Boise State,Mountain West,47.0,"[14, 10, 9, 14]",0.9969602227211,1587.0,1653.0,2026,App State,fbs,Sun Belt,14.0,"[0, 7, 7, 0]",0.0030397772789001,1390.0,1324.0,3.0308629395219366,36387.0,False,False,Boise,ID,83725.0,US,America/Boise,43.6028839,-116.1958882,823.2221069,1970.0,2025-09-27,26.2,0.0,9.4,0.9042790007420232,1.0,False,False,False,False,False
401754549,2025,5,2025-09-27T23:30:00.000Z,False,False,False,26357.0,3940,Stanford Stadium,24,Stanford,ACC,30.0,"[7, 7, 0, 16]",0.601484477519989,1249.0,1255.0,23,San José State,fbs,Mountain West,29.0,"[10, 10, 0, 9]",0.398515522480011,1429.0,1423.0,7.475573235995273,50424.0,True,False,Stanford,CA,94305.0,US,America/Los_Angeles,37.4345556,-122.1611271,18.38425636,2006.0,2025-09-27,24.2,0.0,9.8,0.5227074409011582,0.0,False,False,False,False,False
401752721,2025,5,2025-09-27T23:30:00.000Z,False,False,False,57321.0,3838,Memorial Stadium,142,Missouri,SEC,42.0,"[14, 7, 14, 7]",0.9859509468078612,1762.0,1781.0,113,Massachusetts,fbs,Mid-American,6.0,"[6, 0, 0, 0]",0.0140490531921386,1058.0,1039.0,2.574124852200219,71168.0,False,False,Columbia,MO,65211.0,US,America/Chicago,38.9358491,-92.3332009,212.6865692,1927.0,2025-09-27,24.5,0.0,11.7,0.8054322167266187,0.0,False,False,False,False,False
401752854,2025,5,2025-09-27T23:30:00.000Z,False,False,True,111015.0,3632,Beaver Stadium,213,Penn State,Big Ten,24.0,"[0, 3, 0, 14, 7, 0]",0.1887364685535431,2087.0,2070.0,2483,Oregon,fbs,Big Ten,30.0,"[0, 3, 7, 7, 7, 6]",0.8112635314464569,2001.0,2018.0,6.821436627621328,106572.0,True,False,University Park,PA,16802.0,US,America/New_York,40.8121958,-77.8561023,354.1551514,1960.0,2025-09-27,18.3,0.2,4.7,1.041690124985925,1.0,False,False,True,False,False
401752718,2025,5,2025-09-27T23:30:00.000Z,False,False,True,93033.0,3917,Sanford Stadium,61,Georgia,SEC,21.0,"[0, 14, 7, 0]",0.1902636140584945,2043.0,2033.0,333,Alabama,fbs,SEC,24.0,"[7, 17, 0, 0]",0.8097363859415054,1948.0,1958.0,6.2853613474576715,92746.0,True,False,Athens,GA,30602.0,US,America/New_York,33.9498197,-83.3733813,186.1120758,1929.0,2025-09-27,23.8,0.0,3.1,1.003094473077006,1.0,False,False,True,False,False
401752950,2025,5,2025-09-27T23:30:00.000Z,False,False,False,32087.0,5388,Canvas Stadium,36,Colorado State,Mountain West,3.0,"[3, 0, 0, 0]",0.0209590420126914,1368.0,1320.0,265,Washington State,fbs,Pac-12,20.0,"[10, 10, 0, 0]",0.9790409579873084,1307.0,1355.0,4.024978427575145,36500.0,False,False,Fort Collins,CO,80521.0,US,America/Denver,40.570015,-105.088435,1528.4,2017.0,2025-09-27,23.9,0.0,11.3,0.8790958904109589,0.0,False,False,False,False,False
401752722,2025,5,2025-09-27T23:45:00.000Z,False,False,True,79266.0,3994,Williams-Brice Stadium,2579,South Carolina,SEC,35.0,"[7, 21, 0, 7]",0.991369366645813,1638.0,1682.0,96,Kentucky,fbs,SEC,13.0,"[10, 0, 3, 0]",0.008630633354187,1557.0,1513.0,3.3690642585545874,80250.0,True,False,Columbia,SC,29208.0,US,America/New_York,33.9730239,-81.0191726,60.54548645,1934.0,2025-09-27,25.0,0.2,1.1,0.9877383177570094,1.0,False,False,False,False,False
401761615,2025,5,2025-09-28T00:00:00.000Z,False,False,True,20125.0,3666,Cajun Field,309,Louisiana,Sun Belt,54.0,"[3, 14, 3, 21, 7, 6]",0.0176363941282033,1364.0,1367.0,276,Marshall,fbs,Sun Belt,51.0,"[3, 14, 17, 7, 7, 3]",0.9823636058717966,1511.0,1508.0,7.478263274664832,41426.0,False,False,Lafayette,LA,70506.0,US,America/Chicago,30.2158434,-92.0417371,3.556508303,1971.0,2025-09-28,25.6,0.0,10.8,0.4858060155457925,0.0,False,False,False,False,False
401757272,2025,5,2025-09-28T01:00:00.000Z,False,False,True,13013.0,3946,Sun Bowl,2638,UTEP,Conference USA,11.0,"[0, 0, 0, 11]",0.1915610134601593,1227.0,1205.0,2348,Louisiana Tech,fbs,Conference USA,30.0,"[7, 0, 3, 20]",0.8084389865398407,1468.0,1490.0,4.2935016288278005,51500.0,False,False,El Paso,TX,79968.0,US,America/Denver,31.7733353,-106.507957,1183.697876,1963.0,2025-09-28,27.5,0.0,6.0,0.2526796116504854,0.0,False,False,False,False,False
401756903,2025,5,2025-09-28T02:15:00.000Z,False,False,True,52265.0,3726,Folsom Field,38,Colorado,Big 12,21.0,"[14, 0, 7, 0]",0.3268840610980987,1617.0,1618.0,252,BYU,fbs,Big 12,24.0,"[3, 7, 7, 7]",0.6731159389019012,1703.0,1702.0,5.397702544157396,50183.0,True,False,Boulder,CO,80309.0,US,America/Denver,40.0094746,-105.266905,1634.041138,1924.0,2025-09-28,16.2,0.0,8.0,1.041488153358707,1.0,False,False,True,False,False
401757275,2025,6,2025-10-03T01:00:00.000Z,False,False,True,9089.0,3601,Aggie Memorial Stadium,166,New Mexico State,Conference USA,37.0,"[0, 10, 3, 24]",0.9957097768783568,1147.0,1229.0,2534,Sam Houston,fbs,Conference USA,10.0,"[0, 3, 7, 0]",0.004290223121643,1243.0,1161.0,3.263384173376266,28853.0,False,False,Las Cruces,NM,88003.0,US,America/Denver,32.2796202,-106.7411148,1208.201294,1978.0,2025-10-03,26.9,0.0,14.2,0.3150105708245243,0.0,False,False,False,False,False
401757276,2025,6,2025-10-03T23:00:00.000Z,False,False,True,19176.0,3695,Delaware Stadium,48,Delaware,Conference USA,24.0,"[7, 10, 0, 7]",0.0856487080454826,1501.0,1491.0,98,Western Kentucky,fbs,Conference USA,27.0,"[0, 10, 17, 0]",0.9143512919545174,1414.0,1424.0,5.912223443709713,22000.0,False,False,Newark,DE,19713.0,US,America/New_York,39.6617428,-75.7488224,28.74350357,1952.0,2025-10-03,17.4,0.0,7.5,0.8716363636363637,0.0,False,False,False,False,False
401762475,2025,6,2025-10-03T23:00:00.000Z,False,False,True,34577.0,3886,Raymond James Stadium,58,South Florida,American Athletic,54.0,"[23, 10, 0, 21]",0.9636630415916444,1482.0,1521.0,2429,Charlotte,fbs,American Athletic,26.0,"[0, 7, 3, 16]",0.0363369584083557,1183.0,1144.0,2.2800703984341304,65828.0,True,False,Tampa,FL,33620.0,US,America/New_York,27.9758691,-82.5033344,11.07972908,1998.0,2025-10-03,26.1,0.0,18.8,0.5252628061007474,0.0,False,False,False,False,False
401760384,2025,6,2025-10-04T02:00:00.000Z,False,False,True,12109.0,3935,CEFCU Stadium,23,San José State,Mountain West,35.0,"[7, 14, 14, 0]",0.9569445848464966,1423.0,1433.0,167,New Mexico,fbs,Mountain West,28.0,"[0, 17, 0, 11]",0.0430554151535034,1426.0,1416.0,3.656062003082878,30456.0,False,False,San Jose,CA,95112.0,US,America/Los_Angeles,37.3196675,-121.8682962,28.30708694,1933.0,2025-10-04,17.4,0.0,5.7,0.3975899658523772,0.0,False,False,False,False,False
401760382,2025,6,2025-10-04T02:30:00.000Z,False,False,True,29019.0,7311,Snapdragon Stadium,21,San Diego State,Mountain West,45.0,"[7, 21, 10, 7]",0.999519109725952,1424.0,1463.0,36,Colorado State,fbs,Mountain West,24.0,"[0, 10, 0, 14]",0.0004808902740478,1320.0,1281.0,3.06872635804126,35000.0,True,False,San Diego,CA,92093.0,US,America/Los_Angeles,32.784444,-117.122833,62.0,2022.0,2025-10-04,19.5,0.0,16.7,0.8291142857142857,0.0,False,False,False,False,False
401756909,2025,6,2025-10-04T02:30:00.000Z,False,False,True,63917.0,3801,LaVell Edwards Stadium,252,BYU,Big 12,38.0,"[14, 14, 3, 7]",0.9500316381454468,1702.0,1701.0,277,West Virginia,fbs,Big 12,24.0,"[0, 10, 7, 7]",0.0499683618545532,1341.0,1342.0,2.9887289453194654,63470.0,True,False,Provo,UT,84602.0,US,America/Denver,40.2575347,-111.6545247,1412.097046,1964.0,2025-10-04,16.2,0.6,11.7,1.0070426973373248,1.0,False,False,True,False,False
401756912,2025,6,2025-10-04T16:00:00.000Z,False,False,True,38007.0,3854,Nippert Stadium,2132,Cincinnati,Big 12,38.0,"[17, 14, 0, 7]",0.9722381234169006,1520.0,1541.0,66,Iowa State,fbs,Big 12,30.0,"[0, 15, 7, 8]",0.0277618765830993,1655.0,1634.0,3.6924631307420728,40000.0,False,False,Cincinnati,OH,45221.0,US,America/New_York,39.1312495,-84.5161913,230.0660553,1915.0,2025-10-04,25.5,0.0,2.3,0.950175,1.0,False,False,False,False,False
401752861,2025,6,2025-10-04T16:00:00.000Z,False,False,True,56551.0,3907,Ross-Ade Stadium,2509,Purdue,Big Ten,27.0,"[7, 7, 7, 6]",0.0,1325.0,1311.0,356,Illinois,fbs,Big Ten,43.0,"[0, 27, 13, 3]",1.0,1571.0,1585.0,4.648508792456986,57282.0,True,False,West Lafayette,IN,47907.0,US,America/Indiana/Indianapolis,40.4352253,-86.9186843,197.5337677,1924.0,2025-10-04,26.6,0.0,9.5,0.9872385740721344,1.0,False,False,False,False,False
401754552,2025,6,2025-10-04T16:00:00.000Z,False,False,True,50500.0,3787,Kenan Stadium,153,North Carolina,ACC,10.0,"[3, 0, 0, 7]",0.0264359135180711,1388.0,1342.0,228,Clemson,fbs,ACC,38.0,"[28, 7, 0, 3]",0.9735640864819288,1642.0,1688.0,3.1263997871486096,50500.0,False,False,Chapel Hill,NC,27515.0,US,America/New_York,35.9069294,-79.0478889,127.7569809,1927.0,2025-10-04,21.8,0.0,3.0,1.0,1.0,False,False,False,False,False
401760381,2025,6,2025-10-04T16:00:00.000Z,False,False,False,37517.0,3852,Navy-Marine Corps Memorial Stadium,2426,Navy,American Athletic,34.0,"[3, 14, 7, 10]",0.6797995567321777,1547.0,1546.0,2005,Air Force,fbs,Mountain West,31.0,"[7, 3, 7, 14]",0.3202004432678222,1351.0,1352.0,6.6230747879830165,34000.0,False,False,Annapolis,MD,21402.0,US,America/New_York,38.9846985,-76.5076335,10.74990082,1959.0,2025-10-04,21.4,0.0,4.1,1.1034411764705885,1.0,False,False,True,False,False
401762830,2025,6,2025-10-04T16:00:00.000Z,False,False,True,8427.0,3919,Scheumann Stadium,2050,Ball State,Mid-American,20.0,"[0, 0, 10, 10]",0.1505017429590225,1095.0,1131.0,195,Ohio,fbs,Mid-American,14.0,"[7, 7, 0, 0]",0.8494982570409775,1604.0,1568.0,7.259397238585601,22500.0,False,False,Muncie,IN,47306.0,US,America/Indiana/Indianapolis,40.2159422,-85.4161148,285.481781,1967.0,2025-10-04,25.4,0.0,7.1,0.3745333333333333,0.0,False,False,False,False,False
401752856,2025,6,2025-10-04T16:00:00.000Z,False,False,True,111070.0,3558,Michigan Stadium,130,Michigan,Big Ten,24.0,"[7, 3, 7, 7]",0.982044756412506,1848.0,1851.0,275,Wisconsin,fbs,Big Ten,10.0,"[7, 0, 0, 3]",0.0179552435874938,1543.0,1540.0,3.6001514426885888,107601.0,False,False,Ann Arbor,MI,48109.0,US,America/Detroit,42.2658365,-83.7486956,255.5500031,1927.0,2025-10-04,26.7,0.0,8.1,1.0322394773282777,1.0,False,False,True,False,False
401752728,2025,6,2025-10-04T16:00:00.000Z,False,False,True,93033.0,3917,Sanford Stadium,61,Georgia,SEC,35.0,"[14, 7, 14, 0]",1.0,2033.0,2033.0,96,Kentucky,fbs,SEC,14.0,"[0, 7, 0, 7]",0.0,1513.0,1513.0,2.8258150901367185,92746.0,True,False,Athens,GA,30602.0,US,America/New_York,33.9498197,-83.3733813,186.1120758,1929.0,2025-10-04,22.5,0.0,15.9,1.003094473077006,1.0,False,False,True,False,False
401756911,2025,6,2025-10-04T16:00:00.000Z,False,False,True,35596.0,4727,McLane Stadium,239,Baylor,Big 12,35.0,"[3, 14, 0, 18]",0.5523378849029541,1590.0,1593.0,2306,Kansas State,fbs,Big 12,34.0,"[7, 10, 14, 3]",0.4476621150970459,1665.0,1662.0,7.944630830586239,45140.0,False,False,Waco,TX,76704.0,US,America/Chicago,31.5582015,-97.1156702,117.0538101,2014.0,2025-10-04,26.3,0.0,2.8,0.788568896765618,0.0,False,False,False,False,False
401754550,2025,6,2025-10-04T16:00:00.000Z,False,False,True,51101.0,3752,Acrisure Stadium,221,Pittsburgh,ACC,48.0,"[10, 21, 14, 3]",0.9918763637542723,1511.0,1624.0,103,Boston College,fbs,ACC,7.0,"[0, 0, 0, 7]",0.0081236362457275,1462.0,1349.0,2.486695716920178,68400.0,True,False,Pittsburgh,PA,15260.0,US,America/New_York,40.4467648,-80.0157603,220.5887146,2001.0,2025-10-04,21.7,0.0,4.3,0.7470906432748537,0.0,False,False,False,False,False
401762476,2025,6,2025-10-04T16:00:00.000Z,False,False,True,22489.0,7221,Protective Stadium,5,UAB,American Athletic,13.0,"[0, 7, 0, 6]",0.0441303960978984,1278.0,1260.0,349,Army,fbs,American Athletic,31.0,"[0, 10, 7, 14]",0.9558696039021016,1533.0,1551.0,4.306678498592513,45000.0,False,False,Birmingham,AL,35203.0,US,America/Chicago,33.5206824,-86.8024326,187.0,2021.0,2025-10-04,23.1,0.0,12.4,0.4997555555555555,0.0,False,False,False,False,False
401754556,2025,6,2025-10-04T17:00:00.000Z,False,False,True,65632.0,3799,Lane Stadium,259,Virginia Tech,ACC,23.0,"[7, 7, 9, 0]",0.4085460305213928,1457.0,1439.0,154,Wake Forest,fbs,ACC,30.0,"[3, 21, 3, 3]",0.5914539694786072,1391.0,1409.0,6.575458124170345,65632.0,True,False,Blacksburg,VA,24061.0,US,America/New_York,37.2199873,-80.4180643,632.2631226,1965.0,2025-10-04,21.2,0.0,3.3,1.0,1.0,False,False,False,False,False
401762479,2025,6,2025-10-04T17:00:00.000Z,False,False,True,12132.0,3806,Lincoln Financial Field,218,Temple,American Athletic,27.0,"[3, 0, 21, 3]",0.9132686853408812,1205.0,1228.0,2636,UTSA,fbs,American Athletic,21.0,"[7, 7, 7, 0]",0.0867313146591186,1494.0,1471.0,3.7445383852734455,69879.0,False,False,Philadelphia,PA,19122.0,US,America/New_York,39.9007995,-75.1675414,3.198706865,2003.0,2025-10-04,24.8,0.0,5.4,0.1736143905894474,0.0,False,False,False,False,False
401754557,2025,6,2025-10-04T18:00:00.000Z,False,False,False,56919.0,3670,Carter-Finley Stadium,152,NC State,ACC,56.0,"[21, 28, 7, 0]",0.9692317843437196,1488.0,1488.0,2097,Campbell,fcs,Coastal Athletic,10.0,"[7, 0, 0, 3]",0.0307682156562805,1480.0,1472.0,3.0935695521469495,58000.0,True,False,Raleigh,NC,27695.0,US,America/New_York,35.8008001,-78.7195655,117.0089951,1966.0,2025-10-04,23.5,0.0,3.2,0.9813620689655173,1.0,False,False,False,True,False
401762832,2025,6,2025-10-04T18:30:00.000Z,False,False,True,10014.0,3985,Warren McGuirk Alumni Stadium,113,Massachusetts,Mid-American,3.0,"[3, 0, 0, 0]",0.0223897136747837,1039.0,1017.0,2711,Western Michigan,fbs,Mid-American,21.0,"[0, 7, 7, 7]",0.9776102863252164,1254.0,1276.0,4.403949342086451,17000.0,False,False,Hadley,MA,1003.0,US,America/New_York,42.3773244,-72.5360595,46.58664703,1965.0,2025-10-04,24.4,0.0,5.8,0.5890588235294117,0.0,False,False,False,False,False
401756910,2025,6,2025-10-04T19:00:00.000Z,False,False,True,40685.0,3619,Arizona Stadium,12,Arizona,Big 12,41.0,"[14, 10, 14, 3]",0.9457634687423706,1422.0,1467.0,197,Oklahoma State,fbs,Big 12,13.0,"[3, 3, 0, 7]",0.0542365312576293,1173.0,1128.0,2.707031841015566,50782.0,False,False,Tucson,AZ,85721.0,US,America/Phoenix,32.2288054,-110.9488677,742.1530151,1928.0,2025-10-04,30.4,0.0,6.5,0.8011697058012681,0.0,False,False,False,False,False
401752857,2025,6,2025-10-04T19:30:00.000Z,False,False,True,46185.0,3665,SECU Stadium,120,Maryland,Big Ten,20.0,"[10, 3, 7, 0]",0.3396335542201996,1574.0,1573.0,264,Washington,fbs,Big Ten,24.0,"[0, 0, 3, 21]",0.6603664457798004,1665.0,1666.0,4.668454458410852,51802.0,False,False,College Park,MD,20742.0,US,America/New_York,38.9903332,-76.9473792,32.68748093,1950.0,2025-10-04,24.2,0.0,3.8,0.8915678931315393,0.0,False,False,False,False,False
401752855,2025,6,2025-10-04T19:30:00.000Z,False,False,True,39256.0,1056,Rose Bowl,26,UCLA,Big Ten,42.0,"[10, 17, 7, 8]",0.6434393525123596,1331.0,1373.0,213,Penn State,fbs,Big Ten,37.0,"[7, 0, 14, 16]",0.3565606474876404,2070.0,2028.0,5.385604262565175,88565.0,True,False,Pasadena,CA,90095.0,US,America/Los_Angeles,34.1613284,-118.1676462,245.1772461,1922.0,2025-10-04,21.4,0.0,4.0,0.4432450742392593,0.0,False,False,False,False,False
401752858,2025,6,2025-10-04T19:30:00.000Z,False,False,False,12023.0,5960,Lanny and Sharon Martin Stadium,77,Northwestern,Big Ten,42.0,"[7, 11, 21, 3]",0.9911018013954164,1411.0,1478.0,2433,UL Monroe,fbs,Sun Belt,7.0,"[7, 0, 0, 0]",0.0088981986045837,1168.0,1101.0,3.3367463399414543,12023.0,False,False,Evanston,IL,60208.0,US,America/Chicago,42.058246,-87.670876,179.0,1997.0,2025-10-04,30.1,0.0,15.7,1.0,1.0,False,False,False,False,False
401762829,2025,6,2025-10-04T19:30:00.000Z,False,False,True,8995.0,3768,InfoCision Stadium,2006,Akron,Mid-American,28.0,"[0, 14, 14, 0]",0.6349771022796631,995.0,1009.0,2117,Central Michigan,fbs,Mid-American,22.0,"[3, 7, 3, 9]",0.3650228977203369,1124.0,1110.0,5.048822755088203,30000.0,False,False,Akron,OH,44399.0,US,America/New_York,41.0725534,-81.5083408,321.2875061,2009.0,2025-10-04,28.6,0.0,4.6,0.2998333333333333,0.0,False,False,False,False,False
401762873,2025,6,2025-10-04T19:30:00.000Z,False,False,True,13827.0,3764,Huskie Stadium,2459,Northern Illinois,Mid-American,14.0,"[14, 0, 0, 0]",0.0548499226570129,1375.0,1356.0,193,Miami (OH),fbs,Mid-American,25.0,"[0, 10, 12, 3]",0.9451500773429872,1430.0,1449.0,4.53942701175636,23595.0,False,False,DeKalb,IL,60115.0,US,America/Chicago,41.9339586,-88.7778357,267.4530029,1965.0,2025-10-04,28.8,0.0,22.0,0.586013986013986,0.0,False,False,False,False,False
401752727,2025,6,2025-10-04T19:30:00.000Z,False,False,True,90714.0,3634,Ben Hill Griffin Stadium,57,Florida,SEC,29.0,"[10, 9, 10, 0]",0.9032769799232484,1629.0,1665.0,251,Texas,fbs,SEC,21.0,"[0, 7, 7, 7]",0.0967230200767517,1972.0,1936.0,3.328666311999717,88548.0,True,False,Gainesville,FL,32653.0,US,America/New_York,29.6499357,-82.3485788,44.97250748,1930.0,2025-10-04,28.7,0.5,22.5,1.024461309120477,1.0,False,False,True,False,False
401762831,2025,6,2025-10-04T19:30:00.000Z,False,False,True,17300.0,3965,UB Stadium,2084,Buffalo,Mid-American,31.0,"[7, 7, 7, 3, 7]",0.3499263525009155,1382.0,1377.0,2199,Eastern Michigan,fbs,Mid-American,30.0,"[7, 7, 7, 3, 6]",0.6500736474990845,1193.0,1198.0,10.583398660904624,30270.0,False,False,Amherst,NY,14260.0,US,America/New_York,42.9991334,-78.7775113,181.5759735,1993.0,2025-10-04,26.0,0.0,6.8,0.5715229600264288,0.0,False,False,False,False,False
401757165,2025,6,2025-10-04T19:30:00.000Z,False,False,False,77622.0,3855,Notre Dame Stadium,87,Notre Dame,FBS Independents,28.0,"[6, 8, 7, 7]",1.0,2195.0,2194.0,68,Boise State,fbs,Mountain West,7.0,"[0, 7, 0, 0]",0.0,1653.0,1654.0,4.003611025708899,80795.0,False,False,Notre Dame,IN,46556.0,US,America/Indiana/Indianapolis,41.698378,-86.2339425,222.645401,1930.0,2025-10-04,29.5,0.0,12.7,0.960727767807414,1.0,False,False,False,False,False
401752940,2025,6,2025-10-04T19:30:00.000Z,False,False,False,35021.0,3792,Kidd Brewer Stadium,2026,App State,Sun Belt,27.0,"[17, 0, 10, 0]",0.8085228800773621,1324.0,1326.0,204,Oregon State,fbs,Pac-12,23.0,"[0, 14, 7, 2]",0.1914771199226379,1304.0,1302.0,5.490605485805172,30000.0,False,False,Boone,NC,28608.0,US,America/New_York,36.2114267,-81.6854278,991.3414307,1962.0,2025-10-04,19.0,0.0,7.6,1.1673666666666669,1.0,False,False,True,False,False
401754554,2025,6,2025-10-04T19:30:00.000Z,False,False,True,50032.0,3873,L&N Federal Credit Union Stadium,97,Louisville,ACC,27.0,"[7, 7, 0, 10, 3]",0.7687817215919495,1750.0,1735.0,258,Virginia,fbs,ACC,30.0,"[7, 7, 10, 0, 6]",0.2312182784080505,1578.0,1593.0,9.702094358757874,60000.0,False,False,Louisville,KY,40292.0,US,America/Kentucky/Louisville,38.2057621,-85.7588141,138.5615997,1998.0,2025-10-04,27.3,0.0,6.2,0.8338666666666666,0.0,False,False,False,False,False
401752726,2025,6,2025-10-04T19:30:00.000Z,False,False,True,100077.0,3657,Bryant-Denny Stadium,333,Alabama,SEC,30.0,"[0, 14, 6, 10]",0.9804922938346864,1958.0,1974.0,238,Vanderbilt,fbs,SEC,14.0,"[7, 7, 0, 0]",0.0195077061653137,1758.0,1742.0,4.929460919889916,101821.0,True,False,Tuscaloosa,AL,35487.0,US,America/Chicago,33.2082752,-87.5503836,70.05136108,1929.0,2025-10-04,28.5,0.0,12.3,0.9828719026526944,1.0,False,False,False,False,False
401754555,2025,6,2025-10-04T19:30:00.000Z,False,False,True,34845.0,3735,Gerald J. Ford Stadium,2567,SMU,ACC,31.0,"[3, 21, 0, 7]",0.9218617081642152,1691.0,1695.0,183,Syracuse,fbs,ACC,18.0,"[0, 3, 0, 15]",0.0781382918357849,1426.0,1422.0,2.9473198489980983,32000.0,False,False,University Park,TX,75275.0,US,America/Chicago,32.8377223,-96.7827859,169.4058075,2000.0,2025-10-04,30.3,0.0,9.2,1.08890625,1.0,False,False,True,False,False
401761618,2025,6,2025-10-04T19:30:00.000Z,False,False,True,19256.0,4246,Center Parc Stadium,2247,Georgia State,Sun Belt,7.0,"[7, 0, 0, 0]",0.4305460453033447,1126.0,1150.0,256,James Madison,fbs,Sun Belt,14.0,"[0, 0, 7, 7]",0.5694539546966553,1669.0,1645.0,4.209128497176163,25000.0,False,False,Atlanta,GA,30315.0,US,America/New_York,33.735267,-84.389949,287.0,2017.0,2025-10-04,24.7,0.0,15.6,0.77024,0.0,False,False,False,False,False
401757171,2025,6,2025-10-04T19:30:00.000Z,False,False,False,27310.0,3892,Pratt & Whitney Stadium,41,UConn,FBS Independents,51.0,"[14, 13, 17, 7]",0.9888136386871338,1437.0,1541.0,2229,Florida International,fbs,Conference USA,10.0,"[0, 3, 0, 7]",0.0111863613128662,1320.0,1216.0,2.7682177131520103,40000.0,True,False,East Hartford,CT,6118.0,US,America/New_York,41.7595675,-72.6187728,6.515614986,2003.0,2025-10-04,25.3,0.0,2.4,0.68275,0.0,False,False,False,False,False
401752860,2025,6,2025-10-04T20:00:00.000Z,False,False,True,86496.0,3834,"Memorial Stadium (Lincoln, NE)",158,Nebraska,Big Ten,38.0,"[14, 0, 7, 17]",0.6233457922935486,1703.0,1702.0,127,Michigan State,fbs,Big Ten,27.0,"[0, 7, 14, 6]",0.3766542077064514,1414.0,1415.0,4.799806501970732,85458.0,False,False,Lincoln,NE,68588.0,US,America/Chicago,40.820682,-96.705594,354.9318848,1923.0,2025-10-04,28.9,0.0,27.6,1.012146317489293,1.0,False,False,True,False,False
401752729,2025,6,2025-10-04T20:00:00.000Z,False,False,False,83016.0,3835,"Memorial Stadium (Norman, OK)",201,Oklahoma,SEC,44.0,"[10, 13, 21, 0]",0.9927051663398744,1748.0,1769.0,2309,Kent State,fbs,Mid-American,0.0,"[0, 0, 0, 0]",0.0072948336601257,859.0,838.0,2.256360267230515,86112.0,True,False,Norman,OK,73019.0,US,America/Chicago,35.2058537,-97.4423145,355.0962524,1925.0,2025-10-04,28.8,0.0,20.7,0.9640468227424748,1.0,False,False,False,False,False
401761620,2025,6,2025-10-04T20:00:00.000Z,False,False,True,15841.0,3625,Centennial Bank Stadium,2032,Arkansas State,Sun Belt,31.0,"[7, 3, 0, 21]",0.6875132918357849,1213.0,1224.0,326,Texas State,fbs,Sun Belt,30.0,"[7, 3, 0, 20]",0.3124867081642151,1590.0,1579.0,7.976827137552203,30382.0,False,False,Jonesboro,AR,72404.0,US,America/Chicago,35.8488977,-90.6677436,89.52690887,1974.0,2025-10-04,26.5,0.0,11.7,0.5213942465933776,0.0,False,False,False,False,False
401761619,2025,6,2025-10-04T22:00:00.000Z,False,False,True,20895.0,3918,S.B. Ballard Stadium,295,Old Dominion,Sun Belt,47.0,"[10, 24, 10, 3]",0.9817699790000916,1551.0,1628.0,324,Coastal Carolina,fbs,Sun Belt,7.0,"[0, 0, 0, 7]",0.0182300209999084,1259.0,1182.0,2.0492652937190687,20118.0,False,False,Norfolk,VA,23551.0,US,America/New_York,36.8889533,-76.3049175,3.147987843,1936.0,2025-10-04,20.1,0.0,6.9,1.0386221294363256,1.0,False,False,True,False,False
401762477,2025,6,2025-10-04T23:00:00.000Z,False,False,True,22999.0,3895,Rice Stadium,242,Rice,American Athletic,21.0,"[7, 0, 7, 7]",0.4553762972354889,1291.0,1273.0,2226,Florida Atlantic,fbs,American Athletic,27.0,"[14, 3, 7, 3]",0.5446237027645111,1201.0,1219.0,3.629749305817675,47000.0,False,False,Houston,TX,77251.0,US,America/Chicago,29.7163297,-95.4093261,7.148301601,1950.0,2025-10-04,29.8,0.0,11.3,0.4893404255319148,0.0,False,False,False,False,False
401761621,2025,6,2025-10-04T23:00:00.000Z,False,False,True,28035.0,3975,Veterans Memorial Stadium (AL),2653,Troy,Sun Belt,31.0,"[7, 7, 7, 3, 7]",0.8889092803001404,1438.0,1447.0,6,South Alabama,fbs,Sun Belt,24.0,"[7, 0, 10, 7, 0]",0.1110907196998596,1430.0,1421.0,7.5309253915796495,30000.0,False,False,Troy,AL,36082.0,US,America/Chicago,31.7995565,-85.9518328,154.7746277,1950.0,2025-10-04,26.0,0.0,16.8,0.9345,1.0,False,False,False,False,False
401760385,2025,6,2025-10-04T23:00:00.000Z,False,False,True,19861.0,3984,War Memorial Stadium,2751,Wyoming,Mountain West,17.0,"[3, 0, 7, 7]",0.0,1326.0,1321.0,2439,UNLV,fbs,Mountain West,31.0,"[17, 7, 0, 7]",1.0,1622.0,1627.0,3.254392040823553,29181.0,False,False,Laramie,WY,82071.0,US,America/Denver,41.31161,-105.5681384,2200.153564,1950.0,2025-10-04,10.4,0.0,0.2,0.6806140982145917,0.0,False,False,False,False,False
401756913,2025,6,2025-10-04T23:00:00.000Z,False,False,True,42806.0,4728,TDECU Stadium,248,Houston,Big 12,11.0,"[3, 8, 0, 0]",0.0017014285549521,1490.0,1456.0,2641,Texas Tech,fbs,Big 12,35.0,"[15, 10, 3, 7]",0.998298571445048,1751.0,1785.0,4.3021884566467214,40000.0,False,False,Houston,TX,77004.0,US,America/Chicago,29.7219885,-95.3491623,9.57440567,2014.0,2025-10-04,29.7,0.0,11.4,1.07015,1.0,False,False,True,False,False
401754553,2025,6,2025-10-04T23:30:00.000Z,False,False,True,67277.0,3697,Doak Campbell Stadium,52,Florida State,ACC,22.0,"[3, 0, 0, 19]",0.0358876995742321,1564.0,1573.0,2390,Miami,fbs,ACC,28.0,"[7, 7, 14, 0]",0.964112300425768,1852.0,1843.0,4.2630519356314,67277.0,True,False,Tallahassee,FL,32306.0,US,America/New_York,30.4381692,-84.3044032,19.55942535,1950.0,2025-10-04,27.4,0.0,15.9,1.0,1.0,False,False,False,False,False
401756915,2025,6,2025-10-04T23:30:00.000Z,False,False,True,43229.0,3652,FBC Mortgage Stadium,2116,UCF,Big 12,20.0,"[7, 13, 0, 0]",0.0747774243354797,1579.0,1572.0,2305,Kansas,fbs,Big 12,27.0,"[0, 14, 13, 0]",0.9252225756645204,1664.0,1671.0,5.384533111657922,44206.0,True,False,Orlando,FL,32816.0,US,America/New_York,28.6079765,-81.1927233,20.94113731,2007.0,2025-10-04,24.9,0.0,13.9,0.9778989277473646,1.0,False,False,False,False,False
401756914,2025,6,2025-10-04T23:30:00.000Z,False,False,True,43160.0,3616,Amon G. Carter Stadium,2628,TCU,Big 12,35.0,"[0, 14, 0, 21]",0.9767547249794006,1732.0,1751.0,38,Colorado,fbs,Big 12,21.0,"[0, 14, 0, 7]",0.0232452750205993,1618.0,1599.0,7.391437085165478,46000.0,True,False,Fort Worth,TX,76129.0,US,America/Chicago,32.7096604,-97.3680835,185.4387054,1929.0,2025-10-04,29.4,0.0,14.1,0.9382608695652174,1.0,False,False,False,False,False
401752730,2025,6,2025-10-04T23:30:00.000Z,False,False,True,108572.0,3795,Kyle Field,245,Texas A&M,SEC,31.0,"[0, 7, 7, 17]",0.9942386746406556,1753.0,1782.0,344,Mississippi State,fbs,SEC,9.0,"[3, 0, 0, 6]",0.0057613253593444,1523.0,1494.0,3.4951418576507356,102733.0,True,False,College Station,TX,77843.0,US,America/Chicago,30.6098891,-96.3403828,108.824585,1927.0,2025-10-04,30.6,0.0,16.2,1.0568366542396308,1.0,False,False,True,False,False
401752859,2025,6,2025-10-04T23:30:00.000Z,False,False,True,105114.0,3861,Ohio Stadium,194,Ohio State,Big Ten,42.0,"[7, 14, 7, 14]",0.9900946021080016,2021.0,2078.0,135,Minnesota,fbs,Big Ten,3.0,"[3, 0, 0, 0]",0.0099053978919982,1594.0,1537.0,2.2398531878981753,102780.0,False,False,Columbus,OH,43210.0,US,America/New_York,40.0016447,-83.0197266,216.6770325,1922.0,2025-10-04,23.9,0.0,6.0,1.0227086981903093,1.0,False,False,True,False,False
401762478,2025,6,2025-10-05T00:00:00.000Z,False,False,True,27303.0,3805,Simmons Bank Liberty Stadium,235,Memphis,American Athletic,45.0,"[7, 21, 10, 7]",0.9879499673843384,1689.0,1723.0,202,Tulsa,fbs,American Athletic,7.0,"[0, 7, 0, 0]",0.0120500326156616,1079.0,1045.0,3.022417484440957,58325.0,False,False,Memphis,TN,38152.0,US,America/Chicago,35.1209429,-89.977147,90.62445831,1965.0,2025-10-05,25.3,0.0,8.6,0.4681183026146592,0.0,False,False,False,False,False
401754551,2025,6,2025-10-05T02:30:00.000Z,False,False,True,42240.0,3831,California Memorial Stadium,25,California,ACC,21.0,"[14, 7, 0, 0]",0.0096748229116201,1455.0,1408.0,150,Duke,fbs,ACC,45.0,"[7, 24, 0, 14]",0.99032517708838,1598.0,1645.0,4.772030131847419,62467.0,False,False,Berkeley,CA,94720.0,US,America/Los_Angeles,37.8710434,-122.2507729,125.3108063,1923.0,2025-10-05,16.0,0.0,7.1,0.6761970320329134,0.0,False,False,False,False,False
401760383,2025,6,2025-10-05T02:30:00.000Z,False,False,True,40005.0,3660,Valley Children's Stadium,278,Fresno State,Mountain West,20.0,"[0, 20, 0, 0]",0.9091994166374208,1510.0,1508.0,2440,Nevada,fbs,Mountain West,17.0,"[3, 0, 7, 7]",0.0908005833625793,1257.0,1259.0,5.041799954848204,41031.0,False,False,Fresno,CA,93740.0,US,America/Los_Angeles,36.8143527,-119.7580092,102.564064,1980.0,2025-10-05,22.8,0.0,5.6,0.974994516341303,1.0,False,False,False,False,False
401757278,2025,7,2025-10-08T23:30:00.000Z,False,False,True,9806.0,3725,"Johnny ""Red"" Floyd Stadium",2393,Middle Tennessee,Conference USA,20.0,"[3, 10, 0, 7]",0.1189020425081253,1175.0,1181.0,2623,Missouri State,fbs,Conference USA,22.0,"[0, 16, 3, 3]",0.8810979574918747,1335.0,1329.0,6.335220540226636,30788.0,False,False,Murfreesboro,TN,37132.0,US,America/Chicago,35.8511463,-86.3681649,191.7279816,1933.0,2025-10-08,20.7,0.0,15.8,0.3185007145641159,0.0,False,False,False,False,False
401757277,2025,7,2025-10-09T00:00:00.000Z,False,False,True,9286.0,3946,Sun Bowl,2638,UTEP,Conference USA,8.0,"[0, 0, 0, 8]",0.0,1205.0,1200.0,2335,Liberty,fbs,Conference USA,19.0,"[7, 6, 6, 0]",1.0,1421.0,1426.0,3.2463058882707863,51500.0,False,False,El Paso,TX,79968.0,US,America/Denver,31.7733353,-106.507957,1183.697876,1963.0,2025-10-09,26.7,0.0,17.0,0.1803106796116504,0.0,False,False,False,False,False
401757280,2025,7,2025-10-09T23:00:00.000Z,False,False,True,9585.0,4899,Fifth Third Stadium,338,Kennesaw State,Conference USA,35.0,"[0, 14, 7, 14]",0.9933742880821228,1223.0,1332.0,2348,Louisiana Tech,fbs,Conference USA,7.0,"[7, 0, 0, 0]",0.0066257119178771,1490.0,1381.0,3.4898260862460013,11040.0,True,False,Kennesaw,GA,30144.0,US,America/New_York,34.0289318,-84.5676234,296.9589844,2010.0,2025-10-09,19.6,0.0,11.3,0.8682065217391305,0.0,False,False,False,False,False
401762480,2025,7,2025-10-09T23:30:00.000Z,False,False,True,20035.0,4729,Yulman Stadium,2655,Tulane,American Athletic,26.0,"[3, 9, 0, 14]",0.8662735819816589,1572.0,1580.0,151,East Carolina,fbs,American Athletic,19.0,"[0, 0, 16, 3]",0.133726418018341,1548.0,1540.0,5.097665639948918,30000.0,False,False,New Orleans,LA,70118.0,US,America/Chicago,29.944616,-90.116692,0.0,2014.0,2025-10-09,28.3,0.0,4.2,0.6678333333333333,0.0,False,False,False,False,False
401761622,2025,7,2025-10-10T00:00:00.000Z,False,False,True,20032.0,3608,Allen E. Paulson Stadium,290,Georgia Southern,Sun Belt,35.0,"[7, 0, 14, 14]",0.0501914210617542,1324.0,1316.0,2572,Southern Miss,fbs,Sun Belt,38.0,"[7, 21, 7, 3]",0.9498085789382458,1265.0,1273.0,6.0306831730253965,25000.0,False,False,Statesboro,GA,30460.0,US,America/New_York,32.4122471,-81.7849296,61.25376892,1984.0,2025-10-10,19.6,0.0,15.1,0.80128,0.0,False,False,False,False,False
401757279,2025,7,2025-10-10T00:00:00.000Z,False,True,True,5419.0,3631,BBVA Compass Stadium,2534,Sam Houston,Conference USA,27.0,"[0, 14, 7, 6]",0.4215710461139679,1161.0,1173.0,55,Jacksonville State,fbs,Conference USA,29.0,"[7, 10, 0, 12]",0.5784289538860321,1529.0,1517.0,7.209385450509624,22000.0,True,False,Houston,TX,77003.0,US,America/Chicago,29.7521988,-95.3524146,13.68128395,2012.0,2025-10-10,30.8,0.0,8.6,0.2463181818181818,,False,False,False,False,False
401762481,2025,7,2025-10-10T23:30:00.000Z,False,False,True,31386.0,3825,DATCU Stadium,249,North Texas,American Athletic,36.0,"[14, 7, 7, 8]",0.0013628927990794,1616.0,1530.0,58,South Florida,fbs,American Athletic,63.0,"[7, 14, 28, 14]",0.9986371072009206,1521.0,1607.0,5.324575969232542,30850.0,False,False,Denton,TX,76210.0,US,America/Chicago,33.203899,-97.159245,198.6871948,2011.0,2025-10-10,29.2,0.0,6.0,1.0173743922204217,1.0,False,False,True,False,False
401752862,2025,7,2025-10-11T01:00:00.000Z,False,False,True,63743.0,3765,Husky Stadium,264,Washington,Big Ten,38.0,"[0, 10, 21, 7]",0.9742462038993835,1666.0,1701.0,164,Rutgers,fbs,Big Ten,19.0,"[10, 3, 6, 0]",0.0257537961006164,1582.0,1547.0,6.099229154473839,70138.0,False,False,Seattle,WA,98195.0,US,America/Los_Angeles,47.6503235,-122.3015746,11.65622807,1920.0,2025-10-11,15.0,0.0,12.7,0.9088226068607602,1.0,False,False,False,False,False
401760388,2025,7,2025-10-11T01:00:00.000Z,False,False,True,27874.0,5388,Canvas Stadium,36,Colorado State,Mountain West,49.0,"[14, 21, 0, 14]",0.9976986050605774,1281.0,1384.0,278,Fresno State,fbs,Mountain West,21.0,"[0, 14, 7, 0]",0.0023013949394226,1508.0,1405.0,3.34121586475619,36500.0,False,False,Fort Collins,CO,80521.0,US,America/Denver,40.570015,-105.088435,1528.4,2017.0,2025-10-11,15.1,0.0,0.9,0.7636712328767123,0.0,False,False,False,False,False
401752734,2025,7,2025-10-11T16:00:00.000Z,False,False,True,57321.0,3838,Memorial Stadium,142,Missouri,SEC,24.0,"[7, 3, 7, 7]",0.1298093348741531,1781.0,1788.0,333,Alabama,fbs,SEC,27.0,"[7, 10, 3, 7]",0.8701906651258469,1974.0,1967.0,6.769031039615297,71168.0,False,False,Columbia,MO,65211.0,US,America/Chicago,38.9358491,-92.3332009,212.6865692,1927.0,2025-10-11,19.5,0.0,4.5,0.8054322167266187,0.0,False,False,False,False,False
401762835,2025,7,2025-10-11T16:00:00.000Z,False,False,True,24000.0,3700,Doyt L. Perry Stadium,189,Bowling Green,Mid-American,28.0,"[0, 7, 7, 14]",0.6695540547370911,1411.0,1422.0,2649,Toledo,fbs,Mid-American,23.0,"[14, 7, 0, 2]",0.3304459452629089,1562.0,1551.0,4.618460980246395,24000.0,False,False,Bowling Green,OH,43403.0,US,America/New_York,41.3780114,-83.6225,205.9057465,1966.0,2025-10-11,17.1,0.0,10.1,1.0,1.0,False,False,False,False,False
401756920,2025,7,2025-10-11T16:00:00.000Z,False,False,True,44941.0,3646,Boone Pickens Stadium,197,Oklahoma State,Big 12,17.0,"[7, 3, 0, 7]",0.0209532901644706,1128.0,1107.0,248,Houston,fbs,Big 12,39.0,"[10, 14, 12, 3]",0.9790467098355292,1456.0,1477.0,4.179605229194508,55509.0,False,False,Stillwater,OK,74078.0,US,America/Chicago,36.125673,-97.066513,276.4808655,1919.0,2025-10-11,24.7,0.0,6.2,0.8096164585923004,0.0,False,False,False,False,False
401761625,2025,7,2025-10-11T16:00:00.000Z,False,False,True,,3651,Bridgeforth Stadium,256,James Madison,Sun Belt,24.0,"[0, 7, 7, 10]",0.9947808980941772,1645.0,1643.0,309,Louisiana,fbs,Sun Belt,14.0,"[0, 14, 0, 0]",0.0052191019058227,1367.0,1369.0,5.265986701294481,24877.0,False,False,Harrisonburg,VA,22807.0,US,America/New_York,38.4352919,-78.8729349,399.303009,1975.0,2025-10-11,14.8,0.0,2.8,,,True,False,False,False,False
401754559,2025,7,2025-10-11T16:00:00.000Z,False,False,True,65256.0,3697,Doak Campbell Stadium,52,Florida State,ACC,31.0,"[7, 14, 3, 7]",0.2889930009841919,1573.0,1572.0,221,Pittsburgh,fbs,ACC,34.0,"[7, 7, 7, 13]",0.7110069990158081,1624.0,1625.0,7.152016154781661,67277.0,True,False,Tallahassee,FL,32306.0,US,America/New_York,30.4381692,-84.3044032,19.55942535,1950.0,2025-10-11,23.0,0.0,16.3,0.9699600160530344,1.0,False,False,False,False,False
401752865,2025,7,2025-10-11T16:00:00.000Z,False,False,True,60670.0,3832,"Memorial Stadium (Champaign, IL)",356,Illinois,Big Ten,16.0,"[0, 3, 7, 6]",0.0380934961140155,1585.0,1589.0,194,Ohio State,fbs,Big Ten,34.0,"[10, 10, 7, 7]",0.9619065038859844,2078.0,2074.0,3.495212533410147,60670.0,False,False,Champaign,IL,61820.0,US,America/Chicago,40.0993268,-88.2359569,223.2471619,1923.0,2025-10-11,19.3,0.0,12.0,1.0,1.0,False,False,False,False,False
401754561,2025,7,2025-10-11T16:00:00.000Z,False,False,True,30654.0,3735,Gerald J. Ford Stadium,2567,SMU,ACC,34.0,"[7, 10, 7, 10]",0.982194483280182,1695.0,1709.0,24,Stanford,fbs,ACC,10.0,"[0, 7, 3, 0]",0.0178055167198181,1255.0,1241.0,3.0702369618575003,32000.0,False,False,University Park,TX,75275.0,US,America/Chicago,32.8377223,-96.7827859,169.4058075,2000.0,2025-10-11,26.0,0.0,3.7,0.9579375,1.0,False,False,False,False,False
401762833,2025,7,2025-10-11T16:00:00.000Z,False,False,True,6575.0,3768,InfoCision Stadium,2006,Akron,Mid-American,7.0,"[0, 0, 0, 7]",0.0,1009.0,1018.0,193,Miami (OH),fbs,Mid-American,20.0,"[0, 3, 14, 3]",1.0,1449.0,1440.0,3.3376481574054546,30000.0,False,False,Akron,OH,44399.0,US,America/New_York,41.0725534,-81.5083408,321.2875061,2009.0,2025-10-11,17.9,0.1,7.7,0.2191666666666666,0.0,False,False,False,False,False
401752863,2025,7,2025-10-11T16:00:00.000Z,False,False,True,72109.0,3936,Spartan Stadium,127,Michigan State,Big Ten,13.0,"[7, 0, 0, 6]",0.0009458241984248,1415.0,1343.0,26,UCLA,fbs,Big Ten,38.0,"[10, 14, 14, 0]",0.9990541758015752,1373.0,1445.0,3.6543543575854263,75005.0,True,False,East Lansing,MI,48824.0,US,America/Detroit,42.7281474,-84.4848526,254.8794861,1923.0,2025-10-11,14.6,0.0,14.0,0.9613892407172856,1.0,False,False,False,False,False
401762483,2025,7,2025-10-11T16:00:00.000Z,False,False,True,31172.0,3841,Michie Stadium,349,Army,American Athletic,24.0,"[7, 10, 7, 0]",0.9966606497764589,1551.0,1552.0,2429,Charlotte,fbs,American Athletic,7.0,"[0, 0, 0, 7]",0.0033393502235412,1144.0,1143.0,2.2951208124148885,38000.0,False,False,West Point,NY,10996.0,US,America/New_York,41.3874924,-73.9640891,99.21277618,1924.0,2025-10-11,15.2,0.0,7.3,0.8203157894736842,0.0,False,False,False,False,False
401756917,2025,7,2025-10-11T16:00:00.000Z,False,False,True,35782.0,3854,Nippert Stadium,2132,Cincinnati,Big 12,20.0,"[7, 10, 0, 3]",0.975276529788971,1541.0,1558.0,2116,UCF,fbs,Big 12,11.0,"[0, 3, 0, 8]",0.024723470211029,1572.0,1555.0,2.636105198957938,40000.0,False,False,Cincinnati,OH,45221.0,US,America/New_York,39.1312495,-84.5161913,230.0660553,1915.0,2025-10-11,18.0,0.0,3.9,0.89455,0.0,False,False,False,False,False
401752733,2025,7,2025-10-11T16:45:00.000Z,False,False,False,66392.0,3974,Vaught-Hemingway Stadium,145,Ole Miss,SEC,24.0,"[0, 10, 7, 7]",0.8845190405845642,1977.0,1971.0,265,Washington State,fbs,Pac-12,21.0,"[7, 0, 7, 7]",0.1154809594154357,1355.0,1361.0,5.373502448379028,64038.0,True,False,Oxford,MS,38677.0,US,America/Chicago,34.3619837,-89.5342076,146.8517151,1915.0,2025-10-11,23.3,0.0,3.6,1.036759424091945,1.0,False,False,True,False,False
401762836,2025,7,2025-10-11T17:00:00.000Z,False,False,True,15676.0,3912,Rynearson Stadium,2199,Eastern Michigan,Mid-American,16.0,"[3, 3, 0, 10]",0.9610708355903624,1198.0,1213.0,2459,Northern Illinois,fbs,Mid-American,10.0,"[0, 3, 7, 0]",0.0389291644096374,1356.0,1341.0,4.819976326098797,30200.0,False,False,Ypsilanti,MI,48197.0,US,America/Detroit,42.256126,-83.647285,241.248764,1969.0,2025-10-11,15.3,0.0,11.9,0.5190728476821193,0.0,False,False,False,False,False
401762837,2025,7,2025-10-11T18:30:00.000Z,False,False,True,11523.0,3696,Dix Stadium,2309,Kent State,Mid-American,42.0,"[14, 7, 21, 0]",0.9943628311157228,838.0,966.0,113,Massachusetts,fbs,Mid-American,6.0,"[0, 6, 0, 0]",0.0056371688842773,1017.0,889.0,1.8487384351500185,25319.0,False,False,Kent,OH,44242.0,US,America/New_York,41.1390935,-81.31346,321.3641663,1969.0,2025-10-11,19.1,0.0,9.9,0.4551127611675026,0.0,False,False,False,False,False
401754563,2025,7,2025-10-11T19:30:00.000Z,False,False,False,29710.0,3893,Reser Stadium,204,Oregon State,Pac-12,14.0,"[0, 0, 0, 14]",0.070402517914772,1302.0,1248.0,154,Wake Forest,fbs,ACC,39.0,"[15, 10, 7, 7]",0.929597482085228,1409.0,1463.0,3.0025001196704193,43363.0,False,False,Corvallis,OR,97331.0,US,America/Los_Angeles,44.5594559,-123.2814341,66.90744781,1953.0,2025-10-11,14.4,0.2,13.2,0.6851463229020133,0.0,False,False,False,False,False
401754562,2025,7,2025-10-11T19:30:00.000Z,False,False,False,77622.0,3855,Notre Dame Stadium,87,Notre Dame,FBS Independents,36.0,"[7, 3, 14, 12]",0.9864176511764526,2194.0,2196.0,152,NC State,fbs,ACC,7.0,"[0, 7, 0, 0]",0.0135823488235473,1489.0,1487.0,4.13579605947671,80795.0,False,False,Notre Dame,IN,46556.0,US,America/Indiana/Indianapolis,41.698378,-86.2339425,222.645401,1930.0,2025-10-11,17.4,0.0,10.0,0.960727767807414,1.0,False,False,False,False,False
401756919,2025,7,2025-10-11T19:30:00.000Z,False,False,True,51316.0,3636,Bill Snyder Family Stadium,2306,Kansas State,Big 12,41.0,"[0, 14, 14, 13]",0.9988245368003844,1662.0,1695.0,2628,TCU,fbs,Big 12,28.0,"[0, 7, 7, 14]",0.0011754631996154,1751.0,1718.0,4.311708038251212,50000.0,False,False,Manhattan,KS,66502.0,US,America/Chicago,39.2020096,-96.5938395,328.0574646,1968.0,2025-10-11,26.4,0.0,21.3,1.02632,1.0,False,False,True,False,False
401756918,2025,7,2025-10-11T19:30:00.000Z,False,False,True,52698.0,3726,Folsom Field,38,Colorado,Big 12,24.0,"[7, 0, 14, 3]",0.9795348048210144,1599.0,1611.0,66,Iowa State,fbs,Big 12,17.0,"[0, 10, 7, 0]",0.0204651951789855,1634.0,1622.0,5.620581706607601,50183.0,True,False,Boulder,CO,80309.0,US,America/Denver,40.0094746,-105.266905,1634.041138,1924.0,2025-10-11,17.3,0.0,4.9,1.0501165733415698,1.0,False,False,True,False,False
401760386,2025,7,2025-10-11T19:30:00.000Z,False,False,True,32932.0,6501,Allegiant Stadium,2439,UNLV,Mountain West,51.0,"[7, 6, 16, 22]",0.7981698513031006,1627.0,1625.0,2005,Air Force,fbs,Mountain West,48.0,"[7, 14, 7, 20]",0.2018301486968994,1352.0,1354.0,9.358486001155995,65000.0,False,True,Las Vegas,NV,89118.0,US,America/Los_Angeles,36.09075,-115.183722,666.0,2020.0,2025-10-11,28.2,0.0,16.8,0.5066461538461539,0.0,False,False,False,False,False
401754560,2025,7,2025-10-11T19:30:00.000Z,False,False,True,50878.0,721,Bobby Dodd Stadium,59,Georgia Tech,ACC,35.0,"[15, 6, 7, 7]",0.9663555026054382,1568.0,1588.0,259,Virginia Tech,fbs,ACC,20.0,"[0, 7, 7, 6]",0.0336444973945617,1439.0,1419.0,2.3769529767711317,55000.0,False,False,Atlanta,GA,30332.0,US,America/New_York,33.7724449,-84.3928054,279.300415,1913.0,2025-10-11,23.6,0.0,9.7,0.9250545454545456,1.0,False,False,False,False,False
401762834,2025,7,2025-10-11T19:30:00.000Z,False,False,True,20032.0,3980,Waldo Stadium,2711,Western Michigan,Mid-American,42.0,"[7, 14, 7, 14]",0.994542121887207,1276.0,1379.0,2050,Ball State,fbs,Mid-American,0.0,"[0, 0, 0, 0]",0.0054578781127929,1131.0,1028.0,2.4716812597707336,30200.0,False,False,Kalamazoo,MI,49008.0,US,America/Detroit,42.2860064,-85.6007573,243.8211212,1939.0,2025-10-11,15.8,0.0,10.5,0.6633112582781457,0.0,False,False,False,False,False
401761626,2025,7,2025-10-11T19:30:00.000Z,False,False,True,23515.0,3775,Joan C. Edwards Stadium,276,Marshall,Sun Belt,48.0,"[7, 17, 17, 7]",0.9955727458000184,1508.0,1582.0,295,Old Dominion,fbs,Sun Belt,24.0,"[7, 3, 0, 14]",0.0044272541999816,1628.0,1554.0,4.323536814197387,38016.0,False,False,Huntington,WV,25755.0,US,America/New_York,38.4247042,-82.4214412,163.7328186,1991.0,2025-10-11,22.4,0.0,4.4,0.6185553451178452,0.0,False,False,False,False,False
401752736,2025,7,2025-10-11T19:30:00.000Z,False,True,True,92100.0,499,Cotton Bowl,251,Texas,SEC,23.0,"[0, 3, 10, 10]",0.9899123311042786,1936.0,1964.0,201,Oklahoma,fbs,SEC,6.0,"[3, 3, 0, 0]",0.0100876688957214,1769.0,1741.0,4.19443888245953,92100.0,False,False,Dallas,TX,75210.0,US,America/Chicago,32.779722,-96.759722,133.2241211,1930.0,2025-10-11,31.4,0.0,4.5,1.0,,False,False,False,False,False
401752870,2025,7,2025-10-11T19:30:00.000Z,False,False,True,59625.0,3626,Autzen Stadium,2483,Oregon,Big Ten,20.0,"[7, 3, 3, 7]",0.0970106422901153,2018.0,1996.0,84,Indiana,fbs,Big Ten,30.0,"[10, 3, 7, 10]",0.9029893577098846,2000.0,2022.0,5.790429511289678,54000.0,False,False,Eugene,OR,97401.0,US,America/Los_Angeles,44.0582712,-123.0684883,127.4198303,1967.0,2025-10-11,14.3,0.0,12.4,1.1041666666666667,1.0,False,False,True,False,False
401752866,2025,7,2025-10-11T19:30:00.000Z,False,False,True,108121.0,3632,Beaver Stadium,213,Penn State,Big Ten,21.0,"[0, 14, 0, 7]",0.7152867913246155,2028.0,1996.0,77,Northwestern,fbs,Big Ten,22.0,"[3, 10, 0, 9]",0.2847132086753845,1478.0,1510.0,6.179311855515855,106572.0,True,False,University Park,PA,16802.0,US,America/New_York,40.8121958,-77.8561023,354.1551514,1960.0,2025-10-11,17.8,0.0,13.4,1.0145347746124689,1.0,False,False,True,False,False
401752867,2025,7,2025-10-11T19:30:00.000Z,False,False,True,39623.0,3665,SECU Stadium,120,Maryland,Big Ten,31.0,"[0, 17, 14, 0]",0.565939724445343,1573.0,1576.0,158,Nebraska,fbs,Big Ten,34.0,"[7, 17, 0, 10]",0.434060275554657,1702.0,1699.0,6.460996284830717,51802.0,False,False,College Park,MD,20742.0,US,America/New_York,38.9903332,-76.9473792,32.68748093,1950.0,2025-10-11,20.3,0.0,9.5,0.7648932473649666,0.0,False,False,False,False,False
401761624,2025,7,2025-10-11T19:30:00.000Z,False,False,True,19587.0,4246,Center Parc Stadium,2247,Georgia State,Sun Belt,20.0,"[0, 0, 14, 6]",0.0186277907341718,1150.0,1116.0,2026,App State,fbs,Sun Belt,41.0,"[7, 10, 21, 3]",0.981372209265828,1326.0,1360.0,3.3372824593976382,25000.0,False,False,Atlanta,GA,30315.0,US,America/New_York,33.735267,-84.389949,287.0,2017.0,2025-10-11,23.4,0.0,9.6,0.78348,0.0,False,False,False,False,False
401762484,2025,7,2025-10-11T20:00:00.000Z,False,False,True,26149.0,3806,Lincoln Financial Field,218,Temple,American Athletic,31.0,"[7, 10, 7, 7]",0.6812015175819397,1228.0,1241.0,2426,Navy,fbs,American Athletic,32.0,"[7, 0, 14, 11]",0.3187984824180603,1546.0,1533.0,6.2423048366125435,69879.0,False,False,Philadelphia,PA,19122.0,US,America/New_York,39.9007995,-75.1675414,3.198706865,2003.0,2025-10-11,18.7,0.4,9.5,0.3742039811674466,0.0,False,False,False,False,False
401752735,2025,7,2025-10-11T20:15:00.000Z,False,False,True,101915.0,3853,Neyland Stadium,2633,Tennessee,SEC,34.0,"[7, 10, 10, 7]",0.8328769207000732,1827.0,1825.0,8,Arkansas,fbs,SEC,31.0,"[10, 7, 0, 14]",0.1671230792999267,1608.0,1610.0,5.12397736458338,102455.0,True,False,Knoxville,TN,37996.0,US,America/New_York,35.9550131,-83.9250128,271.9517212,1921.0,2025-10-11,22.3,0.0,11.6,0.994729393392221,1.0,False,False,False,False,False
401762482,2025,7,2025-10-11T22:00:00.000Z,False,False,True,20052.0,3715,FAU Stadium,2226,Florida Atlantic,American Athletic,53.0,"[21, 14, 15, 3]",1.0,1219.0,1270.0,5,UAB,fbs,American Athletic,33.0,"[0, 14, 16, 3]",0.0,1260.0,1209.0,1.8945495929790197,29419.0,False,False,Boca Raton,FL,33499.0,US,America/New_York,26.3763763,-80.1015759,3.613628864,2011.0,2025-10-11,26.5,0.0,7.9,0.6816003263197253,0.0,False,False,False,False,False
401761623,2025,7,2025-10-11T23:00:00.000Z,False,False,True,15211.0,3654,Brooks Stadium (SC),324,Coastal Carolina,Sun Belt,23.0,"[6, 10, 7, 0]",0.9057210683822632,1182.0,1206.0,2433,UL Monroe,fbs,Sun Belt,8.0,"[0, 0, 8, 0]",0.0942789316177368,1101.0,1077.0,3.101859981932509,21000.0,False,False,Conway,SC,29528.0,US,America/New_York,33.7928506,-79.0166946,13.74894905,2003.0,2025-10-11,17.2,2.9,26.7,0.7243333333333334,0.0,False,False,False,False,False
401760391,2025,7,2025-10-11T23:00:00.000Z,False,False,True,20970.0,3984,War Memorial Stadium,2751,Wyoming,Mountain West,35.0,"[7, 7, 0, 21]",0.4360280334949493,1321.0,1337.0,23,San José State,fbs,Mountain West,28.0,"[14, 14, 0, 0]",0.5639719665050507,1433.0,1417.0,6.175670868403655,29181.0,False,False,Laramie,WY,82071.0,US,America/Denver,41.31161,-105.5681384,2200.153564,1950.0,2025-10-11,13.8,0.0,14.9,0.7186182790171687,0.0,False,False,False,False,False
401752737,2025,7,2025-10-11T23:00:00.000Z,False,False,True,105086.0,3795,Kyle Field,245,Texas A&M,SEC,34.0,"[14, 7, 3, 10]",0.9996259808540344,1782.0,1808.0,57,Florida,fbs,SEC,17.0,"[14, 0, 3, 0]",0.0003740191459655,1665.0,1639.0,3.5273446774125765,102733.0,True,False,College Station,TX,77843.0,US,America/Chicago,30.6098891,-96.3403828,108.824585,1927.0,2025-10-11,31.2,0.0,7.4,1.0229040327840129,1.0,False,False,True,False,False
401752869,2025,7,2025-10-11T23:00:00.000Z,False,False,True,76064.0,347,Camp Randall Stadium,275,Wisconsin,Big Ten,0.0,"[0, 0, 0, 0]",0.0087848752737045,1540.0,1459.0,2294,Iowa,fbs,Big Ten,37.0,"[17, 6, 7, 7]",0.9912151247262956,1743.0,1824.0,2.1669036104572132,80321.0,False,False,Madison,WI,53711.0,US,America/Chicago,43.06994,-89.4126943,263.604126,1917.0,2025-10-11,16.0,0.0,6.0,0.9470001618505746,1.0,False,False,False,False,False
401752731,2025,7,2025-10-11T23:30:00.000Z,False,False,True,88043.0,3785,Jordan-Hare Stadium,2,Auburn,SEC,10.0,"[7, 3, 0, 0]",0.4386319816112518,1676.0,1684.0,61,Georgia,fbs,SEC,20.0,"[0, 3, 10, 7]",0.5613680183887482,2033.0,2025.0,3.7158594869496846,87451.0,True,False,Auburn,AL,36849.0,US,America/Chicago,32.6025532,-85.4897479,201.1737976,1939.0,2025-10-11,20.9,0.0,6.7,1.0067695052086312,1.0,False,False,True,False,False
401762485,2025,7,2025-10-11T23:30:00.000Z,False,False,True,22058.0,3604,Alamodome,2636,UTSA,American Athletic,61.0,"[21, 17, 23, 0]",0.9894030094146729,1471.0,1588.0,242,Rice,fbs,American Athletic,13.0,"[3, 7, 0, 3]",0.0105969905853271,1273.0,1156.0,2.2423407780473745,36582.0,False,True,San Antonio,TX,78299.0,US,America/Chicago,29.4169834,-98.4788143,201.5526886,1993.0,2025-10-11,31.8,0.0,9.1,0.6029741402875731,0.0,False,False,False,False,False
401752864,2025,7,2025-10-11T23:30:00.000Z,False,False,True,49254.0,3953,Huntington Bank Stadium,135,Minnesota,Big Ten,27.0,"[0, 13, 0, 14]",0.3324294686317444,1537.0,1534.0,2509,Purdue,fbs,Big Ten,20.0,"[7, 10, 3, 0]",0.6675705313682556,1311.0,1314.0,6.680073664999941,50850.0,False,False,Minneapolis,MN,55488.0,US,America/Chicago,44.976525,-93.2245462,254.3902283,2009.0,2025-10-11,17.0,0.0,17.3,0.968613569321534,1.0,False,False,False,False,False
401754558,2025,7,2025-10-11T23:30:00.000Z,False,False,True,42265.0,3615,"Alumni Stadium (Chestnut Hill, MA)",103,Boston College,ACC,10.0,"[3, 7, 0, 0]",0.0082413423806428,1349.0,1303.0,228,Clemson,fbs,ACC,41.0,"[10, 24, 0, 7]",0.9917586576193572,1688.0,1734.0,3.623254654189204,44500.0,False,False,Chestnut Hill,MA,2467.0,US,America/New_York,42.335104,-71.1664413,39.82634354,1957.0,2025-10-11,14.5,0.0,10.4,0.9497752808988764,1.0,False,False,False,False,False
401756921,2025,7,2025-10-11T23:30:00.000Z,False,False,True,60229.0,3784,Jones AT&T Stadium,2641,Texas Tech,Big 12,42.0,"[18, 3, 7, 14]",0.9748497009277344,1785.0,1835.0,2305,Kansas,fbs,Big 12,17.0,"[0, 17, 0, 0]",0.0251502990722656,1671.0,1621.0,3.776573182508832,60454.0,False,False,Lubbock,TX,79409.0,US,America/Chicago,33.5910518,-101.8728824,980.7632446,1947.0,2025-10-11,27.8,0.0,22.5,0.9962781619082276,1.0,False,False,False,False,False
401752868,2025,7,2025-10-11T23:30:00.000Z,False,False,True,75500.0,477,Los Angeles Memorial Coliseum,30,USC,Big Ten,31.0,"[7, 7, 7, 10]",0.9903444051742554,1865.0,1904.0,130,Michigan,fbs,Big Ten,13.0,"[0, 7, 0, 6]",0.0096555948257446,1851.0,1812.0,2.813885377187143,77500.0,True,False,Los Angeles,CA,90089.0,US,America/Los_Angeles,34.014167,-118.287778,42.50374222,1923.0,2025-10-11,26.6,0.0,8.5,0.9741935483870968,1.0,False,False,False,False,False
401752732,2025,7,2025-10-11T23:45:00.000Z,False,False,True,101921.0,3958,Tiger Stadium (LA),99,LSU,SEC,20.0,"[3, 7, 7, 3]",0.9584726095199584,1751.0,1763.0,2579,South Carolina,fbs,SEC,10.0,"[7, 0, 3, 0]",0.0415273904800415,1682.0,1670.0,4.958702234174087,102321.0,True,False,Baton Rouge,LA,70803.0,US,America/Chicago,30.412035,-91.1838163,7.640734673,1924.0,2025-10-11,27.9,0.0,9.4,0.9960907340624114,1.0,False,False,False,False,False
401756916,2025,7,2025-10-12T00:00:00.000Z,False,False,True,47960.0,3619,Arizona Stadium,12,Arizona,Big 12,27.0,"[7, 10, 0, 7, 3, 0]",0.4761094450950622,1467.0,1473.0,252,BYU,fbs,Big 12,33.0,"[14, 0, 0, 10, 3, 6]",0.5238905549049377,1701.0,1695.0,9.418590352527035,50782.0,False,False,Tucson,AZ,85721.0,US,America/Phoenix,32.2288054,-110.9488677,742.1530151,1928.0,2025-10-12,24.5,0.1,6.5,0.944429128431334,1.0,False,False,False,False,False
401761627,2025,7,2025-10-12T00:00:00.000Z,False,False,True,24369.0,3644,Bobcat Stadium (TX),326,Texas State,Sun Belt,41.0,"[28, 3, 7, 3, 0]",0.835141122341156,1579.0,1555.0,2653,Troy,fbs,Sun Belt,48.0,"[7, 10, 10, 14, 7]",0.164858877658844,1447.0,1471.0,6.582113673903993,30000.0,False,False,San Marcos,TX,78666.0,US,America/Chicago,29.8910008,-97.9255735,177.8676453,1981.0,2025-10-12,26.8,0.0,5.6,0.8123,0.0,False,False,False,False,False
401760387,2025,7,2025-10-12T01:45:00.000Z,False,False,True,32982.0,3653,Albertsons Stadium,68,Boise State,Mountain West,41.0,"[10, 7, 3, 21]",0.996815264225006,1654.0,1667.0,167,New Mexico,fbs,Mountain West,25.0,"[0, 14, 3, 8]",0.0031847357749938,1416.0,1403.0,4.229356450034913,36387.0,False,False,Boise,ID,83725.0,US,America/Boise,43.6028839,-116.1958882,823.2221069,1970.0,2025-10-12,13.0,0.0,8.9,0.906422623464424,1.0,False,False,False,False,False
401756922,2025,7,2025-10-12T02:15:00.000Z,False,False,True,51444.0,587,Rice-Eccles Stadium,254,Utah,Big 12,42.0,"[7, 14, 14, 7]",0.9942936897277832,1680.0,1773.0,9,Arizona State,fbs,Big 12,10.0,"[3, 0, 7, 0]",0.0057063102722167,1722.0,1629.0,2.318773229034503,51444.0,False,False,Salt Lake City,UT,84112.0,US,America/Denver,40.7599724,-111.8488255,1411.543579,1998.0,2025-10-12,6.6,1.2,7.3,1.0,1.0,False,False,False,False,False
401760390,2025,7,2025-10-12T02:30:00.000Z,False,False,True,19473.0,3816,Mackay Stadium,2440,Nevada,Mountain West,10.0,"[0, 0, 0, 10]",0.0,1259.0,1188.0,21,San Diego State,fbs,Mountain West,44.0,"[14, 21, 9, 0]",1.0,1463.0,1534.0,2.7710207793983725,27000.0,False,False,Reno,NV,89557.0,US,America/Los_Angeles,39.5469459,-119.8175435,1406.57605,1966.0,2025-10-12,10.3,0.0,7.0,0.7212222222222222,0.0,False,False,False,False,False
401760389,2025,7,2025-10-12T03:59:00.000Z,False,False,True,13023.0,7220,Clarence T.C. Ching Athletics Complex,62,Hawai'i,Mountain West,44.0,"[10, 14, 3, 17]",0.8383846879005432,1280.0,1335.0,328,Utah State,fbs,Mountain West,26.0,"[3, 17, 6, 0]",0.1616153120994568,1425.0,1370.0,6.577668914310783,15194.0,False,False,Honolulu,HI,96822.0,US,Pacific/Honolulu,21.294294,-157.819338,20.0,2015.0,2025-10-12,27.3,0.0,13.9,0.8571146505199421,0.0,False,False,False,False,False
401757282,2025,8,2025-10-14T23:00:00.000Z,False,False,True,16312.0,3992,Williams Stadium (VA),2335,Liberty,Conference USA,30.0,"[3, 17, 0, 10]",0.1489957123994827,1426.0,1424.0,166,New Mexico State,fbs,Conference USA,27.0,"[0, 6, 14, 7]",0.8510042876005173,1229.0,1231.0,6.354180523660053,25000.0,False,False,Lynchburg,VA,24502.0,US,America/New_York,37.3544305,-79.1750239,272.9237061,1989.0,2025-10-14,19.1,0.0,14.8,0.65248,0.0,False,False,False,False,False
401761628,2025,8,2025-10-14T23:30:00.000Z,False,False,True,19634.0,6526,Hancock Whitney Stadium,6,South Alabama,Sun Belt,14.0,"[7, 0, 7, 0]",0.3514746129512787,1421.0,1410.0,2032,Arkansas State,fbs,Sun Belt,15.0,"[0, 3, 0, 12]",0.6485253870487213,1224.0,1235.0,6.007573581603441,25450.0,False,False,Mobile,AL,36688.0,US,America/Chicago,30.696904,-88.192013,45.0,2020.0,2025-10-14,25.3,0.0,5.7,0.7714734774066798,0.0,False,False,False,False,False
401757281,2025,8,2025-10-15T00:00:00.000Z,False,False,True,12276.0,3796,Houchens Industries-L.T. Smith Stadium,98,Western Kentucky,Conference USA,6.0,"[3, 3, 0, 0]",0.0286298394203186,1424.0,1352.0,2229,Florida International,fbs,Conference USA,25.0,"[6, 13, 6, 0]",0.9713701605796814,1216.0,1288.0,3.3262775774847855,22113.0,False,False,Bowling Green,KY,42101.0,US,America/Chicago,36.9847901,-86.4594041,154.4346619,1968.0,2025-10-15,19.1,0.0,10.0,0.5551485551485551,0.0,False,False,False,False,False
401757283,2025,8,2025-10-15T23:00:00.000Z,False,False,True,16884.0,3662,AmFirst Stadium,55,Jacksonville State,Conference USA,38.0,"[7, 14, 14, 3]",0.9933927655220032,1517.0,1540.0,48,Delaware,fbs,Conference USA,25.0,"[0, 6, 6, 13]",0.0066072344779968,1491.0,1468.0,3.1959847532851486,24000.0,False,False,Jacksonville,AL,36265.0,US,America/Chicago,33.8201052,-85.76647,198.0679016,1947.0,2025-10-15,23.7,0.0,1.1,0.7035,0.0,False,False,False,False,False
401757284,2025,8,2025-10-15T23:00:00.000Z,False,True,True,4657.0,3631,BBVA Compass Stadium,2534,Sam Houston,Conference USA,17.0,"[7, 3, 7, 0]",0.2209788411855697,1173.0,1139.0,2638,UTEP,fbs,Conference USA,35.0,"[7, 7, 7, 14]",0.7790211588144302,1200.0,1234.0,6.415474181610054,22000.0,True,False,Houston,TX,77003.0,US,America/Chicago,29.7521988,-95.3524146,13.68128395,2012.0,2025-10-15,29.4,0.0,10.6,0.2116818181818182,,False,False,False,False,False
401762486,2025,8,2025-10-16T23:30:00.000Z,False,False,True,31307.0,3699,Dowdy-Ficklen Stadium,151,East Carolina,American Athletic,41.0,"[10, 14, 7, 10]",0.989390790462494,1540.0,1530.0,202,Tulsa,fbs,American Athletic,27.0,"[7, 7, 3, 10]",0.0106092095375061,1045.0,1055.0,4.473966791859087,50000.0,True,False,Greenville,NC,27858.0,US,America/New_York,35.5968486,-77.364564,19.0564537,1963.0,2025-10-16,14.7,0.0,8.5,0.62614,0.0,False,False,False,False,False
401754564,2025,8,2025-10-17T23:00:00.000Z,False,False,True,66573.0,3948,Hard Rock Stadium,2390,Miami,ACC,21.0,"[7, 3, 3, 8]",0.6015821099281311,1843.0,1832.0,97,Louisville,fbs,ACC,24.0,"[14, 0, 3, 7]",0.3984178900718689,1735.0,1746.0,6.084893249932992,64767.0,False,False,Miami Gardens,FL,33299.0,US,America/New_York,25.9579665,-80.2388604,2.624486446,1987.0,2025-10-17,24.5,0.0,9.6,1.0278845708462645,1.0,False,False,True,False,False
401752872,2025,8,2025-10-18T00:00:00.000Z,False,False,True,48549.0,3953,Huntington Bank Stadium,135,Minnesota,Big Ten,24.0,"[0, 7, 7, 10]",0.981297731399536,1534.0,1592.0,158,Nebraska,fbs,Big Ten,6.0,"[3, 3, 0, 0]",0.0187022686004638,1699.0,1641.0,2.8117471745196485,50850.0,False,False,Minneapolis,MN,55488.0,US,America/Chicago,44.976525,-93.2245462,254.3902283,2009.0,2025-10-18,17.5,0.0,10.8,0.9547492625368732,1.0,False,False,False,False,False
401760396,2025,8,2025-10-18T01:00:00.000Z,False,False,True,22710.0,3905,Maverik Stadium,328,Utah State,Mountain West,30.0,"[7, 3, 14, 6]",0.4866183698177337,1370.0,1376.0,23,San José State,fbs,Mountain West,25.0,"[3, 6, 10, 6]",0.5133816301822662,1417.0,1411.0,6.126946510509998,25513.0,False,False,Logan,UT,84322.0,US,America/Denver,41.7517394,-111.8116007,1427.914429,1968.0,2025-10-18,7.7,0.0,4.0,0.8901344412652373,0.0,False,False,False,False,False
401754371,2025,8,2025-10-18T02:30:00.000Z,False,False,True,33401.0,3831,California Memorial Stadium,25,California,ACC,21.0,"[14, 0, 7, 0]",0.7403112053871155,1408.0,1408.0,153,North Carolina,fbs,ACC,18.0,"[7, 3, 0, 8]",0.2596887946128845,1342.0,1342.0,4.470531145553338,62467.0,False,False,Berkeley,CA,94720.0,US,America/Los_Angeles,37.8710434,-122.2507729,125.3108063,1923.0,2025-10-18,17.1,0.0,1.1,0.5346983207133367,0.0,False,False,False,False,False
401762488,2025,8,2025-10-18T16:00:00.000Z,False,False,True,20027.0,4729,Yulman Stadium,2655,Tulane,American Athletic,24.0,"[0, 3, 7, 14]",0.6845576763153076,1580.0,1588.0,349,Army,fbs,American Athletic,17.0,"[0, 3, 7, 7]",0.3154423236846924,1552.0,1544.0,5.876755016290959,30000.0,False,False,New Orleans,LA,70118.0,US,America/Chicago,29.944616,-90.116692,0.0,2014.0,2025-10-18,27.9,0.5,15.9,0.6675666666666666,0.0,False,False,False,False,False
401754569,2025,8,2025-10-18T16:00:00.000Z,False,False,False,38917.0,3615,"Alumni Stadium (Chestnut Hill, MA)",103,Boston College,ACC,23.0,"[6, 14, 0, 3]",0.2284274846315384,1303.0,1291.0,41,UConn,fbs,FBS Independents,38.0,"[7, 10, 14, 7]",0.7715725153684616,1541.0,1553.0,6.2886720268955845,44500.0,False,False,Chestnut Hill,MA,2467.0,US,America/New_York,42.335104,-71.1664413,39.82634354,1957.0,2025-10-18,13.2,0.0,1.8,0.8745393258426967,0.0,False,False,False,False,False
401754566,2025,8,2025-10-18T16:00:00.000Z,False,False,True,27846.0,3982,Wallace Wade Stadium,150,Duke,ACC,18.0,"[0, 7, 3, 8]",0.1350423246622085,1645.0,1622.0,59,Georgia Tech,fbs,ACC,27.0,"[7, 0, 3, 17]",0.8649576753377914,1588.0,1611.0,5.815864619099065,40004.0,True,False,Durham,NC,27708.0,US,America/New_York,35.9953688,-78.9417564,103.0028152,1929.0,2025-10-18,20.0,0.0,8.2,0.696080391960804,0.0,False,False,False,False,False
401752745,2025,8,2025-10-18T16:00:00.000Z,False,False,True,35000.0,3973,FirstBank Stadium,238,Vanderbilt,SEC,31.0,"[7, 10, 14, 0]",0.9556613564491272,1742.0,1753.0,99,LSU,fbs,SEC,24.0,"[3, 10, 8, 3]",0.0443386435508728,1763.0,1752.0,4.356349337034045,40351.0,False,False,Nashville,TN,37212.0,US,America/Chicago,36.1440455,-86.8088942,159.9194641,1922.0,2025-10-18,26.8,0.0,13.2,0.8673886644692821,0.0,False,False,False,False,False
401752873,2025,8,2025-10-18T16:00:00.000Z,False,False,True,110701.0,3558,Michigan Stadium,130,Michigan,Big Ten,24.0,"[7, 0, 7, 10]",0.9841411113739014,1812.0,1839.0,264,Washington,fbs,Big Ten,7.0,"[0, 7, 0, 0]",0.0158588886260986,1701.0,1674.0,3.969699647089477,107601.0,False,False,Ann Arbor,MI,48109.0,US,America/Detroit,42.2658365,-83.7486956,255.5500031,1927.0,2025-10-18,20.9,0.0,16.8,1.0288101411696915,1.0,False,False,True,False,False
401762839,2025,8,2025-10-18T16:00:00.000Z,False,False,True,23105.0,3700,Doyt L. Perry Stadium,189,Bowling Green,Mid-American,6.0,"[3, 3, 0, 0]",0.0209629666060209,1422.0,1329.0,2117,Central Michigan,fbs,Mid-American,27.0,"[0, 17, 10, 0]",0.9790370333939792,1110.0,1203.0,3.6125295218185793,24000.0,False,False,Bowling Green,OH,43403.0,US,America/New_York,41.3780114,-83.6225,205.9057465,1966.0,2025-10-18,24.1,0.0,20.6,0.9627083333333334,1.0,False,False,False,False,False
401756927,2025,8,2025-10-18T16:00:00.000Z,False,False,True,43868.0,3616,Amon G. Carter Stadium,2628,TCU,Big 12,42.0,"[0, 21, 7, 14]",1.0,1718.0,1719.0,239,Baylor,fbs,Big 12,36.0,"[7, 3, 8, 18]",0.0,1593.0,1592.0,5.070363114347411,46000.0,True,False,Fort Worth,TX,76129.0,US,America/Chicago,32.7096604,-97.3680835,185.4387054,1929.0,2025-10-18,25.3,0.2,16.3,0.9536521739130436,1.0,False,False,False,False,False
401762841,2025,8,2025-10-18T16:00:00.000Z,False,False,True,6832.0,3996,Yager Stadium,193,Miami (OH),Mid-American,44.0,"[7, 14, 7, 16]",0.9974722266197203,1440.0,1449.0,2199,Eastern Michigan,fbs,Mid-American,30.0,"[0, 14, 0, 16]",0.0025277733802795,1213.0,1204.0,3.34424224366337,24286.0,False,False,Oxford,OH,45056.0,US,America/New_York,39.5197009,-84.7330255,242.2643585,1983.0,2025-10-18,22.1,0.0,15.5,0.2813143374783826,0.0,False,False,False,False,False
401756925,2025,8,2025-10-18T16:00:00.000Z,False,False,True,28535.0,4728,TDECU Stadium,248,Houston,Big 12,31.0,"[7, 14, 7, 3]",0.7116693258285522,1477.0,1478.0,12,Arizona,fbs,Big 12,28.0,"[14, 0, 0, 14]",0.2883306741714477,1473.0,1472.0,5.216628655704583,40000.0,False,False,Houston,TX,77004.0,US,America/Chicago,29.7219885,-95.3491623,9.57440567,2014.0,2025-10-18,28.8,0.0,12.8,0.713375,0.0,False,False,False,False,False
401752744,2025,8,2025-10-18T16:45:00.000Z,False,False,True,78680.0,3994,Williams-Brice Stadium,2579,South Carolina,SEC,7.0,"[0, 7, 0, 0]",0.0127024631947278,1670.0,1630.0,201,Oklahoma,fbs,SEC,26.0,"[7, 7, 10, 2]",0.987297536805272,1741.0,1781.0,4.716868331594246,80250.0,True,False,Columbia,SC,29208.0,US,America/New_York,33.9730239,-81.0191726,60.54548645,1934.0,2025-10-18,22.5,0.0,6.0,0.9804361370716512,1.0,False,False,False,False,False
401756928,2025,8,2025-10-18T17:00:00.000Z,False,False,True,43445.0,3652,FBC Mortgage Stadium,2116,UCF,Big 12,45.0,"[14, 0, 21, 10]",0.9519932270050048,1555.0,1616.0,277,West Virginia,fbs,Big 12,13.0,"[0, 7, 0, 6]",0.0480067729949951,1342.0,1281.0,3.8274028211489983,44206.0,True,False,Orlando,FL,32816.0,US,America/New_York,28.6079765,-81.1927233,20.94113731,2007.0,2025-10-18,27.2,0.0,7.2,0.9827851422883772,1.0,False,False,False,False,False
401762842,2025,8,2025-10-18T18:00:00.000Z,False,False,True,18417.0,3739,Glass Bowl,2649,Toledo,Mid-American,45.0,"[7, 10, 21, 7]",0.98828786611557,1551.0,1579.0,2309,Kent State,fbs,Mid-American,10.0,"[10, 0, 0, 0]",0.0117121338844299,966.0,938.0,3.880598138150394,26038.0,False,False,Toledo,OH,43606.0,US,America/New_York,41.6574777,-83.6135652,181.4839783,1937.0,2025-10-18,28.1,0.0,16.1,0.7073123895844535,0.0,False,False,False,False,False
401762840,2025,8,2025-10-18T18:30:00.000Z,False,False,True,15239.0,3985,Warren McGuirk Alumni Stadium,113,Massachusetts,Mid-American,21.0,"[0, 14, 7, 0]",0.5865947008132935,889.0,910.0,2084,Buffalo,fbs,Mid-American,28.0,"[3, 7, 10, 8]",0.4134052991867065,1377.0,1356.0,6.595531852666956,17000.0,False,False,Hadley,MA,1003.0,US,America/New_York,42.3773244,-72.5360595,46.58664703,1965.0,2025-10-18,15.6,0.0,3.6,0.8964117647058824,0.0,False,False,False,False,False
401761633,2025,8,2025-10-18T19:00:00.000Z,False,False,True,16863.0,3817,Malone Stadium,2433,UL Monroe,Sun Belt,14.0,"[0, 8, 6, 0]",0.0,1077.0,1060.0,2653,Troy,fbs,Sun Belt,37.0,"[10, 7, 10, 10]",1.0,1471.0,1488.0,5.693478891724538,27617.0,False,False,Monroe,LA,71209.0,US,America/Chicago,32.5308089,-92.0660602,22.998209,1978.0,2025-10-18,31.3,0.0,17.8,0.6106021653329471,0.0,False,False,False,False,False
401752874,2025,8,2025-10-18T19:00:00.000Z,False,False,True,12023.0,5960,Lanny and Sharon Martin Stadium,77,Northwestern,Big Ten,19.0,"[3, 10, 6, 0]",0.9019933938980104,1510.0,1534.0,2509,Purdue,fbs,Big Ten,0.0,"[0, 0, 0, 0]",0.0980066061019897,1314.0,1290.0,2.4761171545339984,12023.0,False,False,Evanston,IL,60208.0,US,America/Chicago,42.058246,-87.670876,179.0,1997.0,2025-10-18,22.4,0.2,11.5,1.0,1.0,False,False,False,False,False
401760392,2025,8,2025-10-18T19:30:00.000Z,False,False,True,23401.0,3713,Falcon Stadium,2005,Air Force,Mountain West,24.0,"[3, 3, 8, 10]",0.6335259675979614,1354.0,1355.0,2751,Wyoming,fbs,Mountain West,21.0,"[7, 0, 7, 7]",0.3664740324020386,1337.0,1336.0,5.419990199182639,46692.0,False,False,Colorado Springs,CO,80840.0,US,America/Denver,38.9969701,-104.8436165,2024.875732,1962.0,2025-10-18,17.0,0.0,22.7,0.5011779319797824,0.0,False,False,False,False,False
401760393,2025,8,2025-10-18T19:30:00.000Z,False,False,True,32927.0,3653,Albertsons Stadium,68,Boise State,Mountain West,56.0,"[14, 14, 21, 7]",0.9625915288925172,1667.0,1725.0,2439,UNLV,fbs,Mountain West,31.0,"[3, 21, 0, 7]",0.0374084711074829,1625.0,1567.0,4.201195094053385,36387.0,False,False,Boise,ID,83725.0,US,America/Boise,43.6028839,-116.1958882,823.2221069,1970.0,2025-10-18,13.1,0.0,4.8,0.9049110946217056,1.0,False,False,False,False,False
401761632,2025,8,2025-10-18T19:30:00.000Z,False,False,True,27533.0,3775,Joan C. Edwards Stadium,276,Marshall,Sun Belt,40.0,"[7, 6, 3, 11, 7, 6]",0.701595664024353,1582.0,1583.0,326,Texas State,fbs,Sun Belt,37.0,"[7, 10, 0, 10, 7, 3]",0.298404335975647,1555.0,1554.0,23.246644462024943,38016.0,False,False,Huntington,WV,25755.0,US,America/New_York,38.4247042,-82.4214412,163.7328186,1991.0,2025-10-18,28.3,0.0,13.4,0.7242476851851852,0.0,False,False,False,False,False
401752877,2025,8,2025-10-18T19:30:00.000Z,False,False,True,72795.0,347,Camp Randall Stadium,275,Wisconsin,Big Ten,0.0,"[0, 0, 0, 0]",0.0418873988091945,1459.0,1435.0,194,Ohio State,fbs,Big Ten,34.0,"[17, 0, 10, 7]",0.9581126011908054,2074.0,2098.0,2.6917223168852957,80321.0,False,False,Madison,WI,53711.0,US,America/Chicago,43.06994,-89.4126943,263.604126,1917.0,2025-10-18,22.7,0.0,9.8,0.906300967368434,1.0,False,False,False,False,False
401752739,2025,8,2025-10-18T19:30:00.000Z,False,False,True,73845.0,3887,Razorback Stadium,8,Arkansas,SEC,42.0,"[3, 17, 7, 15]",0.2434804141521453,1610.0,1617.0,245,Texas A&M,fbs,SEC,45.0,"[7, 14, 17, 7]",0.7565195858478546,1808.0,1801.0,7.050104190802901,80000.0,False,False,Fayetteville,AR,72702.0,US,America/Chicago,36.0680662,-94.1789534,403.7972412,1938.0,2025-10-18,21.3,0.2,25.5,0.9230625,1.0,False,False,False,False,False
401762838,2025,8,2025-10-18T19:30:00.000Z,False,False,True,12248.0,3919,Scheumann Stadium,2050,Ball State,Mid-American,42.0,"[14, 0, 14, 14]",0.8880213499069214,1028.0,1055.0,2006,Akron,fbs,Mid-American,28.0,"[8, 7, 10, 3]",0.1119786500930786,1018.0,991.0,6.314330218644035,22500.0,False,False,Muncie,IN,47306.0,US,America/Indiana/Indianapolis,40.2159422,-85.4161148,285.481781,1967.0,2025-10-18,26.8,0.0,22.6,0.5443555555555556,0.0,False,False,False,False,False
401762491,2025,8,2025-10-18T19:30:00.000Z,False,False,True,25053.0,3825,DATCU Stadium,249,North Texas,American Athletic,55.0,"[17, 7, 21, 10]",0.985666036605835,1530.0,1648.0,2636,UTSA,fbs,American Athletic,17.0,"[7, 7, 3, 0]",0.014333963394165,1588.0,1470.0,4.1325353533684455,30850.0,False,False,Denton,TX,76210.0,US,America/Chicago,33.203899,-97.159245,198.6871948,2011.0,2025-10-18,22.8,1.1,19.5,0.8120907617504052,0.0,False,False,False,False,False
401762489,2025,8,2025-10-18T19:30:00.000Z,False,False,True,13618.0,4418,Jerry Richardson Stadium,2429,Charlotte,American Athletic,14.0,"[7, 0, 0, 7]",0.0009986907243728,1143.0,1054.0,218,Temple,fbs,American Athletic,49.0,"[7, 21, 21, 0]",0.9990013092756272,1241.0,1330.0,3.3193001555565673,15300.0,False,False,Charlotte,NC,28223.0,US,America/New_York,35.3105033,-80.7401194,190.365509,2013.0,2025-10-18,27.2,0.0,8.7,0.8900653594771242,0.0,False,False,False,False,False
401754565,2025,8,2025-10-18T19:30:00.000Z,False,False,True,78669.0,3836,"Memorial Stadium (Clemson, SC)",228,Clemson,ACC,24.0,"[0, 7, 10, 7]",0.3757469058036804,1734.0,1708.0,2567,SMU,fbs,ACC,35.0,"[7, 9, 7, 12]",0.6242530941963196,1709.0,1735.0,5.469391383562523,81500.0,True,False,Clemson,SC,29634.0,US,America/New_York,34.6787737,-82.8432428,205.6452179,1942.0,2025-10-18,24.4,0.0,15.3,0.9652638036809816,1.0,False,False,False,False,False
401761631,2025,8,2025-10-18T19:30:00.000Z,False,False,True,25232.0,3651,Bridgeforth Stadium,256,James Madison,Sun Belt,63.0,"[14, 14, 21, 14]",1.0,1643.0,1733.0,295,Old Dominion,fbs,Sun Belt,27.0,"[20, 7, 0, 0]",0.0,1554.0,1464.0,5.342991925842684,24877.0,False,False,Harrisonburg,VA,22807.0,US,America/New_York,38.4352919,-78.8729349,399.303009,1975.0,2025-10-18,24.4,0.0,9.6,1.0142702094303977,1.0,False,False,True,False,False
401761629,2025,8,2025-10-18T19:30:00.000Z,False,False,True,33862.0,3792,Kidd Brewer Stadium,2026,App State,Sun Belt,37.0,"[14, 10, 10, 3]",0.3072485029697418,1360.0,1331.0,324,Coastal Carolina,fbs,Sun Belt,45.0,"[10, 7, 14, 14]",0.6927514970302582,1206.0,1235.0,5.483124376722729,30000.0,False,False,Boone,NC,28608.0,US,America/New_York,36.2114267,-81.6854278,991.3414307,1962.0,2025-10-18,21.3,0.0,8.3,1.1287333333333334,1.0,False,False,True,False,False
401752878,2025,8,2025-10-18T19:30:00.000Z,False,False,True,55165.0,3830,"Memorial Stadium (Bloomington, IN)",84,Indiana,Big Ten,38.0,"[7, 14, 14, 3]",0.9220895767211914,2022.0,2017.0,127,Michigan State,fbs,Big Ten,13.0,"[3, 7, 0, 3]",0.0779104232788086,1343.0,1348.0,3.80234001453004,52656.0,False,False,Bloomington,IN,47408.0,US,America/Indiana/Indianapolis,39.1808959,-86.5256217,231.6500854,1960.0,2025-10-18,26.5,0.0,16.8,1.0476488909146155,1.0,False,False,True,False,False
401752742,2025,8,2025-10-18T19:30:00.000Z,False,False,True,93033.0,3917,Sanford Stadium,61,Georgia,SEC,43.0,"[3, 17, 6, 17]",1.0,2025.0,2034.0,145,Ole Miss,fbs,SEC,35.0,"[7, 14, 14, 0]",0.0,1971.0,1962.0,6.5134351342636005,92746.0,True,False,Athens,GA,30602.0,US,America/New_York,33.9498197,-83.3733813,186.1120758,1929.0,2025-10-18,25.8,0.0,10.4,1.003094473077006,1.0,False,False,True,False,False
401762843,2025,8,2025-10-18T19:30:00.000Z,False,False,True,22293.0,3876,Peden Stadium,195,Ohio,Mid-American,48.0,"[14, 7, 13, 14]",0.992224931716919,1568.0,1612.0,2459,Northern Illinois,fbs,Mid-American,21.0,"[0, 8, 6, 7]",0.007775068283081,1341.0,1297.0,2.2632176094688368,24000.0,False,False,Athens,OH,45701.0,US,America/New_York,39.3212794,-82.1034315,194.230896,1929.0,2025-10-18,26.3,0.0,13.9,0.928875,1.0,False,False,False,False,False
401756923,2025,8,2025-10-18T20:00:00.000Z,False,False,True,54177.0,3947,Mountain America Stadium,9,Arizona State,Big 12,26.0,"[3, 6, 7, 10]",0.7303037643432617,1629.0,1638.0,2641,Texas Tech,fbs,Big 12,22.0,"[0, 7, 0, 15]",0.2696962356567383,1835.0,1826.0,8.210014656868877,65870.0,True,False,Tempe,AZ,85287.0,US,America/Phoenix,33.4264471,-111.9325005,360.1569519,1958.0,2025-10-18,27.4,0.0,1.8,0.8224836799757097,0.0,False,False,False,False,False
401762487,2025,8,2025-10-18T20:00:00.000Z,False,False,True,19037.0,7221,Protective Stadium,5,UAB,American Athletic,31.0,"[7, 10, 7, 7]",0.932528018951416,1209.0,1252.0,235,Memphis,fbs,American Athletic,24.0,"[7, 7, 3, 7]",0.0674719810485839,1723.0,1680.0,5.591450317310427,45000.0,False,False,Birmingham,AL,35203.0,US,America/Chicago,33.5206824,-86.8024326,187.0,2021.0,2025-10-18,29.1,0.0,18.0,0.4230444444444444,0.0,False,False,False,False,False
401752741,2025,8,2025-10-18T20:15:00.000Z,False,False,True,90203.0,3634,Ben Hill Griffin Stadium,57,Florida,SEC,23.0,"[3, 10, 0, 10]",0.5562131404876709,1639.0,1638.0,344,Mississippi State,fbs,SEC,21.0,"[7, 0, 0, 14]",0.4437868595123291,1494.0,1495.0,6.722744597880556,88548.0,True,False,Gainesville,FL,32653.0,US,America/New_York,29.6499357,-82.3485788,44.97250748,1930.0,2025-10-18,27.7,0.0,8.8,1.0186904277905768,1.0,False,False,True,False,False
401761668,2025,8,2025-10-18T21:00:00.000Z,False,False,True,21047.0,3666,Cajun Field,309,Louisiana,Sun Belt,10.0,"[7, 0, 3, 0]",0.484975665807724,1369.0,1333.0,2572,Southern Miss,fbs,Sun Belt,22.0,"[0, 13, 7, 2]",0.515024334192276,1273.0,1309.0,4.490560801194364,41426.0,False,False,Lafayette,LA,70506.0,US,America/Chicago,30.2158434,-92.0417371,3.556508303,1971.0,2025-10-18,27.1,0.2,20.7,0.5080625694008594,0.0,False,False,False,False,False
401752951,2025,8,2025-10-18T22:30:00.000Z,False,False,False,56048.0,3923,Scott Stadium,258,Virginia,ACC,22.0,"[7, 0, 3, 12]",0.8094696998596191,1593.0,1590.0,265,Washington State,fbs,Pac-12,20.0,"[7, 10, 3, 0]",0.1905303001403808,1361.0,1364.0,5.834354257036716,61500.0,True,False,Charlottesville,VA,22904.0,US,America/New_York,38.0311801,-78.5137897,170.4677429,1931.0,2025-10-18,21.0,0.0,9.7,0.9113495934959348,1.0,False,False,False,False,False
401752876,2025,8,2025-10-18T22:30:00.000Z,False,False,True,53127.0,6577,SHI Stadium,164,Rutgers,Big Ten,10.0,"[3, 0, 0, 7]",0.0647441670298576,1547.0,1468.0,2483,Oregon,fbs,Big Ten,56.0,"[14, 28, 14, 0]",0.9352558329701424,1996.0,2075.0,2.8655127929578694,52454.0,False,False,Piscataway,NJ,8854.0,US,America/New_York,40.513611,-74.465278,19.0,1994.0,2025-10-18,17.3,0.0,7.1,1.0128302893964236,1.0,False,False,True,False,False
401752879,2025,8,2025-10-18T23:00:00.000Z,False,False,True,35561.0,1056,Rose Bowl,26,UCLA,Big Ten,20.0,"[0, 7, 0, 13]",0.3851346671581268,1445.0,1448.0,120,Maryland,fbs,Big Ten,17.0,"[0, 3, 7, 7]",0.6148653328418732,1576.0,1573.0,7.414016656180507,88565.0,True,False,Pasadena,CA,90095.0,US,America/Los_Angeles,34.1613284,-118.1676462,245.1772461,1922.0,2025-10-18,26.5,0.0,3.6,0.4015243041833681,0.0,False,False,False,False,False
401760394,2025,8,2025-10-18T23:00:00.000Z,False,False,True,40416.0,5388,Canvas Stadium,36,Colorado State,Mountain West,19.0,"[7, 0, 0, 12]",0.0132447881624102,1384.0,1353.0,62,Hawai'i,fbs,Mountain West,31.0,"[7, 7, 10, 7]",0.9867552118375896,1335.0,1366.0,5.144720454505094,36500.0,False,False,Fort Collins,CO,80521.0,US,America/Denver,40.570015,-105.088435,1528.4,2017.0,2025-10-18,9.7,0.0,8.3,1.1072876712328767,1.0,False,False,True,False,False
401752875,2025,8,2025-10-18T23:00:00.000Z,False,False,True,69250.0,3793,Kinnick Stadium,2294,Iowa,Big Ten,25.0,"[3, 7, 6, 9]",0.941158890724182,1824.0,1830.0,213,Penn State,fbs,Big Ten,24.0,"[7, 7, 7, 3]",0.0588411092758178,1996.0,1990.0,5.691935195239559,69250.0,False,False,Iowa City,IA,52242.0,US,America/Chicago,41.6586045,-91.5510829,220.6357727,1929.0,2025-10-18,21.1,0.0,7.6,1.0,1.0,False,False,False,False,False
401752743,2025,8,2025-10-18T23:00:00.000Z,False,False,True,60937.0,3683,Kroger Field,96,Kentucky,SEC,13.0,"[0, 0, 3, 10, 0]",0.6518524885177612,1513.0,1533.0,251,Texas,fbs,SEC,16.0,"[0, 7, 3, 3, 3]",0.3481475114822387,1964.0,1944.0,8.799986829345762,61000.0,False,False,Lexington,KY,40506.0,US,America/New_York,38.0220905,-84.5053408,307.4248962,1973.0,2025-10-18,23.5,0.0,13.2,0.998967213114754,1.0,False,False,False,False,False
401761630,2025,8,2025-10-18T23:00:00.000Z,False,False,True,25428.0,3608,Allen E. Paulson Stadium,290,Georgia Southern,Sun Belt,41.0,"[3, 10, 7, 21]",0.9113202095031738,1316.0,1335.0,2247,Georgia State,fbs,Sun Belt,24.0,"[7, 10, 7, 0]",0.0886797904968261,1116.0,1097.0,5.848176064577403,25000.0,False,False,Statesboro,GA,30460.0,US,America/New_York,32.4122471,-81.7849296,61.25376892,1984.0,2025-10-18,20.7,0.0,14.0,1.01712,1.0,False,False,True,False,False
401752738,2025,8,2025-10-18T23:30:00.000Z,False,False,True,100077.0,3657,Bryant-Denny Stadium,333,Alabama,SEC,37.0,"[7, 16, 7, 7]",0.8311017751693726,1967.0,1991.0,2633,Tennessee,fbs,SEC,20.0,"[0, 7, 6, 7]",0.1688982248306274,1825.0,1801.0,3.936617568158109,101821.0,True,False,Tuscaloosa,AL,35487.0,US,America/Chicago,33.2082752,-87.5503836,70.05136108,1929.0,2025-10-18,28.4,0.0,13.4,0.9828719026526944,1.0,False,False,False,False,False
401752871,2025,8,2025-10-18T23:30:00.000Z,False,False,False,77622.0,3855,Notre Dame Stadium,87,Notre Dame,FBS Independents,34.0,"[7, 7, 13, 7]",0.9801550507545472,2196.0,2193.0,30,USC,fbs,Big Ten,24.0,"[10, 3, 11, 0]",0.0198449492454528,1904.0,1907.0,5.899381659571455,80795.0,False,False,Notre Dame,IN,46556.0,US,America/Indiana/Indianapolis,41.698378,-86.2339425,222.645401,1930.0,2025-10-18,17.9,0.1,11.0,0.960727767807414,1.0,False,False,False,False,False
401754568,2025,8,2025-10-18T23:30:00.000Z,False,False,True,40772.0,1964,JMA Wireless Dome,183,Syracuse,ACC,13.0,"[7, 0, 0, 6]",0.1832797825336456,1422.0,1402.0,221,Pittsburgh,fbs,ACC,30.0,"[7, 10, 3, 10]",0.8167202174663544,1625.0,1645.0,4.623256562987445,49057.0,False,True,Syracuse,NY,13244.0,US,America/New_York,43.0362269,-76.1363161,162.6989746,1980.0,2025-10-18,15.0,0.0,18.9,0.8311148256110239,0.0,False,False,False,False,False
401762490,2025,8,2025-10-18T23:30:00.000Z,False,False,True,45169.0,3886,Raymond James Stadium,58,South Florida,American Athletic,48.0,"[7, 14, 10, 17]",0.9991554617881776,1607.0,1663.0,2226,Florida Atlantic,fbs,American Athletic,13.0,"[3, 3, 7, 0]",0.0008445382118225,1270.0,1214.0,3.650755447946169,65828.0,True,False,Tampa,FL,33620.0,US,America/New_York,27.9758691,-82.5033344,11.07972908,1998.0,2025-10-18,27.8,0.0,8.3,0.6861669806161512,0.0,False,False,False,False,False
401752740,2025,8,2025-10-18T23:45:00.000Z,False,False,True,88043.0,3785,Jordan-Hare Stadium,2,Auburn,SEC,17.0,"[7, 0, 7, 3, 0, 0]",0.3376168608665466,1684.0,1681.0,142,Missouri,fbs,SEC,23.0,"[3, 7, 0, 7, 0, 6]",0.6623831391334534,1788.0,1791.0,8.047831932676818,87451.0,True,False,Auburn,AL,36849.0,US,America/Chicago,32.6025532,-85.4897479,201.1737976,1939.0,2025-10-18,23.9,0.0,12.0,1.0067695052086312,1.0,False,False,True,False,False
401756924,2025,8,2025-10-19T00:00:00.000Z,False,False,True,64794.0,3801,LaVell Edwards Stadium,252,BYU,Big 12,24.0,"[0, 10, 0, 14]",0.7315915822982788,1695.0,1697.0,254,Utah,fbs,Big 12,21.0,"[0, 7, 0, 14]",0.2684084177017212,1773.0,1771.0,5.791657620958455,63470.0,True,False,Provo,UT,84602.0,US,America/Denver,40.2575347,-111.6545247,1412.097046,1964.0,2025-10-19,13.2,0.0,2.2,1.0208602489365055,1.0,False,False,True,False,False
401756926,2025,8,2025-10-19T00:00:00.000Z,False,False,True,46901.0,3646,Boone Pickens Stadium,197,Oklahoma State,Big 12,17.0,"[3, 7, 7, 0]",0.0426059365272522,1107.0,1071.0,2132,Cincinnati,fbs,Big 12,49.0,"[7, 21, 0, 21]",0.9573940634727478,1558.0,1594.0,4.321065221154091,55509.0,False,False,Stillwater,OK,74078.0,US,America/Chicago,36.125673,-97.066513,276.4808655,1919.0,2025-10-19,22.0,0.0,25.2,0.8449260480282477,0.0,False,False,False,False,False
401760395,2025,8,2025-10-19T01:45:00.000Z,False,False,True,18233.0,3971,University Stadium (NM),167,New Mexico,Mountain West,24.0,"[7, 7, 10, 0]",0.4035526812076568,1403.0,1401.0,2440,Nevada,fbs,Mountain West,22.0,"[3, 9, 7, 3]",0.5964473187923431,1188.0,1190.0,5.439889461029641,39224.0,False,False,Albuquerque,NM,87131.0,US,America/Denver,35.0669479,-106.6283225,1554.471924,1960.0,2025-10-19,18.2,0.0,3.0,0.4648429532939017,0.0,False,False,False,False,False
401752941,2025,8,2025-10-19T02:00:00.000Z,False,False,False,27735.0,3893,Reser Stadium,204,Oregon State,Pac-12,45.0,"[3, 7, 21, 14]",0.9931827187538148,1237.0,1237.0,322,Lafayette,fcs,Patriot,13.0,"[3, 10, 0, 0]",0.0068172812461853,1480.0,1472.0,4.638206639317544,43363.0,False,False,Corvallis,OR,97331.0,US,America/Los_Angeles,44.5594559,-123.2814341,66.90744781,1953.0,2025-10-19,14.2,0.0,7.3,0.6396005811406037,0.0,False,False,False,True,False
401754567,2025,8,2025-10-19T02:30:00.000Z,False,False,True,26470.0,3940,Stanford Stadium,24,Stanford,ACC,20.0,"[3, 10, 7, 0]",0.4927515685558319,1241.0,1271.0,52,Florida State,fbs,ACC,13.0,"[0, 10, 0, 3]",0.5072484314441681,1572.0,1542.0,4.547792894378754,50424.0,True,False,Stanford,CA,94305.0,US,America/Los_Angeles,37.4345556,-122.1611271,18.38425636,2006.0,2025-10-19,20.1,0.0,4.2,0.5249484372521022,0.0,False,False,False,False,False
401757285,2025,9,2025-10-21T23:00:00.000Z,False,False,True,12133.0,2031,Pitbull Stadium,2229,Florida International,Conference USA,26.0,"[7, 7, 3, 9]",0.0,1288.0,1246.0,338,Kennesaw State,fbs,Conference USA,45.0,"[14, 10, 7, 14]",1.0,1332.0,1374.0,4.216063643104564,20000.0,False,False,Miami,FL,33199.0,US,America/New_York,25.7525,-80.37778,6.0,1995.0,2025-10-21,26.0,0.0,3.6,0.60665,0.0,False,False,False,False,False
401757286,2025,9,2025-10-21T23:30:00.000Z,False,False,True,10928.0,3776,Joe Aillet Stadium,2348,Louisiana Tech,Conference USA,27.0,"[7, 0, 7, 6, 7]",0.6517226696014404,1381.0,1378.0,98,Western Kentucky,fbs,Conference USA,28.0,"[10, 10, 0, 0, 8]",0.3482773303985595,1352.0,1355.0,9.038273739815123,28019.0,False,False,Ruston,LA,71272.0,US,America/Chicago,32.5321487,-92.6560019,72.87982941,1968.0,2025-10-21,22.1,0.0,7.6,0.390021057139798,0.0,False,False,False,False,False
401757287,2025,9,2025-10-22T23:30:00.000Z,False,False,True,14102.0,3695,Delaware Stadium,48,Delaware,Conference USA,31.0,"[7, 17, 7, 0]",0.7459631562232971,1468.0,1465.0,2393,Middle Tennessee,fbs,Conference USA,28.0,"[14, 0, 7, 7]",0.2540368437767029,1181.0,1184.0,5.995049717453125,22000.0,False,False,Newark,DE,19713.0,US,America/New_York,39.6617428,-75.7488224,28.74350357,1952.0,2025-10-22,12.9,0.0,6.5,0.641,0.0,False,False,False,False,False
401757288,2025,9,2025-10-23T01:00:00.000Z,False,False,True,8790.0,3601,Aggie Memorial Stadium,166,New Mexico State,Conference USA,17.0,"[0, 7, 0, 10, 0]",0.3332197070121765,1231.0,1225.0,2623,Missouri State,fbs,Conference USA,24.0,"[7, 0, 10, 0, 7]",0.6667802929878235,1329.0,1335.0,7.537797642472893,28853.0,False,False,Las Cruces,NM,88003.0,US,America/Denver,32.2796202,-106.7411148,1208.201294,1978.0,2025-10-23,23.9,0.0,9.4,0.3046476969465913,0.0,False,False,False,False,False
401761634,2025,9,2025-10-23T23:30:00.000Z,False,False,True,13673.0,4246,Center Parc Stadium,2247,Georgia State,Sun Belt,31.0,"[14, 0, 3, 14]",0.020935334265232,1097.0,1107.0,6,South Alabama,fbs,Sun Belt,38.0,"[21, 7, 0, 10]",0.979064665734768,1410.0,1400.0,6.390908995027831,25000.0,False,False,Atlanta,GA,30315.0,US,America/New_York,33.735267,-84.389949,287.0,2017.0,2025-10-23,20.4,0.0,8.5,0.54692,0.0,False,False,False,False,False
401762492,2025,9,2025-10-24T23:00:00.000Z,False,False,True,9626.0,4418,Jerry Richardson Stadium,2429,Charlotte,American Athletic,20.0,"[10, 7, 3, 0]",0.0587316676974296,1054.0,1028.0,249,North Texas,fbs,American Athletic,54.0,"[7, 10, 10, 27]",0.9412683323025705,1648.0,1674.0,5.201038363476169,15300.0,False,False,Charlotte,NC,28223.0,US,America/New_York,35.3105033,-80.7401194,190.365509,2013.0,2025-10-24,13.6,0.0,4.4,0.6291503267973856,0.0,False,False,False,False,False
401754372,2025,9,2025-10-24T23:30:00.000Z,False,False,True,53837.0,3799,Lane Stadium,259,Virginia Tech,ACC,42.0,"[10, 0, 10, 7, 7, 8]",0.8125044703483582,1419.0,1430.0,25,California,fbs,ACC,34.0,"[3, 17, 0, 7, 7, 0]",0.1874955296516418,1408.0,1397.0,11.999217742937724,65632.0,True,False,Blacksburg,VA,24061.0,US,America/New_York,37.2199873,-80.4180643,632.2631226,1965.0,2025-10-24,7.8,0.0,7.6,0.8202858361774744,0.0,False,False,False,False,False
401760397,2025,9,2025-10-25T02:00:00.000Z,False,False,True,18029.0,3816,Mackay Stadium,2440,Nevada,Mountain West,3.0,"[3, 0, 0, 0]",0.1125825569033622,1190.0,1191.0,68,Boise State,fbs,Mountain West,24.0,"[3, 7, 7, 7]",0.8874174430966377,1725.0,1724.0,5.885370695021587,27000.0,False,False,Reno,NV,89557.0,US,America/Los_Angeles,39.5469459,-119.8175435,1406.57605,1966.0,2025-10-25,14.8,0.0,4.1,0.6677407407407407,0.0,False,False,False,False,False
401752883,2025,9,2025-10-25T16:00:00.000Z,False,False,True,86401.0,3834,"Memorial Stadium (Lincoln, NE)",158,Nebraska,Big Ten,28.0,"[7, 0, 14, 7]",0.987456202507019,1641.0,1645.0,77,Northwestern,fbs,Big Ten,21.0,"[3, 3, 7, 8]",0.0125437974929809,1534.0,1530.0,4.629625981360863,85458.0,False,False,Lincoln,NE,68588.0,US,America/Chicago,40.820682,-96.705594,354.9318848,1923.0,2025-10-25,11.5,0.0,9.7,1.0110346603009666,1.0,False,False,True,False,False
401752750,2025,9,2025-10-25T16:00:00.000Z,False,False,True,83468.0,3835,"Memorial Stadium (Norman, OK)",201,Oklahoma,SEC,26.0,"[3, 7, 16, 0]",0.1089394837617874,1781.0,1780.0,145,Ole Miss,fbs,SEC,34.0,"[10, 12, 3, 9]",0.8910605162382126,1962.0,1963.0,6.522901703271394,86112.0,True,False,Norman,OK,73019.0,US,America/Chicago,35.2058537,-97.4423145,355.0962524,1925.0,2025-10-25,17.8,0.0,6.7,0.96929580081754,1.0,False,False,False,False,False
401754571,2025,9,2025-10-25T16:00:00.000Z,False,False,True,51913.0,721,Bobby Dodd Stadium,59,Georgia Tech,ACC,41.0,"[3, 17, 14, 7]",0.997944474220276,1611.0,1651.0,183,Syracuse,fbs,ACC,16.0,"[3, 0, 7, 6]",0.0020555257797241,1402.0,1362.0,3.855946668588535,55000.0,False,False,Atlanta,GA,30332.0,US,America/New_York,33.7724449,-84.3928054,279.300415,1913.0,2025-10-25,17.2,0.0,12.6,0.9438727272727272,1.0,False,False,False,False,False
401762846,2025,9,2025-10-25T16:00:00.000Z,False,False,True,9260.0,3696,Dix Stadium,2309,Kent State,Mid-American,24.0,"[0, 3, 14, 7]",0.5430498719215393,938.0,945.0,189,Bowling Green,fbs,Mid-American,21.0,"[7, 7, 7, 0]",0.4569501280784607,1329.0,1322.0,5.591471527723739,25319.0,False,False,Kent,OH,44242.0,US,America/New_York,41.1390935,-81.31346,321.3641663,1969.0,2025-10-25,10.9,0.0,6.2,0.3657332438089972,0.0,False,False,False,False,False
401762848,2025,9,2025-10-25T16:00:00.000Z,False,False,True,15985.0,3912,Rynearson Stadium,2199,Eastern Michigan,Mid-American,21.0,"[14, 0, 0, 7]",0.2730849385261535,1204.0,1220.0,195,Ohio,fbs,Mid-American,28.0,"[7, 0, 7, 14]",0.7269150614738464,1612.0,1596.0,5.532686554097608,30200.0,False,False,Ypsilanti,MI,48197.0,US,America/Detroit,42.256126,-83.647285,241.248764,1969.0,2025-10-25,10.2,0.0,0.4,0.5293046357615894,0.0,False,False,False,False,False
401762494,2025,9,2025-10-25T16:00:00.000Z,False,False,True,30940.0,3805,Simmons Bank Liberty Stadium,235,Memphis,American Athletic,34.0,"[7, 7, 3, 17]",0.3805342614650726,1680.0,1681.0,58,South Florida,fbs,American Athletic,31.0,"[14, 10, 7, 0]",0.6194657385349274,1663.0,1662.0,7.483692560112042,58325.0,False,False,Memphis,TN,38152.0,US,America/Chicago,35.1209429,-89.977147,90.62445831,1965.0,2025-10-25,19.5,0.0,12.0,0.5304757822546078,0.0,False,False,False,False,False
401761635,2025,9,2025-10-25T16:00:00.000Z,False,False,True,18097.0,3918,S.B. Ballard Stadium,295,Old Dominion,Sun Belt,24.0,"[7, 3, 14, 0]",0.9613745212554932,1464.0,1463.0,2026,App State,fbs,Sun Belt,21.0,"[0, 7, 0, 14]",0.0386254787445068,1331.0,1332.0,4.274537527076779,20118.0,False,False,Norfolk,VA,23551.0,US,America/New_York,36.8889533,-76.3049175,3.147987843,1936.0,2025-10-25,13.6,0.0,7.5,0.8995426980813203,0.0,False,False,False,False,False
401756932,2025,9,2025-10-25T16:00:00.000Z,False,False,True,,3833,Memorial Stadium,2305,Kansas,Big 12,17.0,"[7, 7, 3, 0]",0.0234106592833995,1621.0,1563.0,2306,Kansas State,fbs,Big 12,42.0,"[21, 0, 14, 7]",0.9765893407166004,1695.0,1753.0,4.163411187007522,47000.0,False,False,Lawrence,KS,66045.0,US,America/Chicago,38.9629418,-95.2463686,274.855957,1921.0,2025-10-25,11.8,0.2,12.2,,,True,False,False,False,False
401752884,2025,9,2025-10-25T16:00:00.000Z,False,False,True,55289.0,3907,Ross-Ade Stadium,2509,Purdue,Big Ten,24.0,"[10, 0, 7, 7]",0.4158609211444855,1290.0,1296.0,164,Rutgers,fbs,Big Ten,27.0,"[0, 7, 7, 13]",0.5841390788555145,1468.0,1462.0,6.663165101411546,57282.0,True,False,West Lafayette,IN,47907.0,US,America/Indiana/Indianapolis,40.4352253,-86.9186843,197.5337677,1924.0,2025-10-25,8.0,0.0,6.6,0.9652072204182814,1.0,False,False,False,False,False
401752942,2025,9,2025-10-25T16:00:00.000Z,False,False,True,28358.0,3630,Allegacy Federal Credit Union Stadium,154,Wake Forest,ACC,13.0,"[3, 7, 0, 3]",0.7061779499053955,1463.0,1471.0,2567,SMU,fbs,ACC,12.0,"[0, 6, 6, 0]",0.2938220500946045,1735.0,1727.0,7.275136107763749,31500.0,False,False,Winston-Salem,NC,27105.0,US,America/New_York,36.1305507,-80.2545851,283.548584,1968.0,2025-10-25,13.3,0.0,7.5,0.9002539682539683,1.0,False,False,False,False,False
401752885,2025,9,2025-10-25T16:00:00.000Z,False,False,True,54867.0,3830,"Memorial Stadium (Bloomington, IN)",84,Indiana,Big Ten,56.0,"[14, 21, 14, 7]",0.989940881729126,2017.0,2091.0,26,UCLA,fbs,Big Ten,6.0,"[0, 3, 3, 0]",0.010059118270874,1448.0,1374.0,2.030595373015224,52656.0,False,False,Bloomington,IN,47408.0,US,America/Indiana/Indianapolis,39.1808959,-86.5256217,231.6500854,1960.0,2025-10-25,10.4,0.0,8.1,1.041989516864175,1.0,False,False,True,False,False
401754573,2025,9,2025-10-25T16:00:00.000Z,False,False,True,50500.0,3787,Kenan Stadium,153,North Carolina,ACC,16.0,"[0, 10, 0, 0, 6]",0.853123664855957,1342.0,1352.0,258,Virginia,fbs,ACC,17.0,"[3, 7, 0, 0, 7]",0.1468763351440429,1590.0,1580.0,7.587525597139318,50500.0,False,False,Chapel Hill,NC,27515.0,US,America/New_York,35.9069294,-79.0478889,127.7569809,1927.0,2025-10-25,14.2,0.0,7.7,1.0,1.0,False,False,False,False,False
401752746,2025,9,2025-10-25T16:45:00.000Z,False,False,True,68922.0,3887,Razorback Stadium,8,Arkansas,SEC,24.0,"[0, 21, 3, 0]",0.1527402400970459,1617.0,1604.0,2,Auburn,fbs,SEC,33.0,"[7, 3, 6, 17]",0.8472597599029541,1681.0,1694.0,5.35366278395004,80000.0,False,False,Fayetteville,AR,72702.0,US,America/Chicago,36.0680662,-94.1789534,403.7972412,1938.0,2025-10-25,14.3,0.0,21.1,0.861525,0.0,False,False,False,False,False
401762844,2025,9,2025-10-25T17:00:00.000Z,False,False,True,12491.0,3965,UB Stadium,2084,Buffalo,Mid-American,16.0,"[2, 8, 3, 3]",0.0281159915030002,1356.0,1307.0,2006,Akron,fbs,Mid-American,24.0,"[3, 0, 14, 7]",0.9718840084969996,991.0,1040.0,7.407073768153699,30270.0,False,False,Amherst,NY,14260.0,US,America/New_York,42.9991334,-78.7775113,181.5759735,1993.0,2025-10-25,11.0,0.0,12.3,0.4126527915427816,0.0,False,False,False,False,False
401757172,2025,9,2025-10-25T19:00:00.000Z,False,False,False,21122.0,3895,Rice Stadium,242,Rice,American Athletic,37.0,"[3, 14, 0, 7, 7, 6]",0.8228422403335571,1156.0,1163.0,41,UConn,fbs,FBS Independents,34.0,"[7, 14, 3, 0, 7, 3]",0.1771577596664428,1553.0,1546.0,9.782133091757844,47000.0,False,False,Houston,TX,77251.0,US,America/Chicago,29.7163297,-95.4093261,7.148301601,1950.0,2025-10-25,26.0,0.0,2.9,0.4494042553191489,0.0,False,False,False,False,False
401760400,2025,9,2025-10-25T19:00:00.000Z,False,False,True,20097.0,3971,University Stadium (NM),167,New Mexico,Mountain West,33.0,"[7, 19, 0, 7]",0.7954603433609009,1401.0,1442.0,328,Utah State,fbs,Mountain West,14.0,"[0, 7, 0, 7]",0.2045396566390991,1377.0,1336.0,3.5724362517660464,39224.0,False,False,Albuquerque,NM,87131.0,US,America/Denver,35.0669479,-106.6283225,1554.471924,1960.0,2025-10-25,17.6,0.0,6.6,0.5123648786457271,0.0,False,False,False,False,False
401752751,2025,9,2025-10-25T19:30:00.000Z,False,False,True,79537.0,3994,Williams-Brice Stadium,2579,South Carolina,SEC,22.0,"[3, 3, 9, 7]",0.3482479751110077,1630.0,1643.0,333,Alabama,fbs,SEC,29.0,"[7, 7, 0, 15]",0.6517520248889923,1991.0,1978.0,6.965500888933744,80250.0,True,False,Columbia,SC,29208.0,US,America/New_York,33.9730239,-81.0191726,60.54548645,1934.0,2025-10-25,20.4,0.0,10.3,0.9911152647975078,1.0,False,False,False,False,False
401756931,2025,9,2025-10-25T19:30:00.000Z,False,False,True,61500.0,3772,Jack Trice Stadium,66,Iowa State,Big 12,27.0,"[17, 7, 3, 0]",0.6387631893157959,1622.0,1597.0,252,BYU,fbs,Big 12,41.0,"[7, 10, 10, 14]",0.3612368106842041,1697.0,1722.0,5.903255152394795,61500.0,True,False,Ames,IA,50011.0,US,America/Chicago,42.0139977,-93.6357716,274.9135437,1975.0,2025-10-25,13.8,0.0,17.1,1.0,1.0,False,False,False,False,False
401760399,2025,9,2025-10-25T19:30:00.000Z,False,False,True,41535.0,3660,Valley Children's Stadium,278,Fresno State,Mountain West,0.0,"[0, 0, 0, 0]",0.0,1405.0,1360.0,21,San Diego State,fbs,Mountain West,23.0,"[7, 6, 0, 10]",1.0,1534.0,1579.0,3.0376400475819985,41031.0,False,False,Fresno,CA,93740.0,US,America/Los_Angeles,36.8143527,-119.7580092,102.564064,1980.0,2025-10-25,20.6,0.0,3.1,1.0122833954814652,1.0,False,False,True,False,False
401754574,2025,9,2025-10-25T19:30:00.000Z,False,False,True,46840.0,3752,Acrisure Stadium,221,Pittsburgh,ACC,53.0,"[10, 21, 15, 7]",1.0,1645.0,1673.0,152,NC State,fbs,ACC,34.0,"[7, 14, 0, 13]",0.0,1487.0,1459.0,3.9319619869279503,68400.0,True,False,Pittsburgh,PA,15260.0,US,America/New_York,40.4467648,-80.0157603,220.5887146,2001.0,2025-10-25,11.4,0.0,2.7,0.6847953216374268,0.0,False,False,False,False,False
401762495,2025,9,2025-10-25T19:30:00.000Z,False,False,True,16403.0,3674,Chapman Stadium,202,Tulsa,American Athletic,37.0,"[3, 14, 7, 7, 6]",0.7279811501502991,1055.0,1066.0,218,Temple,fbs,American Athletic,38.0,"[7, 7, 14, 3, 7]",0.2720188498497009,1330.0,1319.0,10.629657665692894,30000.0,False,False,Tulsa,OK,74194.0,US,America/Chicago,36.1489175,-95.9437853,235.5928345,1930.0,2025-10-25,16.7,0.1,19.0,0.5467666666666666,0.0,False,False,False,False,False
401752952,2025,9,2025-10-25T19:30:00.000Z,False,False,False,27646.0,3820,Gesa Field,265,Washington State,Pac-12,28.0,"[0, 21, 0, 7]",0.949966847896576,1364.0,1438.0,2649,Toledo,fbs,Mid-American,7.0,"[0, 7, 0, 0]",0.050033152103424,1579.0,1505.0,2.8357891127616592,32952.0,False,False,Pullman,WA,99164.0,US,America/Los_Angeles,46.731831,-117.1604991,773.9526367,1972.0,2025-10-25,12.5,0.0,24.6,0.8389779072590434,0.0,False,False,False,False,False
401762874,2025,9,2025-10-25T19:30:00.000Z,False,False,True,18025.0,3996,Yager Stadium,193,Miami (OH),Mid-American,26.0,"[3, 6, 0, 17]",0.9573808312416076,1449.0,1459.0,2711,Western Michigan,fbs,Mid-American,17.0,"[0, 14, 3, 0]",0.0426191687583923,1379.0,1369.0,5.224410165579504,24286.0,False,False,Oxford,OH,45056.0,US,America/New_York,39.5197009,-84.7330255,242.2643585,1983.0,2025-10-25,11.9,0.0,9.5,0.7421971506217574,0.0,False,False,False,False,False
401752880,2025,9,2025-10-25T19:30:00.000Z,False,False,True,68630.0,3765,Husky Stadium,264,Washington,Big Ten,42.0,"[14, 7, 7, 14]",0.9434303045272828,1674.0,1703.0,356,Illinois,fbs,Big Ten,25.0,"[3, 14, 0, 8]",0.0565696954727172,1589.0,1560.0,3.937463841305171,70138.0,False,False,Seattle,WA,98195.0,US,America/Los_Angeles,47.6503235,-122.3015746,11.65622807,1920.0,2025-10-25,12.6,0.0,15.5,0.9784995294989876,1.0,False,False,False,False,False
401752752,2025,9,2025-10-25T19:30:00.000Z,False,False,True,35000.0,3973,FirstBank Stadium,238,Vanderbilt,SEC,17.0,"[0, 3, 7, 7]",0.1733971834182739,1753.0,1765.0,142,Missouri,fbs,SEC,10.0,"[0, 3, 0, 7]",0.8266028165817261,1791.0,1779.0,5.267295377402327,40351.0,False,False,Nashville,TN,37212.0,US,America/Chicago,36.1440455,-86.8088942,159.9194641,1922.0,2025-10-25,21.5,0.0,8.1,0.8673886644692821,0.0,False,False,False,False,False
401762845,2025,9,2025-10-25T19:30:00.000Z,False,False,True,10124.0,3764,Huskie Stadium,2459,Northern Illinois,Mid-American,21.0,"[7, 0, 7, 7]",0.1410469710826873,1297.0,1305.0,2050,Ball State,fbs,Mid-American,7.0,"[0, 7, 0, 0]",0.8589530289173126,1055.0,1047.0,4.565846594745,23595.0,False,False,DeKalb,IL,60115.0,US,America/Chicago,41.9339586,-88.7778357,267.4530029,1965.0,2025-10-25,12.2,0.0,13.4,0.4290739563466836,0.0,False,False,False,False,False
401762847,2025,9,2025-10-25T19:30:00.000Z,False,False,True,20489.0,3786,Kelly/Shorts Stadium,2117,Central Michigan,Mid-American,38.0,"[21, 3, 14, 0]",0.9943882822990416,1203.0,1234.0,113,Massachusetts,fbs,Mid-American,13.0,"[7, 3, 3, 0]",0.0056117177009582,910.0,879.0,3.5203497405038147,30255.0,False,False,Mount Pleasant,MI,48859.0,US,America/Detroit,43.5777313,-84.7709904,240.9007721,1972.0,2025-10-25,11.0,0.0,1.4,0.677210378449843,0.0,False,False,False,False,False
401752882,2025,9,2025-10-25T19:30:00.000Z,False,False,True,69250.0,3793,Kinnick Stadium,2294,Iowa,Big Ten,41.0,"[17, 14, 3, 7]",0.9994415640830994,1830.0,1907.0,135,Minnesota,fbs,Big Ten,3.0,"[0, 0, 3, 0]",0.0005584359169006,1592.0,1515.0,1.877402479993451,69250.0,False,False,Iowa City,IA,52242.0,US,America/Chicago,41.6586045,-91.5510829,220.6357727,1929.0,2025-10-25,12.9,0.0,16.4,1.0,1.0,False,False,False,False,False
401761637,2025,9,2025-10-25T19:30:00.000Z,False,False,True,27111.0,3815,M. M. Roberts Stadium,2572,Southern Miss,Sun Belt,49.0,"[7, 14, 14, 14]",0.998727798461914,1309.0,1354.0,2433,UL Monroe,fbs,Sun Belt,21.0,"[7, 7, 0, 7]",0.0012722015380859,1060.0,1015.0,3.606584824673627,36000.0,False,False,Hattiesburg,MS,39402.0,US,America/Chicago,31.3289321,-89.3318118,64.52726746,1932.0,2025-10-25,24.4,0.0,16.9,0.7530833333333333,0.0,False,False,False,False,False
401762493,2025,9,2025-10-25T19:30:00.000Z,False,False,True,32175.0,3852,Navy-Marine Corps Memorial Stadium,2426,Navy,American Athletic,42.0,"[14, 7, 0, 21]",0.9364301562309264,1533.0,1529.0,2226,Florida Atlantic,fbs,American Athletic,32.0,"[10, 3, 0, 19]",0.0635698437690734,1214.0,1218.0,5.010906886551114,34000.0,False,False,Annapolis,MD,21402.0,US,America/New_York,38.9846985,-76.5076335,10.74990082,1959.0,2025-10-25,14.2,0.0,1.9,0.9463235294117648,1.0,False,False,False,False,False
401756930,2025,9,2025-10-25T20:00:00.000Z,False,False,True,38007.0,3854,Nippert Stadium,2132,Cincinnati,Big 12,41.0,"[14, 10, 3, 14]",0.9918137788772584,1594.0,1644.0,239,Baylor,fbs,Big 12,20.0,"[0, 6, 6, 8]",0.0081862211227417,1592.0,1542.0,2.1967496901640793,40000.0,False,False,Cincinnati,OH,45221.0,US,America/New_York,39.1312495,-84.5161913,230.0660553,1915.0,2025-10-25,12.5,0.0,6.8,0.950175,1.0,False,False,False,False,False
401756933,2025,9,2025-10-25T20:00:00.000Z,False,False,True,59625.0,3784,Jones AT&T Stadium,2641,Texas Tech,Big 12,42.0,"[21, 7, 14, 0]",0.9837449193000792,1826.0,1855.0,197,Oklahoma State,fbs,Big 12,0.0,"[0, 0, 0, 0]",0.0162550806999206,1071.0,1042.0,2.329245255067711,60454.0,False,False,Lubbock,TX,79409.0,US,America/Chicago,33.5910518,-101.8728824,980.7632446,1947.0,2025-10-25,16.9,0.0,9.6,0.986287094319648,1.0,False,False,False,False,False
401752749,2025,9,2025-10-25T20:15:00.000Z,False,False,True,52680.0,3693,Davis Wade Stadium,344,Mississippi State,SEC,38.0,"[7, 17, 7, 7, 0]",0.2851321101188659,1495.0,1514.0,251,Texas,fbs,SEC,45.0,"[7, 7, 0, 24, 7]",0.714867889881134,1944.0,1925.0,9.321110708758852,61337.0,True,False,Starkville,MS,39762.0,US,America/Chicago,33.4563403,-88.7933652,110.2742081,1914.0,2025-10-25,22.4,0.0,15.9,0.8588616984854166,0.0,False,False,False,False,False
401756935,2025,9,2025-10-25T22:00:00.000Z,False,False,True,54110.0,3842,Milan Puskar Stadium,277,West Virginia,Big 12,17.0,"[0, 7, 3, 7]",0.2196832597255706,1281.0,1300.0,2628,TCU,fbs,Big 12,23.0,"[10, 10, 0, 3]",0.7803167402744293,1719.0,1700.0,4.075723777053685,60000.0,False,False,Morgantown,WV,26507.0,US,America/New_York,39.6502744,-79.9551873,327.409668,1980.0,2025-10-25,10.3,0.0,4.2,0.9018333333333334,1.0,False,False,False,False,False
401752886,2025,9,2025-10-25T23:00:00.000Z,False,False,True,58940.0,3626,Autzen Stadium,2483,Oregon,Big Ten,21.0,"[0, 7, 7, 7]",0.9917219281196594,2075.0,2055.0,275,Wisconsin,fbs,Big Ten,7.0,"[0, 0, 0, 7]",0.0082780718803405,1435.0,1455.0,3.6594482803859503,54000.0,False,False,Eugene,OR,97401.0,US,America/Los_Angeles,44.0582712,-123.0684883,127.4198303,1967.0,2025-10-25,10.9,0.6,31.2,1.0914814814814815,1.0,False,False,True,False,False
401761638,2025,9,2025-10-25T23:00:00.000Z,False,False,True,23719.0,3975,Veterans Memorial Stadium (AL),2653,Troy,Sun Belt,35.0,"[7, 14, 7, 7]",0.8598994016647339,1488.0,1499.0,309,Louisiana,fbs,Sun Belt,23.0,"[7, 10, 3, 3]",0.1401005983352661,1333.0,1322.0,5.765403250853845,30000.0,False,False,Troy,AL,36082.0,US,America/Chicago,31.7995565,-85.9518328,154.7746277,1950.0,2025-10-25,22.8,0.0,10.6,0.7906333333333333,0.0,False,False,False,False,False
401761636,2025,9,2025-10-25T23:00:00.000Z,False,False,True,16341.0,3625,Centennial Bank Stadium,2032,Arkansas State,Sun Belt,34.0,"[7, 10, 7, 10]",0.8245862126350403,1235.0,1260.0,290,Georgia Southern,fbs,Sun Belt,24.0,"[14, 7, 0, 3]",0.1754137873649597,1335.0,1310.0,6.524004653583363,30382.0,False,False,Jonesboro,AR,72404.0,US,America/Chicago,35.8488977,-90.6677436,89.52690887,1974.0,2025-10-25,19.8,0.1,19.4,0.5378513593575143,0.0,False,False,False,False,False
401754572,2025,9,2025-10-25T23:00:00.000Z,False,False,True,63892.0,3948,Hard Rock Stadium,2390,Miami,ACC,42.0,"[0, 7, 21, 14]",0.988811731338501,1832.0,1863.0,24,Stanford,fbs,ACC,7.0,"[7, 0, 0, 0]",0.011188268661499,1271.0,1240.0,3.7910785572974217,64767.0,False,False,Miami Gardens,FL,33299.0,US,America/New_York,25.9579665,-80.2388604,2.624486446,1987.0,2025-10-25,24.0,0.3,12.9,0.9864900335047168,1.0,False,False,False,False,False
401754570,2025,9,2025-10-25T23:30:00.000Z,False,False,True,50320.0,3873,L&N Federal Credit Union Stadium,97,Louisville,ACC,38.0,"[7, 14, 7, 10]",1.0,1746.0,1738.0,103,Boston College,fbs,ACC,24.0,"[3, 7, 7, 7]",0.0,1291.0,1299.0,4.755154180508504,60000.0,False,False,Louisville,KY,40292.0,US,America/Kentucky/Louisville,38.2057621,-85.7588141,138.5615997,1998.0,2025-10-25,12.5,0.0,7.5,0.8386666666666667,0.0,False,False,False,False,False
401752881,2025,9,2025-10-25T23:30:00.000Z,False,False,True,75085.0,3936,Spartan Stadium,127,Michigan State,Big Ten,20.0,"[0, 7, 0, 13]",0.0,1348.0,1364.0,130,Michigan,fbs,Big Ten,31.0,"[10, 0, 14, 7]",1.0,1839.0,1823.0,4.5247274470283,75005.0,True,False,East Lansing,MI,48824.0,US,America/Detroit,42.7281474,-84.4848526,254.8794861,1923.0,2025-10-25,8.5,0.0,7.8,1.001066595560296,1.0,False,False,True,False,False
401760398,2025,9,2025-10-25T23:30:00.000Z,False,False,True,25609.0,3984,War Memorial Stadium,2751,Wyoming,Mountain West,28.0,"[7, 14, 7, 0]",0.9982336163520812,1336.0,1412.0,36,Colorado State,fbs,Mountain West,0.0,"[0, 0, 0, 0]",0.0017663836479187,1353.0,1277.0,2.2356075993077673,29181.0,False,False,Laramie,WY,82071.0,US,America/Denver,41.31161,-105.5681384,2200.153564,1950.0,2025-10-25,13.3,0.0,13.2,0.8775915835646483,0.0,False,False,False,False,False
401752748,2025,9,2025-10-25T23:30:00.000Z,False,False,True,101924.0,3958,Tiger Stadium (LA),99,LSU,SEC,25.0,"[7, 11, 0, 7]",0.0,1752.0,1694.0,245,Texas A&M,fbs,SEC,49.0,"[14, 0, 21, 14]",1.0,1801.0,1859.0,5.32002098367874,102321.0,True,False,Baton Rouge,LA,70803.0,US,America/Chicago,30.412035,-91.1838163,7.640734673,1924.0,2025-10-25,22.1,0.0,13.7,0.9961200535569432,1.0,False,False,False,False,False
401752747,2025,9,2025-10-25T23:45:00.000Z,False,False,True,60153.0,3683,Kroger Field,96,Kentucky,SEC,34.0,"[7, 14, 6, 7]",0.0142135480418801,1533.0,1506.0,2633,Tennessee,fbs,SEC,56.0,"[21, 14, 14, 7]",0.98578645195812,1801.0,1828.0,4.0851942581443055,61000.0,False,False,Lexington,KY,40506.0,US,America/New_York,38.0220905,-84.5053408,307.4248962,1973.0,2025-10-25,11.4,0.0,8.9,0.9861147540983608,1.0,False,False,False,False,False
401756929,2025,9,2025-10-26T00:00:00.000Z,False,False,True,54256.0,3947,Mountain America Stadium,9,Arizona State,Big 12,16.0,"[0, 0, 0, 16]",0.0,1638.0,1609.0,248,Houston,fbs,Big 12,24.0,"[10, 0, 14, 0]",1.0,1478.0,1507.0,4.716608221900163,65870.0,True,False,Tempe,AZ,85287.0,US,America/Phoenix,33.4264471,-111.9325005,360.1569519,1958.0,2025-10-26,27.5,0.0,1.9,0.8236830119933202,0.0,False,False,False,False,False
401756934,2025,9,2025-10-26T02:15:00.000Z,False,False,True,51949.0,587,Rice-Eccles Stadium,254,Utah,Big 12,53.0,"[17, 26, 3, 7]",0.9948615431785583,1771.0,1887.0,38,Colorado,fbs,Big 12,7.0,"[0, 0, 0, 7]",0.0051384568214416,1611.0,1495.0,2.497372620669279,51444.0,False,False,Salt Lake City,UT,84112.0,US,America/Denver,40.7599724,-111.8488255,1411.543579,1998.0,2025-10-26,18.9,0.0,17.9,1.0098164994945962,1.0,False,False,True,False,False
401757289,2025,10,2025-10-29T00:00:00.000Z,False,False,True,11040.0,4899,Fifth Third Stadium,338,Kennesaw State,Conference USA,33.0,"[14, 2, 7, 10]",0.8267028331756592,1374.0,1388.0,2638,UTEP,fbs,Conference USA,20.0,"[0, 10, 10, 0]",0.1732971668243408,1234.0,1220.0,5.908515511047378,11040.0,True,False,Kennesaw,GA,30144.0,US,America/New_York,34.0289318,-84.5676234,296.9589844,2010.0,2025-10-29,10.8,0.0,12.8,1.0,1.0,False,False,False,False,False
401761639,2025,10,2025-10-29T00:00:00.000Z,False,False,True,17363.0,3644,Bobcat Stadium (TX),326,Texas State,Sun Belt,20.0,"[0, 20, 0, 0]",0.0021346090361475,1554.0,1486.0,256,James Madison,fbs,Sun Belt,52.0,"[14, 14, 21, 3]",0.9978653909638524,1733.0,1801.0,4.307558561592839,30000.0,False,False,San Marcos,TX,78666.0,US,America/Chicago,29.8910008,-97.9255735,177.8676453,1981.0,2025-10-29,21.6,0.0,21.7,0.5787666666666667,0.0,False,False,False,False,False
401757292,2025,10,2025-10-29T23:30:00.000Z,False,False,True,10200.0,3725,"Johnny ""Red"" Floyd Stadium",2393,Middle Tennessee,Conference USA,21.0,"[6, 0, 8, 7]",0.2287983149290084,1184.0,1199.0,55,Jacksonville State,fbs,Conference USA,24.0,"[0, 7, 0, 17]",0.7712016850709915,1540.0,1525.0,5.738443333761415,30788.0,False,False,Murfreesboro,TN,37132.0,US,America/Chicago,35.8511463,-86.3681649,191.7279816,1933.0,2025-10-29,10.5,0.0,8.3,0.3312979082759517,0.0,False,False,False,False,False
401757291,2025,10,2025-10-30T00:00:00.000Z,False,False,True,8754.0,3878,Plaster Sports Complex,2623,Missouri State,Conference USA,28.0,"[7, 7, 7, 7]",0.5291013121604919,1335.0,1340.0,2229,Florida International,fbs,Conference USA,21.0,"[7, 7, 0, 7]",0.470898687839508,1246.0,1241.0,5.075261446471696,17337.0,False,False,Springfield,MO,65897.0,US,America/Chicago,37.1976229,-93.2798119,402.368103,1941.0,2025-10-30,8.8,0.0,21.1,0.5049316490742343,0.0,False,False,False,False,False
401762443,2025,10,2025-10-30T23:30:00.000Z,False,False,True,16715.0,3604,Alamodome,2636,UTSA,American Athletic,48.0,"[10, 21, 7, 10]",1.0,1470.0,1537.0,2655,Tulane,fbs,American Athletic,26.0,"[6, 6, 7, 7]",0.0,1588.0,1521.0,2.954352524973834,36582.0,False,True,San Antonio,TX,78299.0,US,America/Chicago,29.4169834,-98.4788143,201.5526886,1993.0,2025-10-30,19.8,0.0,1.3,0.4569187031873599,0.0,False,False,False,False,False
401761640,2025,10,2025-10-30T23:30:00.000Z,False,False,True,17034.0,3654,Brooks Stadium (SC),324,Coastal Carolina,Sun Belt,44.0,"[3, 14, 20, 7]",0.7426753640174866,1235.0,1309.0,276,Marshall,fbs,Sun Belt,27.0,"[10, 10, 7, 0]",0.2573246359825134,1583.0,1509.0,7.199110789458465,21000.0,False,False,Conway,SC,29528.0,US,America/New_York,33.7928506,-79.0166946,13.74894905,2003.0,2025-10-30,14.9,0.0,17.9,0.8111428571428572,0.0,False,False,False,False,False
401762497,2025,10,2025-10-31T23:00:00.000Z,False,False,True,20197.0,3895,Rice Stadium,242,Rice,American Athletic,14.0,"[0, 7, 0, 7]",0.0181753635406494,1163.0,1155.0,235,Memphis,fbs,American Athletic,38.0,"[14, 17, 7, 0]",0.9818246364593506,1681.0,1689.0,3.0092875279502422,47000.0,False,False,Houston,TX,77251.0,US,America/Chicago,29.7163297,-95.4093261,7.148301601,1950.0,2025-10-31,19.4,0.0,3.1,0.4297234042553191,0.0,False,False,False,False,False
401754575,2025,10,2025-10-31T23:30:00.000Z,False,False,True,37184.0,1964,JMA Wireless Dome,183,Syracuse,ACC,10.0,"[7, 3, 0, 0]",0.019985033199191,1362.0,1320.0,153,North Carolina,fbs,ACC,27.0,"[3, 3, 14, 7]",0.9800149668008088,1352.0,1394.0,3.969831917948332,49057.0,False,True,Syracuse,NY,13244.0,US,America/New_York,43.0362269,-76.1363161,162.6989746,1980.0,2025-10-31,3.9,1.8,32.9,0.7579754163524064,0.0,False,False,False,False,False
401757290,2025,10,2025-11-01T00:00:00.000Z,False,False,True,17841.0,3776,Joe Aillet Stadium,2348,Louisiana Tech,Conference USA,55.0,"[14, 13, 14, 14]",0.991223394870758,1378.0,1465.0,2534,Sam Houston,fbs,Conference USA,14.0,"[0, 0, 14, 0]",0.0087766051292419,1139.0,1052.0,1.8612539134862605,28019.0,False,False,Ruston,LA,71272.0,US,America/Chicago,32.5321487,-92.6560019,72.87982941,1968.0,2025-11-01,13.6,0.0,5.5,0.6367464934508726,0.0,False,False,False,False,False
401756938,2025,10,2025-11-01T16:00:00.000Z,False,False,True,25049.0,4728,TDECU Stadium,248,Houston,Big 12,35.0,"[7, 14, 7, 7]",0.0351799391210079,1507.0,1467.0,277,West Virginia,fbs,Big 12,45.0,"[14, 7, 10, 14]",0.964820060878992,1300.0,1340.0,6.363517032629233,40000.0,False,False,Houston,TX,77004.0,US,America/Chicago,29.7219885,-95.3491623,9.57440567,2014.0,2025-11-01,19.1,0.0,6.7,0.626225,0.0,False,False,False,False,False
401762499,2025,10,2025-11-01T16:00:00.000Z,False,False,True,26516.0,3825,DATCU Stadium,249,North Texas,American Athletic,31.0,"[14, 10, 7, 0]",0.9541565775871276,1674.0,1690.0,2426,Navy,fbs,American Athletic,17.0,"[0, 10, 7, 0]",0.0458434224128723,1529.0,1513.0,2.6246469328814164,30850.0,False,False,Denton,TX,76210.0,US,America/Chicago,33.203899,-97.159245,198.6871948,2011.0,2025-11-01,13.7,0.3,11.6,0.8595137763371151,0.0,False,False,False,False,False
401752889,2025,10,2025-11-01T16:00:00.000Z,False,False,True,105517.0,3861,Ohio Stadium,194,Ohio State,Big Ten,38.0,"[7, 10, 14, 7]",0.9644951820373536,2098.0,2146.0,213,Penn State,fbs,Big Ten,14.0,"[0, 14, 0, 0]",0.0355048179626464,1990.0,1942.0,4.216863180603837,102780.0,False,False,Columbus,OH,43210.0,US,America/New_York,40.0016447,-83.0197266,216.6770325,1922.0,2025-11-01,10.6,0.0,6.5,1.026629694493092,1.0,False,False,True,False,False
401754581,2025,10,2025-11-01T16:00:00.000Z,False,False,True,35074.0,3735,Gerald J. Ford Stadium,2567,SMU,ACC,26.0,"[0, 7, 10, 3, 6]",0.6046087145805359,1727.0,1741.0,2390,Miami,fbs,ACC,20.0,"[7, 3, 7, 3, 0]",0.3953912854194641,1863.0,1849.0,9.401323185274997,32000.0,False,False,University Park,TX,75275.0,US,America/Chicago,32.8377223,-96.7827859,169.4058075,2000.0,2025-11-01,14.2,0.3,7.1,1.0960625,1.0,False,False,True,False,False
401756936,2025,10,2025-11-01T16:00:00.000Z,False,False,True,40212.0,4727,McLane Stadium,239,Baylor,Big 12,30.0,"[14, 6, 3, 7]",0.985271155834198,1542.0,1621.0,2116,UCF,fbs,Big 12,3.0,"[0, 3, 0, 0]",0.014728844165802,1616.0,1537.0,2.730376747954225,45140.0,False,False,Waco,TX,76704.0,US,America/Chicago,31.5582015,-97.1156702,117.0538101,2014.0,2025-11-01,14.1,0.9,6.1,0.8908285334514843,0.0,False,False,False,False,False
401752891,2025,10,2025-11-01T16:00:00.000Z,False,False,True,60670.0,3832,"Memorial Stadium (Champaign, IL)",356,Illinois,Big Ten,35.0,"[7, 14, 14, 0]",0.938212752342224,1560.0,1603.0,164,Rutgers,fbs,Big Ten,13.0,"[0, 6, 0, 7]",0.0617872476577758,1462.0,1419.0,3.235287264590744,60670.0,False,False,Champaign,IL,61820.0,US,America/Chicago,40.0993268,-88.2359569,223.2471619,1923.0,2025-11-01,8.6,0.0,9.7,1.0,1.0,False,False,False,False,False
401757173,2025,10,2025-11-01T16:00:00.000Z,False,False,False,23170.0,3892,Pratt & Whitney Stadium,41,UConn,FBS Independents,38.0,"[7, 17, 14, 0]",0.9872789978981018,1546.0,1561.0,5,UAB,fbs,American Athletic,19.0,"[0, 0, 6, 13]",0.0127210021018981,1252.0,1237.0,4.058511052098757,40000.0,True,False,East Hartford,CT,6118.0,US,America/New_York,41.7595675,-72.6187728,6.515614986,2003.0,2025-11-01,11.3,0.0,22.0,0.57925,0.0,False,False,False,False,False
401752758,2025,10,2025-11-01T16:00:00.000Z,False,False,True,102338.0,3910,DKR-Texas Memorial Stadium,251,Texas,SEC,34.0,"[17, 7, 10, 0]",0.7722781300544739,1925.0,1924.0,238,Vanderbilt,fbs,SEC,31.0,"[0, 10, 0, 21]",0.2277218699455261,1765.0,1766.0,3.920122530757057,100119.0,False,False,Austin,TX,78712.0,US,America/Chicago,30.2836813,-97.7325345,160.3089447,1924.0,2025-11-01,15.8,5.9,7.1,1.02216362528591,1.0,False,False,True,False,False
401754577,2025,10,2025-11-01T16:00:00.000Z,False,False,True,75809.0,3836,"Memorial Stadium (Clemson, SC)",228,Clemson,ACC,45.0,"[7, 21, 10, 7]",0.9769346117973328,1708.0,1703.0,150,Duke,fbs,ACC,46.0,"[21, 7, 7, 11]",0.0230653882026672,1622.0,1627.0,7.895794816963773,81500.0,True,False,Clemson,SC,29634.0,US,America/New_York,34.6787737,-82.8432428,205.6452179,1942.0,2025-11-01,12.5,0.0,2.5,0.9301717791411044,1.0,False,False,False,False,False
401762849,2025,10,2025-11-01T16:00:00.000Z,False,False,True,11876.0,3700,Doyt L. Perry Stadium,189,Bowling Green,Mid-American,3.0,"[0, 0, 0, 3]",0.011615565046668,1322.0,1253.0,2084,Buffalo,fbs,Mid-American,28.0,"[7, 14, 7, 0]",0.988384434953332,1307.0,1376.0,2.84265125294086,24000.0,False,False,Bowling Green,OH,43403.0,US,America/New_York,41.3780114,-83.6225,205.9057465,1966.0,2025-11-01,10.5,0.0,12.8,0.4948333333333333,0.0,False,False,False,False,False
401760401,2025,10,2025-11-01T16:00:00.000Z,False,False,False,39441.0,3713,Falcon Stadium,2005,Air Force,Mountain West,17.0,"[3, 0, 7, 7]",0.5374033451080322,1355.0,1362.0,349,Army,fbs,American Athletic,20.0,"[7, 3, 0, 10]",0.4625966548919678,1544.0,1537.0,5.535816980973042,46692.0,False,False,Colorado Springs,CO,80840.0,US,America/Denver,38.9969701,-104.8436165,2024.875732,1962.0,2025-11-01,7.4,0.0,1.8,0.8447057311745053,0.0,False,False,False,False,False
401756939,2025,10,2025-11-01T17:00:00.000Z,False,False,True,60899.0,3772,Jack Trice Stadium,66,Iowa State,Big 12,19.0,"[3, 13, 3, 0]",0.4088120758533478,1597.0,1589.0,9,Arizona State,fbs,Big 12,24.0,"[3, 14, 7, 0]",0.5911879241466522,1609.0,1617.0,6.789113847524804,61500.0,True,False,Ames,IA,50011.0,US,America/Chicago,42.0139977,-93.6357716,274.9135437,1975.0,2025-11-01,7.3,0.1,18.1,0.9902276422764228,1.0,False,False,False,False,False
401762498,2025,10,2025-11-01T18:00:00.000Z,False,False,True,13168.0,3806,Lincoln Financial Field,218,Temple,American Athletic,14.0,"[7, 7, 0, 0]",0.0338331721723079,1319.0,1258.0,151,East Carolina,fbs,American Athletic,45.0,"[14, 14, 14, 3]",0.966166827827692,1530.0,1591.0,4.039789827827728,69879.0,False,False,Philadelphia,PA,19122.0,US,America/New_York,39.9007995,-75.1675414,3.198706865,2003.0,2025-11-01,14.4,0.0,16.4,0.1884400177449591,0.0,False,False,False,False,False
401754580,2025,10,2025-11-01T19:00:00.000Z,False,False,True,54030.0,3799,Lane Stadium,259,Virginia Tech,ACC,16.0,"[9, 7, 0, 0]",0.0910497903823852,1430.0,1431.0,97,Louisville,fbs,ACC,28.0,"[7, 0, 14, 7]",0.9089502096176147,1738.0,1737.0,6.175265038989168,65632.0,True,False,Blacksburg,VA,24061.0,US,America/New_York,37.2199873,-80.4180643,632.2631226,1965.0,2025-11-01,14.3,0.0,14.9,0.8232264748902974,0.0,False,False,False,False,False
401760404,2025,10,2025-11-01T19:00:00.000Z,False,False,True,25972.0,6501,Allegiant Stadium,2439,UNLV,Mountain West,35.0,"[0, 21, 7, 7]",0.0551696419715881,1567.0,1549.0,167,New Mexico,fbs,Mountain West,40.0,"[7, 24, 3, 6]",0.944830358028412,1442.0,1460.0,7.218828658078055,65000.0,False,True,Las Vegas,NV,89118.0,US,America/Los_Angeles,36.09075,-115.183722,666.0,2020.0,2025-11-01,24.5,0.0,2.0,0.3995692307692308,0.0,False,False,False,False,False
401757294,2025,10,2025-11-01T19:30:00.000Z,False,False,True,15023.0,3796,Houchens Industries-L.T. Smith Stadium,98,Western Kentucky,Conference USA,35.0,"[0, 14, 14, 7]",0.9685057401657104,1355.0,1386.0,166,New Mexico State,fbs,Conference USA,16.0,"[3, 3, 3, 7]",0.0314942598342895,1225.0,1194.0,4.312841567214245,22113.0,False,False,Bowling Green,KY,42101.0,US,America/Chicago,36.9847901,-86.4594041,154.4346619,1968.0,2025-11-01,13.4,0.0,3.8,0.6793741238185682,0.0,False,False,False,False,False
401754583,2025,10,2025-11-01T19:30:00.000Z,False,False,False,44500.0,3615,"Alumni Stadium (Chestnut Hill, MA)",103,Boston College,ACC,10.0,"[0, 7, 3, 0]",0.0,1299.0,1339.0,87,Notre Dame,fbs,FBS Independents,25.0,"[0, 12, 6, 7]",1.0,2193.0,2153.0,5.266984922724491,44500.0,False,False,Chestnut Hill,MA,2467.0,US,America/New_York,42.335104,-71.1664413,39.82634354,1957.0,2025-11-01,12.8,0.0,20.2,1.0,1.0,False,False,False,False,False
401761642,2025,10,2025-11-01T19:30:00.000Z,False,False,True,18462.0,6526,Hancock Whitney Stadium,6,South Alabama,Sun Belt,22.0,"[0, 7, 7, 8]",0.029501412063837,1400.0,1375.0,309,Louisiana,fbs,Sun Belt,31.0,"[10, 14, 7, 0]",0.970498587936163,1322.0,1347.0,4.0834056992858185,25450.0,False,False,Mobile,AL,36688.0,US,America/Chicago,30.696904,-88.192013,45.0,2020.0,2025-11-01,19.4,0.0,5.7,0.7254223968565815,0.0,False,False,False,False,False
401752888,2025,10,2025-11-01T19:30:00.000Z,False,False,True,45339.0,3953,Huntington Bank Stadium,135,Minnesota,Big Ten,23.0,"[7, 3, 0, 7, 6]",0.1709745973348617,1515.0,1514.0,127,Michigan State,fbs,Big Ten,20.0,"[0, 0, 7, 10, 3]",0.8290254026651382,1364.0,1365.0,8.124405035274927,50850.0,False,False,Minneapolis,MN,55488.0,US,America/Chicago,44.976525,-93.2245462,254.3902283,2009.0,2025-11-01,6.9,0.1,7.2,0.891622418879056,0.0,False,False,False,False,False
401760402,2025,10,2025-11-01T19:30:00.000Z,False,False,True,32826.0,3653,Albertsons Stadium,68,Boise State,Mountain West,7.0,"[0, 7, 0, 0]",0.0680198669433593,1724.0,1616.0,278,Fresno State,fbs,Mountain West,30.0,"[7, 3, 14, 6]",0.9319801330566406,1360.0,1468.0,4.483067995981335,36387.0,False,False,Boise,ID,83725.0,US,America/Boise,43.6028839,-116.1958882,823.2221069,1970.0,2025-11-01,17.6,0.0,20.0,0.9021353780196224,1.0,False,False,False,False,False
401761641,2025,10,2025-11-01T19:30:00.000Z,False,False,True,17087.0,3817,Malone Stadium,2433,UL Monroe,Sun Belt,6.0,"[0, 0, 0, 6]",0.0,1015.0,998.0,295,Old Dominion,fbs,Sun Belt,31.0,"[17, 7, 0, 7]",1.0,1463.0,1480.0,2.631088345259229,27617.0,False,False,Monroe,LA,71209.0,US,America/Chicago,32.5308089,-92.0660602,22.998209,1978.0,2025-11-01,16.7,0.0,1.7,0.6187131114893001,0.0,False,False,False,False,False
401757293,2025,10,2025-11-01T19:30:00.000Z,False,False,True,18455.0,3992,Williams Stadium (VA),2335,Liberty,Conference USA,59.0,"[7, 21, 21, 10]",0.9901004433631896,1424.0,1506.0,48,Delaware,fbs,Conference USA,30.0,"[3, 6, 15, 6]",0.0098995566368103,1465.0,1383.0,3.451953355812776,25000.0,False,False,Lynchburg,VA,24502.0,US,America/New_York,37.3544305,-79.1750239,272.9237061,1989.0,2025-11-01,16.2,0.0,13.5,0.7382,0.0,False,False,False,False,False
401752755,2025,10,2025-11-01T19:30:00.000Z,False,True,True,76131.0,3712,EverBank Stadium,57,Florida,SEC,20.0,"[10, 0, 7, 3]",0.1238217279314994,1638.0,1655.0,61,Georgia,fbs,SEC,24.0,"[7, 3, 7, 7]",0.8761782720685005,2034.0,2017.0,7.501922970887811,67858.0,True,False,Jacksonville,FL,32022.0,US,America/New_York,30.323889,-81.6375,1.336527586,1995.0,2025-11-01,20.2,0.0,2.6,1.1219163547407822,,False,False,True,False,False
401756941,2025,10,2025-11-01T19:30:00.000Z,False,False,True,52111.0,3636,Bill Snyder Family Stadium,2306,Kansas State,Big 12,20.0,"[7, 0, 7, 6]",0.0,1753.0,1705.0,2641,Texas Tech,fbs,Big 12,43.0,"[0, 12, 17, 14]",1.0,1855.0,1903.0,4.938054776568564,50000.0,False,False,Manhattan,KS,66502.0,US,America/Chicago,39.2020096,-96.5938395,328.0574646,1968.0,2025-11-01,8.7,0.0,16.3,1.04222,1.0,False,False,True,False,False
401754582,2025,10,2025-11-01T19:30:00.000Z,False,False,True,16540.0,3940,Stanford Stadium,24,Stanford,ACC,20.0,"[10, 3, 0, 7]",0.0076104239560663,1240.0,1245.0,221,Pittsburgh,fbs,ACC,35.0,"[7, 14, 14, 0]",0.9923895760439336,1673.0,1668.0,5.712078469404845,50424.0,True,False,Stanford,CA,94305.0,US,America/Los_Angeles,37.4345556,-122.1611271,18.38425636,2006.0,2025-11-01,19.3,0.0,3.6,0.3280184039346343,0.0,False,False,False,False,False
401752887,2025,10,2025-11-01T19:30:00.000Z,False,False,True,46185.0,3665,SECU Stadium,120,Maryland,Big Ten,10.0,"[3, 0, 7, 0]",0.0977273657917976,1573.0,1506.0,84,Indiana,fbs,Big Ten,55.0,"[7, 13, 21, 14]",0.9022726342082024,2091.0,2158.0,3.557163403999338,51802.0,False,False,College Park,MD,20742.0,US,America/New_York,38.9903332,-76.9473792,32.68748093,1950.0,2025-11-01,15.8,0.0,17.3,0.8915678931315393,0.0,False,False,False,False,False
401754576,2025,10,2025-11-01T19:45:00.000Z,False,False,True,30893.0,3831,California Memorial Stadium,25,California,ACC,21.0,"[0, 7, 7, 7]",0.0226903054863214,1397.0,1392.0,258,Virginia,fbs,ACC,31.0,"[10, 7, 7, 7]",0.9773096945136786,1580.0,1585.0,5.718828438861106,62467.0,False,False,Berkeley,CA,94720.0,US,America/Los_Angeles,37.8710434,-122.2507729,125.3108063,1923.0,2025-11-01,18.3,0.0,6.8,0.4945491219363824,0.0,False,False,False,False,False
401752753,2025,10,2025-11-01T20:00:00.000Z,False,False,True,68358.0,3887,Razorback Stadium,8,Arkansas,SEC,35.0,"[0, 13, 15, 7]",0.7248119115829468,1604.0,1594.0,344,Mississippi State,fbs,SEC,38.0,"[7, 0, 14, 17]",0.2751880884170532,1514.0,1524.0,7.06341697165689,80000.0,False,False,Fayetteville,AR,72702.0,US,America/Chicago,36.0680662,-94.1789534,403.7972412,1938.0,2025-11-01,13.1,0.0,18.1,0.854475,0.0,False,False,False,False,False
401762850,2025,10,2025-11-01T20:00:00.000Z,False,False,True,29299.0,3980,Waldo Stadium,2711,Western Michigan,Mid-American,24.0,"[0, 7, 7, 10]",0.705152690410614,1369.0,1368.0,2117,Central Michigan,fbs,Mid-American,21.0,"[7, 7, 0, 7]",0.294847309589386,1234.0,1235.0,5.32630256682886,30200.0,False,False,Kalamazoo,MI,49008.0,US,America/Detroit,42.2860064,-85.6007573,243.8211212,1939.0,2025-11-01,9.3,0.0,12.9,0.9701655629139072,1.0,False,False,False,False,False
401756940,2025,10,2025-11-01T20:00:00.000Z,False,False,True,39511.0,3833,Memorial Stadium,2305,Kansas,Big 12,38.0,"[3, 7, 14, 14]",0.992720067501068,1563.0,1556.0,197,Oklahoma State,fbs,Big 12,21.0,"[7, 0, 7, 7]",0.0072799324989318,1042.0,1049.0,3.274824852384832,47000.0,False,False,Lawrence,KS,66045.0,US,America/Chicago,38.9629418,-95.2463686,274.855957,1921.0,2025-11-01,9.9,0.0,18.5,0.8406595744680851,0.0,False,False,False,False,False
401756937,2025,10,2025-11-01T23:00:00.000Z,False,False,True,48322.0,3726,Folsom Field,38,Colorado,Big 12,17.0,"[0, 7, 7, 3]",0.0911505371332168,1495.0,1389.0,12,Arizona,fbs,Big 12,52.0,"[17, 21, 14, 0]",0.9088494628667833,1472.0,1578.0,2.909193799765285,50183.0,True,False,Boulder,CO,80309.0,US,America/Denver,40.0094746,-105.266905,1634.041138,1924.0,2025-11-01,14.8,0.0,2.9,0.9629157284339318,1.0,False,False,False,False,False
401752756,2025,10,2025-11-01T23:00:00.000Z,False,False,True,67491.0,3974,Vaught-Hemingway Stadium,145,Ole Miss,SEC,30.0,"[10, 7, 3, 10]",0.9924944639205932,1963.0,1969.0,2579,South Carolina,fbs,SEC,14.0,"[7, 0, 7, 0]",0.0075055360794067,1643.0,1637.0,4.9470900482214235,64038.0,True,False,Oxford,MS,38677.0,US,America/Chicago,34.3619837,-89.5342076,146.8517151,1915.0,2025-11-01,14.8,0.0,6.6,1.0539211093413283,1.0,False,False,True,False,False
401760405,2025,10,2025-11-01T23:00:00.000Z,False,False,True,24325.0,7311,Snapdragon Stadium,21,San Diego State,Mountain West,24.0,"[7, 10, 0, 7]",0.9544255137443542,1579.0,1601.0,2751,Wyoming,fbs,Mountain West,7.0,"[7, 0, 0, 0]",0.0455744862556457,1412.0,1390.0,3.707834455669849,35000.0,True,False,San Diego,CA,92093.0,US,America/Los_Angeles,32.784444,-117.122833,62.0,2022.0,2025-11-01,20.4,0.0,6.5,0.695,0.0,False,False,False,False,False
401752890,2025,10,2025-11-01T23:00:00.000Z,False,False,True,110517.0,3558,Michigan Stadium,130,Michigan,Big Ten,21.0,"[7, 7, 0, 7]",0.9230600595474244,1823.0,1809.0,2509,Purdue,fbs,Big Ten,16.0,"[0, 7, 3, 6]",0.0769399404525756,1296.0,1310.0,4.825745803362734,107601.0,False,False,Ann Arbor,MI,48109.0,US,America/Detroit,42.2658365,-83.7486956,255.5500031,1927.0,2025-11-01,7.8,0.0,9.6,1.0271001198873615,1.0,False,False,True,False,False
401752757,2025,10,2025-11-01T23:30:00.000Z,False,False,True,101915.0,3853,Neyland Stadium,2633,Tennessee,SEC,27.0,"[10, 0, 7, 10]",0.4345937967300415,1828.0,1814.0,201,Oklahoma,fbs,SEC,33.0,"[7, 9, 7, 10]",0.5654062032699585,1780.0,1794.0,7.451622569791746,102455.0,True,False,Knoxville,TN,37996.0,US,America/New_York,35.9550131,-83.9250128,271.9517212,1921.0,2025-11-01,12.8,0.0,5.5,0.994729393392221,1.0,False,False,False,False,False
401754578,2025,10,2025-11-01T23:30:00.000Z,False,False,True,63677.0,3697,Doak Campbell Stadium,52,Florida State,ACC,42.0,"[0, 14, 14, 14]",0.9879111051559448,1542.0,1631.0,154,Wake Forest,fbs,ACC,7.0,"[0, 0, 0, 7]",0.0120888948440551,1471.0,1382.0,3.138984018856726,67277.0,True,False,Tallahassee,FL,32306.0,US,America/New_York,30.4381692,-84.3044032,19.55942535,1950.0,2025-11-01,15.7,0.0,4.0,0.946489885101892,1.0,False,False,False,False,False
401752892,2025,10,2025-11-01T23:30:00.000Z,False,False,True,86529.0,3834,"Memorial Stadium (Lincoln, NE)",158,Nebraska,Big Ten,17.0,"[7, 7, 0, 3]",0.1601679027080536,1645.0,1655.0,30,USC,fbs,Big Ten,21.0,"[0, 6, 8, 7]",0.8398320972919464,1907.0,1897.0,4.7153808799608,85458.0,False,False,Lincoln,NE,68588.0,US,America/Chicago,40.820682,-96.705594,354.9318848,1923.0,2025-11-01,7.0,0.0,2.9,1.0125324720915538,1.0,False,False,True,False,False
401752943,2025,10,2025-11-01T23:30:00.000Z,False,False,True,32905.0,3893,Reser Stadium,204,Oregon State,Pac-12,10.0,"[0, 3, 0, 7]",0.7984362244606018,1248.0,1252.0,265,Washington State,fbs,Pac-12,7.0,"[0, 7, 0, 0]",0.2015637755393982,1438.0,1434.0,5.505177024647975,43363.0,False,False,Corvallis,OR,97331.0,US,America/Los_Angeles,44.5594559,-123.2814341,66.90744781,1953.0,2025-11-01,14.3,0.0,5.2,0.7588266494476859,0.0,False,False,False,False,False
401754579,2025,10,2025-11-01T23:30:00.000Z,False,False,True,56919.0,3670,Carter-Finley Stadium,152,NC State,ACC,48.0,"[14, 10, 14, 10]",0.9727997183799744,1459.0,1498.0,59,Georgia Tech,fbs,ACC,36.0,"[7, 10, 13, 6]",0.0272002816200256,1651.0,1612.0,5.721442235800005,58000.0,True,False,Raleigh,NC,27695.0,US,America/New_York,35.8008001,-78.7195655,117.0089951,1966.0,2025-11-01,12.1,0.0,1.9,0.9813620689655173,1.0,False,False,False,False,False
401752754,2025,10,2025-11-01T23:30:00.000Z,False,False,True,88043.0,3785,Jordan-Hare Stadium,2,Auburn,SEC,3.0,"[0, 3, 0, 0]",0.2702767848968506,1694.0,1665.0,96,Kentucky,fbs,SEC,10.0,"[0, 3, 7, 0]",0.7297232151031494,1506.0,1535.0,5.095503034276599,87451.0,True,False,Auburn,AL,36849.0,US,America/Chicago,32.6025532,-85.4897479,201.1737976,1939.0,2025-11-01,13.6,0.0,1.2,1.0067695052086312,1.0,False,False,True,False,False
401761643,2025,10,2025-11-02T00:00:00.000Z,False,False,True,23391.0,3975,Veterans Memorial Stadium (AL),2653,Troy,Sun Belt,10.0,"[0, 3, 0, 7]",0.0869236439466476,1499.0,1445.0,2032,Arkansas State,fbs,Sun Belt,23.0,"[17, 0, 3, 3]",0.9130763560533524,1260.0,1314.0,3.168595591458259,30000.0,False,False,Troy,AL,36082.0,US,America/Chicago,31.7995565,-85.9518328,154.7746277,1950.0,2025-11-02,14.2,0.0,2.2,0.7797,0.0,False,False,False,False,False
401756942,2025,10,2025-11-02T02:15:00.000Z,False,False,True,51672.0,587,Rice-Eccles Stadium,254,Utah,Big 12,45.0,"[14, 10, 14, 7]",0.9974363446235656,1887.0,1941.0,2132,Cincinnati,fbs,Big 12,14.0,"[7, 0, 7, 0]",0.0025636553764343,1644.0,1590.0,4.154913900410911,51444.0,False,False,Salt Lake City,UT,84112.0,US,America/Denver,40.7599724,-111.8488255,1411.543579,1998.0,2025-11-02,10.6,0.0,4.9,1.0044320037322136,1.0,False,False,True,False,False
401760403,2025,10,2025-11-02T02:30:00.000Z,False,False,True,16012.0,3935,CEFCU Stadium,23,San José State,Mountain West,45.0,"[7, 24, 7, 7]",0.7434321045875549,1410.0,1417.0,62,Hawai'i,fbs,Mountain West,38.0,"[7, 7, 14, 10]",0.256567895412445,1366.0,1359.0,6.184698589570914,30456.0,False,False,San Jose,CA,95112.0,US,America/Los_Angeles,37.3196675,-121.8682962,28.30708694,1933.0,2025-11-02,17.7,0.0,4.1,0.5257420541108484,0.0,False,False,False,False,False
401762852,2025,11,2025-11-05T00:00:00.000Z,False,False,True,22231.0,3876,Peden Stadium,195,Ohio,Mid-American,24.0,"[0, 3, 7, 14]",0.6207834482192993,1596.0,1595.0,193,Miami (OH),fbs,Mid-American,20.0,"[0, 3, 3, 14]",0.3792165517807007,1459.0,1460.0,6.012952698227306,24000.0,False,False,Athens,OH,45701.0,US,America/New_York,39.3212794,-82.1034315,194.230896,1929.0,2025-11-05,9.8,0.0,10.5,0.9262916666666666,1.0,False,False,False,False,False
401762851,2025,11,2025-11-05T00:00:00.000Z,False,False,True,5046.0,3768,InfoCision Stadium,2006,Akron,Mid-American,44.0,"[14, 13, 10, 7]",0.991926372051239,1040.0,1114.0,113,Massachusetts,fbs,Mid-American,10.0,"[10, 0, 0, 0]",0.0080736279487609,879.0,805.0,3.0039921166668617,30000.0,False,False,Akron,OH,44399.0,US,America/New_York,41.0725534,-81.5083408,321.2875061,2009.0,2025-11-05,8.3,0.0,10.2,0.1682,0.0,False,False,False,False,False
401762854,2025,11,2025-11-06T00:00:00.000Z,False,False,True,22128.0,3739,Glass Bowl,2649,Toledo,Mid-American,42.0,"[7, 21, 7, 7]",0.9862786531448364,1505.0,1591.0,2459,Northern Illinois,fbs,Mid-American,3.0,"[3, 0, 0, 0]",0.0137213468551635,1305.0,1219.0,2.6141536838184725,26038.0,False,False,Toledo,OH,43606.0,US,America/New_York,41.6574777,-83.6135652,181.4839783,1937.0,2025-11-06,9.8,0.0,20.5,0.8498348567478301,0.0,False,False,False,False,False
401762853,2025,11,2025-11-06T00:00:00.000Z,False,False,True,5225.0,3919,Scheumann Stadium,2050,Ball State,Mid-American,17.0,"[3, 7, 0, 7]",0.6266462802886963,1047.0,1047.0,2309,Kent State,fbs,Mid-American,13.0,"[0, 3, 7, 3]",0.3733537197113037,945.0,945.0,6.245171074365928,22500.0,False,False,Muncie,IN,47306.0,US,America/Indiana/Indianapolis,40.2159422,-85.4161148,285.481781,1967.0,2025-11-06,10.3,0.0,17.4,0.2322222222222222,0.0,False,False,False,False,False
401762500,2025,11,2025-11-07T00:30:00.000Z,False,False,True,27437.0,3886,Raymond James Stadium,58,South Florida,American Athletic,55.0,"[14, 31, 10, 0]",0.9891061782836914,1662.0,1734.0,2636,UTSA,fbs,American Athletic,23.0,"[3, 7, 3, 10]",0.0108938217163085,1537.0,1465.0,3.5523773833316556,65828.0,True,False,Tampa,FL,33620.0,US,America/New_York,27.9758691,-82.5033344,11.07972908,1998.0,2025-11-07,22.4,0.0,5.5,0.4167983229021085,0.0,False,False,False,False,False
401761644,2025,11,2025-11-07T00:30:00.000Z,False,False,True,31876.0,3792,Kidd Brewer Stadium,2026,App State,Sun Belt,23.0,"[0, 3, 6, 14]",0.0025996493641287,1332.0,1328.0,290,Georgia Southern,fbs,Sun Belt,25.0,"[9, 10, 3, 3]",0.9974003506358712,1310.0,1314.0,5.715089990728676,30000.0,False,False,Boone,NC,28608.0,US,America/New_York,36.2114267,-81.6854278,991.3414307,1962.0,2025-11-07,7.0,0.0,5.0,1.062533333333333,1.0,False,False,True,False,False
401756946,2025,11,2025-11-08T01:00:00.000Z,False,False,True,44206.0,3652,FBC Mortgage Stadium,2116,UCF,Big 12,27.0,"[3, 21, 3, 0]",0.8083364367485046,1537.0,1528.0,248,Houston,fbs,Big 12,30.0,"[0, 17, 7, 6]",0.1916635632514953,1467.0,1476.0,6.663307882242472,44206.0,True,False,Orlando,FL,32816.0,US,America/New_York,28.6079765,-81.1927233,20.94113731,2007.0,2025-11-08,22.3,0.0,4.3,1.0,1.0,False,False,False,False,False
401752896,2025,11,2025-11-08T02:00:00.000Z,False,False,True,67179.0,477,Los Angeles Memorial Coliseum,30,USC,Big Ten,38.0,"[7, 14, 7, 10]",0.9866441488265992,1897.0,1911.0,77,Northwestern,fbs,Big Ten,17.0,"[7, 7, 3, 0]",0.0133558511734008,1530.0,1516.0,3.5927800813893738,77500.0,True,False,Los Angeles,CA,90089.0,US,America/Los_Angeles,34.014167,-118.287778,42.50374222,1923.0,2025-11-08,18.8,0.0,4.1,0.8668258064516129,0.0,False,False,False,False,False
401762501,2025,11,2025-11-08T02:00:00.000Z,False,False,True,30384.0,3805,Simmons Bank Liberty Stadium,235,Memphis,American Athletic,32.0,"[7, 10, 0, 15]",0.0345132984220981,1689.0,1665.0,2655,Tulane,fbs,American Athletic,38.0,"[14, 21, 3, 0]",0.9654867015779018,1521.0,1545.0,5.2354917806746215,58325.0,False,False,Memphis,TN,38152.0,US,America/Chicago,35.1209429,-89.977147,90.62445831,1965.0,2025-11-08,18.1,0.0,8.2,0.5209429918559795,0.0,False,False,False,False,False
401756945,2025,11,2025-11-08T17:00:00.000Z,False,False,True,60229.0,3784,Jones AT&T Stadium,2641,Texas Tech,Big 12,29.0,"[10, 3, 6, 10]",1.0,1903.0,1937.0,252,BYU,fbs,Big 12,7.0,"[0, 0, 0, 7]",0.0,1722.0,1688.0,2.917651770566797,60454.0,False,False,Lubbock,TX,79409.0,US,America/Chicago,33.5910518,-101.8728824,980.7632446,1947.0,2025-11-08,19.5,0.0,13.7,0.9962781619082276,1.0,False,False,False,False,False
401752762,2025,11,2025-11-08T17:00:00.000Z,False,False,True,53017.0,3693,Davis Wade Stadium,344,Mississippi State,SEC,21.0,"[7, 0, 7, 7]",0.0,1524.0,1523.0,61,Georgia,fbs,SEC,41.0,"[3, 21, 14, 3]",1.0,2017.0,2018.0,3.785267348604506,61337.0,True,False,Starkville,MS,39762.0,US,America/Chicago,33.4563403,-88.7933652,110.2742081,1914.0,2025-11-08,21.4,0.0,7.3,0.8643559352430018,0.0,False,False,False,False,False
401752893,2025,11,2025-11-08T17:00:00.000Z,False,False,True,105231.0,3632,Beaver Stadium,213,Penn State,Big Ten,24.0,"[0, 7, 3, 14]",0.62885981798172,1942.0,1950.0,84,Indiana,fbs,Big Ten,27.0,"[7, 10, 3, 7]",0.37114018201828,2158.0,2150.0,6.664598569819111,106572.0,True,False,University Park,PA,16802.0,US,America/New_York,40.8121958,-77.8561023,354.1551514,1960.0,2025-11-08,14.5,0.0,9.5,0.9874169575498256,1.0,False,False,False,False,False
401762503,2025,11,2025-11-08T17:00:00.000Z,False,False,True,30594.0,3841,Michie Stadium,349,Army,American Athletic,14.0,"[0, 7, 7, 0]",0.5682589411735535,1537.0,1529.0,218,Temple,fbs,American Athletic,13.0,"[0, 10, 3, 0]",0.4317410588264465,1258.0,1266.0,3.983308218309781,38000.0,False,False,West Point,NY,10996.0,US,America/New_York,41.3874924,-73.9640891,99.21277618,1924.0,2025-11-08,15.1,0.0,13.1,0.8051052631578948,0.0,False,False,False,False,False
401761647,2025,11,2025-11-08T17:00:00.000Z,False,False,True,15441.0,3625,Centennial Bank Stadium,2032,Arkansas State,Sun Belt,21.0,"[7, 0, 0, 14]",0.0409366078674793,1314.0,1306.0,2572,Southern Miss,fbs,Sun Belt,27.0,"[10, 7, 3, 7]",0.9590633921325208,1354.0,1362.0,5.968283460300001,30382.0,False,False,Jonesboro,AR,72404.0,US,America/Chicago,35.8488977,-90.6677436,89.52690887,1974.0,2025-11-08,18.5,0.0,2.3,0.5082285563820683,0.0,False,False,False,False,False
401761646,2025,11,2025-11-08T17:00:00.000Z,False,False,True,26727.0,3775,Joan C. Edwards Stadium,276,Marshall,Sun Belt,23.0,"[0, 12, 8, 3]",0.342189610004425,1509.0,1508.0,256,James Madison,fbs,Sun Belt,35.0,"[7, 14, 7, 7]",0.657810389995575,1801.0,1802.0,6.114623013796852,38016.0,False,False,Huntington,WV,25755.0,US,America/New_York,38.4247042,-82.4214412,163.7328186,1991.0,2025-11-08,17.0,0.0,9.7,0.7030460858585859,0.0,False,False,False,False,False
401756947,2025,11,2025-11-08T17:00:00.000Z,False,False,True,55510.0,3842,Milan Puskar Stadium,277,West Virginia,Big 12,29.0,"[9, 10, 3, 7]",0.7739933729171753,1340.0,1352.0,38,Colorado,fbs,Big 12,22.0,"[0, 9, 7, 6]",0.2260066270828247,1389.0,1377.0,5.34381918133446,60000.0,False,False,Morgantown,WV,26507.0,US,America/New_York,39.6502744,-79.9551873,327.409668,1980.0,2025-11-08,16.0,0.1,17.6,0.9251666666666668,1.0,False,False,False,False,False
401754584,2025,11,2025-11-08T17:00:00.000Z,False,False,True,38345.0,3615,"Alumni Stadium (Chestnut Hill, MA)",103,Boston College,ACC,13.0,"[0, 6, 0, 7]",0.05867500603199,1339.0,1298.0,2567,SMU,fbs,ACC,45.0,"[10, 7, 14, 14]",0.94132499396801,1741.0,1782.0,4.415965398815328,44500.0,False,False,Chestnut Hill,MA,2467.0,US,America/New_York,42.335104,-71.1664413,39.82634354,1957.0,2025-11-08,15.0,0.0,13.4,0.861685393258427,0.0,False,False,False,False,False
401762855,2025,11,2025-11-08T18:00:00.000Z,False,False,True,11889.0,3912,Rynearson Stadium,2199,Eastern Michigan,Mid-American,27.0,"[10, 0, 7, 10]",0.8173208832740784,1220.0,1229.0,189,Bowling Green,fbs,Mid-American,21.0,"[7, 7, 0, 7]",0.1826791167259216,1253.0,1244.0,6.064519817413809,30200.0,False,False,Ypsilanti,MI,48197.0,US,America/Detroit,42.256126,-83.647285,241.248764,1969.0,2025-11-08,5.5,0.0,11.3,0.3936754966887417,0.0,False,False,False,False,False
401752897,2025,11,2025-11-08T18:00:00.000Z,False,False,True,57701.0,3907,Ross-Ade Stadium,2509,Purdue,Big Ten,10.0,"[3, 0, 0, 7]",0.0054383613169193,1310.0,1331.0,194,Ohio State,fbs,Big Ten,34.0,"[0, 24, 0, 10]",0.9945616386830808,2146.0,2125.0,3.172106994027828,57282.0,True,False,West Lafayette,IN,47907.0,US,America/Indiana/Indianapolis,40.4352253,-86.9186843,197.5337677,1924.0,2025-11-08,10.5,0.1,6.4,1.0073146887329354,1.0,False,False,True,False,False
401752761,2025,11,2025-11-08T18:00:00.000Z,False,False,False,67326.0,3974,Vaught-Hemingway Stadium,145,Ole Miss,SEC,49.0,"[21, 14, 7, 7]",0.8325901627540588,1980.0,1980.0,2643,The Citadel,fcs,Southern,0.0,"[0, 0, 0, 0]",0.1674098372459411,1480.0,1472.0,1.860293866698971,64038.0,True,False,Oxford,MS,38677.0,US,America/Chicago,34.3619837,-89.5342076,146.8517151,1915.0,2025-11-08,22.8,0.1,7.1,1.0513445141946969,1.0,False,False,True,True,False
401757299,2025,11,2025-11-08T18:00:00.000Z,False,False,True,18407.0,3992,Williams Stadium (VA),2335,Liberty,Conference USA,17.0,"[7, 3, 0, 7]",0.5848672389984131,1506.0,1488.0,2623,Missouri State,fbs,Conference USA,21.0,"[0, 0, 7, 14]",0.4151327610015869,1340.0,1358.0,5.833908836982461,25000.0,False,False,Lynchburg,VA,24502.0,US,America/New_York,37.3544305,-79.1750239,272.9237061,1989.0,2025-11-08,20.6,0.0,9.0,0.73628,0.0,False,False,False,False,False
401762502,2025,11,2025-11-08T19:00:00.000Z,False,False,True,22671.0,3895,Rice Stadium,242,Rice,American Athletic,24.0,"[7, 7, 10, 0]",0.8756951689720154,1155.0,1169.0,5,UAB,fbs,American Athletic,17.0,"[7, 10, 0, 0]",0.1243048310279846,1237.0,1223.0,4.2480440142817555,47000.0,False,False,Houston,TX,77251.0,US,America/Chicago,29.7163297,-95.4093261,7.148301601,1950.0,2025-11-08,29.2,0.0,9.2,0.4823617021276595,0.0,False,False,False,False,False
401752894,2025,11,2025-11-08T19:30:00.000Z,False,False,True,41032.0,6577,SHI Stadium,164,Rutgers,Big Ten,35.0,"[0, 21, 7, 7]",0.9826175570487976,1419.0,1458.0,120,Maryland,fbs,Big Ten,20.0,"[7, 10, 0, 3]",0.0173824429512023,1506.0,1467.0,4.298712917874017,52454.0,False,False,Piscataway,NJ,8854.0,US,America/New_York,40.513611,-74.465278,19.0,1994.0,2025-11-08,18.1,0.0,10.3,0.7822473023982919,0.0,False,False,False,False,False
401762504,2025,11,2025-11-08T20:00:00.000Z,False,False,True,39096.0,3699,Dowdy-Ficklen Stadium,151,East Carolina,American Athletic,48.0,"[21, 14, 10, 3]",0.9621897339820862,1591.0,1599.0,2429,Charlotte,fbs,American Athletic,22.0,"[0, 14, 8, 0]",0.0378102660179138,1028.0,1020.0,2.4838753543226346,50000.0,True,False,Greenville,NC,27858.0,US,America/New_York,35.5968486,-77.364564,19.0564537,1963.0,2025-11-08,22.7,0.0,3.8,0.78192,0.0,False,False,False,False,False
401757297,2025,11,2025-11-08T20:00:00.000Z,False,False,True,9536.0,3946,Sun Bowl,2638,UTEP,Conference USA,27.0,"[7, 6, 7, 7]",0.175343781709671,1220.0,1233.0,55,Jacksonville State,fbs,Conference USA,30.0,"[10, 10, 0, 10]",0.824656218290329,1525.0,1512.0,8.723114109384603,51500.0,False,False,El Paso,TX,79968.0,US,America/Denver,31.7733353,-106.507957,1183.697876,1963.0,2025-11-08,24.9,0.0,9.5,0.1851650485436893,0.0,False,False,False,False,False
401757296,2025,11,2025-11-08T20:00:00.000Z,False,False,True,12227.0,3725,"Johnny ""Red"" Floyd Stadium",2393,Middle Tennessee,Conference USA,30.0,"[7, 10, 7, 6]",0.0019640624523162,1199.0,1134.0,2229,Florida International,fbs,Conference USA,56.0,"[0, 21, 13, 22]",0.9980359375476836,1241.0,1306.0,7.259780064557759,30788.0,False,False,Murfreesboro,TN,37132.0,US,America/Chicago,35.8511463,-86.3681649,191.7279816,1933.0,2025-11-08,22.7,0.0,6.3,0.3971352474990255,0.0,False,False,False,False,False
401757295,2025,11,2025-11-08T20:00:00.000Z,False,False,True,17912.0,3695,Delaware Stadium,48,Delaware,Conference USA,25.0,"[3, 6, 7, 9]",0.1686908900737762,1383.0,1386.0,2348,Louisiana Tech,fbs,Conference USA,24.0,"[7, 0, 0, 17]",0.8313091099262238,1465.0,1462.0,9.406419204379077,22000.0,False,False,Newark,DE,19713.0,US,America/New_York,39.6617428,-75.7488224,28.74350357,1952.0,2025-11-08,18.6,0.0,7.1,0.8141818181818182,0.0,False,False,False,False,False
401762505,2025,11,2025-11-08T20:00:00.000Z,False,False,True,16170.0,3715,FAU Stadium,2226,Florida Atlantic,American Athletic,40.0,"[10, 21, 3, 6]",0.9733737111091614,1218.0,1247.0,202,Tulsa,fbs,American Athletic,21.0,"[0, 6, 12, 3]",0.0266262888908386,1066.0,1037.0,4.185107361435338,29419.0,False,False,Boca Raton,FL,33499.0,US,America/New_York,26.3763763,-80.1015759,3.613628864,2011.0,2025-11-08,26.8,1.9,8.6,0.5496447873823039,0.0,False,False,False,False,False
401752763,2025,11,2025-11-08T20:30:00.000Z,False,False,True,57321.0,3838,Memorial Stadium,142,Missouri,SEC,17.0,"[0, 0, 7, 10]",0.0486226417124271,1779.0,1734.0,245,Texas A&M,fbs,SEC,38.0,"[7, 7, 10, 14]",0.9513773582875727,1859.0,1904.0,3.262741592650687,71168.0,False,False,Columbia,MO,65211.0,US,America/Chicago,38.9358491,-92.3332009,212.6865692,1927.0,2025-11-08,14.9,0.0,4.1,0.8054322167266187,0.0,False,False,False,False,False
401756944,2025,11,2025-11-08T20:30:00.000Z,False,False,True,44197.0,3616,Amon G. Carter Stadium,2628,TCU,Big 12,17.0,"[0, 3, 7, 7]",0.4910023212432861,1700.0,1689.0,66,Iowa State,fbs,Big 12,20.0,"[6, 0, 0, 14]",0.5089976787567139,1589.0,1600.0,6.215050875410496,46000.0,True,False,Fort Worth,TX,76129.0,US,America/Chicago,32.7096604,-97.3680835,185.4387054,1929.0,2025-11-08,27.1,0.0,1.9,0.9608043478260868,1.0,False,False,False,False,False
401752898,2025,11,2025-11-08T20:30:00.000Z,False,False,True,69250.0,3793,Kinnick Stadium,2294,Iowa,Big Ten,16.0,"[0, 7, 0, 9]",0.1956522464752197,1907.0,1912.0,2483,Oregon,fbs,Big Ten,18.0,"[2, 10, 3, 3]",0.8043477535247803,2055.0,2050.0,5.293227062970093,69250.0,False,False,Iowa City,IA,52242.0,US,America/Chicago,41.6586045,-91.5510829,220.6357727,1929.0,2025-11-08,5.5,0.4,8.4,1.0,1.0,False,False,False,False,False
401754590,2025,11,2025-11-08T20:30:00.000Z,False,False,False,38106.0,3892,Pratt & Whitney Stadium,41,UConn,FBS Independents,37.0,"[10, 10, 3, 14]",0.8562755584716797,1561.0,1563.0,150,Duke,fbs,ACC,34.0,"[7, 7, 14, 6]",0.1437244415283203,1627.0,1625.0,7.285491145137222,40000.0,True,False,East Hartford,CT,6118.0,US,America/New_York,41.7595675,-72.6187728,6.515614986,2003.0,2025-11-08,15.9,0.0,9.4,0.95265,1.0,False,False,False,False,False
401756943,2025,11,2025-11-08T20:30:00.000Z,False,False,True,41115.0,3619,Arizona Stadium,12,Arizona,Big 12,24.0,"[7, 7, 3, 7]",0.4165548086166382,1578.0,1580.0,2305,Kansas,fbs,Big 12,20.0,"[7, 10, 3, 0]",0.5834451913833618,1556.0,1554.0,6.916815613183976,50782.0,False,False,Tucson,AZ,85721.0,US,America/Phoenix,32.2288054,-110.9488677,742.1530151,1928.0,2025-11-08,28.2,0.0,0.2,0.8096372730495057,0.0,False,False,False,False,False
401754587,2025,11,2025-11-08T20:30:00.000Z,False,False,True,60337.0,3948,Hard Rock Stadium,2390,Miami,ACC,38.0,"[0, 14, 17, 7]",0.9172752499580384,1849.0,1865.0,183,Syracuse,fbs,ACC,10.0,"[0, 0, 3, 7]",0.0827247500419616,1320.0,1304.0,3.698876065754808,64767.0,False,False,Miami Gardens,FL,33299.0,US,America/New_York,25.9579665,-80.2388604,2.624486446,1987.0,2025-11-08,27.4,3.5,4.2,0.9316009696295952,1.0,False,False,False,False,False
401757298,2025,11,2025-11-08T21:00:00.000Z,False,False,True,11473.0,3601,Aggie Memorial Stadium,166,New Mexico State,Conference USA,21.0,"[0, 7, 0, 14]",0.0202980190515518,1194.0,1201.0,338,Kennesaw State,fbs,Conference USA,24.0,"[17, 7, 0, 0]",0.9797019809484482,1388.0,1381.0,5.516987729558563,28853.0,False,False,Las Cruces,NM,88003.0,US,America/Denver,32.2796202,-106.7411148,1208.201294,1978.0,2025-11-08,25.5,0.0,5.3,0.3976362943194815,0.0,False,False,False,False,False
401752764,2025,11,2025-11-08T21:00:00.000Z,False,False,True,35000.0,3973,FirstBank Stadium,238,Vanderbilt,SEC,45.0,"[0, 10, 14, 14, 7]",0.6538436412811279,1766.0,1770.0,2,Auburn,fbs,SEC,38.0,"[7, 13, 10, 8, 0]",0.346156358718872,1665.0,1661.0,9.394868635793848,40351.0,False,False,Nashville,TN,37212.0,US,America/Chicago,36.1440455,-86.8088942,159.9194641,1922.0,2025-11-08,21.6,0.0,7.4,0.8673886644692821,0.0,False,False,False,False,False
401761645,2025,11,2025-11-08T21:00:00.000Z,False,False,True,18878.0,3654,Brooks Stadium (SC),324,Coastal Carolina,Sun Belt,40.0,"[14, 9, 10, 7]",0.9950982332229614,1309.0,1318.0,2247,Georgia State,fbs,Sun Belt,27.0,"[14, 0, 0, 13]",0.0049017667770385,1107.0,1098.0,3.3751025673075485,21000.0,False,False,Conway,SC,29528.0,US,America/New_York,33.7928506,-79.0166946,13.74894905,2003.0,2025-11-08,24.3,0.1,5.0,0.898952380952381,0.0,False,False,False,False,False
401754588,2025,11,2025-11-08T21:30:00.000Z,False,False,True,50500.0,3787,Kenan Stadium,153,North Carolina,ACC,20.0,"[3, 0, 7, 10]",0.5045846700668335,1394.0,1393.0,24,Stanford,fbs,ACC,15.0,"[0, 3, 0, 12]",0.4954153299331665,1245.0,1246.0,5.369020871476931,50500.0,False,False,Chapel Hill,NC,27515.0,US,America/New_York,35.9069294,-79.0478889,127.7569809,1927.0,2025-11-08,21.1,0.0,3.4,1.0,1.0,False,False,False,False,False
401752899,2025,11,2025-11-08T21:30:00.000Z,False,False,True,71217.0,347,Camp Randall Stadium,275,Wisconsin,Big Ten,13.0,"[0, 3, 10, 0]",0.9273465871810912,1455.0,1459.0,264,Washington,fbs,Big Ten,10.0,"[0, 10, 0, 0]",0.0726534128189086,1703.0,1699.0,4.984533939256325,80321.0,False,False,Madison,WI,53711.0,US,America/Chicago,43.06994,-89.4126943,263.604126,1917.0,2025-11-08,4.3,0.1,12.3,0.8866547976245316,0.0,False,False,False,False,False
401761648,2025,11,2025-11-08T22:00:00.000Z,False,False,True,14231.0,3666,Cajun Field,309,Louisiana,Sun Belt,42.0,"[7, 28, 0, 7]",0.4251887202262878,1347.0,1350.0,326,Texas State,fbs,Sun Belt,39.0,"[10, 7, 3, 19]",0.5748112797737122,1486.0,1483.0,5.100831798852394,41426.0,False,False,Lafayette,LA,70506.0,US,America/Chicago,30.2158434,-92.0417371,3.556508303,1971.0,2025-11-08,26.7,0.0,11.7,0.343528218992903,0.0,False,False,False,False,False
401760406,2025,11,2025-11-08T23:00:00.000Z,False,False,True,13637.0,3935,CEFCU Stadium,23,San José State,Mountain West,16.0,"[3, 0, 3, 10]",0.4876018166542053,1417.0,1391.0,2005,Air Force,fbs,Mountain West,26.0,"[0, 16, 0, 10]",0.5123981833457947,1362.0,1388.0,4.285756759162298,30456.0,False,False,San Jose,CA,95112.0,US,America/Los_Angeles,37.3196675,-121.8682962,28.30708694,1933.0,2025-11-08,21.3,0.0,5.7,0.4477607039663777,0.0,False,False,False,False,False
401754586,2025,11,2025-11-09T00:00:00.000Z,False,False,True,81500.0,3836,"Memorial Stadium (Clemson, SC)",228,Clemson,ACC,24.0,"[8, 10, 3, 3]",0.9650610685348512,1703.0,1725.0,52,Florida State,fbs,ACC,10.0,"[0, 7, 0, 3]",0.0349389314651489,1631.0,1609.0,2.9535332373216487,81500.0,True,False,Clemson,SC,29634.0,US,America/New_York,34.6787737,-82.8432428,205.6452179,1942.0,2025-11-09,16.2,0.0,4.1,1.0,1.0,False,False,False,False,False
401754589,2025,11,2025-11-09T00:00:00.000Z,False,False,True,55568.0,3923,Scott Stadium,258,Virginia,ACC,9.0,"[3, 3, 3, 0]",0.4872440993785858,1585.0,1555.0,154,Wake Forest,fbs,ACC,16.0,"[0, 10, 3, 3]",0.5127559006214142,1382.0,1412.0,6.244289362830801,61500.0,True,False,Charlottesville,VA,22904.0,US,America/New_York,38.0311801,-78.5137897,170.4677429,1931.0,2025-11-09,13.1,0.0,6.1,0.9035447154471544,1.0,False,False,False,False,False
401754585,2025,11,2025-11-09T00:00:00.000Z,False,False,True,51381.0,3873,L&N Federal Credit Union Stadium,97,Louisville,ACC,26.0,"[7, 6, 7, 3, 3]",0.1674464792013168,1737.0,1709.0,25,California,fbs,ACC,29.0,"[7, 10, 6, 0, 6]",0.8325535207986832,1392.0,1420.0,8.99296986382329,60000.0,False,False,Louisville,KY,40292.0,US,America/Kentucky/Louisville,38.2057621,-85.7588141,138.5615997,1998.0,2025-11-09,14.3,0.0,6.3,0.85635,0.0,False,False,False,False,False
401757166,2025,11,2025-11-09T00:30:00.000Z,False,False,False,77622.0,3855,Notre Dame Stadium,87,Notre Dame,FBS Independents,49.0,"[7, 14, 21, 7]",0.9956626296043396,2153.0,2186.0,2426,Navy,fbs,American Athletic,10.0,"[0, 10, 0, 0]",0.0043373703956604,1513.0,1480.0,2.9604499577900047,80795.0,False,False,Notre Dame,IN,46556.0,US,America/Indiana/Indianapolis,41.698378,-86.2339425,222.645401,1930.0,2025-11-09,4.5,0.0,12.1,0.960727767807414,1.0,False,False,False,False,False
401752760,2025,11,2025-11-09T00:30:00.000Z,False,False,True,56388.0,3683,Kroger Field,96,Kentucky,SEC,38.0,"[3, 21, 7, 7]",0.9788506031036376,1535.0,1635.0,57,Florida,fbs,SEC,7.0,"[7, 0, 0, 0]",0.0211493968963623,1655.0,1555.0,3.929849442801651,61000.0,False,False,Lexington,KY,40506.0,US,America/New_York,38.0220905,-84.5053408,307.4248962,1973.0,2025-11-09,13.2,0.0,4.6,0.9243934426229508,1.0,False,False,False,False,False
401760409,2025,11,2025-11-09T00:30:00.000Z,False,False,True,19418.0,3905,Maverik Stadium,328,Utah State,Mountain West,51.0,"[24, 17, 7, 3]",0.987417221069336,1336.0,1422.0,2440,Nevada,fbs,Mountain West,14.0,"[0, 0, 7, 7]",0.012582778930664,1191.0,1105.0,2.317864805914596,25513.0,False,False,Logan,UT,84322.0,US,America/Denver,41.7517394,-111.8116007,1427.914429,1968.0,2025-11-09,6.1,0.0,1.1,0.7611021832007212,0.0,False,False,False,False,False
401752759,2025,11,2025-11-09T00:30:00.000Z,False,False,True,100077.0,3657,Bryant-Denny Stadium,333,Alabama,SEC,20.0,"[3, 14, 0, 3]",1.0,1978.0,1977.0,99,LSU,fbs,SEC,9.0,"[0, 3, 3, 3]",0.0,1694.0,1695.0,3.702523288331052,101821.0,True,False,Tuscaloosa,AL,35487.0,US,America/Chicago,33.2082752,-87.5503836,70.05136108,1929.0,2025-11-09,20.0,0.0,2.1,0.9828719026526944,1.0,False,False,False,False,False
401752895,2025,11,2025-11-09T02:00:00.000Z,False,False,True,44481.0,1056,Rose Bowl,26,UCLA,Big Ten,21.0,"[0, 7, 7, 7]",0.3791808485984802,1374.0,1381.0,158,Nebraska,fbs,Big Ten,28.0,"[7, 14, 7, 0]",0.6208191514015198,1655.0,1648.0,3.712969991617385,88565.0,True,False,Pasadena,CA,90095.0,US,America/Los_Angeles,34.1613284,-118.1676462,245.1772461,1922.0,2025-11-09,20.5,0.0,1.3,0.5022412917066561,0.0,False,False,False,False,False
401760407,2025,11,2025-11-09T02:30:00.000Z,False,False,True,27970.0,5388,Canvas Stadium,36,Colorado State,Mountain West,10.0,"[7, 3, 0, 0]",0.0079461243003606,1277.0,1221.0,2439,UNLV,fbs,Mountain West,42.0,"[0, 21, 14, 7]",0.9920538756996392,1549.0,1605.0,3.827512330283747,36500.0,False,False,Fort Collins,CO,80521.0,US,America/Denver,40.570015,-105.088435,1528.4,2017.0,2025-11-09,4.6,0.0,5.5,0.7663013698630137,0.0,False,False,False,False,False
401752944,2025,11,2025-11-09T03:00:00.000Z,False,False,False,31626.0,3893,Reser Stadium,204,Oregon State,Pac-12,17.0,"[10, 7, 0, 0]",0.6787607669830322,1252.0,1232.0,2534,Sam Houston,fbs,Conference USA,21.0,"[0, 7, 7, 7]",0.3212392330169678,1052.0,1072.0,5.62729618296782,43363.0,False,False,Corvallis,OR,97331.0,US,America/Los_Angeles,44.5594559,-123.2814341,66.90744781,1953.0,2025-11-09,8.9,0.0,5.7,0.7293314576943477,0.0,False,False,False,False,False
401760408,2025,11,2025-11-09T04:00:00.000Z,False,False,True,15194.0,7220,Clarence T.C. Ching Athletics Complex,62,Hawai'i,Mountain West,38.0,"[14, 10, 14, 0]",0.9346045851707458,1359.0,1480.0,21,San Diego State,fbs,Mountain West,6.0,"[3, 3, 0, 0]",0.0653954148292541,1601.0,1480.0,3.724656513064629,15194.0,False,False,Honolulu,HI,96822.0,US,Pacific/Honolulu,21.294294,-157.819338,20.0,2015.0,2025-11-09,23.1,0.1,13.4,1.0,1.0,False,False,False,False,False
401762856,2025,12,2025-11-12T00:30:00.000Z,False,False,True,8501.0,3768,InfoCision Stadium,2006,Akron,Mid-American,35.0,"[3, 14, 0, 18, 0]",0.0627829506993293,1114.0,1087.0,2309,Kent State,fbs,Mid-American,42.0,"[7, 7, 14, 7, 7]",0.9372170493006706,945.0,972.0,7.404795806309063,30000.0,False,False,Akron,OH,44399.0,US,America/New_York,41.0725534,-81.5083408,321.2875061,2009.0,2025-11-12,-0.1,0.0,21.4,0.2833666666666666,0.0,False,False,False,False,False
401762857,2025,12,2025-11-12T01:00:00.000Z,False,False,True,10849.0,3980,Waldo Stadium,2711,Western Michigan,Mid-American,17.0,"[3, 0, 7, 7]",0.9361369609832764,1368.0,1378.0,195,Ohio,fbs,Mid-American,13.0,"[7, 0, 0, 6]",0.0638630390167236,1595.0,1585.0,4.865414628480906,30200.0,False,False,Kalamazoo,MI,49008.0,US,America/Detroit,42.2860064,-85.6007573,243.8211212,1939.0,2025-11-12,0.3,0.0,18.7,0.3592384105960265,0.0,False,False,False,False,False
401762858,2025,12,2025-11-13T00:00:00.000Z,False,False,True,6833.0,3786,Kelly/Shorts Stadium,2117,Central Michigan,Mid-American,38.0,"[7, 7, 10, 14]",0.8473177552223206,1235.0,1293.0,2084,Buffalo,fbs,Mid-American,19.0,"[3, 7, 3, 6]",0.1526822447776794,1376.0,1318.0,4.073167142250684,30255.0,False,False,Mount Pleasant,MI,48859.0,US,America/Detroit,43.5777313,-84.7709904,240.9007721,1972.0,2025-11-13,4.3,0.0,14.5,0.2258469674433977,0.0,False,False,False,False,False
401762859,2025,12,2025-11-13T00:00:00.000Z,False,False,True,6155.0,3985,Warren McGuirk Alumni Stadium,113,Massachusetts,Mid-American,3.0,"[0, 0, 0, 3]",0.0058732209727168,805.0,735.0,2459,Northern Illinois,fbs,Mid-American,45.0,"[10, 21, 14, 0]",0.9941267790272832,1219.0,1289.0,2.806565714977987,17000.0,False,False,Hadley,MA,1003.0,US,America/New_York,42.3773244,-72.5360595,46.58664703,1965.0,2025-11-13,3.9,0.0,7.1,0.3620588235294117,0.0,False,False,False,False,False
401762860,2025,12,2025-11-13T00:00:00.000Z,False,False,True,10825.0,3996,Yager Stadium,193,Miami (OH),Mid-American,3.0,"[0, 0, 3, 0]",0.0,1460.0,1421.0,2649,Toledo,fbs,Mid-American,24.0,"[0, 14, 10, 0]",1.0,1591.0,1630.0,4.9239712173484955,24286.0,False,False,Oxford,OH,45056.0,US,America/New_York,39.5197009,-84.7330255,242.2643585,1983.0,2025-11-13,6.1,0.0,14.4,0.4457300502347031,0.0,False,False,False,False,False
401761649,2025,12,2025-11-14T00:30:00.000Z,False,False,True,18831.0,3918,S.B. Ballard Stadium,295,Old Dominion,Sun Belt,33.0,"[10, 10, 6, 7]",1.0,1480.0,1566.0,2653,Troy,fbs,Sun Belt,0.0,"[0, 0, 0, 0]",0.0,1445.0,1359.0,2.3169202877746,20118.0,False,False,Norfolk,VA,23551.0,US,America/New_York,36.8889533,-76.3049175,3.147987843,1936.0,2025-11-14,10.0,0.0,5.9,0.9360274381151208,1.0,False,False,False,False,False
401754591,2025,12,2025-11-15T00:30:00.000Z,False,False,True,51234.0,3873,L&N Federal Credit Union Stadium,97,Louisville,ACC,19.0,"[3, 6, 10, 0]",0.75526362657547,1709.0,1709.0,228,Clemson,fbs,ACC,20.0,"[3, 7, 3, 7]",0.24473637342453,1725.0,1725.0,7.815486053722058,60000.0,False,False,Louisville,KY,40292.0,US,America/Kentucky/Louisville,38.2057621,-85.7588141,138.5615997,1998.0,2025-11-15,16.8,0.0,11.0,0.8539,0.0,False,False,False,False,False
401752904,2025,12,2025-11-15T02:00:00.000Z,False,False,True,58830.0,3626,Autzen Stadium,2483,Oregon,Big Ten,42.0,"[14, 14, 7, 7]",0.985962212085724,2050.0,2068.0,135,Minnesota,fbs,Big Ten,13.0,"[0, 6, 7, 0]",0.0140377879142761,1514.0,1496.0,2.8395112406775915,54000.0,False,False,Eugene,OR,97401.0,US,America/Los_Angeles,44.0582712,-123.0684883,127.4198303,1967.0,2025-11-15,13.1,0.0,6.4,1.0894444444444444,1.0,False,False,True,False,False
401752772,2025,12,2025-11-15T17:00:00.000Z,False,False,True,108582.0,3795,Kyle Field,245,Texas A&M,SEC,31.0,"[3, 0, 21, 7]",1.0,1904.0,1896.0,2579,South Carolina,fbs,SEC,30.0,"[17, 13, 0, 0]",0.0,1637.0,1645.0,5.900620804326157,102733.0,True,False,College Station,TX,77843.0,US,America/Chicago,30.6098891,-96.3403828,108.824585,1927.0,2025-11-15,23.8,0.0,18.8,1.0569339939454705,1.0,False,False,True,False,False
401757174,2025,12,2025-11-15T17:00:00.000Z,False,False,False,31457.0,3892,Pratt & Whitney Stadium,41,UConn,FBS Independents,26.0,"[6, 3, 7, 10]",0.9236084818840028,1563.0,1568.0,2005,Air Force,fbs,Mountain West,16.0,"[7, 0, 3, 6]",0.0763915181159973,1388.0,1383.0,3.5090041799363223,40000.0,True,False,East Hartford,CT,6118.0,US,America/New_York,41.7595675,-72.6187728,6.515614986,2003.0,2025-11-15,6.0,0.0,2.5,0.786425,0.0,False,False,False,False,False
401762507,2025,12,2025-11-15T17:00:00.000Z,False,False,True,9831.0,4418,Jerry Richardson Stadium,2429,Charlotte,American Athletic,7.0,"[0, 0, 0, 7]",0.0216295477002859,1020.0,1013.0,2636,UTSA,fbs,American Athletic,28.0,"[7, 0, 7, 14]",0.978370452299714,1465.0,1472.0,3.426061002724206,15300.0,False,False,Charlotte,NC,28223.0,US,America/New_York,35.3105033,-80.7401194,190.365509,2013.0,2025-11-15,21.0,0.0,11.1,0.6425490196078432,0.0,False,False,False,False,False
401762861,2025,12,2025-11-15T17:00:00.000Z,False,False,True,8430.0,3919,Scheumann Stadium,2050,Ball State,Mid-American,9.0,"[0, 3, 3, 3]",0.1732081621885299,1047.0,1030.0,2199,Eastern Michigan,fbs,Mid-American,24.0,"[7, 10, 0, 7]",0.82679183781147,1229.0,1246.0,3.3275831010822574,22500.0,False,False,Muncie,IN,47306.0,US,America/Indiana/Indianapolis,40.2159422,-85.4161148,285.481781,1967.0,2025-11-15,19.6,0.0,28.9,0.3746666666666666,0.0,False,False,False,False,False
401762510,2025,12,2025-11-15T17:00:00.000Z,False,False,True,34856.0,3852,Navy-Marine Corps Memorial Stadium,2426,Navy,American Athletic,41.0,"[14, 10, 0, 17]",0.9088223576545716,1480.0,1485.0,58,South Florida,fbs,American Athletic,38.0,"[3, 6, 7, 22]",0.0911776423454284,1734.0,1729.0,5.929694836480033,34000.0,False,False,Annapolis,MD,21402.0,US,America/New_York,38.9846985,-76.5076335,10.74990082,1959.0,2025-11-15,12.8,0.0,5.9,1.0251764705882354,1.0,False,False,True,False,False
401752905,2025,12,2025-11-15T17:00:00.000Z,False,True,True,38223.0,4250,Wrigley Field,77,Northwestern,Big Ten,22.0,"[0, 6, 3, 13]",0.6740320324897766,1516.0,1526.0,130,Michigan,fbs,Big Ten,24.0,"[0, 7, 14, 3]",0.3259679675102234,1809.0,1799.0,6.608091433028607,,True,False,Chicago,IL,60654.0,US,America/Chicago,41.8755616,-87.6244212,179.0,1914.0,2025-11-15,17.8,0.0,24.1,,,False,True,False,False,False
401756952,2025,12,2025-11-15T17:00:00.000Z,False,False,True,46340.0,3646,Boone Pickens Stadium,197,Oklahoma State,Big 12,6.0,"[3, 3, 0, 0]",0.2214592546224594,1049.0,1080.0,2306,Kansas State,fbs,Big 12,14.0,"[0, 7, 0, 7]",0.7785407453775406,1705.0,1674.0,5.0820189698298535,55509.0,False,False,Stillwater,OK,74078.0,US,America/Chicago,36.125673,-97.066513,276.4808655,1919.0,2025-11-15,22.0,0.0,14.4,0.8348195788070403,0.0,False,False,False,False,False
401754597,2025,12,2025-11-15T17:00:00.000Z,False,False,False,68400.0,3752,Acrisure Stadium,221,Pittsburgh,ACC,15.0,"[0, 3, 6, 6]",0.0374652259051799,1668.0,1665.0,87,Notre Dame,fbs,FBS Independents,37.0,"[14, 7, 9, 7]",0.96253477409482,2186.0,2189.0,3.9008140389274337,68400.0,True,False,Pittsburgh,PA,15260.0,US,America/New_York,40.4467648,-80.0157603,220.5887146,2001.0,2025-11-15,15.8,0.1,15.0,1.0,1.0,False,False,False,False,False
401756951,2025,12,2025-11-15T17:00:00.000Z,False,False,True,37099.0,3854,Nippert Stadium,2132,Cincinnati,Big 12,24.0,"[14, 0, 3, 7]",0.012125389650464,1590.0,1578.0,12,Arizona,fbs,Big 12,30.0,"[7, 3, 10, 10]",0.987874610349536,1580.0,1592.0,5.649878575059863,40000.0,False,False,Cincinnati,OH,45221.0,US,America/New_York,39.1312495,-84.5161913,230.0660553,1915.0,2025-11-15,17.8,0.0,17.7,0.927475,1.0,False,False,False,False,False
401752901,2025,12,2025-11-15T17:00:00.000Z,False,False,True,55042.0,3830,"Memorial Stadium (Bloomington, IN)",84,Indiana,Big Ten,31.0,"[7, 3, 14, 7]",1.0,2150.0,2142.0,275,Wisconsin,fbs,Big Ten,7.0,"[0, 7, 0, 0]",0.0,1459.0,1467.0,3.3648861433046053,52656.0,False,False,Bloomington,IN,47408.0,US,America/Indiana/Indianapolis,39.1808959,-86.5256217,231.6500854,1960.0,2025-11-15,20.1,0.0,23.7,1.0453129747797023,1.0,False,False,True,False,False
401752768,2025,12,2025-11-15T17:45:00.000Z,False,False,True,100212.0,3958,Tiger Stadium (LA),99,LSU,SEC,23.0,"[0, 16, 0, 7]",0.744929850101471,1695.0,1693.0,8,Arkansas,fbs,SEC,22.0,"[14, 0, 8, 0]",0.255070149898529,1594.0,1596.0,6.39666465263123,102321.0,True,False,Baton Rouge,LA,70803.0,US,America/Chicago,30.412035,-91.1838163,7.640734673,1924.0,2025-11-15,22.8,0.0,7.4,0.9793883953440644,1.0,False,False,False,False,False
401752945,2025,12,2025-11-15T18:00:00.000Z,False,False,False,15034.0,3674,Chapman Stadium,202,Tulsa,American Athletic,31.0,"[14, 3, 7, 7]",0.9935263991355896,1037.0,1094.0,204,Oregon State,fbs,Pac-12,14.0,"[0, 0, 0, 14]",0.0064736008644104,1232.0,1175.0,2.4671952700862336,30000.0,False,False,Tulsa,OK,74194.0,US,America/Chicago,36.1489175,-95.9437853,235.5928345,1930.0,2025-11-15,25.8,0.0,9.5,0.5011333333333333,0.0,False,False,False,False,False
401756948,2025,12,2025-11-15T18:00:00.000Z,False,False,True,54101.0,3947,Mountain America Stadium,9,Arizona State,Big 12,25.0,"[0, 22, 0, 3]",0.3713201880455017,1617.0,1614.0,277,West Virginia,fbs,Big 12,23.0,"[3, 7, 0, 13]",0.6286798119544983,1352.0,1355.0,5.13494151401993,65870.0,True,False,Tempe,AZ,85287.0,US,America/Phoenix,33.4264471,-111.9325005,360.1569519,1958.0,2025-11-15,24.0,0.0,6.3,0.8213298922119326,0.0,False,False,False,False,False
401752767,2025,12,2025-11-15T18:30:00.000Z,False,False,False,53686.0,3683,Kroger Field,96,Kentucky,SEC,42.0,"[14, 14, 7, 7]",0.9980577230453492,1622.0,1622.0,2635,Tennessee Tech,fcs,OVC-Big South,10.0,"[0, 7, 3, 0]",0.0019422769546508,1480.0,1472.0,1.904565463157122,61000.0,False,False,Lexington,KY,40506.0,US,America/New_York,38.0220905,-84.5053408,307.4248962,1973.0,2025-11-15,18.8,0.0,23.5,0.8800983606557377,0.0,False,False,False,True,False
401762506,2025,12,2025-11-15T19:00:00.000Z,False,False,True,16190.0,7221,Protective Stadium,5,UAB,American Athletic,24.0,"[0, 7, 11, 6]",0.0024921679869294,1223.0,1197.0,249,North Texas,fbs,American Athletic,53.0,"[21, 10, 15, 7]",0.9975078320130706,1690.0,1716.0,2.859409142957384,45000.0,False,False,Birmingham,AL,35203.0,US,America/Chicago,33.5206824,-86.8024326,187.0,2021.0,2025-11-15,23.4,0.0,15.6,0.3597777777777777,0.0,False,False,False,False,False
401761651,2025,12,2025-11-15T19:00:00.000Z,False,False,True,12871.0,4246,Center Parc Stadium,2247,Georgia State,Sun Belt,18.0,"[7, 3, 8, 0]",0.0313762538135051,1098.0,1107.0,276,Marshall,fbs,Sun Belt,30.0,"[7, 14, 0, 9]",0.9686237461864948,1508.0,1499.0,5.23590983843582,25000.0,False,False,Atlanta,GA,30315.0,US,America/New_York,33.735267,-84.389949,287.0,2017.0,2025-11-15,22.7,0.0,13.6,0.51484,0.0,False,False,False,False,False
401757304,2025,12,2025-11-15T20:00:00.000Z,False,False,True,13298.0,3878,Plaster Sports Complex,2623,Missouri State,Conference USA,38.0,"[10, 14, 0, 14]",0.927818477153778,1358.0,1376.0,2638,UTEP,fbs,Conference USA,24.0,"[0, 7, 17, 0]",0.0721815228462219,1233.0,1215.0,3.9130570653398737,17337.0,False,False,Springfield,MO,65897.0,US,America/Chicago,37.1976229,-93.2798119,402.368103,1941.0,2025-11-15,24.8,0.0,15.6,0.7670300513352944,0.0,False,False,False,False,False
401760411,2025,12,2025-11-15T20:00:00.000Z,False,False,True,27526.0,3971,University Stadium (NM),167,New Mexico,Mountain West,20.0,"[0, 10, 0, 10]",0.9611223340034484,1460.0,1458.0,36,Colorado State,fbs,Mountain West,17.0,"[0, 0, 10, 7]",0.0388776659965515,1221.0,1223.0,6.143939901413607,39224.0,False,False,Albuquerque,NM,87131.0,US,America/Denver,35.0669479,-106.6283225,1554.471924,1960.0,2025-11-15,21.0,0.0,2.3,0.7017642259840914,0.0,False,False,False,False,False
401754595,2025,12,2025-11-15T20:30:00.000Z,False,False,True,59157.0,3948,Hard Rock Stadium,2390,Miami,ACC,41.0,"[10, 14, 10, 7]",0.9875534176826476,1865.0,1914.0,152,NC State,fbs,ACC,7.0,"[0, 0, 0, 7]",0.0124465823173522,1498.0,1449.0,3.1432035555758695,64767.0,False,False,Miami Gardens,FL,33299.0,US,America/New_York,25.9579665,-80.2388604,2.624486446,1987.0,2025-11-15,25.7,0.0,9.9,0.9133818148130992,1.0,False,False,False,False,False
401754593,2025,12,2025-11-15T20:30:00.000Z,False,False,True,27215.0,3982,Wallace Wade Stadium,150,Duke,ACC,17.0,"[0, 3, 0, 14]",0.0,1625.0,1576.0,258,Virginia,fbs,ACC,34.0,"[7, 10, 14, 3]",1.0,1555.0,1604.0,3.6041656880268382,40004.0,True,False,Durham,NC,27708.0,US,America/New_York,35.9953688,-78.9417564,103.0028152,1929.0,2025-11-15,22.2,0.0,12.5,0.6803069693030697,0.0,False,False,False,False,False
401754592,2025,12,2025-11-15T20:30:00.000Z,False,False,True,37879.0,3615,"Alumni Stadium (Chestnut Hill, MA)",103,Boston College,ACC,34.0,"[0, 14, 14, 6]",0.3002715110778808,1298.0,1311.0,59,Georgia Tech,fbs,ACC,36.0,"[7, 7, 3, 19]",0.6997284889221191,1612.0,1599.0,7.421454423157309,44500.0,False,False,Chestnut Hill,MA,2467.0,US,America/New_York,42.335104,-71.1664413,39.82634354,1957.0,2025-11-15,7.0,0.0,9.2,0.8512134831460674,0.0,False,False,False,False,False
401752903,2025,12,2025-11-15T20:30:00.000Z,False,False,True,61671.0,3936,Spartan Stadium,127,Michigan State,Big Ten,10.0,"[7, 3, 0, 0]",0.0037691784091293,1365.0,1377.0,213,Penn State,fbs,Big Ten,28.0,"[7, 7, 0, 14]",0.9962308215908706,1950.0,1938.0,3.804441558601168,75005.0,True,False,East Lansing,MI,48824.0,US,America/Detroit,42.7281474,-84.4848526,254.8794861,1923.0,2025-11-15,16.5,0.0,22.5,0.8222251849876675,0.0,False,False,False,False,False
401752906,2025,12,2025-11-15T20:30:00.000Z,False,False,True,56416.0,3832,"Memorial Stadium (Champaign, IL)",356,Illinois,Big Ten,24.0,"[7, 7, 7, 3]",0.8008391857147217,1603.0,1630.0,120,Maryland,fbs,Big Ten,6.0,"[3, 3, 0, 0]",0.1991608142852783,1467.0,1440.0,3.1349753749189655,60670.0,False,False,Champaign,IL,61820.0,US,America/Chicago,40.0993268,-88.2359569,223.2471619,1923.0,2025-11-15,22.3,0.0,22.8,0.9298829734629964,1.0,False,False,False,False,False
401752907,2025,12,2025-11-15T20:30:00.000Z,False,False,True,65216.0,477,Los Angeles Memorial Coliseum,30,USC,Big Ten,26.0,"[0, 10, 9, 7]",0.3746799230575561,1911.0,1916.0,2294,Iowa,fbs,Big Ten,21.0,"[7, 14, 0, 0]",0.6253200769424438,1912.0,1907.0,4.656077932368771,77500.0,True,False,Los Angeles,CA,90089.0,US,America/Los_Angeles,34.014167,-118.287778,42.50374222,1923.0,2025-11-15,14.4,5.3,1.8,0.8414967741935484,0.0,False,False,False,False,False
401756953,2025,12,2025-11-15T20:30:00.000Z,False,False,True,60229.0,3784,Jones AT&T Stadium,2641,Texas Tech,Big 12,48.0,"[14, 24, 10, 0]",0.9889745712280272,1937.0,1997.0,2116,UCF,fbs,Big 12,9.0,"[0, 2, 7, 0]",0.0110254287719726,1528.0,1468.0,1.763929168874903,60454.0,False,False,Lubbock,TX,79409.0,US,America/Chicago,33.5910518,-101.8728824,980.7632446,1947.0,2025-11-15,30.7,0.0,17.5,0.9962781619082276,1.0,False,False,False,False,False
401757303,2025,12,2025-11-15T20:30:00.000Z,False,False,True,16547.0,3796,Houchens Industries-L.T. Smith Stadium,98,Western Kentucky,Conference USA,42.0,"[7, 14, 7, 14]",0.9155396819114684,1386.0,1398.0,2393,Middle Tennessee,fbs,Conference USA,26.0,"[0, 10, 13, 3]",0.0844603180885315,1134.0,1122.0,7.620477790856999,22113.0,False,False,Bowling Green,KY,42101.0,US,America/Chicago,36.9847901,-86.4594041,154.4346619,1968.0,2025-11-15,23.5,0.0,25.2,0.7482928594039705,0.0,False,False,False,False,False
401752765,2025,12,2025-11-15T20:30:00.000Z,False,False,True,100077.0,3657,Bryant-Denny Stadium,333,Alabama,SEC,21.0,"[0, 14, 7, 0]",0.1532109081745147,1977.0,1964.0,201,Oklahoma,fbs,SEC,23.0,"[10, 7, 3, 3]",0.8467890918254852,1794.0,1807.0,6.7106854101740625,101821.0,True,False,Tuscaloosa,AL,35487.0,US,America/Chicago,33.2082752,-87.5503836,70.05136108,1929.0,2025-11-15,24.1,0.0,16.1,0.9828719026526944,1.0,False,False,False,False,False
401760413,2025,12,2025-11-15T20:30:00.000Z,False,False,True,14491.0,3816,Mackay Stadium,2440,Nevada,Mountain West,55.0,"[14, 17, 7, 17]",0.995261013507843,1105.0,1288.0,23,San José State,fbs,Mountain West,10.0,"[0, 0, 3, 7]",0.0047389864921569,1391.0,1208.0,2.7859614555462486,27000.0,False,False,Reno,NV,89557.0,US,America/Los_Angeles,39.5469459,-119.8175435,1406.57605,1966.0,2025-11-15,15.0,0.0,10.3,0.5367037037037037,0.0,False,False,False,False,False
401761653,2025,12,2025-11-15T20:30:00.000Z,False,False,True,19872.0,3817,Malone Stadium,2433,UL Monroe,Sun Belt,14.0,"[14, 0, 0, 0]",0.0272017531096935,998.0,1004.0,6,South Alabama,fbs,Sun Belt,26.0,"[0, 7, 13, 6]",0.9727982468903064,1375.0,1369.0,4.425007568004904,27617.0,False,False,Monroe,LA,71209.0,US,America/Chicago,32.5308089,-92.0660602,22.998209,1978.0,2025-11-15,26.5,0.0,16.1,0.719556794727885,0.0,False,False,False,False,False
401761654,2025,12,2025-11-15T20:30:00.000Z,False,False,True,27223.0,3815,M. M. Roberts Stadium,2572,Southern Miss,Sun Belt,14.0,"[0, 0, 7, 7]",0.047236330807209,1362.0,1303.0,326,Texas State,fbs,Sun Belt,41.0,"[10, 17, 0, 14]",0.952763669192791,1483.0,1542.0,3.3067316100380326,36000.0,False,False,Hattiesburg,MS,39402.0,US,America/Chicago,31.3289321,-89.3318118,64.52726746,1932.0,2025-11-15,25.4,0.0,11.5,0.7561944444444444,0.0,False,False,False,False,False
401761652,2025,12,2025-11-15T20:30:00.000Z,False,False,True,25298.0,3651,Bridgeforth Stadium,256,James Madison,Sun Belt,58.0,"[7, 20, 10, 21]",1.0,1802.0,1882.0,2026,App State,fbs,Sun Belt,10.0,"[0, 0, 0, 10]",0.0,1328.0,1248.0,2.5124097805149224,24877.0,False,False,Harrisonburg,VA,22807.0,US,America/New_York,38.4352919,-78.8729349,399.303009,1975.0,2025-11-15,21.1,0.0,18.5,1.0169232624512603,1.0,False,False,True,False,False
401762508,2025,12,2025-11-15T21:00:00.000Z,False,False,True,37348.0,3699,Dowdy-Ficklen Stadium,151,East Carolina,American Athletic,31.0,"[7, 3, 14, 7]",0.8798407912254333,1599.0,1604.0,235,Memphis,fbs,American Athletic,27.0,"[0, 17, 7, 3]",0.1201592087745666,1665.0,1660.0,8.044532885223424,50000.0,True,False,Greenville,NC,27858.0,US,America/New_York,35.5968486,-77.364564,19.0564537,1963.0,2025-11-15,19.6,0.0,12.2,0.74696,0.0,False,False,False,False,False
401762509,2025,12,2025-11-15T21:00:00.000Z,False,False,True,30000.0,4729,Yulman Stadium,2655,Tulane,American Athletic,35.0,"[7, 14, 7, 7]",0.93910950422287,1545.0,1543.0,2226,Florida Atlantic,fbs,American Athletic,24.0,"[3, 7, 0, 14]",0.0608904957771301,1247.0,1249.0,3.833262636519825,30000.0,False,False,New Orleans,LA,70118.0,US,America/Chicago,29.944616,-90.116692,0.0,2014.0,2025-11-15,24.2,0.0,10.5,1.0,1.0,False,False,False,False,False
401752771,2025,12,2025-11-15T21:15:00.000Z,False,False,False,101915.0,3853,Neyland Stadium,2633,Tennessee,SEC,42.0,"[14, 7, 21, 0]",0.9741840958595276,1814.0,1834.0,166,New Mexico State,fbs,Conference USA,9.0,"[0, 3, 0, 6]",0.0258159041404724,1201.0,1181.0,3.093171763725749,102455.0,True,False,Knoxville,TN,37996.0,US,America/New_York,35.9550131,-83.9250128,271.9517212,1921.0,2025-11-15,19.7,0.0,21.0,0.994729393392221,1.0,False,False,False,False,False
401754596,2025,12,2025-11-15T21:30:00.000Z,False,False,True,32390.0,3630,Allegacy Federal Credit Union Stadium,154,Wake Forest,ACC,28.0,"[7, 7, 7, 7]",0.9570199847221376,1412.0,1444.0,153,North Carolina,fbs,ACC,12.0,"[0, 6, 3, 3]",0.0429800152778625,1393.0,1361.0,2.6545877239771705,31500.0,False,False,Winston-Salem,NC,27105.0,US,America/New_York,36.1305507,-80.2545851,283.548584,1968.0,2025-11-15,20.7,0.0,14.2,1.0282539682539682,1.0,False,False,True,False,False
401757301,2025,12,2025-11-15T22:00:00.000Z,False,False,True,14167.0,2031,Pitbull Stadium,2229,Florida International,Conference USA,34.0,"[7, 10, 7, 3, 7]",0.978489339351654,1306.0,1326.0,2335,Liberty,fbs,Conference USA,27.0,"[7, 14, 0, 6, 0]",0.0215106606483459,1488.0,1468.0,8.87308010242118,20000.0,False,False,Miami,FL,33199.0,US,America/New_York,25.7525,-80.37778,6.0,1995.0,2025-11-15,23.6,0.0,8.1,0.70835,0.0,False,False,False,False,False
401761650,2025,12,2025-11-15T23:00:00.000Z,False,False,True,22738.0,3608,Allen E. Paulson Stadium,290,Georgia Southern,Sun Belt,45.0,"[21, 14, 7, 3]",0.7108765840530396,1314.0,1319.0,324,Coastal Carolina,fbs,Sun Belt,40.0,"[17, 10, 6, 7]",0.2891234159469604,1318.0,1313.0,5.9853896742129855,25000.0,False,False,Statesboro,GA,30460.0,US,America/New_York,32.4122471,-81.7849296,61.25376892,1984.0,2025-11-15,17.5,0.0,12.9,0.90952,1.0,False,False,False,False,False
401752769,2025,12,2025-11-16T00:00:00.000Z,False,False,True,68138.0,3974,Vaught-Hemingway Stadium,145,Ole Miss,SEC,34.0,"[10, 10, 0, 14]",0.9857250452041626,1969.0,1959.0,57,Florida,fbs,SEC,24.0,"[7, 17, 0, 0]",0.0142749547958374,1555.0,1565.0,6.26444436261108,64038.0,True,False,Oxford,MS,38677.0,US,America/Chicago,34.3619837,-89.5342076,146.8517151,1915.0,2025-11-16,20.8,0.0,19.9,1.064024485461757,1.0,False,False,True,False,False
401752902,2025,12,2025-11-16T00:00:00.000Z,False,False,True,67229.0,3765,Husky Stadium,264,Washington,Big Ten,49.0,"[7, 21, 14, 7]",0.8683210611343384,1699.0,1754.0,2509,Purdue,fbs,Big Ten,13.0,"[0, 0, 3, 10]",0.1316789388656616,1331.0,1276.0,2.9709339959202525,70138.0,False,False,Seattle,WA,98195.0,US,America/Los_Angeles,47.6503235,-122.3015746,11.65622807,1920.0,2025-11-16,12.8,0.0,5.7,0.9585246228863098,1.0,False,False,False,False,False
401760414,2025,12,2025-11-16T00:00:00.000Z,False,False,True,31682.0,6501,Allegiant Stadium,2439,UNLV,Mountain West,29.0,"[3, 7, 7, 6, 6]",0.6228246688842773,1605.0,1604.0,328,Utah State,fbs,Mountain West,26.0,"[6, 7, 3, 7, 3]",0.3771753311157226,1422.0,1423.0,9.426998464317936,65000.0,False,True,Las Vegas,NV,89118.0,US,America/Los_Angeles,36.09075,-115.183722,666.0,2020.0,2025-11-16,14.0,1.6,9.3,0.4874153846153846,0.0,False,False,False,False,False
401757300,2025,12,2025-11-16T00:00:00.000Z,False,True,True,3713.0,3631,BBVA Compass Stadium,2534,Sam Houston,Conference USA,26.0,"[0, 10, 13, 3]",0.4321334362030029,1072.0,1094.0,48,Delaware,fbs,Conference USA,23.0,"[7, 3, 0, 13]",0.5678665637969971,1386.0,1364.0,5.566780703373763,22000.0,True,False,Houston,TX,77003.0,US,America/Chicago,29.7521988,-95.3524146,13.68128395,2012.0,2025-11-16,24.8,0.0,11.8,0.1687727272727272,,False,False,False,False,False
401756949,2025,12,2025-11-16T00:00:00.000Z,False,False,True,38186.0,4727,McLane Stadium,239,Baylor,Big 12,28.0,"[0, 17, 3, 8]",0.0039741955697536,1621.0,1585.0,254,Utah,fbs,Big 12,55.0,"[14, 14, 7, 20]",0.9960258044302464,1941.0,1977.0,4.191336628760744,45140.0,False,False,Waco,TX,76704.0,US,America/Chicago,31.5582015,-97.1156702,117.0538101,2014.0,2025-11-16,25.5,0.0,16.5,0.845945945945946,0.0,False,False,False,False,False
401754594,2025,12,2025-11-16T00:30:00.000Z,False,False,True,64937.0,3697,Doak Campbell Stadium,52,Florida State,ACC,34.0,"[0, 10, 14, 10]",0.9910560250282288,1609.0,1638.0,259,Virginia Tech,fbs,ACC,14.0,"[0, 7, 0, 7]",0.0089439749717712,1431.0,1402.0,4.261559656791791,67277.0,True,False,Tallahassee,FL,32306.0,US,America/New_York,30.4381692,-84.3044032,19.55942535,1950.0,2025-11-16,16.7,0.0,10.9,0.96521842531623,1.0,False,False,False,False,False
401752900,2025,12,2025-11-16T00:30:00.000Z,False,False,True,104168.0,3861,Ohio Stadium,194,Ohio State,Big Ten,48.0,"[10, 17, 14, 7]",0.9827536344528198,2125.0,2145.0,26,UCLA,fbs,Big Ten,10.0,"[0, 0, 7, 3]",0.0172463655471801,1381.0,1361.0,2.1221468871556866,102780.0,False,False,Columbus,OH,43210.0,US,America/New_York,40.0016447,-83.0197266,216.6770325,1922.0,2025-11-16,17.1,0.1,21.8,1.0135045728741,1.0,False,False,True,False,False
401752766,2025,12,2025-11-16T00:30:00.000Z,False,False,True,93033.0,3917,Sanford Stadium,61,Georgia,SEC,35.0,"[7, 7, 0, 21]",0.9910233020782472,2018.0,2070.0,251,Texas,fbs,SEC,10.0,"[3, 0, 7, 0]",0.0089766979217529,1924.0,1872.0,3.2577676387805257,92746.0,True,False,Athens,GA,30602.0,US,America/New_York,33.9498197,-83.3733813,186.1120758,1929.0,2025-11-16,18.7,0.0,15.8,1.003094473077006,1.0,False,False,True,False,False
401752770,2025,12,2025-11-16T00:45:00.000Z,False,False,True,57321.0,3838,Memorial Stadium,142,Missouri,SEC,49.0,"[14, 7, 14, 14]",1.0,1734.0,1765.0,344,Mississippi State,fbs,SEC,27.0,"[10, 0, 14, 3]",0.0,1523.0,1492.0,4.870050241990691,71168.0,False,False,Columbia,MO,65211.0,US,America/Chicago,38.9358491,-92.3332009,212.6865692,1927.0,2025-11-16,19.3,0.0,10.3,0.8054322167266187,0.0,False,False,False,False,False
401757302,2025,12,2025-11-16T01:00:00.000Z,False,False,True,24166.0,3662,AmFirst Stadium,55,Jacksonville State,Conference USA,35.0,"[7, 15, 3, 10]",0.9238912463188172,1512.0,1518.0,338,Kennesaw State,fbs,Conference USA,26.0,"[7, 3, 3, 13]",0.0761087536811828,1381.0,1375.0,6.147150019104686,24000.0,False,False,Jacksonville,AL,36265.0,US,America/Chicago,33.8201052,-85.76647,198.0679016,1947.0,2025-11-16,17.6,0.0,15.6,1.006916666666667,1.0,False,False,True,False,False
401752953,2025,12,2025-11-16T03:00:00.000Z,False,False,False,21186.0,3820,Gesa Field,265,Washington State,Pac-12,28.0,"[7, 7, 0, 14]",0.994571566581726,1434.0,1500.0,2348,Louisiana Tech,fbs,Conference USA,3.0,"[0, 3, 0, 0]",0.0054284334182739,1462.0,1396.0,2.1283890571792554,32952.0,False,False,Pullman,WA,99164.0,US,America/Los_Angeles,46.731831,-117.1604991,773.9526367,1972.0,2025-11-16,9.5,0.0,12.6,0.6429351784413693,0.0,False,False,False,False,False
401756950,2025,12,2025-11-16T03:15:00.000Z,False,False,True,64447.0,3801,LaVell Edwards Stadium,252,BYU,Big 12,44.0,"[10, 17, 3, 14]",0.9717991948127748,1688.0,1772.0,2628,TCU,fbs,Big 12,13.0,"[0, 10, 3, 0]",0.0282008051872253,1689.0,1605.0,3.8991089407763098,63470.0,True,False,Provo,UT,84602.0,US,America/Denver,40.2575347,-111.6545247,1412.097046,1964.0,2025-11-16,11.8,0.0,4.2,1.015393099101938,1.0,False,False,True,False,False
401760410,2025,12,2025-11-16T03:30:00.000Z,False,False,True,29201.0,7311,Snapdragon Stadium,21,San Diego State,Mountain West,17.0,"[0, 14, 0, 3]",0.5283172726631165,1480.0,1507.0,68,Boise State,fbs,Mountain West,7.0,"[0, 7, 0, 0]",0.4716827273368835,1616.0,1589.0,4.49702102683922,35000.0,True,False,San Diego,CA,92093.0,US,America/Los_Angeles,32.784444,-117.122833,62.0,2022.0,2025-11-16,14.0,0.7,13.5,0.8343142857142857,0.0,False,False,False,False,False
401760412,2025,12,2025-11-16T03:30:00.000Z,False,False,True,35076.0,3660,Valley Children's Stadium,278,Fresno State,Mountain West,24.0,"[7, 3, 0, 14]",0.924098014831543,1468.0,1510.0,2751,Wyoming,fbs,Mountain West,3.0,"[3, 0, 0, 0]",0.075901985168457,1390.0,1348.0,4.026001542428445,41031.0,False,False,Fresno,CA,93740.0,US,America/Los_Angeles,36.8143527,-119.7580092,102.564064,1980.0,2025-11-16,13.6,3.3,11.1,0.8548658331505448,0.0,False,False,False,False,False
401762862,2025,13,2025-11-19T00:00:00.000Z,False,False,True,9867.0,3700,Doyt L. Perry Stadium,189,Bowling Green,Mid-American,16.0,"[3, 3, 7, 3]",0.9237462878227234,1244.0,1230.0,2006,Akron,fbs,Mid-American,19.0,"[3, 3, 10, 3]",0.0762537121772766,1087.0,1101.0,7.499807813687292,24000.0,False,False,Bowling Green,OH,43403.0,US,America/New_York,41.3780114,-83.6225,205.9057465,1966.0,2025-11-19,3.0,0.4,12.1,0.411125,0.0,False,False,False,False,False
401762864,2025,13,2025-11-19T00:00:00.000Z,False,False,True,4734.0,3764,Huskie Stadium,2459,Northern Illinois,Mid-American,19.0,"[10, 3, 0, 6]",0.079474538564682,1289.0,1260.0,2711,Western Michigan,fbs,Mid-American,35.0,"[0, 14, 7, 14]",0.920525461435318,1378.0,1407.0,3.4626707730844215,23595.0,False,False,DeKalb,IL,60115.0,US,America/Chicago,41.9339586,-88.7778357,267.4530029,1965.0,2025-11-19,5.0,0.0,15.4,0.2006357279084551,0.0,False,False,False,False,False
401762863,2025,13,2025-11-19T00:00:00.000Z,False,False,True,12438.0,3876,Peden Stadium,195,Ohio,Mid-American,42.0,"[7, 14, 7, 14]",1.0,1585.0,1572.0,113,Massachusetts,fbs,Mid-American,14.0,"[7, 0, 7, 0]",0.0,735.0,748.0,3.811770717209375,24000.0,False,False,Athens,OH,45701.0,US,America/New_York,39.3212794,-82.1034315,194.230896,1929.0,2025-11-19,5.2,3.0,5.4,0.51825,0.0,False,False,False,False,False
401762865,2025,13,2025-11-20T00:00:00.000Z,False,False,True,15246.0,3965,UB Stadium,2084,Buffalo,Mid-American,20.0,"[3, 7, 10, 0]",0.0075292307883501,1318.0,1288.0,193,Miami (OH),fbs,Mid-American,37.0,"[0, 17, 14, 6]",0.99247076921165,1421.0,1451.0,5.921445750564814,30270.0,False,False,Amherst,NY,14260.0,US,America/New_York,42.9991334,-78.7775113,181.5759735,1993.0,2025-11-20,0.5,0.0,2.3,0.5036669970267592,0.0,False,False,False,False,False
401762866,2025,13,2025-11-20T00:00:00.000Z,False,False,True,8112.0,3696,Dix Stadium,2309,Kent State,Mid-American,16.0,"[0, 3, 0, 13]",0.0,972.0,974.0,2117,Central Michigan,fbs,Mid-American,28.0,"[7, 7, 0, 14]",1.0,1293.0,1291.0,4.460429434556407,25319.0,False,False,Kent,OH,44242.0,US,America/New_York,41.1390935,-81.31346,321.3641663,1969.0,2025-11-20,3.9,0.0,3.1,0.3203918006240372,0.0,False,False,False,False,False
401761655,2025,13,2025-11-21T00:30:00.000Z,False,False,True,13571.0,3625,Centennial Bank Stadium,2032,Arkansas State,Sun Belt,30.0,"[10, 17, 0, 3]",0.0805884674191474,1306.0,1302.0,309,Louisiana,fbs,Sun Belt,34.0,"[7, 17, 7, 3]",0.9194115325808524,1350.0,1354.0,8.711359626652017,30382.0,False,False,Jonesboro,AR,72404.0,US,America/Chicago,35.8488977,-90.6677436,89.52690887,1974.0,2025-11-21,15.9,0.2,0.7,0.4466789546441972,0.0,False,False,False,False,False
401754598,2025,13,2025-11-22T01:00:00.000Z,False,False,True,56919.0,3670,Carter-Finley Stadium,152,NC State,ACC,21.0,"[7, 0, 7, 7]",0.7871336936950684,1449.0,1481.0,52,Florida State,fbs,ACC,11.0,"[0, 3, 0, 8]",0.2128663063049316,1638.0,1606.0,3.841445585044678,58000.0,True,False,Raleigh,NC,27695.0,US,America/New_York,35.8008001,-78.7195655,117.0089951,1966.0,2025-11-22,15.0,0.7,8.3,0.9813620689655173,1.0,False,False,False,False,False
401760418,2025,13,2025-11-22T03:30:00.000Z,False,False,True,37106.0,6501,Allegiant Stadium,2439,UNLV,Mountain West,38.0,"[10, 14, 0, 14]",0.9910309910774232,1604.0,1663.0,62,Hawai'i,fbs,Mountain West,10.0,"[7, 3, 0, 0]",0.0089690089225769,1480.0,1421.0,2.9495696451302114,65000.0,False,True,Las Vegas,NV,89118.0,US,America/Los_Angeles,36.09075,-115.183722,666.0,2020.0,2025-11-22,10.1,0.2,2.6,0.5708615384615384,0.0,False,False,False,False,False
401752778,2025,13,2025-11-22T17:00:00.000Z,False,False,True,83541.0,3835,"Memorial Stadium (Norman, OK)",201,Oklahoma,SEC,17.0,"[0, 14, 3, 0]",0.5415191054344177,1807.0,1824.0,142,Missouri,fbs,SEC,6.0,"[3, 3, 0, 0]",0.4584808945655823,1765.0,1748.0,2.897279975694421,86112.0,True,False,Norman,OK,73019.0,US,America/Chicago,35.2058537,-97.4423145,355.0962524,1925.0,2025-11-22,11.7,0.0,11.8,0.9701435340022296,1.0,False,False,False,False,False
401752912,2025,13,2025-11-22T17:00:00.000Z,False,False,True,,3861,Ohio Stadium,194,Ohio State,Big Ten,42.0,"[7, 7, 14, 14]",0.9874398112297058,2145.0,2158.0,164,Rutgers,fbs,Big Ten,9.0,"[0, 3, 0, 6]",0.0125601887702941,1458.0,1445.0,2.7969731671438556,102780.0,False,False,Columbus,OH,43210.0,US,America/New_York,40.0016447,-83.0197266,216.6770325,1922.0,2025-11-22,7.9,0.0,7.7,,,True,False,False,False,False
401752909,2025,13,2025-11-22T17:00:00.000Z,False,True,True,15323.0,4250,Wrigley Field,77,Northwestern,Big Ten,38.0,"[10, 3, 15, 10]",0.8243551254272461,1526.0,1531.0,135,Minnesota,fbs,Big Ten,35.0,"[0, 21, 7, 7]",0.1756448745727539,1496.0,1491.0,7.305459827041887,,True,False,Chicago,IL,60654.0,US,America/Chicago,41.8755616,-87.6244212,179.0,1914.0,2025-11-22,6.5,0.0,9.5,,,False,True,False,False,False
401754603,2025,13,2025-11-22T17:00:00.000Z,False,False,True,65632.0,3799,Lane Stadium,259,Virginia Tech,ACC,17.0,"[3, 0, 7, 7]",0.1003344729542732,1402.0,1409.0,2390,Miami,fbs,ACC,34.0,"[7, 13, 7, 7]",0.8996655270457268,1914.0,1907.0,3.9113358309470994,65632.0,True,False,Blacksburg,VA,24061.0,US,America/New_York,37.2199873,-80.4180643,632.2631226,1965.0,2025-11-22,17.5,0.1,23.3,1.0,1.0,False,False,False,False,False
401754602,2025,13,2025-11-22T17:00:00.000Z,False,False,True,32713.0,3735,Gerald J. Ford Stadium,2567,SMU,ACC,38.0,"[7, 14, 3, 14]",0.9910668134689332,1782.0,1860.0,97,Louisville,fbs,ACC,6.0,"[3, 3, 0, 0]",0.0089331865310668,1709.0,1631.0,2.7831767138391252,32000.0,False,False,University Park,TX,75275.0,US,America/Chicago,32.8377223,-96.7827859,169.4058075,2000.0,2025-11-22,14.7,0.0,9.3,1.02228125,1.0,False,False,True,False,False
401752781,2025,13,2025-11-22T17:00:00.000Z,False,False,False,104877.0,3795,Kyle Field,245,Texas A&M,SEC,48.0,"[21, 10, 7, 10]",0.9767223000526428,1896.0,1896.0,2535,Samford,fcs,Southern,0.0,"[0, 0, 0, 0]",0.0232776999473571,1480.0,1472.0,2.1226393455024506,102733.0,True,False,College Station,TX,77843.0,US,America/Chicago,30.6098891,-96.3403828,108.824585,1927.0,2025-11-22,20.1,0.0,12.1,1.0208696329319693,1.0,False,False,True,True,False
401756958,2025,13,2025-11-22T17:00:00.000Z,False,False,True,58275.0,3772,Jack Trice Stadium,66,Iowa State,Big 12,38.0,"[7, 10, 14, 7]",0.9831984639167786,1600.0,1655.0,2305,Kansas,fbs,Big 12,14.0,"[0, 0, 14, 0]",0.0168015360832214,1554.0,1499.0,2.3348587288675406,61500.0,True,False,Ames,IA,50011.0,US,America/Chicago,42.0139977,-93.6357716,274.9135437,1975.0,2025-11-22,8.6,0.0,13.7,0.947560975609756,1.0,False,False,False,False,False
401762512,2025,13,2025-11-22T17:00:00.000Z,False,False,True,28705.0,3841,Michie Stadium,349,Army,American Athletic,25.0,"[7, 15, 3, 0]",0.1100132092833519,1529.0,1504.0,202,Tulsa,fbs,American Athletic,26.0,"[7, 7, 0, 12]",0.8899867907166481,1094.0,1119.0,6.910777336301107,38000.0,False,False,West Point,NY,10996.0,US,America/New_York,41.3874924,-73.9640891,99.21277618,1924.0,2025-11-22,6.3,0.1,12.5,0.7553947368421052,0.0,False,False,False,False,False
401754606,2025,13,2025-11-22T17:00:00.000Z,False,False,False,26950.0,3630,Allegacy Federal Credit Union Stadium,154,Wake Forest,ACC,52.0,"[15, 20, 14, 3]",0.9898605346679688,1444.0,1542.0,48,Delaware,fbs,Conference USA,14.0,"[0, 7, 0, 7]",0.0101394653320312,1364.0,1266.0,2.450358623240805,31500.0,False,False,Winston-Salem,NC,27105.0,US,America/New_York,36.1305507,-80.2545851,283.548584,1968.0,2025-11-22,22.9,0.0,15.7,0.8555555555555555,0.0,False,False,False,False,False
401752776,2025,13,2025-11-22T17:45:00.000Z,False,False,False,93033.0,3917,Sanford Stadium,61,Georgia,SEC,35.0,"[14, 14, 7, 0]",0.9879599809646606,2070.0,2048.0,2429,Charlotte,fbs,American Athletic,3.0,"[0, 3, 0, 0]",0.0120400190353393,1013.0,1035.0,1.6983975885892353,92746.0,True,False,Athens,GA,30602.0,US,America/New_York,33.9498197,-83.3733813,186.1120758,1929.0,2025-11-22,23.0,0.1,20.3,1.003094473077006,1.0,False,False,True,False,False
401761657,2025,13,2025-11-22T18:00:00.000Z,False,False,True,19247.0,3608,Allen E. Paulson Stadium,290,Georgia Southern,Sun Belt,10.0,"[0, 0, 3, 7]",0.0013588489964604,1319.0,1250.0,295,Old Dominion,fbs,Sun Belt,45.0,"[14, 17, 14, 0]",0.9986411510035396,1566.0,1635.0,3.476384076018411,25000.0,False,False,Statesboro,GA,30460.0,US,America/New_York,32.4122471,-81.7849296,61.25376892,1984.0,2025-11-22,24.2,0.1,20.9,0.76988,0.0,False,False,False,False,False
401752954,2025,13,2025-11-22T18:00:00.000Z,False,False,False,25156.0,3651,Bridgeforth Stadium,256,James Madison,Sun Belt,24.0,"[3, 7, 7, 7]",0.7625653147697449,1882.0,1874.0,265,Washington State,fbs,Pac-12,20.0,"[3, 14, 0, 3]",0.2374346852302551,1500.0,1508.0,5.595652422164998,24877.0,False,False,Harrisonburg,VA,22807.0,US,America/New_York,38.4352919,-78.8729349,399.303009,1975.0,2025-11-22,11.5,0.0,18.3,1.0112151786791013,1.0,False,False,True,False,False
401756954,2025,13,2025-11-22T18:00:00.000Z,False,False,True,40199.0,3619,Arizona Stadium,12,Arizona,Big 12,41.0,"[7, 7, 7, 20]",0.9966047406196594,1592.0,1651.0,239,Baylor,fbs,Big 12,17.0,"[14, 3, 0, 0]",0.0033952593803405,1585.0,1526.0,5.473475061116716,50782.0,False,False,Tucson,AZ,85721.0,US,America/Phoenix,32.2288054,-110.9488677,742.1530151,1928.0,2025-11-22,21.7,0.0,14.6,0.7915993856090741,0.0,False,False,False,False,False
401752773,2025,13,2025-11-22T19:00:00.000Z,False,False,False,100077.0,3657,Bryant-Denny Stadium,333,Alabama,SEC,56.0,"[14, 14, 14, 14]",0.9778900146484376,1966.0,1966.0,2197,Eastern Illinois,fcs,OVC-Big South,0.0,"[0, 0, 0, 0]",0.0221099853515625,1480.0,1472.0,1.8684493598244252,101821.0,True,False,Tuscaloosa,AL,35487.0,US,America/Chicago,33.2082752,-87.5503836,70.05136108,1929.0,2025-11-22,26.0,0.0,12.8,0.9828719026526944,1.0,False,False,False,True,False
401757306,2025,13,2025-11-22T19:00:00.000Z,False,False,True,11040.0,4899,Fifth Third Stadium,338,Kennesaw State,Conference USA,41.0,"[14, 0, 13, 14]",0.9847188591957092,1375.0,1385.0,2623,Missouri State,fbs,Conference USA,34.0,"[3, 10, 14, 7]",0.0152811408042907,1376.0,1366.0,7.813154318575293,11040.0,True,False,Kennesaw,GA,30144.0,US,America/New_York,34.0289318,-84.5676234,296.9589844,2010.0,2025-11-22,23.5,0.0,16.6,1.0,1.0,False,False,False,False,False
401760419,2025,13,2025-11-22T19:00:00.000Z,False,False,True,25650.0,3984,War Memorial Stadium,2751,Wyoming,Mountain West,7.0,"[0, 0, 7, 0]",0.0989487469196319,1348.0,1333.0,2440,Nevada,fbs,Mountain West,13.0,"[0, 7, 3, 3]",0.901051253080368,1288.0,1303.0,4.960683280349936,29181.0,False,False,Laramie,WY,82071.0,US,America/Denver,41.31161,-105.5681384,2200.153564,1950.0,2025-11-22,7.2,0.0,14.3,0.8789966073815154,0.0,False,False,False,False,False
401762867,2025,13,2025-11-22T19:00:00.000Z,False,False,True,15127.0,3739,Glass Bowl,2649,Toledo,Mid-American,38.0,"[14, 10, 7, 7]",0.902834177017212,1630.0,1642.0,2050,Ball State,fbs,Mid-American,9.0,"[0, 3, 0, 6]",0.097165822982788,1030.0,1018.0,3.288852048288053,26038.0,False,False,Toledo,OH,43606.0,US,America/New_York,41.6574777,-83.6135652,181.4839783,1937.0,2025-11-22,6.8,0.0,5.0,0.5809585989707351,0.0,False,False,False,False,False
401752774,2025,13,2025-11-22T19:00:00.000Z,False,False,False,88043.0,3785,Jordan-Hare Stadium,2,Auburn,SEC,62.0,"[14, 21, 14, 13]",0.9926486015319824,1660.0,1660.0,2382,Mercer,fcs,Southern,17.0,"[14, 3, 0, 0]",0.0073513984680175,1480.0,1472.0,3.944493697449483,87451.0,True,False,Auburn,AL,36849.0,US,America/Chicago,32.6025532,-85.4897479,201.1737976,1939.0,2025-11-22,24.4,0.1,14.3,1.0067695052086312,1.0,False,False,True,True,False
401761656,2025,13,2025-11-22T19:30:00.000Z,False,False,True,31322.0,3792,Kidd Brewer Stadium,2026,App State,Sun Belt,26.0,"[3, 13, 7, 3]",0.3613669276237488,1248.0,1252.0,276,Marshall,fbs,Sun Belt,24.0,"[7, 14, 3, 0]",0.6386330723762512,1499.0,1495.0,6.875861158506466,30000.0,False,False,Boone,NC,28608.0,US,America/New_York,36.2114267,-81.6854278,991.3414307,1962.0,2025-11-22,15.4,0.0,25.0,1.0440666666666667,1.0,False,False,True,False,False
401762511,2025,13,2025-11-22T20:00:00.000Z,False,False,True,16376.0,7221,Protective Stadium,5,UAB,American Athletic,18.0,"[10, 0, 0, 8]",0.004270639270544,1197.0,1175.0,58,South Florida,fbs,American Athletic,48.0,"[7, 10, 17, 14]",0.995729360729456,1729.0,1751.0,4.383208136782565,45000.0,False,False,Birmingham,AL,35203.0,US,America/Chicago,33.5206824,-86.8024326,187.0,2021.0,2025-11-22,24.7,0.0,14.6,0.3639111111111111,0.0,False,False,False,False,False
401757175,2025,13,2025-11-22T20:00:00.000Z,False,False,False,16306.0,3715,FAU Stadium,2226,Florida Atlantic,American Athletic,45.0,"[3, 14, 14, 14]",0.1622029989957809,1249.0,1263.0,41,UConn,fbs,FBS Independents,48.0,"[24, 3, 7, 14]",0.837797001004219,1568.0,1554.0,8.729593024822146,29419.0,False,False,Boca Raton,FL,33499.0,US,America/New_York,26.3763763,-80.1015759,3.613628864,2011.0,2025-11-22,27.3,0.0,8.0,0.5542676501580611,0.0,False,False,False,False,False
401757308,2025,13,2025-11-22T20:00:00.000Z,False,False,True,7605.0,3725,"Johnny ""Red"" Floyd Stadium",2393,Middle Tennessee,Conference USA,31.0,"[0, 10, 7, 14]",0.9829244017601012,1122.0,1148.0,2534,Sam Houston,fbs,Conference USA,17.0,"[10, 0, 0, 7]",0.0170755982398986,1094.0,1068.0,4.9297984961287264,30788.0,False,False,Murfreesboro,TN,37132.0,US,America/Chicago,35.8511463,-86.3681649,191.7279816,1933.0,2025-11-22,19.8,0.1,11.6,0.2470118227880992,0.0,False,False,False,False,False
401757309,2025,13,2025-11-22T20:00:00.000Z,False,False,True,16677.0,3946,Sun Bowl,2638,UTEP,Conference USA,31.0,"[21, 0, 3, 7]",0.4651758372783661,1215.0,1208.0,166,New Mexico State,fbs,Conference USA,34.0,"[0, 21, 3, 10]",0.5348241627216339,1181.0,1188.0,7.161423595259868,51500.0,False,False,El Paso,TX,79968.0,US,America/Denver,31.7733353,-106.507957,1183.697876,1963.0,2025-11-22,16.7,0.0,12.8,0.3238252427184466,0.0,False,False,False,False,False
401757307,2025,13,2025-11-22T20:00:00.000Z,False,False,True,10107.0,3776,Joe Aillet Stadium,2348,Louisiana Tech,Conference USA,34.0,"[7, 0, 7, 14, 6]",0.8025693297386169,1396.0,1407.0,2335,Liberty,fbs,Conference USA,28.0,"[3, 10, 15, 0, 0]",0.197430670261383,1468.0,1457.0,6.907620940462813,28019.0,False,False,Ruston,LA,71272.0,US,America/Chicago,32.5321487,-92.6560019,72.87982941,1968.0,2025-11-22,23.3,0.0,11.9,0.3607195117598772,0.0,False,False,False,False,False
401752782,2025,13,2025-11-22T20:30:00.000Z,False,False,True,35000.0,3973,FirstBank Stadium,238,Vanderbilt,SEC,45.0,"[3, 21, 21, 0]",0.9762735366821288,1770.0,1827.0,96,Kentucky,fbs,SEC,17.0,"[0, 3, 0, 14]",0.023726463317871,1635.0,1578.0,2.2736201189045495,40351.0,False,False,Nashville,TN,37212.0,US,America/Chicago,36.1440455,-86.8088942,159.9194641,1922.0,2025-11-22,16.7,0.0,10.9,0.8673886644692821,0.0,False,False,False,False,False
401754600,2025,13,2025-11-22T20:30:00.000Z,False,False,True,50500.0,3787,Kenan Stadium,153,North Carolina,ACC,25.0,"[7, 3, 8, 7]",0.566415548324585,1361.0,1364.0,150,Duke,fbs,ACC,32.0,"[7, 10, 7, 8]",0.433584451675415,1576.0,1573.0,6.197711451448148,50500.0,False,False,Chapel Hill,NC,27515.0,US,America/New_York,35.9069294,-79.0478889,127.7569809,1927.0,2025-11-22,23.1,0.0,9.3,1.0,1.0,False,False,False,False,False
401752911,2025,13,2025-11-22T20:30:00.000Z,False,False,True,59588.0,3626,Autzen Stadium,2483,Oregon,Big Ten,42.0,"[14, 14, 7, 7]",0.9446062445640564,2068.0,2086.0,30,USC,fbs,Big Ten,27.0,"[7, 7, 7, 6]",0.0553937554359436,1916.0,1898.0,4.245851997828762,54000.0,False,False,Eugene,OR,97401.0,US,America/Los_Angeles,44.0582712,-123.0684883,127.4198303,1967.0,2025-11-22,6.6,0.0,3.4,1.1034814814814815,1.0,False,False,True,False,False
401762513,2025,13,2025-11-22T20:30:00.000Z,False,False,True,18573.0,3604,Alamodome,2636,UTSA,American Athletic,58.0,"[14, 20, 10, 14]",0.9919071197509766,1472.0,1585.0,151,East Carolina,fbs,American Athletic,24.0,"[0, 3, 7, 14]",0.0080928802490234,1604.0,1491.0,2.453957033801726,36582.0,False,True,San Antonio,TX,78299.0,US,America/Chicago,29.4169834,-98.4788143,201.5526886,1993.0,2025-11-22,23.8,0.2,7.0,0.5077087092012466,0.0,False,False,False,False,False
401752780,2025,13,2025-11-22T20:30:00.000Z,False,False,True,102361.0,3910,DKR-Texas Memorial Stadium,251,Texas,SEC,52.0,"[14, 10, 21, 7]",1.0,1872.0,1880.0,8,Arkansas,fbs,SEC,37.0,"[6, 14, 3, 14]",0.0,1596.0,1588.0,4.624234501424844,100119.0,False,False,Austin,TX,78712.0,US,America/Chicago,30.2836813,-97.7325345,160.3089447,1924.0,2025-11-22,22.7,0.0,11.0,1.0223933519112256,1.0,False,False,True,False,False
401761658,2025,13,2025-11-22T20:30:00.000Z,False,False,True,17601.0,6526,Hancock Whitney Stadium,6,South Alabama,Sun Belt,42.0,"[7, 14, 14, 7]",0.9967859983444214,1369.0,1375.0,2572,Southern Miss,fbs,Sun Belt,35.0,"[0, 7, 7, 21]",0.0032140016555786,1303.0,1297.0,3.6297787310097807,25450.0,False,False,Mobile,AL,36688.0,US,America/Chicago,30.696904,-88.192013,45.0,2020.0,2025-11-22,27.1,0.0,9.7,0.6915913555992141,0.0,False,False,False,False,False
401757305,2025,13,2025-11-22T20:30:00.000Z,False,False,True,9504.0,2031,Pitbull Stadium,2229,Florida International,Conference USA,27.0,"[7, 0, 10, 10]",0.5822793245315552,1326.0,1343.0,55,Jacksonville State,fbs,Conference USA,21.0,"[7, 7, 7, 0]",0.4177206754684448,1518.0,1501.0,6.6929041617368945,20000.0,False,False,Miami,FL,33199.0,US,America/New_York,25.7525,-80.37778,6.0,1995.0,2025-11-22,28.1,0.0,4.4,0.4752,0.0,False,False,False,False,False
401752913,2025,13,2025-11-22T20:30:00.000Z,False,False,True,69250.0,3793,Kinnick Stadium,2294,Iowa,Big Ten,20.0,"[7, 0, 0, 13]",0.5775558352470398,1907.0,1902.0,127,Michigan State,fbs,Big Ten,17.0,"[0, 3, 14, 0]",0.4224441647529602,1377.0,1382.0,4.969668955103442,69250.0,False,False,Iowa City,IA,52242.0,US,America/Chicago,41.6586045,-91.5510829,220.6357727,1929.0,2025-11-22,11.5,0.0,16.5,1.0,1.0,False,False,False,False,False
401754604,2025,13,2025-11-22T20:30:00.000Z,False,False,False,77622.0,3855,Notre Dame Stadium,87,Notre Dame,FBS Independents,70.0,"[35, 14, 7, 14]",0.9941574335098268,2189.0,2263.0,183,Syracuse,fbs,ACC,7.0,"[0, 0, 0, 7]",0.0058425664901733,1304.0,1230.0,2.3955991519822097,80795.0,False,False,Notre Dame,IN,46556.0,US,America/Indiana/Indianapolis,41.698378,-86.2339425,222.645401,1930.0,2025-11-22,7.9,0.0,8.6,0.960727767807414,1.0,False,False,False,False,False
401762515,2025,13,2025-11-22T20:45:00.000Z,False,False,True,13366.0,3806,Lincoln Financial Field,218,Temple,American Athletic,13.0,"[7, 0, 0, 6]",0.0135558973997831,1266.0,1234.0,2655,Tulane,fbs,American Athletic,37.0,"[10, 10, 6, 11]",0.9864441026002168,1543.0,1575.0,3.574444017848902,69879.0,False,False,Philadelphia,PA,19122.0,US,America/New_York,39.9007995,-75.1675414,3.198706865,2003.0,2025-11-22,11.2,0.0,12.6,0.1912734870275762,0.0,False,False,False,False,False
401756959,2025,13,2025-11-22T21:00:00.000Z,False,False,True,41723.0,3652,FBC Mortgage Stadium,2116,UCF,Big 12,17.0,"[0, 0, 7, 10]",1.0,1468.0,1464.0,197,Oklahoma State,fbs,Big 12,14.0,"[7, 7, 0, 0]",0.0,1080.0,1084.0,5.068326629734767,44206.0,True,False,Orlando,FL,32816.0,US,America/New_York,28.6079765,-81.1927233,20.94113731,2007.0,2025-11-22,26.9,0.0,4.9,0.9438311541419716,1.0,False,False,False,False,False
401752914,2025,13,2025-11-22T21:00:00.000Z,False,False,True,46185.0,3665,SECU Stadium,120,Maryland,Big Ten,20.0,"[7, 3, 3, 7]",0.0021505476906895,1440.0,1414.0,130,Michigan,fbs,Big Ten,45.0,"[7, 14, 14, 10]",0.9978494523093104,1799.0,1825.0,3.802841750717656,51802.0,False,False,College Park,MD,20742.0,US,America/New_York,38.9903332,-76.9473792,32.68748093,1950.0,2025-11-22,12.5,0.0,10.7,0.8915678931315393,0.0,False,False,False,False,False
401756957,2025,13,2025-11-22T21:00:00.000Z,False,False,True,30852.0,4728,TDECU Stadium,248,Houston,Big 12,14.0,"[0, 7, 7, 0]",0.811245858669281,1476.0,1479.0,2628,TCU,fbs,Big 12,17.0,"[14, 0, 0, 3]",0.188754141330719,1605.0,1602.0,6.5693837600173905,40000.0,False,False,Houston,TX,77004.0,US,America/Chicago,29.7219885,-95.3491623,9.57440567,2014.0,2025-11-22,25.2,0.0,6.7,0.7713,0.0,False,False,False,False,False
401761660,2025,13,2025-11-22T21:00:00.000Z,False,False,True,20243.0,3975,Veterans Memorial Stadium (AL),2653,Troy,Sun Belt,31.0,"[0, 10, 7, 14]",1.0,1359.0,1362.0,2247,Georgia State,fbs,Sun Belt,19.0,"[0, 6, 6, 7]",0.0,1107.0,1104.0,5.170579662993523,30000.0,False,False,Troy,AL,36082.0,US,America/Chicago,31.7995565,-85.9518328,154.7746277,1950.0,2025-11-22,24.8,0.3,14.8,0.6747666666666666,0.0,False,False,False,False,False
401756960,2025,13,2025-11-22T21:00:00.000Z,False,False,True,51444.0,587,Rice-Eccles Stadium,254,Utah,Big 12,51.0,"[7, 14, 14, 16]",0.3485639989376068,1977.0,1971.0,2306,Kansas State,fbs,Big 12,47.0,"[7, 24, 7, 9]",0.6514360010623932,1674.0,1680.0,9.56904541883268,51444.0,False,False,Salt Lake City,UT,84112.0,US,America/Denver,40.7599724,-111.8488255,1411.543579,1998.0,2025-11-22,8.6,0.0,7.6,1.0,1.0,False,False,False,False,False
401752779,2025,13,2025-11-22T21:15:00.000Z,False,False,False,78452.0,3994,Williams-Brice Stadium,2579,South Carolina,SEC,51.0,"[20, 17, 7, 7]",0.9924185276031494,1645.0,1730.0,324,Coastal Carolina,fbs,Sun Belt,7.0,"[0, 0, 0, 7]",0.0075814723968505,1313.0,1228.0,2.592138507375151,80250.0,True,False,Columbia,SC,29208.0,US,America/New_York,33.9730239,-81.0191726,60.54548645,1934.0,2025-11-22,25.7,0.0,15.3,0.977595015576324,1.0,False,False,False,False,False
401754605,2025,13,2025-11-22T21:30:00.000Z,False,False,False,78403.0,3836,"Memorial Stadium (Clemson, SC)",228,Clemson,ACC,45.0,"[17, 14, 0, 14]",0.9852207899093628,1727.0,1727.0,231,Furman,fcs,Southern,10.0,"[0, 3, 7, 0]",0.0147792100906372,1480.0,1472.0,2.322814556602823,81500.0,True,False,Clemson,SC,29634.0,US,America/New_York,34.6787737,-82.8432428,205.6452179,1942.0,2025-11-22,24.8,0.0,15.8,0.962,1.0,False,False,False,True,False
401761659,2025,13,2025-11-22T22:00:00.000Z,False,False,True,17078.0,3644,Bobcat Stadium (TX),326,Texas State,Sun Belt,31.0,"[0, 3, 14, 14]",0.9347583055496216,1542.0,1533.0,2433,UL Monroe,fbs,Sun Belt,14.0,"[0, 0, 7, 7]",0.0652416944503784,1004.0,1013.0,4.022895625475308,30000.0,False,False,San Marcos,TX,78666.0,US,America/Chicago,29.8910008,-97.9255735,177.8676453,1981.0,2025-11-22,23.3,0.0,13.1,0.5692666666666667,0.0,False,False,False,False,False
401752908,2025,13,2025-11-23T00:00:00.000Z,False,False,True,105038.0,3632,Beaver Stadium,213,Penn State,Big Ten,37.0,"[7, 16, 7, 7]",0.9935051202774048,1938.0,1975.0,158,Nebraska,fbs,Big Ten,10.0,"[0, 3, 7, 0]",0.0064948797225952,1648.0,1611.0,2.2286130019262984,106572.0,True,False,University Park,PA,16802.0,US,America/New_York,40.8121958,-77.8561023,354.1551514,1960.0,2025-11-23,2.7,0.0,3.6,0.9856059753030816,1.0,False,False,False,False,False
401754601,2025,13,2025-11-23T00:00:00.000Z,False,False,True,52413.0,721,Bobby Dodd Stadium,59,Georgia Tech,ACC,28.0,"[0, 14, 0, 14]",0.0377707816660404,1599.0,1573.0,221,Pittsburgh,fbs,ACC,42.0,"[21, 7, 7, 7]",0.9622292183339596,1665.0,1691.0,4.477657732122358,55000.0,False,False,Atlanta,GA,30332.0,US,America/New_York,33.7724449,-84.3928054,279.300415,1913.0,2025-11-23,20.2,0.0,10.5,0.9529636363636363,1.0,False,False,False,False,False
401760416,2025,13,2025-11-23T00:00:00.000Z,False,False,True,32819.0,3653,Albertsons Stadium,68,Boise State,Mountain West,49.0,"[7, 20, 7, 15]",0.9938032031059264,1589.0,1621.0,36,Colorado State,fbs,Mountain West,21.0,"[7, 0, 0, 14]",0.0061967968940734,1223.0,1191.0,3.4950675360668852,36387.0,False,False,Boise,ID,83725.0,US,America/Boise,43.6028839,-116.1958882,823.2221069,1970.0,2025-11-23,9.0,0.0,0.6,0.9019430016214582,1.0,False,False,False,False,False
401760415,2025,13,2025-11-23T00:00:00.000Z,False,False,True,20218.0,3713,Falcon Stadium,2005,Air Force,Mountain West,3.0,"[0, 0, 0, 3]",0.0147118279710412,1383.0,1350.0,167,New Mexico,fbs,Mountain West,20.0,"[7, 10, 0, 3]",0.9852881720289588,1458.0,1491.0,2.9671530551482315,46692.0,False,False,Colorado Springs,CO,80840.0,US,America/Denver,38.9969701,-104.8436165,2024.875732,1962.0,2025-11-23,6.4,0.0,7.9,0.4330077957680116,0.0,False,False,False,False,False
401754599,2025,13,2025-11-23T00:30:00.000Z,False,False,True,50039.0,3940,Stanford Stadium,24,Stanford,ACC,31.0,"[0, 14, 3, 14]",0.9870200753211976,1246.0,1315.0,25,California,fbs,ACC,10.0,"[3, 7, 0, 0]",0.0129799246788024,1420.0,1351.0,4.345088920497255,50424.0,True,False,Stanford,CA,94305.0,US,America/Los_Angeles,37.4345556,-122.1611271,18.38425636,2006.0,2025-11-23,16.8,0.0,2.0,0.9923647469458988,1.0,False,False,False,False,False
401752915,2025,13,2025-11-23T00:30:00.000Z,False,False,True,,347,Camp Randall Stadium,275,Wisconsin,Big Ten,27.0,"[7, 3, 7, 10]",1.0,1467.0,1521.0,356,Illinois,fbs,Big Ten,10.0,"[0, 7, 3, 0]",0.0,1630.0,1576.0,4.001122438154633,80321.0,False,False,Madison,WI,53711.0,US,America/Chicago,43.06994,-89.4126943,263.604126,1917.0,2025-11-23,5.6,0.0,20.4,,,True,False,False,False,False
401752775,2025,13,2025-11-23T00:30:00.000Z,False,False,True,90465.0,3634,Ben Hill Griffin Stadium,57,Florida,SEC,11.0,"[0, 0, 3, 8]",0.0007584895938634,1565.0,1543.0,2633,Tennessee,fbs,SEC,31.0,"[14, 17, 0, 0]",0.9992415104061364,1834.0,1856.0,2.205107309922417,88548.0,True,False,Gainesville,FL,32653.0,US,America/New_York,29.6499357,-82.3485788,44.97250748,1930.0,2025-11-23,21.9,0.0,12.5,1.021649274969508,1.0,False,False,True,False,False
401762514,2025,13,2025-11-23T00:30:00.000Z,False,False,True,24598.0,3895,Rice Stadium,242,Rice,American Athletic,24.0,"[14, 0, 7, 3]",0.1904557794332504,1169.0,1144.0,249,North Texas,fbs,American Athletic,56.0,"[7, 21, 14, 14]",0.8095442205667496,1716.0,1741.0,3.2991485915013485,47000.0,False,False,Houston,TX,77251.0,US,America/Chicago,29.7163297,-95.4093261,7.148301601,1950.0,2025-11-23,23.0,0.0,4.1,0.5233617021276595,0.0,False,False,False,False,False
401752777,2025,13,2025-11-23T00:45:00.000Z,False,False,False,100923.0,3958,Tiger Stadium (LA),99,LSU,SEC,13.0,"[0, 7, 3, 3]",0.6684710383415222,1693.0,1690.0,98,Western Kentucky,fbs,Conference USA,10.0,"[3, 0, 0, 7]",0.3315289616584778,1398.0,1401.0,4.349466223266472,102321.0,True,False,Baton Rouge,LA,70803.0,US,America/Chicago,30.412035,-91.1838163,7.640734673,1924.0,2025-11-23,23.7,0.0,2.9,0.986337115548128,1.0,False,False,False,False,False
401756956,2025,13,2025-11-23T01:00:00.000Z,False,False,True,43348.0,3726,Folsom Field,38,Colorado,Big 12,17.0,"[7, 0, 10, 0]",0.1142685338854789,1377.0,1338.0,9,Arizona State,fbs,Big 12,42.0,"[3, 10, 8, 21]",0.885731466114521,1614.0,1653.0,6.681236701530058,50183.0,True,False,Boulder,CO,80309.0,US,America/Denver,40.0094746,-105.266905,1634.041138,1924.0,2025-11-23,6.9,0.0,3.6,0.863798497499153,0.0,False,False,False,False,False
401756955,2025,13,2025-11-23T01:00:00.000Z,False,False,True,38034.0,3854,Nippert Stadium,2132,Cincinnati,Big 12,14.0,"[0, 7, 0, 7]",0.2674399316310882,1578.0,1569.0,252,BYU,fbs,Big 12,26.0,"[7, 3, 7, 9]",0.7325600683689117,1772.0,1781.0,4.566544103656873,40000.0,False,False,Cincinnati,OH,45221.0,US,America/New_York,39.1312495,-84.5161913,230.0660553,1915.0,2025-11-23,6.6,0.0,4.0,0.95085,1.0,False,False,False,False,False
401760417,2025,13,2025-11-23T03:30:00.000Z,False,False,True,37551.0,3660,Valley Children's Stadium,278,Fresno State,Mountain West,17.0,"[7, 10, 0, 0]",0.0033767288550734,1510.0,1478.0,328,Utah State,fbs,Mountain West,28.0,"[7, 0, 7, 14]",0.9966232711449264,1423.0,1455.0,7.526834420398909,41031.0,False,False,Fresno,CA,93740.0,US,America/Los_Angeles,36.8143527,-119.7580092,102.564064,1980.0,2025-11-23,10.3,0.0,3.9,0.9151860788184544,1.0,False,False,False,False,False
401752910,2025,13,2025-11-23T03:30:00.000Z,False,False,True,38201.0,1056,Rose Bowl,26,UCLA,Big Ten,14.0,"[0, 0, 7, 7]",0.0,1361.0,1313.0,264,Washington,fbs,Big Ten,48.0,"[3, 17, 14, 14]",1.0,1754.0,1802.0,3.192641077921975,88565.0,True,False,Pasadena,CA,90095.0,US,America/Los_Angeles,34.1613284,-118.1676462,245.1772461,1922.0,2025-11-23,14.6,0.0,1.5,0.4313329193247897,0.0,False,False,False,False,False
401760420,2025,13,2025-11-23T03:30:00.000Z,False,False,True,22595.0,7311,Snapdragon Stadium,21,San Diego State,Mountain West,25.0,"[11, 7, 0, 7]",0.949493169784546,1507.0,1530.0,23,San José State,fbs,Mountain West,3.0,"[0, 3, 0, 0]",0.0505068302154541,1208.0,1185.0,2.9614137423901856,35000.0,True,False,San Diego,CA,92093.0,US,America/Los_Angeles,32.784444,-117.122833,62.0,2022.0,2025-11-23,14.1,0.0,3.9,0.6455714285714286,0.0,False,False,False,False,False
401762868,2025,14,2025-11-25T21:30:00.000Z,False,False,True,6043.0,3985,Warren McGuirk Alumni Stadium,113,Massachusetts,Mid-American,14.0,"[0, 14, 0, 0]",0.0114853335544466,748.0,718.0,189,Bowling Green,fbs,Mid-American,45.0,"[14, 14, 7, 10]",0.9885146664455532,1230.0,1260.0,2.1605811274523727,17000.0,False,False,Hadley,MA,1003.0,US,America/New_York,42.3773244,-72.5360595,46.58664703,1965.0,2025-11-25,6.5,0.0,10.7,0.3554705882352941,0.0,False,False,False,False,False
401762869,2025,14,2025-11-26T00:30:00.000Z,False,False,True,11818.0,3912,Rynearson Stadium,2199,Eastern Michigan,Mid-American,21.0,"[7, 0, 0, 14]",0.0,1246.0,1239.0,2711,Western Michigan,fbs,Mid-American,31.0,"[0, 17, 14, 0]",1.0,1407.0,1414.0,3.7143168825044937,30200.0,False,False,Ypsilanti,MI,48197.0,US,America/Detroit,42.256126,-83.647285,241.248764,1969.0,2025-11-26,10.0,0.0,13.0,0.3913245033112583,0.0,False,False,False,False,False
401762516,2025,14,2025-11-28T00:30:00.000Z,False,False,True,27082.0,3805,Simmons Bank Liberty Stadium,235,Memphis,American Athletic,17.0,"[3, 14, 0, 0]",0.0125936912372708,1660.0,1620.0,2426,Navy,fbs,American Athletic,28.0,"[0, 14, 7, 7]",0.9874063087627292,1485.0,1525.0,5.624486611217874,58325.0,False,False,Memphis,TN,38152.0,US,America/Chicago,35.1209429,-89.977147,90.62445831,1965.0,2025-11-28,6.2,0.0,5.8,0.4643291898842692,0.0,False,False,False,False,False
401762870,2025,14,2025-11-28T17:00:00.000Z,False,False,True,11096.0,3965,UB Stadium,2084,Buffalo,Mid-American,26.0,"[0, 7, 6, 13]",0.5425530076026917,1288.0,1298.0,195,Ohio,fbs,Mid-American,31.0,"[7, 14, 7, 3]",0.4574469923973083,1572.0,1562.0,4.941688531055923,30270.0,False,False,Amherst,NY,14260.0,US,America/New_York,42.9991334,-78.7775113,181.5759735,1993.0,2025-11-28,-0.3,0.1,29.7,0.3665675586389164,0.0,False,False,False,False,False
401752916,2025,14,2025-11-28T17:00:00.000Z,False,False,True,86410.0,3834,"Memorial Stadium (Lincoln, NE)",158,Nebraska,Big Ten,16.0,"[10, 6, 0, 0]",0.0191014371812343,1611.0,1580.0,2294,Iowa,fbs,Big Ten,40.0,"[10, 14, 9, 7]",0.9808985628187656,1902.0,1933.0,3.966240038437885,85458.0,False,False,Lincoln,NE,68588.0,US,America/Chicago,40.820682,-96.705594,354.9318848,1923.0,2025-11-28,-2.1,0.0,13.4,1.0111399751924923,1.0,False,False,True,False,False
401752788,2025,14,2025-11-28T17:00:00.000Z,False,False,True,60417.0,3693,Davis Wade Stadium,344,Mississippi State,SEC,19.0,"[7, 3, 3, 6]",0.0153467515483498,1492.0,1491.0,145,Ole Miss,fbs,SEC,38.0,"[14, 7, 3, 14]",0.98465324845165,1959.0,1960.0,4.644830935938228,61337.0,True,False,Starkville,MS,39762.0,US,America/Chicago,33.4563403,-88.7933652,110.2742081,1914.0,2025-11-28,7.9,0.0,2.4,0.9850008966855244,1.0,False,False,False,False,False
401756964,2025,14,2025-11-28T17:00:00.000Z,False,False,True,32811.0,3833,Memorial Stadium,2305,Kansas,Big 12,21.0,"[0, 7, 7, 7]",0.1187808290123939,1499.0,1516.0,254,Utah,fbs,Big 12,31.0,"[3, 7, 0, 21]",0.881219170987606,1971.0,1954.0,6.276140375244612,47000.0,False,False,Lawrence,KS,66045.0,US,America/Chicago,38.9629418,-95.2463686,274.855957,1921.0,2025-11-28,-0.3,0.0,14.3,0.6981063829787234,0.0,False,False,False,False,False
401762871,2025,14,2025-11-28T17:00:00.000Z,False,False,True,3090.0,3764,Huskie Stadium,2459,Northern Illinois,Mid-American,31.0,"[7, 14, 0, 10]",0.8252435922622681,1260.0,1233.0,2309,Kent State,fbs,Mid-American,35.0,"[3, 14, 3, 15]",0.1747564077377319,974.0,1001.0,7.06656686791855,23595.0,False,False,DeKalb,IL,60115.0,US,America/Chicago,41.9339586,-88.7778357,267.4530029,1965.0,2025-11-28,-2.2,0.0,15.3,0.1309599491417673,0.0,False,False,False,False,False
401760421,2025,14,2025-11-28T20:00:00.000Z,False,False,True,25873.0,5388,Canvas Stadium,36,Colorado State,Mountain West,21.0,"[0, 7, 7, 7]",0.0,1191.0,1155.0,2005,Air Force,fbs,Mountain West,42.0,"[14, 7, 7, 14]",1.0,1350.0,1386.0,3.654887940296669,36500.0,False,False,Fort Collins,CO,80521.0,US,America/Denver,40.570015,-105.088435,1528.4,2017.0,2025-11-28,8.6,0.0,5.4,0.7088493150684931,0.0,False,False,False,False,False
401760426,2025,14,2025-11-28T20:30:00.000Z,False,False,True,30575.0,3971,University Stadium (NM),167,New Mexico,Mountain West,23.0,"[3, 7, 7, 0, 6]",0.2367859482765197,1491.0,1500.0,21,San Diego State,fbs,Mountain West,17.0,"[0, 14, 3, 0, 0]",0.7632140517234802,1530.0,1521.0,7.334001834776358,39224.0,False,False,Albuquerque,NM,87131.0,US,America/Denver,35.0669479,-106.6283225,1554.471924,1960.0,2025-11-28,13.0,0.0,7.8,0.7794972465837242,0.0,False,False,False,False,False
401752786,2025,14,2025-11-28T20:30:00.000Z,False,True,False,73728.0,5348,Mercedes-Benz Stadium,59,Georgia Tech,ACC,9.0,"[3, 0, 3, 3]",0.7288954257965088,1573.0,1595.0,61,Georgia,fbs,SEC,16.0,"[0, 13, 0, 3]",0.2711045742034912,2048.0,2026.0,3.7309061341517817,75000.0,False,True,Atlanta,GA,30313.0,US,America/New_York,33.755578,-84.400881,307.9,2017.0,2025-11-28,7.3,0.0,13.6,0.98304,,False,False,False,False,False
401762442,2025,14,2025-11-28T20:30:00.000Z,False,False,True,24492.0,3825,DATCU Stadium,249,North Texas,American Athletic,52.0,"[14, 21, 10, 7]",0.9273855686187744,1741.0,1756.0,218,Temple,fbs,American Athletic,25.0,"[7, 0, 7, 11]",0.0726144313812255,1234.0,1219.0,2.662792323992115,30850.0,False,False,Denton,TX,76210.0,US,America/Chicago,33.203899,-97.159245,198.6871948,2011.0,2025-11-28,13.1,0.0,16.8,0.7939059967585089,0.0,False,False,False,False,False
401760422,2025,14,2025-11-28T21:00:00.000Z,False,False,True,21115.0,3905,Maverik Stadium,328,Utah State,Mountain West,24.0,"[14, 7, 3, 0]",0.2690556645393371,1455.0,1462.0,68,Boise State,fbs,Mountain West,25.0,"[10, 3, 6, 6]",0.7309443354606628,1621.0,1614.0,6.623730275130599,25513.0,False,False,Logan,UT,84322.0,US,America/Denver,41.7517394,-111.8116007,1427.914429,1968.0,2025-11-28,7.5,0.1,3.3,0.8276172931446714,0.0,False,False,False,False,False
401752792,2025,14,2025-11-29T00:30:00.000Z,False,False,True,103632.0,3910,DKR-Texas Memorial Stadium,251,Texas,SEC,27.0,"[0, 3, 10, 14]",0.6624485850334167,1880.0,1898.0,245,Texas A&M,fbs,SEC,17.0,"[0, 10, 0, 7]",0.3375514149665832,1896.0,1878.0,5.110871723010601,100119.0,False,False,Austin,TX,78712.0,US,America/Chicago,30.2836813,-97.7325345,160.3089447,1924.0,2025-11-29,18.1,0.0,16.5,1.0350882449884635,1.0,False,False,True,False,False
401752924,2025,14,2025-11-29T00:30:00.000Z,False,False,True,59807.0,3907,Ross-Ade Stadium,2509,Purdue,Big Ten,3.0,"[3, 0, 0, 0]",0.0,1276.0,1227.0,84,Indiana,fbs,Big Ten,56.0,"[7, 21, 21, 7]",1.0,2142.0,2191.0,4.180747607485243,57282.0,True,False,West Lafayette,IN,47907.0,US,America/Indiana/Indianapolis,40.4352253,-86.9186843,197.5337677,1924.0,2025-11-29,-4.0,0.0,3.9,1.0440801647987152,1.0,False,False,True,False,False
401756961,2025,14,2025-11-29T02:00:00.000Z,False,False,True,54037.0,3947,Mountain America Stadium,9,Arizona State,Big 12,7.0,"[0, 7, 0, 0]",0.0358437336981296,1653.0,1615.0,12,Arizona,fbs,Big 12,23.0,"[0, 3, 10, 10]",0.9641562663018703,1651.0,1689.0,4.291838806190243,65870.0,True,False,Tempe,AZ,85287.0,US,America/Phoenix,33.4264471,-111.9325005,360.1569519,1958.0,2025-11-29,17.3,0.0,3.6,0.8203582814634887,0.0,False,False,False,False,False
401762519,2025,14,2025-11-29T17:00:00.000Z,False,False,True,14712.0,3715,FAU Stadium,2226,Florida Atlantic,American Athletic,3.0,"[3, 0, 0, 0]",0.0,1263.0,1178.0,151,East Carolina,fbs,American Athletic,42.0,"[21, 21, 0, 0]",1.0,1491.0,1576.0,3.066490242501596,29419.0,False,False,Boca Raton,FL,33499.0,US,America/New_York,26.3763763,-80.1015759,3.613628864,2011.0,2025-11-29,23.8,0.0,22.2,0.5000849790951426,0.0,False,False,False,False,False
401762875,2025,14,2025-11-29T17:00:00.000Z,False,False,True,11137.0,3996,Yager Stadium,193,Miami (OH),Mid-American,45.0,"[21, 10, 7, 7]",0.9936692118644714,1451.0,1459.0,2050,Ball State,fbs,Mid-American,24.0,"[10, 0, 0, 14]",0.0063307881355285,1018.0,1010.0,3.267956398206342,24286.0,False,False,Oxford,OH,45056.0,US,America/New_York,39.5197009,-84.7330255,242.2643585,1983.0,2025-11-29,-1.5,0.1,13.2,0.4585769579181421,0.0,False,False,False,False,False
401756968,2025,14,2025-11-29T17:00:00.000Z,False,False,True,44250.0,3842,Milan Puskar Stadium,277,West Virginia,Big 12,0.0,"[0, 0, 0, 0]",0.0082718832418322,1355.0,1291.0,2641,Texas Tech,fbs,Big 12,49.0,"[21, 7, 14, 7]",0.9917281167581676,1997.0,2061.0,2.852444568793713,60000.0,False,False,Morgantown,WV,26507.0,US,America/New_York,39.6502744,-79.9551873,327.409668,1980.0,2025-11-29,1.6,0.0,0.6,0.7375,0.0,False,False,False,False,False
401762872,2025,14,2025-11-29T17:00:00.000Z,False,False,True,6673.0,3786,Kelly/Shorts Stadium,2117,Central Michigan,Mid-American,3.0,"[0, 3, 0, 0]",0.0141238439828157,1291.0,1282.0,2649,Toledo,fbs,Mid-American,21.0,"[0, 0, 7, 14]",0.9858761560171844,1642.0,1651.0,4.719029622814196,30255.0,False,False,Mount Pleasant,MI,48859.0,US,America/Detroit,43.5777313,-84.7709904,240.9007721,1972.0,2025-11-29,-1.5,0.1,13.4,0.2205585853577921,0.0,False,False,False,False,False
401752921,2025,14,2025-11-29T17:00:00.000Z,False,False,True,111373.0,3558,Michigan Stadium,130,Michigan,Big Ten,9.0,"[6, 3, 0, 0]",0.0097723035141825,1825.0,1814.0,194,Ohio State,fbs,Big Ten,27.0,"[3, 14, 7, 3]",0.9902276964858174,2158.0,2169.0,3.904229966883306,107601.0,False,False,Ann Arbor,MI,48109.0,US,America/Detroit,42.2658365,-83.7486956,255.5500031,1927.0,2025-11-29,-1.6,0.1,11.3,1.0350554362877669,1.0,False,False,True,False,False
401754611,2025,14,2025-11-29T17:00:00.000Z,False,False,True,49845.0,3752,Acrisure Stadium,221,Pittsburgh,ACC,7.0,"[0, 7, 0, 0]",0.0047847162932157,1691.0,1631.0,2390,Miami,fbs,ACC,38.0,"[3, 14, 14, 7]",0.9952152837067842,1907.0,1967.0,3.695876450099734,68400.0,True,False,Pittsburgh,PA,15260.0,US,America/New_York,40.4467648,-80.0157603,220.5887146,2001.0,2025-11-29,1.0,0.0,4.0,0.7287280701754386,0.0,False,False,False,False,False
401756962,2025,14,2025-11-29T17:00:00.000Z,False,False,True,34720.0,4727,McLane Stadium,239,Baylor,Big 12,24.0,"[0, 9, 0, 15]",0.5145624876022339,1526.0,1509.0,248,Houston,fbs,Big 12,31.0,"[7, 10, 7, 7]",0.4854375123977661,1479.0,1496.0,5.676516189652465,45140.0,False,False,Waco,TX,76704.0,US,America/Chicago,31.5582015,-97.1156702,117.0538101,2014.0,2025-11-29,17.7,0.0,19.5,0.769162605228179,0.0,False,False,False,False,False
401756966,2025,14,2025-11-29T17:00:00.000Z,False,False,True,35127.0,3646,Boone Pickens Stadium,197,Oklahoma State,Big 12,13.0,"[0, 7, 3, 3]",0.035105362534523,1084.0,1110.0,66,Iowa State,fbs,Big 12,20.0,"[3, 7, 7, 3]",0.964894637465477,1655.0,1629.0,5.347888626270137,55509.0,False,False,Stillwater,OK,74078.0,US,America/Chicago,36.125673,-97.066513,276.4808655,1919.0,2025-11-29,13.7,0.0,27.6,0.6328163000594498,0.0,False,False,False,False,False
401756965,2025,14,2025-11-29T17:00:00.000Z,False,False,True,49549.0,3636,Bill Snyder Family Stadium,2306,Kansas State,Big 12,24.0,"[7, 0, 7, 10]",0.983287751674652,1680.0,1674.0,38,Colorado,fbs,Big 12,14.0,"[0, 7, 0, 7]",0.0167122483253479,1338.0,1344.0,4.332916458883662,50000.0,False,False,Manhattan,KS,66502.0,US,America/Chicago,39.2020096,-96.5938395,328.0574646,1968.0,2025-11-29,0.2,0.5,33.9,0.99098,1.0,False,False,False,False,False
401752787,2025,14,2025-11-29T17:00:00.000Z,False,False,False,50634.0,3873,L&N Federal Credit Union Stadium,97,Louisville,ACC,41.0,"[7, 13, 7, 14]",0.973641872406006,1631.0,1744.0,96,Kentucky,fbs,SEC,0.0,"[0, 0, 0, 0]",0.0263581275939941,1578.0,1465.0,2.079453613424045,60000.0,False,False,Louisville,KY,40292.0,US,America/Kentucky/Louisville,38.2057621,-85.7588141,138.5615997,1998.0,2025-11-29,1.6,0.0,8.4,0.8439,0.0,False,False,False,False,False
401752790,2025,14,2025-11-29T17:00:00.000Z,False,False,False,79827.0,3994,Williams-Brice Stadium,2579,South Carolina,SEC,14.0,"[0, 14, 0, 0]",0.0127873942255973,1730.0,1697.0,228,Clemson,fbs,ACC,28.0,"[0, 17, 3, 8]",0.9872126057744026,1725.0,1758.0,6.0292124586193445,80250.0,True,False,Columbia,SC,29208.0,US,America/New_York,33.9730239,-81.0191726,60.54548645,1934.0,2025-11-29,7.0,0.0,8.6,0.9947289719626168,1.0,False,False,False,False,False
401757311,2025,14,2025-11-29T18:00:00.000Z,False,True,True,4237.0,3631,BBVA Compass Stadium,2534,Sam Houston,Conference USA,16.0,"[7, 3, 0, 6]",0.0070922505110502,1068.0,994.0,2229,Florida International,fbs,Conference USA,56.0,"[22, 6, 14, 14]",0.9929077494889498,1343.0,1417.0,3.4981768926733956,22000.0,True,False,Houston,TX,77003.0,US,America/Chicago,29.7521988,-95.3524146,13.68128395,2012.0,2025-11-29,23.9,0.2,18.0,0.1925909090909091,,False,False,False,False,False
401756963,2025,14,2025-11-29T18:00:00.000Z,False,False,True,60389.0,3801,LaVell Edwards Stadium,252,BYU,Big 12,41.0,"[0, 17, 21, 3]",0.996659219264984,1781.0,1797.0,2116,UCF,fbs,Big 12,21.0,"[14, 0, 7, 0]",0.0033407807350158,1464.0,1448.0,4.023789960551446,63470.0,True,False,Provo,UT,84602.0,US,America/Denver,40.2575347,-111.6545247,1412.097046,1964.0,2025-11-29,4.8,0.0,3.3,0.9514573814400504,1.0,False,False,False,False,False
401757310,2025,14,2025-11-29T18:00:00.000Z,False,False,True,13560.0,3695,Delaware Stadium,48,Delaware,Conference USA,61.0,"[7, 24, 10, 20]",0.9976646900177002,1266.0,1339.0,2638,UTEP,fbs,Conference USA,31.0,"[7, 13, 11, 0]",0.0023353099822998,1208.0,1135.0,3.838235459533286,22000.0,False,False,Newark,DE,19713.0,US,America/New_York,39.6617428,-75.7488224,28.74350357,1952.0,2025-11-29,4.7,0.0,10.9,0.6163636363636363,0.0,False,False,False,False,False
401761663,2025,14,2025-11-29T18:30:00.000Z,False,False,True,21524.0,3775,Joan C. Edwards Stadium,276,Marshall,Sun Belt,19.0,"[3, 3, 6, 7]",0.4643031656742096,1495.0,1468.0,290,Georgia Southern,fbs,Sun Belt,24.0,"[14, 0, 10, 0]",0.5356968343257904,1250.0,1277.0,4.427883667668173,38016.0,False,False,Huntington,WV,25755.0,US,America/New_York,38.4247042,-82.4214412,163.7328186,1991.0,2025-11-29,4.6,0.0,9.6,0.5661826599326599,0.0,False,False,False,False,False
401761664,2025,14,2025-11-29T19:00:00.000Z,False,False,True,17126.0,3918,S.B. Ballard Stadium,295,Old Dominion,Sun Belt,27.0,"[0, 10, 17, 0]",0.9168986678123474,1635.0,1627.0,2247,Georgia State,fbs,Sun Belt,10.0,"[0, 10, 0, 0]",0.0831013321876525,1104.0,1112.0,3.991773066367639,20118.0,False,False,Norfolk,VA,23551.0,US,America/New_York,36.8889533,-76.3049175,3.147987843,1936.0,2025-11-29,5.1,0.0,3.1,0.8512774629684859,0.0,False,False,False,False,False
401757312,2025,14,2025-11-29T19:00:00.000Z,False,False,True,16733.0,3662,AmFirst Stadium,55,Jacksonville State,Conference USA,37.0,"[7, 17, 7, 6]",0.9318355321884156,1501.0,1501.0,98,Western Kentucky,fbs,Conference USA,34.0,"[14, 14, 3, 3]",0.0681644678115844,1401.0,1401.0,6.675753951059409,24000.0,False,False,Jacksonville,AL,36265.0,US,America/Chicago,33.8201052,-85.76647,198.0679016,1947.0,2025-11-29,11.1,0.0,13.5,0.6972083333333333,0.0,False,False,False,False,False
401757314,2025,14,2025-11-29T19:00:00.000Z,False,False,True,7656.0,3878,Plaster Sports Complex,2623,Missouri State,Conference USA,30.0,"[0, 10, 7, 13]",0.0537404045462608,1366.0,1344.0,2348,Louisiana Tech,fbs,Conference USA,42.0,"[7, 7, 7, 21]",0.9462595954537392,1407.0,1429.0,5.571557280944688,17337.0,False,False,Springfield,MO,65897.0,US,America/Chicago,37.1976229,-93.2798119,402.368103,1941.0,2025-11-29,7.7,0.6,24.0,0.4415988925419623,0.0,False,False,False,False,False
401761661,2025,14,2025-11-29T19:30:00.000Z,False,False,True,23876.0,3792,Kidd Brewer Stadium,2026,App State,Sun Belt,29.0,"[3, 13, 7, 6]",0.9304471611976624,1252.0,1253.0,2032,Arkansas State,fbs,Sun Belt,30.0,"[3, 13, 7, 7]",0.0695528388023376,1302.0,1301.0,7.627218506792508,30000.0,False,False,Boone,NC,28608.0,US,America/New_York,36.2114267,-81.6854278,991.3414307,1962.0,2025-11-29,0.5,0.0,13.3,0.7958666666666666,0.0,False,False,False,False,False
401757315,2025,14,2025-11-29T20:00:00.000Z,False,False,True,7381.0,3601,Aggie Memorial Stadium,166,New Mexico State,Conference USA,24.0,"[7, 0, 7, 10, 0]",0.0575010925531387,1188.0,1172.0,2393,Middle Tennessee,fbs,Conference USA,31.0,"[7, 7, 3, 7, 7]",0.9424989074468612,1148.0,1164.0,9.08819484044069,28853.0,False,False,Las Cruces,NM,88003.0,US,America/Denver,32.2796202,-106.7411148,1208.201294,1978.0,2025-11-29,20.3,0.0,3.5,0.2558139534883721,0.0,False,False,False,False,False
401762517,2025,14,2025-11-29T20:00:00.000Z,False,False,True,13026.0,3674,Chapman Stadium,202,Tulsa,American Athletic,24.0,"[3, 14, 0, 7]",0.456992894411087,1119.0,1110.0,5,UAB,fbs,American Athletic,31.0,"[7, 3, 7, 14]",0.543007105588913,1175.0,1184.0,6.10812785672287,30000.0,False,False,Tulsa,OK,74194.0,US,America/Chicago,36.1489175,-95.9437853,235.5928345,1930.0,2025-11-29,9.4,0.0,24.2,0.4342,0.0,False,False,False,False,False
401761667,2025,14,2025-11-29T20:00:00.000Z,False,False,True,16169.0,3644,Bobcat Stadium (TX),326,Texas State,Sun Belt,49.0,"[10, 11, 14, 14]",0.993447721004486,1533.0,1572.0,6,South Alabama,fbs,Sun Belt,26.0,"[7, 0, 0, 19]",0.0065522789955139,1375.0,1336.0,3.117519407462619,30000.0,False,False,San Marcos,TX,78666.0,US,America/Chicago,29.8910008,-97.9255735,177.8676453,1981.0,2025-11-29,24.4,0.1,19.0,0.5389666666666667,0.0,False,False,False,False,False
401761665,2025,14,2025-11-29T20:00:00.000Z,False,False,True,16270.0,3666,Cajun Field,309,Louisiana,Sun Belt,30.0,"[14, 3, 0, 10, 3]",0.088532842695713,1354.0,1351.0,2433,UL Monroe,fbs,Sun Belt,27.0,"[13, 0, 0, 14, 0]",0.911467157304287,1013.0,1016.0,8.960701489951958,41426.0,False,False,Lafayette,LA,70506.0,US,America/Chicago,30.2158434,-92.0417371,3.556508303,1971.0,2025-11-29,20.9,0.0,21.5,0.3927485154250953,0.0,False,False,False,False,False
401754608,2025,14,2025-11-29T20:00:00.000Z,False,False,True,32457.0,1964,JMA Wireless Dome,183,Syracuse,ACC,12.0,"[0, 6, 0, 6]",0.0002292096614837,1230.0,1182.0,103,Boston College,fbs,ACC,34.0,"[3, 3, 14, 14]",0.9997707903385162,1311.0,1359.0,4.428296929054098,49057.0,False,True,Syracuse,NY,13244.0,US,America/New_York,43.0362269,-76.1363161,162.6989746,1980.0,2025-11-29,-1.0,0.0,9.2,0.6616181176998186,0.0,False,False,False,False,False
401752783,2025,14,2025-11-29T20:30:00.000Z,False,False,True,61508.0,3887,Razorback Stadium,8,Arkansas,SEC,17.0,"[7, 10, 0, 0]",0.4884832799434662,1588.0,1571.0,142,Missouri,fbs,SEC,31.0,"[7, 7, 6, 11]",0.5115167200565338,1748.0,1765.0,5.336043578812519,80000.0,False,False,Fayetteville,AR,72702.0,US,America/Chicago,36.0680662,-94.1789534,403.7972412,1938.0,2025-11-29,8.7,0.2,22.2,0.76885,0.0,False,False,False,False,False
401752918,2025,14,2025-11-29T20:30:00.000Z,False,False,True,46038.0,3953,Huntington Bank Stadium,135,Minnesota,Big Ten,17.0,"[0, 10, 7, 0]",0.980454921722412,1491.0,1510.0,275,Wisconsin,fbs,Big Ten,7.0,"[0, 7, 0, 0]",0.0195450782775878,1521.0,1502.0,3.919658684369554,50850.0,False,False,Minneapolis,MN,55488.0,US,America/Chicago,44.976525,-93.2245462,254.3902283,2009.0,2025-11-29,-4.9,0.6,15.1,0.9053687315634218,1.0,False,False,False,False,False
401752917,2025,14,2025-11-29T20:30:00.000Z,False,False,True,72376.0,3765,Husky Stadium,264,Washington,Big Ten,14.0,"[0, 7, 0, 7]",0.051447045058012,1802.0,1801.0,2483,Oregon,fbs,Big Ten,26.0,"[3, 10, 6, 7]",0.948552954941988,2086.0,2087.0,4.952081684431378,70138.0,False,False,Seattle,WA,98195.0,US,America/Los_Angeles,47.6503235,-122.3015746,11.65622807,1920.0,2025-11-29,7.6,0.0,2.1,1.0319085231971257,1.0,False,False,True,False,False
401754610,2025,14,2025-11-29T20:30:00.000Z,False,False,True,21045.0,3982,Wallace Wade Stadium,150,Duke,ACC,49.0,"[14, 7, 14, 14]",0.8953055143356323,1573.0,1607.0,154,Wake Forest,fbs,ACC,32.0,"[3, 14, 8, 7]",0.1046944856643676,1542.0,1508.0,4.479673409272416,40004.0,True,False,Durham,NC,27708.0,US,America/New_York,35.9953688,-78.9417564,103.0028152,1929.0,2025-11-29,5.9,0.0,4.1,0.5260723927607239,0.0,False,False,False,False,False
401752920,2025,14,2025-11-29T20:30:00.000Z,False,False,True,55212.0,6577,SHI Stadium,164,Rutgers,Big Ten,36.0,"[14, 7, 7, 8]",0.2960730791091919,1445.0,1469.0,213,Penn State,fbs,Big Ten,40.0,"[14, 10, 9, 7]",0.7039269208908081,1975.0,1951.0,6.920961256797671,52454.0,False,False,Piscataway,NJ,8854.0,US,America/New_York,40.513611,-74.465278,19.0,1994.0,2025-11-29,5.2,0.0,9.9,1.0525794029054028,1.0,False,False,True,False,False
401762441,2025,14,2025-11-29T20:30:00.000Z,False,False,True,22620.0,3604,Alamodome,2636,UTSA,American Athletic,24.0,"[7, 3, 0, 14]",0.0868300572037696,1585.0,1575.0,349,Army,fbs,American Athletic,27.0,"[0, 17, 3, 7]",0.9131699427962304,1504.0,1514.0,5.737582221587653,36582.0,False,True,San Antonio,TX,78299.0,US,America/Chicago,29.4169834,-98.4788143,201.5526886,1993.0,2025-11-29,24.9,0.0,15.9,0.6183368869936035,0.0,False,False,False,False,False
401752789,2025,14,2025-11-29T20:30:00.000Z,False,False,True,83734.0,3835,"Memorial Stadium (Norman, OK)",201,Oklahoma,SEC,17.0,"[3, 0, 7, 7]",0.3595992922782898,1824.0,1823.0,99,LSU,fbs,SEC,13.0,"[0, 3, 7, 3]",0.6404007077217102,1690.0,1691.0,7.386930391872517,86112.0,True,False,Norman,OK,73019.0,US,America/Chicago,35.2058537,-97.4423145,355.0962524,1925.0,2025-11-29,11.0,0.0,24.2,0.972384801189149,1.0,False,False,False,False,False
401756967,2025,14,2025-11-29T20:30:00.000Z,False,False,True,37259.0,3616,Amon G. Carter Stadium,2628,TCU,Big 12,45.0,"[21, 10, 7, 7]",1.0,1602.0,1652.0,2132,Cincinnati,fbs,Big 12,23.0,"[7, 10, 0, 6]",0.0,1569.0,1519.0,2.899405917733083,46000.0,True,False,Fort Worth,TX,76129.0,US,America/Chicago,32.7096604,-97.3680835,185.4387054,1929.0,2025-11-29,19.8,0.5,5.4,0.8099782608695653,0.0,False,False,False,False,False
401761666,2025,14,2025-11-29T20:30:00.000Z,False,False,True,25987.0,3815,M. M. Roberts Stadium,2572,Southern Miss,Sun Belt,18.0,"[0, 3, 7, 8]",0.5904613137245178,1297.0,1282.0,2653,Troy,fbs,Sun Belt,28.0,"[0, 14, 0, 14]",0.4095386862754822,1362.0,1377.0,5.637155890398114,36000.0,False,False,Hattiesburg,MS,39402.0,US,America/Chicago,31.3289321,-89.3318118,64.52726746,1932.0,2025-11-29,15.7,0.0,15.4,0.7218611111111111,0.0,False,False,False,False,False
401752791,2025,14,2025-11-29T20:30:00.000Z,False,False,True,101915.0,3853,Neyland Stadium,2633,Tennessee,SEC,24.0,"[7, 14, 0, 3]",0.0158604308962821,1856.0,1799.0,238,Vanderbilt,fbs,SEC,45.0,"[7, 14, 10, 14]",0.9841395691037178,1827.0,1884.0,6.4644006771448,102455.0,True,False,Knoxville,TN,37996.0,US,America/New_York,35.9550131,-83.9250128,271.9517212,1921.0,2025-11-29,8.1,0.0,3.9,0.994729393392221,1.0,False,False,False,False,False
401757313,2025,14,2025-11-29T20:30:00.000Z,False,False,True,12695.0,3992,Williams Stadium (VA),2335,Liberty,Conference USA,42.0,"[7, 7, 7, 14, 7]",0.4767662286758423,1457.0,1441.0,338,Kennesaw State,fbs,Conference USA,48.0,"[7, 7, 7, 14, 13]",0.5232337713241577,1385.0,1401.0,11.482716748256324,25000.0,False,False,Lynchburg,VA,24502.0,US,America/New_York,37.3544305,-79.1750239,272.9237061,1989.0,2025-11-29,4.5,0.0,7.3,0.5078,0.0,False,False,False,False,False
401761662,2025,14,2025-11-29T20:45:00.000Z,False,False,True,15137.0,3654,Brooks Stadium (SC),324,Coastal Carolina,Sun Belt,10.0,"[0, 10, 0, 0]",0.0010548504069447,1228.0,1165.0,256,James Madison,fbs,Sun Belt,59.0,"[17, 3, 11, 28]",0.9989451495930552,1874.0,1937.0,3.262323910654704,21000.0,False,False,Conway,SC,29528.0,US,America/New_York,33.7928506,-79.0166946,13.74894905,2003.0,2025-11-29,9.4,0.0,5.5,0.7208095238095238,0.0,False,False,False,False,False
401752785,2025,14,2025-11-29T21:30:00.000Z,False,False,False,90007.0,3634,Ben Hill Griffin Stadium,57,Florida,SEC,40.0,"[10, 7, 14, 9]",1.0,1543.0,1593.0,52,Florida State,fbs,ACC,21.0,"[0, 14, 0, 7]",0.0,1606.0,1556.0,3.621784191906209,88548.0,True,False,Gainesville,FL,32653.0,US,America/New_York,29.6499357,-82.3485788,44.97250748,1930.0,2025-11-29,19.8,0.0,16.2,1.0164769390613,1.0,False,False,True,False,False
401752946,2025,14,2025-11-29T23:30:00.000Z,False,False,True,24806.0,3820,Gesa Field,265,Washington State,Pac-12,32.0,"[3, 16, 6, 7]",0.9974702596664428,1508.0,1533.0,204,Oregon State,fbs,Pac-12,8.0,"[0, 0, 0, 8]",0.0025297403335571,1175.0,1150.0,2.765367151756863,32952.0,False,False,Pullman,WA,99164.0,US,America/Los_Angeles,46.731831,-117.1604991,773.9526367,1972.0,2025-11-29,1.4,0.0,12.7,0.7527919397912115,0.0,False,False,False,False,False
401752923,2025,14,2025-11-30T00:00:00.000Z,False,True,True,30317.0,3727,Ford Field,127,Michigan State,Big Ten,38.0,"[7, 17, 7, 7]",0.6974057555198669,1382.0,1409.0,120,Maryland,fbs,Big Ten,28.0,"[0, 7, 21, 0]",0.302594244480133,1414.0,1387.0,5.32395142853523,64500.0,False,True,Detroit,MI,48226.0,US,America/Detroit,42.34,-83.045556,183.9643707,2002.0,2025-11-30,-0.6,0.4,15.7,0.4700310077519379,,False,False,False,False,False
401754613,2025,14,2025-11-30T00:00:00.000Z,False,False,True,58832.0,3923,Scott Stadium,258,Virginia,ACC,27.0,"[7, 7, 10, 3]",0.9796200394630432,1604.0,1631.0,259,Virginia Tech,fbs,ACC,7.0,"[0, 0, 0, 7]",0.0203799605369567,1409.0,1382.0,2.5258743911496,61500.0,True,False,Charlottesville,VA,22904.0,US,America/New_York,38.0311801,-78.5137897,170.4677429,1931.0,2025-11-30,1.9,0.0,9.4,0.9566178861788618,1.0,False,False,False,False,False
401762520,2025,14,2025-11-30T00:00:00.000Z,False,False,True,28813.0,3886,Raymond James Stadium,58,South Florida,American Athletic,52.0,"[14, 14, 10, 14]",0.9913873672485352,1751.0,1817.0,242,Rice,fbs,American Athletic,3.0,"[0, 3, 0, 0]",0.0086126327514648,1144.0,1078.0,1.8888965809025615,65828.0,True,False,Tampa,FL,33620.0,US,America/New_York,27.9758691,-82.5033344,11.07972908,1998.0,2025-11-30,20.5,0.0,17.6,0.4377012821291851,0.0,False,False,False,False,False
401752784,2025,14,2025-11-30T00:30:00.000Z,False,False,True,88043.0,3785,Jordan-Hare Stadium,2,Auburn,SEC,20.0,"[0, 6, 7, 7]",0.3791609108448028,1661.0,1670.0,333,Alabama,fbs,SEC,27.0,"[10, 7, 3, 7]",0.6208390891551971,1964.0,1955.0,6.498412085382101,87451.0,True,False,Auburn,AL,36849.0,US,America/Chicago,32.6025532,-85.4897479,201.1737976,1939.0,2025-11-30,10.3,0.0,12.5,1.0067695052086312,1.0,False,False,True,False,False
401754612,2025,14,2025-11-30T00:30:00.000Z,False,False,True,56919.0,3670,Carter-Finley Stadium,152,NC State,ACC,42.0,"[14, 14, 0, 14]",0.999524176120758,1481.0,1525.0,153,North Carolina,fbs,ACC,19.0,"[0, 10, 3, 6]",0.0004758238792419,1364.0,1320.0,3.756003950760385,58000.0,True,False,Raleigh,NC,27695.0,US,America/New_York,35.8008001,-78.7195655,117.0089951,1966.0,2025-11-30,1.4,0.0,6.2,0.9813620689655173,1.0,False,False,False,False,False
401752922,2025,14,2025-11-30T00:30:00.000Z,False,False,True,,3832,"Memorial Stadium (Champaign, IL)",356,Illinois,Big Ten,20.0,"[0, 14, 3, 3]",1.0,1576.0,1583.0,77,Northwestern,fbs,Big Ten,13.0,"[3, 7, 0, 3]",0.0,1531.0,1524.0,4.589426056465866,60670.0,False,False,Champaign,IL,61820.0,US,America/Chicago,40.0993268,-88.2359569,223.2471619,1923.0,2025-11-30,-0.2,1.0,28.3,,,True,False,False,False,False
401752919,2025,14,2025-11-30T00:30:00.000Z,False,False,True,69614.0,477,Los Angeles Memorial Coliseum,30,USC,Big Ten,29.0,"[7, 0, 7, 15]",0.9803678393363952,1898.0,1889.0,26,UCLA,fbs,Big Ten,10.0,"[0, 10, 0, 0]",0.0196321606636047,1313.0,1322.0,4.1177016060455385,77500.0,True,False,Los Angeles,CA,90089.0,US,America/Los_Angeles,34.014167,-118.287778,42.50374222,1923.0,2025-11-30,18.4,0.0,5.7,0.8982451612903226,0.0,False,False,False,False,False
401762518,2025,14,2025-11-30T00:30:00.000Z,False,False,True,22245.0,4729,Yulman Stadium,2655,Tulane,American Athletic,27.0,"[14, 7, 0, 6]",0.9684191942214966,1575.0,1587.0,2429,Charlotte,fbs,American Athletic,0.0,"[0, 0, 0, 0]",0.0315808057785034,1035.0,1023.0,1.8879023551198375,30000.0,False,False,New Orleans,LA,70118.0,US,America/Chicago,29.944616,-90.116692,0.0,2014.0,2025-11-30,17.4,0.0,10.4,0.7415,0.0,False,False,False,False,False
401754609,2025,14,2025-11-30T01:00:00.000Z,False,False,True,28956.0,3831,California Memorial Stadium,25,California,ACC,38.0,"[3, 14, 7, 14]",0.9541328549385072,1351.0,1360.0,2567,SMU,fbs,ACC,35.0,"[7, 0, 7, 21]",0.0458671450614929,1860.0,1851.0,5.1530697552448546,62467.0,False,False,Berkeley,CA,94720.0,US,America/Los_Angeles,37.8710434,-122.2507729,125.3108063,1923.0,2025-11-30,7.6,0.0,6.8,0.4635407495157443,0.0,False,False,False,False,False
401760425,2025,14,2025-11-30T02:00:00.000Z,False,False,True,,3816,Mackay Stadium,2440,Nevada,Mountain West,17.0,"[3, 0, 7, 7]",0.0071437684819102,1303.0,1277.0,2439,UNLV,fbs,Mountain West,42.0,"[7, 21, 7, 7]",0.9928562315180898,1663.0,1689.0,2.8375864235482773,27000.0,False,False,Reno,NV,89557.0,US,America/Los_Angeles,39.5469459,-119.8175435,1406.57605,1966.0,2025-11-30,2.5,0.0,0.7,,,True,False,False,False,False
401754614,2025,14,2025-11-30T03:30:00.000Z,False,False,False,27456.0,3940,Stanford Stadium,24,Stanford,ACC,20.0,"[0, 3, 3, 14]",0.0079028280451893,1315.0,1335.0,87,Notre Dame,fbs,FBS Independents,49.0,"[14, 21, 7, 7]",0.9920971719548106,2263.0,2243.0,2.554831192981494,50424.0,True,False,Stanford,CA,94305.0,US,America/Los_Angeles,37.4345556,-122.1611271,18.38425636,2006.0,2025-11-30,9.1,0.0,1.1,0.5445026178010471,0.0,False,False,False,False,False
401760423,2025,14,2025-11-30T03:30:00.000Z,False,False,True,14194.0,3935,CEFCU Stadium,23,San José State,Mountain West,14.0,"[0, 7, 0, 7]",0.1463857591152191,1185.0,1146.0,278,Fresno State,fbs,Mountain West,41.0,"[3, 18, 3, 17]",0.8536142408847809,1478.0,1517.0,4.315561969842375,30456.0,False,False,San Jose,CA,95112.0,US,America/Los_Angeles,37.3196675,-121.8682962,28.30708694,1933.0,2025-11-30,8.4,0.0,0.4,0.4660493827160494,0.0,False,False,False,False,False
401760424,2025,14,2025-11-30T04:00:00.000Z,False,False,True,15194.0,7220,Clarence T.C. Ching Athletics Complex,62,Hawai'i,Mountain West,27.0,"[7, 13, 7, 0]",0.9803035259246826,1421.0,1459.0,2751,Wyoming,fbs,Mountain West,7.0,"[7, 0, 0, 0]",0.0196964740753173,1333.0,1295.0,3.8549964443267974,15194.0,False,False,Honolulu,HI,96822.0,US,Pacific/Honolulu,21.294294,-157.819338,20.0,2015.0,2025-11-30,24.0,0.0,1.5,1.0,1.0,False,False,False,False,False
401777325,2025,15,2025-12-06T00:00:00.000Z,False,False,False,18142.0,3662,AmFirst Stadium,55,Jacksonville State,Conference USA,15.0,"[0, 0, 0, 15]",0.2311805784702301,1501.0,1488.0,338,Kennesaw State,fbs,Conference USA,19.0,"[0, 7, 3, 9]",0.7688194215297699,1401.0,1414.0,6.128383850532434,24000.0,False,False,Jacksonville,AL,36265.0,US,America/Chicago,33.8201052,-85.76647,198.0679016,1947.0,2025-12-06,6.6,0.0,5.8,0.7559166666666667,0.0,False,False,False,False,False
401777352,2025,15,2025-12-06T00:00:00.000Z,False,False,False,19836.0,3651,Bridgeforth Stadium,256,James Madison,Sun Belt,31.0,"[3, 14, 0, 14]",0.8696437478065491,1937.0,1927.0,2653,Troy,fbs,Sun Belt,14.0,"[0, 14, 0, 0]",0.1303562521934509,1377.0,1387.0,5.637506410100381,24877.0,False,False,Harrisonburg,VA,22807.0,US,America/New_York,38.4352919,-78.8729349,399.303009,1975.0,2025-12-06,-1.2,0.0,4.1,0.7973630260883547,0.0,False,False,False,False,False
401777324,2025,15,2025-12-06T01:00:00.000Z,False,False,False,23986.0,4729,Yulman Stadium,2655,Tulane,American Athletic,34.0,"[7, 17, 7, 3]",0.9920182824134828,1587.0,1627.0,249,North Texas,fbs,American Athletic,21.0,"[7, 0, 6, 8]",0.0079817175865173,1756.0,1716.0,3.824688014209357,30000.0,False,False,New Orleans,LA,70118.0,US,America/Chicago,29.944616,-90.116692,0.0,2014.0,2025-12-06,10.7,0.0,6.9,0.7995333333333333,0.0,False,False,False,False,False
401777326,2025,15,2025-12-06T01:00:00.000Z,False,False,False,27152.0,3653,Albertsons Stadium,68,Boise State,Mountain West,38.0,"[14, 14, 0, 10]",0.9772292375564576,1614.0,1659.0,2439,UNLV,fbs,Mountain West,21.0,"[0, 14, 7, 0]",0.0227707624435424,1689.0,1644.0,3.5245037710538076,36387.0,False,False,Boise,ID,83725.0,US,America/Boise,43.6028839,-116.1958882,823.2221069,1970.0,2025-12-06,4.7,0.3,12.4,0.7462005661362574,0.0,False,False,False,False,False
401777329,2025,15,2025-12-06T17:00:00.000Z,False,True,False,19114.0,3727,Ford Field,2711,Western Michigan,Mid-American,23.0,"[10, 6, 7, 0]",0.993325650691986,1414.0,1442.0,193,Miami (OH),fbs,Mid-American,13.0,"[6, 0, 0, 7]",0.0066743493080139,1459.0,1431.0,3.1948661997760404,64500.0,False,True,Detroit,MI,48226.0,US,America/Detroit,42.34,-83.045556,183.9643707,2002.0,2025-12-06,0.7,0.0,15.0,0.2963410852713178,,False,False,False,False,False
401777327,2025,15,2025-12-06T17:00:00.000Z,False,True,False,85519.0,3687,AT&T Stadium,2641,Texas Tech,Big 12,34.0,"[0, 13, 8, 13]",0.9214747548103333,2061.0,2108.0,252,BYU,fbs,Big 12,7.0,"[7, 0, 0, 0]",0.0785252451896667,1797.0,1750.0,4.356364014437316,100000.0,False,True,Arlington,TX,76011.0,US,America/Chicago,32.747778,-97.092778,172.5047302,2009.0,2025-12-06,7.9,0.0,8.7,0.85519,,False,False,False,False,False
401777351,2025,15,2025-12-06T21:00:00.000Z,False,True,False,77247.0,5348,Mercedes-Benz Stadium,333,Alabama,SEC,7.0,"[0, 0, 0, 7]",0.0,1955.0,1917.0,61,Georgia,fbs,SEC,28.0,"[7, 7, 7, 7]",1.0,2026.0,2064.0,2.4679018249346374,75000.0,False,True,Atlanta,GA,30313.0,US,America/New_York,33.755578,-84.400881,307.9,2017.0,2025-12-06,7.3,0.0,3.5,1.02996,,False,False,True,False,False
401777353,2025,15,2025-12-07T01:00:00.000Z,False,True,False,68214.0,3812,Lucas Oil Stadium,194,Ohio State,Big Ten,10.0,"[7, 3, 0, 0]",0.1295892000198364,2169.0,2169.0,84,Indiana,fbs,Big Ten,13.0,"[3, 3, 7, 0]",0.8704107999801636,2191.0,2191.0,5.124939123123214,63000.0,False,True,Indianapolis,IN,46225.0,US,America/Indiana/Indianapolis,39.760056,-86.163806,216.3370361,2008.0,2025-12-07,-0.6,0.0,4.4,1.0827619047619048,,False,False,True,False,False
401777328,2025,15,2025-12-07T01:00:00.000Z,False,True,False,41672.0,3628,Bank of America Stadium,258,Virginia,ACC,20.0,"[0, 7, 3, 10, 0]",0.0721984952688217,1631.0,1622.0,150,Duke,fbs,ACC,27.0,"[7, 7, 3, 3, 7]",0.9278015047311784,1607.0,1616.0,7.446460983945154,73778.0,True,False,Charlotte,NC,28202.0,US,America/New_York,35.225833,-80.852778,220.8777466,1996.0,2025-12-07,3.3,0.0,3.4,0.5648296240071566,,False,False,False,False,False
401762521,2025,16,2025-12-13T20:00:00.000Z,False,True,True,70936.0,3814,M&T Bank Stadium,2426,Navy,American Athletic,17.0,"[7, 0, 3, 7]",0.7359485030174255,1525.0,1527.0,349,Army,fbs,American Athletic,16.0,"[0, 13, 3, 0]",0.2640514969825744,1514.0,1512.0,4.799045878452558,71008.0,False,False,Baltimore,MD,21230.0,US,America/New_York,39.278056,-76.622778,2.961556435,1998.0,2025-12-13,5.2,0.0,4.1,0.9989860297431276,,False,False,False,False,False
401856766,2026,1,2026-08-29T16:00:00.000Z,False,True,False,,3504,Aviva Stadium,2628,TCU,Big 12,10.0,"[10, 0, 0, 0]",0.5609505772590637,1613.0,1595.0,153,North Carolina,fbs,ACC,15.0,"[10, 2, 3, 0]",0.4390494227409363,1380.0,1398.0,6.501938416580931,51700.0,True,False,Dublin,,,IE,Europe/Dublin,53.33523,-6.228447,2.264276505,2010.0,2026-08-29,17.9,0.0,7.5,,,True,False,False,False,False
401864494,2026,1,2026-08-29T19:00:00.000Z,False,False,False,,477,Los Angeles Memorial Coliseum,30,USC,Big Ten,42.0,"[7, 21, 7, 7]",0.9964043498039246,1747.0,1752.0,23,San José State,fbs,Mountain West,26.0,"[0, 0, 3, 23]",0.0035956501960754,1411.0,1406.0,2.1247838400218297,77500.0,True,False,Los Angeles,CA,90089.0,US,America/Los_Angeles,34.014167,-118.287778,42.50374222,1923.0,2026-08-29,34.5,0.0,5.4,,,True,False,False,False,False
401858202,2026,1,2026-08-29T19:30:00.000Z,False,False,True,,3923,Scott Stadium,258,Virginia,ACC,34.0,"[10, 7, 7, 10]",0.9934231638908386,1591.0,1655.0,152,NC State,fbs,ACC,8.0,"[0, 0, 8, 0]",0.0065768361091613,1570.0,1506.0,2.3644462220310416,61500.0,True,False,Charlottesville,VA,22904.0,US,America/New_York,38.0311801,-78.5137897,170.4677429,1931.0,2026-08-29,27.2,0.0,7.7,,,True,False,False,False,False
401864577,2026,1,2026-08-29T21:30:00.000Z,False,False,False,,3714,Fargodome,2449,North Dakota State,Mountain West,33.0,"[7, 10, 10, 6]",0.9063087105751038,1500.0,1566.0,55,Jacksonville State,fbs,Conference USA,7.0,"[7, 0, 0, 0]",0.0936912894248962,1494.0,1428.0,3.0503311314063795,18700.0,False,True,Fargo,ND,51802.0,US,America/Chicago,46.9029938,-96.8003251,274.4847717,1992.0,2026-08-29,27.7,0.0,9.4,,,True,False,False,False,False
401866408,2026,1,2026-08-29T22:30:00.000Z,False,False,True,,3912,Rynearson Stadium,2199,Eastern Michigan,Mid-American,28.0,"[0, 21, 0, 7]",0.9009293913841248,1326.0,1360.0,16,Sacramento State,fbs,Mid-American,17.0,"[0, 10, 0, 7]",0.0990706086158752,1500.0,1466.0,3.5970782042129867,30200.0,False,False,Ypsilanti,MI,48197.0,US,America/Detroit,42.256126,-83.647285,241.248764,1969.0,2026-08-29,25.6,0.0,10.0,,,True,False,False,False,False
401864570,2026,1,2026-08-29T23:00:00.000Z,False,False,False,,3697,Doak Campbell Stadium,52,Florida State,ACC,34.0,"[3, 14, 7, 10]",1.0,1537.0,1551.0,166,New Mexico State,fbs,Conference USA,17.0,"[0, 7, 3, 7]",0.0,1281.0,1267.0,3.6506915398564455,67277.0,True,False,Tallahassee,FL,32306.0,US,America/New_York,30.4381692,-84.3044032,19.55942535,1950.0,2026-08-29,28.6,0.0,5.6,,,True,False,False,False,False
401858201,2026,1,2026-08-29T23:00:00.000Z,False,False,False,,3940,Stanford Stadium,24,Stanford,ACC,37.0,"[7, 7, 9, 14]",0.9951261878013612,1390.0,1413.0,62,Hawai'i,fbs,Mountain West,27.0,"[0, 7, 0, 20]",0.0048738121986389,1472.0,1449.0,5.770253187027743,50424.0,True,False,Stanford,CA,94305.0,US,America/Los_Angeles,37.4345556,-122.1611271,18.38425636,2006.0,2026-08-29,24.3,0.0,11.0,,,True,False,False,False,False
401862693,2026,1,2026-08-30T02:00:00.000Z,False,False,False,,6501,Allegiant Stadium,2439,UNLV,Mountain West,21.0,"[0, 14, 7, 0]",0.0462197139859199,1581.0,1566.0,235,Memphis,fbs,American Athletic,27.0,"[0, 7, 17, 3]",0.95378028601408,1526.0,1541.0,6.40825618898589,65000.0,False,True,Las Vegas,NV,89118.0,US,America/Los_Angeles,36.09075,-115.183722,666.0,2020.0,2026-08-30,37.6,0.0,12.1,,,True,False,False,False,False
401858423,2026,1,2026-09-03T22:00:00.000Z,False,False,False,,6577,SHI Stadium,164,Rutgers,Big Ten,21.0,"[7, 0, 0, 14]",0.0026932330802083,1479.0,1381.0,113,Massachusetts,fbs,Mid-American,37.0,"[7, 17, 3, 10]",0.9973067669197916,978.0,1076.0,3.19174551401912,52454.0,False,False,Piscataway,NJ,8854.0,US,America/New_York,40.513611,-74.465278,19.0,1994.0,2026-09-03,29.3,0.0,7.9,,,True,False,False,False,False
401864424,2026,1,2026-09-03T23:00:00.000Z,False,False,False,,3695,Delaware Stadium,48,Delaware,Conference USA,42.0,"[7, 14, 14, 7]",0.9847715497016908,1404.0,1404.0,2771,Merrimack,fcs,FCS Independents,7.0,"[0, 0, 7, 0]",0.0152284502983093,1480.0,1472.0,2.641449382089869,22000.0,False,False,Newark,DE,19713.0,US,America/New_York,39.6617428,-75.7488224,28.74350357,1952.0,2026-09-03,27.9,0.0,10.5,,,True,False,False,True,False
401864425,2026,1,2026-09-03T23:00:00.000Z,False,False,False,,4899,Fifth Third Stadium,338,Kennesaw State,Conference USA,47.0,"[19, 21, 7, 0]",0.9909650087356568,1373.0,1373.0,2698,West Georgia,fcs,UAC,0.0,"[0, 0, 0, 0]",0.0090349912643432,1480.0,1472.0,2.229737075700872,11040.0,True,False,Kennesaw,GA,30144.0,US,America/New_York,34.0289318,-84.5676234,296.9589844,2010.0,2026-09-03,32.2,0.2,4.9,,,True,False,False,True,False
401856767,2026,1,2026-09-03T23:00:00.000Z,False,False,False,,3652,FBC Mortgage Stadium,2116,UCF,Big 12,73.0,"[21, 17, 28, 7]",0.9843000769615172,1465.0,1465.0,2065,Bethune-Cookman,fcs,SWAC,6.0,"[0, 0, 0, 6]",0.0156999230384826,1480.0,1472.0,1.897970373376696,44206.0,True,False,Orlando,FL,32816.0,US,America/New_York,28.6079765,-81.1927233,20.94113731,2007.0,2026-09-03,26.8,0.2,6.3,,,True,False,False,True,False
401858204,2026,1,2026-09-03T23:00:00.000Z,False,False,False,,3630,Allegacy Federal Credit Union Stadium,154,Wake Forest,ACC,38.0,"[10, 18, 3, 7]",0.986186385154724,1520.0,1516.0,2006,Akron,fbs,Mid-American,16.0,"[0, 3, 0, 13]",0.0138136148452758,925.0,929.0,2.6068707243929237,31500.0,False,False,Winston-Salem,NC,27105.0,US,America/New_York,36.1305507,-80.2545851,283.548584,1968.0,2026-09-03,32.6,0.1,7.7,,,True,False,False,False,False
401866409,2026,1,2026-09-03T23:00:00.000Z,False,False,False,,3965,UB Stadium,2084,Buffalo,Mid-American,21.0,"[0, 14, 0, 7]",0.9391478896141052,1365.0,1365.0,399,UAlbany,fcs,Coastal Athletic,17.0,"[7, 3, 7, 0]",0.0608521103858947,1480.0,1472.0,6.902093440356493,30270.0,False,False,Amherst,NY,14260.0,US,America/New_York,42.9991334,-78.7775113,181.5759735,1993.0,2026-09-03,21.9,1.9,2.7,,,True,False,False,True,False
401856776,2026,1,2026-09-04T00:00:00.000Z,False,False,False,,721,Bobby Dodd Stadium,59,Georgia Tech,ACC,13.0,"[0, 10, 0, 3]",0.4668895006179809,1563.0,1553.0,38,Colorado,fbs,Big 12,14.0,"[0, 7, 0, 7]",0.533110499382019,1396.0,1406.0,6.240260056598781,55000.0,False,False,Atlanta,GA,30332.0,US,America/New_York,33.7724449,-84.3928054,279.300415,1913.0,2026-09-04,31.6,0.0,8.9,,,True,False,False,False,False
401858422,2026,1,2026-09-04T00:00:00.000Z,False,False,False,,3953,Huntington Bank Stadium,135,Minnesota,Big Ten,59.0,"[14, 21, 10, 14]",0.9948015213012696,1510.0,1510.0,2197,Eastern Illinois,fcs,OVC,7.0,"[0, 7, 0, 0]",0.0051984786987304,1480.0,1472.0,2.14001327981458,50850.0,False,False,Minneapolis,MN,55488.0,US,America/Chicago,44.976525,-93.2245462,254.3902283,2009.0,2026-09-04,29.3,0.0,12.8,,,True,False,False,True,False
401856663,2026,1,2026-09-04T00:00:00.000Z,False,False,False,,3838,Memorial Stadium,142,Missouri,SEC,54.0,"[14, 26, 0, 14]",0.9942298531532288,1666.0,1666.0,2029,Arkansas-Pine Bluff,fcs,SWAC,14.0,"[0, 0, 7, 7]",0.0057701468467712,1480.0,1472.0,2.395718076222952,71168.0,False,False,Columbia,MO,65211.0,US,America/Chicago,38.9358491,-92.3332009,212.6865692,1927.0,2026-09-04,33.9,0.0,2.3,,,True,False,False,True,False
401858424,2026,1,2026-09-04T01:00:00.000Z,False,False,False,,3832,"Memorial Stadium (Champaign, IL)",356,Illinois,Big Ten,42.0,"[14, 7, 7, 14]",0.9480764269828796,1563.0,1595.0,5,UAB,fbs,American Athletic,23.0,"[3, 10, 3, 7]",0.0519235730171203,1443.0,1411.0,3.799962230181375,60670.0,False,False,Champaign,IL,61820.0,US,America/Chicago,40.0993268,-88.2359569,223.2471619,1923.0,2026-09-04,29.1,0.0,11.2,,,True,False,False,False,False
401856768,2026,1,2026-09-04T01:00:00.000Z,False,False,False,,587,Rice-Eccles Stadium,254,Utah,Big 12,66.0,"[17, 14, 14, 21]",0.9970967173576356,1817.0,1817.0,70,Idaho,fcs,Big Sky,14.0,"[0, 7, 7, 0]",0.0029032826423645,1480.0,1472.0,2.11235780713634,51444.0,False,False,Salt Lake City,UT,84112.0,US,America/Denver,40.7599724,-111.8488255,1411.543579,1998.0,2026-09-04,27.7,0.0,21.2,,,True,False,False,True,False
401864495,2026,1,2026-09-04T22:30:00.000Z,False,False,False,,3912,Rynearson Stadium,2199,Eastern Michigan,Mid-American,21.0,"[0, 7, 14, 0]",0.0,1360.0,1353.0,23,San José State,fbs,Mountain West,27.0,"[0, 10, 7, 10]",1.0,1406.0,1413.0,5.895337083138708,30200.0,False,False,Ypsilanti,MI,48197.0,US,America/Detroit,42.256126,-83.647285,241.248764,1969.0,2026-09-04,24.8,0.0,9.2,,,True,False,False,False,False
401866623,2026,1,2026-09-04T23:00:00.000Z,False,False,False,,4246,Center Parc Stadium,2247,Georgia State,Sun Belt,59.0,"[14, 21, 24, 0]",0.992191195487976,1241.0,1241.0,2448,North Carolina A&T,fcs,Coastal Athletic,10.0,"[0, 7, 0, 3]",0.0078088045120239,1480.0,1472.0,3.2067711849236753,25000.0,False,False,Atlanta,GA,30315.0,US,America/New_York,33.735267,-84.389949,287.0,2017.0,2026-09-04,32.4,0.0,5.1,,,True,False,False,True,False
401858435,2026,1,2026-09-04T23:00:00.000Z,False,False,False,,3907,Ross-Ade Stadium,2509,Purdue,Big Ten,44.0,"[10, 6, 21, 7]",0.992191195487976,1318.0,1318.0,282,Indiana State,fcs,MVFC,19.0,"[3, 3, 0, 13]",0.0078088045120239,1480.0,1472.0,2.442458035830671,57282.0,True,False,West Lafayette,IN,47907.0,US,America/Indiana/Indianapolis,40.4352253,-86.9186843,197.5337677,1924.0,2026-09-04,32.1,0.0,4.5,,,True,False,False,True,False
401856664,2026,1,2026-09-05T00:00:00.000Z,False,False,False,,3835,"Memorial Stadium (Norman, OK)",201,Oklahoma,SEC,51.0,"[21, 6, 17, 7]",0.9970476031303406,1706.0,1799.0,2638,UTEP,fbs,Mountain West,0.0,"[0, 0, 0, 0]",0.0029523968696594,1256.0,1163.0,1.6622847209305427,86112.0,True,False,Norman,OK,73019.0,US,America/Chicago,35.2058537,-97.4423145,355.0962524,1925.0,2026-09-05,35.6,0.0,14.8,,,True,False,False,False,False
401858429,2026,1,2026-09-05T00:00:00.000Z,False,False,False,,3936,Spartan Stadium,127,Michigan State,Big Ten,30.0,"[10, 9, 0, 11]",0.7865183353424072,1439.0,1468.0,2649,Toledo,fbs,Mid-American,20.0,"[0, 7, 7, 6]",0.2134816646575927,1597.0,1568.0,3.933766595911785,75005.0,True,False,East Lansing,MI,48824.0,US,America/Detroit,42.7281474,-84.4848526,254.8794861,1923.0,2026-09-05,23.9,0.0,2.0,,,True,False,False,False,False
401856769,2026,1,2026-09-05T00:00:00.000Z,False,False,False,,3833,Memorial Stadium,2305,Kansas,Big 12,51.0,"[6, 24, 7, 14]",0.9919133186340332,1510.0,1510.0,2341,Long Island University,fcs,NEC,6.0,"[0, 0, 0, 6]",0.0080866813659667,1480.0,1472.0,2.712433637537601,47000.0,False,False,Lawrence,KS,66045.0,US,America/Chicago,38.9629418,-95.2463686,274.855957,1921.0,2026-09-05,34.4,0.0,10.8,,,True,False,False,True,False
401858206,2026,1,2026-09-05T01:00:00.000Z,False,False,True,,3940,Stanford Stadium,24,Stanford,ACC,6.0,"[3, 3, 0, 0]",0.0185281112790107,1413.0,1354.0,2390,Miami,fbs,ACC,45.0,"[14, 14, 14, 3]",0.9814718887209892,1842.0,1901.0,3.861456675658052,50424.0,True,False,Stanford,CA,94305.0,US,America/Los_Angeles,37.4345556,-122.1611271,18.38425636,2006.0,2026-09-05,21.3,0.0,9.6,,,True,False,False,False,False
401858436,2026,1,2026-09-05T01:00:00.000Z,False,False,False,,477,Los Angeles Memorial Coliseum,30,USC,Big Ten,39.0,"[7, 23, 2, 7]",0.9353188276290894,1752.0,1835.0,278,Fresno State,fbs,Pac-12,0.0,"[0, 0, 0, 0]",0.0646811723709106,1532.0,1449.0,2.768518413523263,77500.0,True,False,Los Angeles,CA,90089.0,US,America/Los_Angeles,34.014167,-118.287778,42.50374222,1923.0,2026-09-05,23.7,0.0,10.4,,,True,False,False,False,False
401858425,2026,1,2026-09-05T16:00:00.000Z,False,False,False,,3830,"Memorial Stadium (Bloomington, IN)",84,Indiana,Big Ten,52.0,"[14, 10, 7, 21]",0.9949389696121216,2064.0,2113.0,249,North Texas,fbs,American Athletic,16.0,"[0, 6, 10, 0]",0.0050610303878784,1639.0,1590.0,2.274364991265976,52656.0,False,False,Bloomington,IN,47408.0,US,America/Indiana/Indianapolis,39.1808959,-86.5256217,231.6500854,1960.0,2026-09-05,29.1,0.0,9.6,,,True,False,False,False,False
401858430,2026,1,2026-09-05T16:00:00.000Z,False,False,False,,3834,"Memorial Stadium (Lincoln, NE)",158,Nebraska,Big Ten,49.0,"[7, 7, 14, 21]",0.993261456489563,1538.0,1592.0,195,Ohio,fbs,Mid-American,21.0,"[10, 3, 0, 8]",0.006738543510437,1372.0,1318.0,4.959056683394593,85458.0,False,False,Lincoln,NE,68588.0,US,America/Chicago,40.820682,-96.705594,354.9318848,1923.0,2026-09-05,32.1,0.0,3.1,,,True,False,False,False,False
401858208,2026,1,2026-09-05T16:00:00.000Z,False,False,False,,1964,JMA Wireless Dome,183,Syracuse,ACC,66.0,"[14, 27, 2, 23]",0.9922709465026855,1288.0,1288.0,160,New Hampshire,fcs,Coastal Athletic,3.0,"[0, 0, 0, 3]",0.0077290534973144,1480.0,1472.0,2.1397786797517004,49057.0,False,True,Syracuse,NY,13244.0,US,America/New_York,43.0362269,-76.1363161,162.6989746,1980.0,2026-09-05,20.9,0.2,10.8,,,True,False,False,True,False
401856634,2026,1,2026-09-05T16:00:00.000Z,False,False,False,,3657,Bryant-Denny Stadium,333,Alabama,SEC,48.0,"[10, 28, 0, 10]",0.9966325163841248,1738.0,1823.0,151,East Carolina,fbs,American Athletic,10.0,"[0, 7, 3, 0]",0.0033674836158752,1562.0,1477.0,2.413542657655659,101821.0,True,False,Tuscaloosa,AL,35487.0,US,America/Chicago,33.2082752,-87.5503836,70.05136108,1929.0,2026-09-05,30.3,0.4,5.0,,,True,False,False,False,False
401856778,2026,1,2026-09-05T16:00:00.000Z,False,False,False,,4728,TDECU Stadium,248,Houston,Big 12,33.0,"[9, 10, 7, 7]",0.9747902750968932,1508.0,1514.0,204,Oregon State,fbs,Pac-12,20.0,"[7, 0, 6, 7]",0.0252097249031066,1266.0,1260.0,4.451653122690978,40000.0,False,False,Houston,TX,77004.0,US,America/Chicago,29.7219885,-95.3491623,9.57440567,2014.0,2026-09-05,28.7,0.3,5.2,,,True,False,False,False,False
401861962,2026,1,2026-09-05T16:00:00.000Z,False,False,False,,3892,Pratt & Whitney Stadium,41,UConn,FBS Independents,56.0,"[21, 14, 14, 7]",0.9930822253227234,1484.0,1484.0,322,Lafayette,fcs,Patriot,7.0,"[0, 0, 0, 7]",0.0069177746772766,1480.0,1472.0,2.1293066509575125,40000.0,True,False,East Hartford,CT,6118.0,US,America/New_York,41.7595675,-72.6187728,6.515614986,2003.0,2026-09-05,23.6,0.1,10.6,,,True,False,False,True,False
401862701,2026,1,2026-09-05T16:00:00.000Z,False,False,False,,3841,Michie Stadium,349,Army,American Athletic,59.0,"[21, 10, 14, 14]",0.9969590902328492,1527.0,1527.0,2803,Bryant,fcs,Coastal Athletic,3.0,"[0, 3, 0, 0]",0.0030409097671508,1480.0,1472.0,1.9076028235625275,38000.0,False,False,West Point,NY,10996.0,US,America/New_York,41.3874924,-73.9640891,99.21277618,1924.0,2026-09-05,22.3,0.0,12.8,,,True,False,False,True,False
401866410,2026,1,2026-09-05T16:00:00.000Z,False,False,False,,3700,Doyt L. Perry Stadium,189,Bowling Green,Mid-American,13.0,"[0, 7, 3, 3]",0.4732509553432464,1340.0,1340.0,2627,Tarleton State,fcs,UAC,20.0,"[7, 10, 0, 3]",0.5267490446567535,1480.0,1472.0,4.2530976755708005,24000.0,False,False,Bowling Green,OH,43403.0,US,America/New_York,41.3780114,-83.6225,205.9057465,1966.0,2026-09-05,25.2,0.0,9.5,,,True,False,False,True,False
401869960,2026,1,2026-09-05T16:00:00.000Z,False,False,False,,3651,Bridgeforth Stadium,256,James Madison,Sun Belt,20.0,"[7, 10, 3, 0]",0.9636929631233216,1770.0,1776.0,2335,Liberty,fbs,Conference USA,13.0,"[0, 6, 0, 7]",0.0363070368766784,1703.0,1697.0,2.938805175877657,24877.0,False,False,Harrisonburg,VA,22807.0,US,America/New_York,38.4352919,-78.8729349,399.303009,1975.0,2026-09-05,23.7,1.9,9.0,,,True,False,False,False,False
401856780,2026,1,2026-09-05T16:00:00.000Z,False,False,False,,3842,Milan Puskar Stadium,277,West Virginia,Big 12,31.0,"[14, 10, 0, 7]",0.8937140703201294,1360.0,1365.0,324,Coastal Carolina,fbs,Sun Belt,24.0,"[0, 0, 7, 17]",0.1062859296798706,1275.0,1270.0,2.918222613424516,60000.0,False,False,Morgantown,WV,26507.0,US,America/New_York,39.6502744,-79.9551873,327.409668,1980.0,2026-09-05,23.7,0.0,2.4,,,True,False,False,False,False
401858207,2026,1,2026-09-05T16:30:00.000Z,False,False,False,,3752,Acrisure Stadium,221,Pittsburgh,ACC,59.0,"[21, 10, 21, 7]",0.9727570414543152,1576.0,1681.0,193,Miami (OH),fbs,Mid-American,14.0,"[0, 14, 0, 0]",0.0272429585456848,1364.0,1259.0,2.4978793686470273,68400.0,True,False,Pittsburgh,PA,15260.0,US,America/New_York,40.4467648,-80.0157603,220.5887146,2001.0,2026-09-05,25.2,0.0,3.5,,,True,False,False,False,False
401858432,2026,1,2026-09-05T16:30:00.000Z,False,False,False,,3861,Ohio Stadium,194,Ohio State,Big Ten,56.0,"[14, 14, 14, 14]",0.9805747270584106,1925.0,1986.0,2050,Ball State,fbs,Mid-American,3.0,"[0, 3, 0, 0]",0.0194252729415893,1173.0,1112.0,2.0816947559603913,102780.0,False,False,Columbus,OH,43210.0,US,America/New_York,40.0016447,-83.0197266,216.6770325,1922.0,2026-09-05,26.3,0.0,5.0,,,True,False,False,False,False
401856665,2026,1,2026-09-05T16:45:00.000Z,False,False,False,,3994,Williams-Brice Stadium,2579,South Carolina,SEC,57.0,"[7, 22, 14, 14]",0.9963384866714478,1631.0,1742.0,2309,Kent State,fbs,Mid-American,0.0,"[0, 0, 0, 0]",0.0036615133285522,1167.0,1056.0,1.927710383165817,80250.0,True,False,Columbia,SC,29208.0,US,America/New_York,33.9730239,-81.0191726,60.54548645,1934.0,2026-09-05,34.4,0.0,4.8,,,True,False,False,False,False
401856779,2026,1,2026-09-05T17:00:00.000Z,False,False,False,,3772,Jack Trice Stadium,66,Iowa State,Big 12,38.0,"[14, 14, 3, 7]",0.9895552396774292,1586.0,1586.0,2546,Southeast Missouri State,fcs,OVC,10.0,"[0, 7, 0, 3]",0.0104447603225708,1480.0,1472.0,2.775955154249339,61500.0,True,False,Ames,IA,50011.0,US,America/Chicago,42.0139977,-93.6357716,274.9135437,1975.0,2026-09-05,29.8,0.0,10.9,,,True,False,False,True,False
401856659,2026,1,2026-09-05T17:00:00.000Z,False,False,False,,3683,Kroger Field,96,Kentucky,SEC,45.0,"[14, 14, 7, 10]",0.9882584810256958,1476.0,1476.0,2754,Youngstown State,fcs,MVFC,13.0,"[0, 7, 6, 0]",0.0117415189743042,1480.0,1472.0,1.7714212792584294,61000.0,False,False,Lexington,KY,40506.0,US,America/New_York,38.0220905,-84.5053408,307.4248962,1973.0,2026-09-05,31.0,0.0,6.8,,,True,False,False,True,False
401864496,2026,1,2026-09-05T17:00:00.000Z,False,False,False,,3713,Falcon Stadium,2005,Air Force,Mountain West,34.0,"[7, 13, 7, 7]",0.992472767829895,1424.0,1424.0,2184,Duquesne,fcs,NEC,0.0,"[0, 0, 0, 0]",0.0075272321701049,1480.0,1472.0,1.85316278663698,46692.0,False,False,Colorado Springs,CO,80840.0,US,America/Denver,38.9969701,-104.8436165,2024.875732,1962.0,2026-09-05,29.0,0.0,6.7,,,True,False,False,True,False
401862698,2026,1,2026-09-05T18:00:00.000Z,False,False,False,,3806,Lincoln Financial Field,218,Temple,American Athletic,38.0,"[10, 14, 7, 7]",0.9994505643844604,1312.0,1312.0,227,Rhode Island,fcs,Coastal Athletic,14.0,"[7, 7, 0, 0]",0.0005494356155395,1480.0,1472.0,3.427826148039743,69879.0,False,False,Philadelphia,PA,19122.0,US,America/New_York,39.9007995,-75.1675414,3.198706865,2003.0,2026-09-05,27.1,0.0,10.0,,,True,False,False,True,False
401856658,2026,1,2026-09-05T19:00:00.000Z,False,False,False,,3917,Sanford Stadium,61,Georgia,SEC,63.0,"[28, 7, 14, 14]",0.987844705581665,1871.0,1871.0,2634,Tennessee State,fcs,OVC,3.0,"[0, 3, 0, 0]",0.0121552944183349,1480.0,1472.0,1.8624348875527263,92746.0,True,False,Athens,GA,30602.0,US,America/New_York,33.9498197,-83.3733813,186.1120758,1929.0,2026-09-05,35.9,0.0,4.3,,,True,False,False,True,False
401862696,2026,1,2026-09-05T19:30:00.000Z,False,False,False,,3852,Navy-Marine Corps Memorial Stadium,2426,Navy,American Athletic,42.0,"[14, 14, 7, 7]",0.976482093334198,1550.0,1550.0,119,Towson,fcs,Coastal Athletic,15.0,"[0, 12, 3, 0]",0.023517906665802,1480.0,1472.0,3.276233467141967,34000.0,False,False,Annapolis,MD,21402.0,US,America/New_York,38.9846985,-76.5076335,10.74990082,1959.0,2026-09-05,25.7,0.0,7.3,,,True,False,False,True,False
401856666,2026,1,2026-09-05T19:30:00.000Z,False,False,False,,3853,Neyland Stadium,2633,Tennessee,SEC,56.0,"[7, 21, 21, 7]",0.992505133152008,1691.0,1691.0,231,Furman,fcs,Southern,9.0,"[0, 0, 3, 6]",0.0074948668479919,1480.0,1472.0,2.5481180554485405,102455.0,True,False,Knoxville,TN,37996.0,US,America/New_York,35.9550131,-83.9250128,271.9517212,1921.0,2026-09-05,30.3,0.1,4.6,,,True,False,False,True,False
401856777,2026,1,2026-09-05T19:30:00.000Z,False,False,False,,3854,Nippert Stadium,2132,Cincinnati,Big 12,34.0,"[3, 7, 14, 10]",0.9926350712776184,1480.0,1516.0,103,Boston College,fbs,ACC,15.0,"[0, 0, 8, 7]",0.0073649287223815,1406.0,1370.0,3.7856761933742193,40000.0,False,False,Cincinnati,OH,45221.0,US,America/New_York,39.1312495,-84.5161913,230.0660553,1915.0,2026-09-05,33.4,0.0,8.9,,,True,False,False,False,False
401858434,2026,1,2026-09-05T19:30:00.000Z,False,False,False,,3632,Beaver Stadium,213,Penn State,Big Ten,45.0,"[17, 7, 14, 7]",0.994947910308838,1802.0,1891.0,276,Marshall,fbs,Sun Belt,0.0,"[0, 0, 0, 0]",0.0050520896911621,1478.0,1389.0,2.069694438371381,106572.0,True,False,University Park,PA,16802.0,US,America/New_York,40.8121958,-77.8561023,354.1551514,1960.0,2026-09-05,25.1,0.0,10.6,,,True,False,False,False,False
401858433,2026,1,2026-09-05T19:30:00.000Z,False,False,False,,3626,Autzen Stadium,2483,Oregon,Big Ten,34.0,"[0, 14, 10, 10]",0.936040997505188,1880.0,1873.0,68,Boise State,fbs,Pac-12,27.0,"[7, 10, 7, 3]",0.063959002494812,1562.0,1569.0,6.800212461567343,54000.0,False,False,Eugene,OR,97401.0,US,America/Los_Angeles,44.0582712,-123.0684883,127.4198303,1967.0,2026-09-05,18.1,0.1,2.1,,,True,False,False,False,False
401856667,2026,1,2026-09-05T19:30:00.000Z,False,False,False,,3910,DKR-Texas Memorial Stadium,251,Texas,SEC,59.0,"[14, 14, 21, 10]",0.9363611340522766,1784.0,1913.0,326,Texas State,fbs,Pac-12,7.0,"[0, 7, 0, 0]",0.0636388659477233,1570.0,1441.0,2.4768900387323205,100119.0,False,False,Austin,TX,78712.0,US,America/Chicago,30.2836813,-97.7325345,160.3089447,1924.0,2026-09-05,34.9,0.0,3.9,,,True,False,False,False,False
401866627,2026,1,2026-09-05T19:30:00.000Z,False,False,False,,3792,Kidd Brewer Stadium,2026,App State,Sun Belt,55.0,"[7, 24, 7, 17]",0.992509663105011,1310.0,1310.0,311,Maine,fcs,Coastal Athletic,3.0,"[0, 0, 3, 0]",0.007490336894989,1480.0,1472.0,2.1860471472481593,30000.0,False,False,Boone,NC,28608.0,US,America/New_York,36.2114267,-81.6854278,991.3414307,1962.0,2026-09-05,25.5,0.1,10.8,,,True,False,False,True,False
401858209,2026,1,2026-09-05T19:30:00.000Z,False,False,False,,3982,Wallace Wade Stadium,150,Duke,ACC,17.0,"[7, 3, 0, 7]",0.9367347955703736,1581.0,1607.0,2655,Tulane,fbs,American Athletic,3.0,"[0, 0, 0, 3]",0.0632652044296264,1555.0,1529.0,3.3994336317500204,40004.0,True,False,Durham,NC,27708.0,US,America/New_York,35.9953688,-78.9417564,103.0028152,1929.0,2026-09-05,30.6,0.3,11.1,,,True,False,False,False,False
401856636,2026,1,2026-09-05T19:30:00.000Z,False,True,False,,5348,Mercedes-Benz Stadium,2,Auburn,SEC,17.0,"[3, 7, 0, 7]",0.3212757408618927,1613.0,1613.0,239,Baylor,fbs,Big 12,16.0,"[0, 7, 0, 9]",0.6787242591381073,1506.0,1506.0,7.276093790199145,75000.0,False,True,Atlanta,GA,30313.0,US,America/New_York,33.755578,-84.400881,307.9,2017.0,2026-09-05,37.0,0.0,6.8,,,True,False,False,False,False
401864499,2026,1,2026-09-05T19:30:00.000Z,False,False,False,,3714,Fargodome,2449,North Dakota State,Mountain West,38.0,"[3, 14, 21, 0]",0.99168199300766,1562.0,1562.0,2230,Fordham,fcs,Patriot,0.0,"[0, 0, 0, 0]",0.00831800699234,1480.0,1472.0,2.332098818300068,18700.0,False,True,Fargo,ND,51802.0,US,America/Chicago,46.9029938,-96.8003251,274.4847717,1992.0,2026-09-05,26.5,0.0,15.7,,,True,False,False,True,False
401862694,2026,1,2026-09-05T19:30:00.000Z,False,False,False,,4418,Jerry Richardson Stadium,2429,Charlotte,American Athletic,41.0,"[7, 7, 7, 7, 13]",0.0729324668645858,1182.0,1182.0,2643,The Citadel,fcs,Southern,43.0,"[7, 0, 14, 7, 15]",0.927067533135414,1480.0,1472.0,9.442475061652209,15300.0,False,False,Charlotte,NC,28223.0,US,America/New_York,35.3105033,-80.7401194,190.365509,2013.0,2026-09-05,30.9,0.9,15.2,,,True,False,False,True,False
401862700,2026,1,2026-09-05T19:30:00.000Z,False,False,False,,3604,Alamodome,2636,UTSA,American Athletic,45.0,"[7, 24, 0, 14]",0.977594256401062,1522.0,1522.0,292,UT Rio Grande Valley,fcs,Southland,16.0,"[0, 6, 0, 10]",0.0224057435989379,1480.0,1472.0,2.762885935131833,36582.0,False,True,San Antonio,TX,78299.0,US,America/Chicago,29.4169834,-98.4788143,201.5526886,1993.0,2026-09-05,35.2,0.0,7.0,,,True,False,False,True,False
401856772,2026,1,2026-09-05T19:45:00.000Z,False,False,False,,3674,Chapman Stadium,202,Tulsa,American Athletic,24.0,"[3, 7, 7, 7]",0.9988501071929932,1240.0,1268.0,197,Oklahoma State,fbs,Big 12,10.0,"[0, 3, 7, 0]",0.0011498928070068,1240.0,1212.0,3.4798394312225565,30000.0,False,False,Tulsa,OK,74194.0,US,America/Chicago,36.1489175,-95.9437853,235.5928345,1930.0,2026-09-05,38.5,0.0,7.8,,,True,False,False,False,False
401856635,2026,1,2026-09-05T20:15:00.000Z,False,False,False,,3887,Razorback Stadium,8,Arkansas,SEC,31.0,"[7, 7, 7, 10]",0.9978387951850892,1547.0,1547.0,2453,North Alabama,fcs,UAC,14.0,"[0, 0, 7, 7]",0.0021612048149108,1480.0,1472.0,3.2596139293232698,80000.0,False,False,Fayetteville,AR,72702.0,US,America/Chicago,36.0680662,-94.1789534,403.7972412,1938.0,2026-09-05,37.6,0.0,6.9,,,True,False,False,True,False
401858426,2026,1,2026-09-05T20:15:00.000Z,False,False,False,,3793,Kinnick Stadium,2294,Iowa,Big Ten,40.0,"[20, 13, 7, 0]",0.9894656538963318,1791.0,1847.0,2459,Northern Illinois,fbs,Mountain West,0.0,"[0, 0, 0, 0]",0.0105343461036682,1322.0,1266.0,2.056095441182341,69250.0,False,False,Iowa City,IA,52242.0,US,America/Chicago,41.6586045,-91.5510829,220.6357727,1929.0,2026-09-05,31.0,0.0,7.9,,,True,False,False,False,False
401868356,2026,1,2026-09-05T21:00:00.000Z,False,False,False,,3815,M. M. Roberts Stadium,2572,Southern Miss,Sun Belt,49.0,"[7, 14, 21, 7]",0.9972705841064452,1350.0,1350.0,2016,Alcorn State,fcs,SWAC,3.0,"[3, 0, 0, 0]",0.0027294158935546,1480.0,1472.0,2.906769279204327,36000.0,False,False,Hattiesburg,MS,39402.0,US,America/Chicago,31.3289321,-89.3318118,64.52726746,1932.0,2026-09-05,28.6,2.9,2.2,,,True,False,False,True,False
401867973,2026,1,2026-09-05T22:00:00.000Z,False,False,False,,3918,S.B. Ballard Stadium,295,Old Dominion,Sun Belt,31.0,"[7, 10, 14, 0]",0.8599848747253418,1336.0,1336.0,2450,Norfolk State,fcs,MEAC,10.0,"[0, 7, 3, 0]",0.1400151252746582,1480.0,1472.0,2.936906991354552,20118.0,False,False,Norfolk,VA,23551.0,US,America/New_York,36.8889533,-76.3049175,3.147987843,1936.0,2026-09-05,24.2,3.7,4.2,,,True,False,False,True,False
401860878,2026,1,2026-09-05T22:00:00.000Z,False,False,False,,5388,Canvas Stadium,36,Colorado State,Pac-12,35.0,"[7, 7, 7, 14]",0.9878835082054138,1273.0,1336.0,2751,Wyoming,fbs,Mountain West,13.0,"[3, 3, 7, 0]",0.0121164917945861,1363.0,1300.0,3.447543350267783,36500.0,False,False,Fort Collins,CO,80521.0,US,America/Denver,40.570015,-105.088435,1528.4,2017.0,2026-09-05,34.0,0.0,3.9,,,True,False,False,False,False
401860880,2026,1,2026-09-05T23:00:00.000Z,False,False,False,,3905,Maverik Stadium,328,Utah State,Pac-12,17.0,"[7, 3, 7, 0]",0.250375747680664,1376.0,1376.0,304,Idaho State,fcs,Big Sky,29.0,"[6, 10, 3, 10]",0.7496242523193359,1480.0,1472.0,6.264019457225063,25513.0,False,False,Logan,UT,84322.0,US,America/Denver,41.7517394,-111.8116007,1427.914429,1968.0,2026-09-05,29.1,0.0,8.7,,,True,False,False,True,False
401870763,2026,1,2026-09-05T23:00:00.000Z,False,False,False,,3975,Veterans Memorial Stadium (AL),2653,Troy,Sun Belt,24.0,"[7, 7, 3, 7]",1.0,1422.0,1420.0,2534,Sam Houston,fbs,Conference USA,21.0,"[7, 7, 0, 7]",0.0,1162.0,1164.0,5.8888493281709735,30000.0,False,False,Troy,AL,36082.0,US,America/Chicago,31.7995565,-85.9518328,154.7746277,1950.0,2026-09-05,29.1,0.0,5.4,,,True,False,False,False,False
401856668,2026,1,2026-09-05T23:00:00.000Z,False,False,False,,3795,Kyle Field,245,Texas A&M,SEC,50.0,"[9, 10, 14, 17]",0.9935471415519714,1748.0,1849.0,2623,Missouri State,fbs,Conference USA,0.0,"[0, 0, 0, 0]",0.0064528584480285,1385.0,1284.0,1.97195805997534,102733.0,True,False,College Station,TX,77843.0,US,America/Chicago,30.6098891,-96.3403828,108.824585,1927.0,2026-09-05,33.4,0.0,10.6,,,True,False,False,False,False
401862699,2026,1,2026-09-05T23:00:00.000Z,False,False,False,,3886,Raymond James Stadium,58,South Florida,American Athletic,19.0,"[3, 3, 0, 13]",0.9994904398918152,1682.0,1679.0,2229,Florida International,fbs,Conference USA,9.0,"[0, 0, 3, 6]",0.0005095601081848,1382.0,1385.0,4.8355795003531155,65828.0,True,False,Tampa,FL,33620.0,US,America/New_York,27.9758691,-82.5033344,11.07972908,1998.0,2026-09-05,31.5,0.0,8.7,,,True,False,False,False,False
401856770,2026,1,2026-09-05T23:00:00.000Z,False,False,False,,3784,Jones AT&T Stadium,2641,Texas Tech,Big 12,33.0,"[14, 3, 9, 7]",0.9908412098884584,1870.0,1870.0,2000,Abilene Christian,fcs,UAC,10.0,"[0, 3, 0, 7]",0.0091587901115417,1480.0,1472.0,2.270616940713421,60454.0,False,False,Lubbock,TX,79409.0,US,America/Chicago,33.5910518,-101.8728824,980.7632446,1947.0,2026-09-05,35.7,0.0,11.4,,,True,False,False,True,False
401867866,2026,1,2026-09-05T23:00:00.000Z,False,False,False,,3725,"Johnny ""Red"" Floyd Stadium",2393,Middle Tennessee,Conference USA,38.0,"[14, 7, 3, 14]",0.9877748489379884,1276.0,1276.0,93,Murray State,fcs,MVFC,14.0,"[0, 7, 7, 0]",0.0122251510620117,1480.0,1472.0,2.523397804082168,30788.0,False,False,Murfreesboro,TN,37132.0,US,America/Chicago,35.8511463,-86.3681649,191.7279816,1933.0,2026-09-05,32.8,0.1,4.5,,,True,False,False,True,False
401868140,2026,1,2026-09-05T23:00:00.000Z,False,False,False,,3662,AmFirst Stadium,55,Jacksonville State,Conference USA,49.0,"[14, 21, 7, 7]",0.990320086479187,1432.0,1432.0,2198,Eastern Kentucky,fcs,UAC,7.0,"[0, 7, 0, 0]",0.0096799135208129,1480.0,1472.0,2.415696723581675,24000.0,False,False,Jacksonville,AL,36265.0,US,America/Chicago,33.8201052,-85.76647,198.0679016,1947.0,2026-09-05,32.9,0.0,3.7,,,True,False,False,True,False
401868316,2026,1,2026-09-05T23:00:00.000Z,False,False,False,,6526,Hancock Whitney Stadium,6,South Alabama,Sun Belt,39.0,"[19, 3, 10, 7]",0.973397135734558,1390.0,1390.0,2545,SE Louisiana,fcs,Southland,14.0,"[7, 0, 7, 0]",0.0266028642654418,1480.0,1472.0,2.504406566912188,25450.0,False,False,Mobile,AL,36688.0,US,America/Chicago,30.696904,-88.192013,45.0,2020.0,2026-09-05,27.7,0.2,2.9,,,True,False,False,True,False
401856669,2026,1,2026-09-05T23:00:00.000Z,False,False,False,,3973,FirstBank Stadium,238,Vanderbilt,SEC,28.0,"[5, 10, 6, 7]",0.9735190868377686,1753.0,1753.0,2046,Austin Peay,fcs,UAC,9.0,"[6, 3, 0, 0]",0.0264809131622314,1480.0,1472.0,3.1370849878505407,40351.0,False,False,Nashville,TN,37212.0,US,America/Chicago,36.1440455,-86.8088942,159.9194641,1922.0,2026-09-05,34.0,0.0,2.4,,,True,False,False,True,False
401862695,2026,1,2026-09-05T23:00:00.000Z,False,False,False,,3805,Simmons Bank Liberty Stadium,235,Memphis,American Athletic,42.0,"[0, 21, 14, 7]",0.9897596836090088,1541.0,1566.0,2032,Arkansas State,fbs,Sun Belt,24.0,"[3, 14, 7, 0]",0.0102403163909912,1378.0,1353.0,5.053423669218713,58325.0,False,False,Memphis,TN,38152.0,US,America/Chicago,35.1209429,-89.977147,90.62445831,1965.0,2026-09-05,37.7,0.0,8.6,,,True,False,False,False,False
401856771,2026,1,2026-09-05T23:00:00.000Z,False,False,False,,3636,Bill Snyder Family Stadium,2306,Kansas State,Big 12,71.0,"[22, 14, 21, 14]",0.99085533618927,1616.0,1616.0,2447,Nicholls,fcs,Southland,3.0,"[0, 3, 0, 0]",0.0091446638107299,1480.0,1472.0,1.860002838700055,50000.0,False,False,Manhattan,KS,66502.0,US,America/Chicago,39.2020096,-96.5938395,328.0574646,1968.0,2026-09-05,36.7,0.0,10.2,,,True,False,False,True,False
401862697,2026,1,2026-09-05T23:00:00.000Z,False,False,False,,3895,Rice Stadium,242,Rice,American Athletic,31.0,"[7, 10, 0, 14]",0.9941425919532776,1196.0,1196.0,2277,Houston Christian,fcs,Southland,3.0,"[3, 0, 0, 0]",0.0058574080467224,1480.0,1472.0,2.594905350092231,47000.0,False,False,Houston,TX,77251.0,US,America/Chicago,29.7163297,-95.4093261,7.148301601,1950.0,2026-09-05,30.6,0.6,9.8,,,True,False,False,True,False
401868170,2026,1,2026-09-05T23:00:00.000Z,False,False,False,,3608,Allen E. Paulson Stadium,290,Georgia Southern,Sun Belt,31.0,"[21, 3, 7, 0]",0.98789644241333,1376.0,1376.0,2127,Charleston Southern,fcs,OVC,0.0,"[0, 0, 0, 0]",0.0121035575866699,1480.0,1472.0,2.8280426311254057,25000.0,False,False,Statesboro,GA,30460.0,US,America/New_York,32.4122471,-81.7849296,61.25376892,1984.0,2026-09-05,29.8,0.0,6.4,,,True,False,False,True,False
401856662,2026,1,2026-09-05T23:30:00.000Z,False,False,False,,3693,Davis Wade Stadium,344,Mississippi State,SEC,62.0,"[21, 20, 7, 14]",0.9833825826644896,1478.0,1584.0,2433,UL Monroe,fbs,Sun Belt,13.0,"[0, 3, 10, 0]",0.0166174173355102,1177.0,1071.0,2.163199868290036,61337.0,True,False,Starkville,MS,39762.0,US,America/Chicago,33.4563403,-88.7933652,110.2742081,1914.0,2026-09-05,33.9,0.2,11.8,,,True,False,False,False,False
401858428,2026,1,2026-09-05T23:30:00.000Z,False,False,False,,3558,Michigan Stadium,130,Michigan,Big Ten,13.0,"[7, 0, 0, 6]",0.5044036507606506,1690.0,1686.0,2711,Western Michigan,fbs,Mid-American,12.0,"[3, 3, 0, 6]",0.4955963492393493,1530.0,1534.0,5.085374646276987,107601.0,False,False,Ann Arbor,MI,48109.0,US,America/Detroit,42.2658365,-83.7486956,255.5500031,1927.0,2026-09-05,23.5,0.0,12.2,,,True,False,False,False,False
401856660,2026,1,2026-09-05T23:30:00.000Z,False,False,False,,3958,Tiger Stadium (LA),99,LSU,SEC,51.0,"[17, 14, 13, 7]",0.988840639591217,1616.0,1745.0,228,Clemson,fbs,ACC,10.0,"[3, 0, 0, 7]",0.0111593604087829,1670.0,1541.0,2.4978783376212546,102321.0,True,False,Baton Rouge,LA,70803.0,US,America/Chicago,30.412035,-91.1838163,7.640734673,1924.0,2026-09-05,26.5,4.0,6.6,,,True,False,False,False,False
401858211,2026,1,2026-09-05T23:30:00.000Z,False,False,False,,3799,Lane Stadium,259,Virginia Tech,ACC,73.0,"[21, 24, 21, 7]",0.9959549903869628,1421.0,1421.0,2678,VMI,fcs,Southern,3.0,"[0, 0, 0, 3]",0.0040450096130371,1480.0,1472.0,1.6187263304956838,65632.0,True,False,Blacksburg,VA,24061.0,US,America/New_York,37.2199873,-80.4180643,632.2631226,1965.0,2026-09-05,28.3,0.0,14.8,,,True,False,False,True,False
401869129,2026,1,2026-09-05T23:30:00.000Z,False,False,False,,3776,Joe Aillet Stadium,2348,Louisiana Tech,Sun Belt,80.0,"[21, 42, 14, 3]",0.998963177204132,1454.0,1454.0,2466,Northwestern State,fcs,Southland,6.0,"[3, 0, 0, 3]",0.0010368227958679,1480.0,1472.0,2.285266420139923,28019.0,False,False,Ruston,LA,71272.0,US,America/Chicago,32.5321487,-92.6560019,72.87982941,1968.0,2026-09-05,25.8,1.4,11.7,,,True,False,False,True,False
401856637,2026,1,2026-09-05T23:45:00.000Z,False,False,False,,3634,Ben Hill Griffin Stadium,57,Florida,SEC,66.0,"[17, 21, 14, 14]",0.9905579090118408,1562.0,1658.0,2226,Florida Atlantic,fbs,American Athletic,21.0,"[0, 14, 7, 0]",0.0094420909881591,1285.0,1189.0,2.9309560668065715,88548.0,True,False,Gainesville,FL,32653.0,US,America/New_York,29.6499357,-82.3485788,44.97250748,1930.0,2026-09-05,28.7,0.0,6.3,,,True,False,False,False,False
401858427,2026,1,2026-09-06T00:00:00.000Z,False,False,False,,3665,SECU Stadium,120,Maryland,Big Ten,62.0,"[17, 17, 21, 7]",0.9812546968460084,1424.0,1424.0,2261,Hampton,fcs,Coastal Athletic,0.0,"[0, 0, 0, 0]",0.0187453031539917,1480.0,1472.0,2.0262132883316366,51802.0,False,False,College Park,MD,20742.0,US,America/New_York,38.9903332,-76.9473792,32.68748093,1950.0,2026-09-06,23.2,0.4,6.4,,,True,False,False,True,False
401869142,2026,1,2026-09-06T00:00:00.000Z,False,False,False,,3666,Cajun Field,309,Louisiana,Sun Belt,38.0,"[7, 21, 7, 3]",0.9931040406227112,1389.0,1389.0,2320,Lamar,fcs,Southland,7.0,"[0, 0, 0, 7]",0.0068959593772888,1480.0,1472.0,2.254952524080834,41426.0,False,False,Lafayette,LA,70506.0,US,America/Chicago,30.2158434,-92.0417371,3.556508303,1971.0,2026-09-06,28.0,0.0,2.2,,,True,False,False,True,False
401858431,2026,1,2026-09-06T00:00:00.000Z,False,False,False,,5960,Lanny and Sharon Martin Stadium,77,Northwestern,Big Ten,34.0,"[7, 3, 7, 17]",0.9755688905715942,1549.0,1549.0,2571,South Dakota State,fcs,MVFC,18.0,"[0, 6, 6, 6]",0.0244311094284057,1480.0,1472.0,4.929680461851733,12023.0,False,False,Evanston,IL,60208.0,US,America/Chicago,42.058246,-87.670876,179.0,1997.0,2026-09-06,22.3,0.0,16.2,,,True,False,False,True,False
401856775,2026,1,2026-09-06T00:00:00.000Z,False,False,False,,3801,LaVell Edwards Stadium,252,BYU,Big 12,63.0,"[14, 28, 14, 7]",0.9927279949188232,1666.0,1666.0,3101,Utah Tech,fcs,Big Sky,7.0,"[0, 0, 7, 0]",0.0072720050811767,1480.0,1472.0,1.693029251257934,63470.0,True,False,Provo,UT,84602.0,US,America/Denver,40.2575347,-111.6545247,1412.097046,1964.0,2026-09-06,28.4,0.0,7.8,,,True,False,False,True,False
401870790,2026,1,2026-09-06T01:00:00.000Z,False,False,False,,3601,Aggie Memorial Stadium,166,New Mexico State,Conference USA,51.0,"[13, 10, 7, 21]",0.9876314401626588,1259.0,1259.0,2385,Mercyhurst,fcs,NEC,14.0,"[7, 7, 0, 0]",0.0123685598373413,1480.0,1472.0,5.633043387226727,28853.0,False,False,Las Cruces,NM,88003.0,US,America/Denver,32.2796202,-106.7411148,1208.201294,1978.0,2026-09-06,32.9,0.0,3.7,,,True,False,False,True,False
401860879,2026,1,2026-09-06T01:30:00.000Z,False,False,False,,7311,Snapdragon Stadium,21,San Diego State,Pac-12,53.0,"[7, 22, 14, 10]",0.9686100482940674,1518.0,1518.0,2502,Portland State,fcs,Big Sky,20.0,"[6, 0, 7, 7]",0.0313899517059326,1480.0,1472.0,3.4302171098744187,35000.0,True,False,San Diego,CA,92093.0,US,America/Los_Angeles,32.784444,-117.122833,62.0,2022.0,2026-09-06,26.0,0.1,8.9,,,True,False,False,True,False
401856773,2026,1,2026-09-06T01:30:00.000Z,False,False,False,,3619,Arizona Stadium,12,Arizona,Big 12,35.0,"[7, 14, 7, 7]",0.9888352155685424,1625.0,1625.0,2464,Northern Arizona,fcs,Big Sky,7.0,"[0, 0, 0, 7]",0.0111647844314575,1480.0,1472.0,2.020047082604038,50782.0,False,False,Tucson,AZ,85721.0,US,America/Phoenix,32.2288054,-110.9488677,742.1530151,1928.0,2026-09-06,34.9,0.0,13.7,,,True,False,False,True,False
401864498,2026,1,2026-09-06T02:00:00.000Z,False,False,False,,3971,University Stadium (NM),167,New Mexico,Mountain West,38.0,"[7, 13, 15, 3]",0.9932624697685242,1496.0,1558.0,2117,Central Michigan,fbs,Mid-American,7.0,"[0, 0, 0, 7]",0.0067375302314758,1321.0,1259.0,1.6516373272600842,39224.0,False,False,Albuquerque,NM,87131.0,US,America/Denver,35.0669479,-106.6283225,1554.471924,1960.0,2026-09-06,30.5,0.0,5.5,,,True,False,False,False,False
401856774,2026,1,2026-09-06T02:00:00.000Z,False,False,False,,3947,Mountain America Stadium,9,Arizona State,Big 12,70.0,"[28, 21, 21, 0]",0.9897788166999816,1572.0,1572.0,2415,Morgan State,fcs,MEAC,7.0,"[7, 0, 0, 0]",0.0102211833000183,1480.0,1472.0,2.1291923925930254,65870.0,True,False,Tempe,AZ,85287.0,US,America/Phoenix,33.4264471,-111.9325005,360.1569519,1958.0,2026-09-06,36.6,0.0,8.8,,,True,False,False,True,False
401866411,2026,1,2026-09-06T02:00:00.000Z,False,False,False,,3757,Hornet Stadium,16,Sacramento State,Mid-American,52.0,"[14, 17, 7, 14]",0.9875482320785522,1476.0,1476.0,2400,Mississippi Valley State,fcs,SWAC,0.0,"[0, 0, 0, 0]",0.0124517679214477,1480.0,1472.0,2.039980215956526,21195.0,False,False,Sacramento,CA,95819.0,US,America/Los_Angeles,38.5556718,-121.4229607,12.30015659,1969.0,2026-09-06,26.7,0.0,10.9,,,True,False,False,True,False
401864497,2026,1,2026-09-06T02:00:00.000Z,False,False,True,,7220,Clarence T.C. Ching Athletics Complex,62,Hawai'i,Mountain West,6.0,"[0, 3, 3, 0]",0.0388243906199932,1449.0,1426.0,2439,UNLV,fbs,Mountain West,21.0,"[7, 7, 0, 7]",0.9611756093800068,1566.0,1589.0,4.135331155799781,15194.0,False,False,Honolulu,HI,96822.0,US,Pacific/Honolulu,21.294294,-157.819338,20.0,2015.0,2026-09-06,26.8,0.7,20.1,,,True,False,False,False,False
401858210,2026,1,2026-09-06T02:30:00.000Z,False,False,False,,3831,California Memorial Stadium,25,California,ACC,24.0,"[7, 10, 7, 0]",0.0,1406.0,1349.0,26,UCLA,fbs,Big Ten,45.0,"[7, 17, 0, 21]",1.0,1381.0,1438.0,7.116397431805615,62467.0,False,False,Berkeley,CA,94720.0,US,America/Los_Angeles,37.8710434,-122.2507729,125.3108063,1923.0,2026-09-06,19.3,0.0,7.9,,,True,False,False,False,False
401864432,2026,1,2026-09-06T02:30:00.000Z,False,False,False,,3816,Mackay Stadium,2440,Nevada,Mountain West,49.0,"[14, 7, 14, 14]",0.9910643100738524,1351.0,1462.0,98,Western Kentucky,fbs,Conference USA,14.0,"[0, 7, 0, 7]",0.0089356899261474,1438.0,1327.0,2.6540355849259845,27000.0,False,False,Reno,NV,89557.0,US,America/Los_Angeles,39.5469459,-119.8175435,1406.57605,1966.0,2026-09-06,19.9,0.0,8.7,,,True,False,False,False,False
401858437,2026,1,2026-09-06T20:00:00.000Z,False,False,False,,3765,Husky Stadium,264,Washington,Big Ten,24.0,"[3, 7, 0, 14]",0.9796331524848938,1744.0,1762.0,265,Washington State,fbs,Pac-12,10.0,"[0, 0, 0, 10]",0.0203668475151062,1619.0,1601.0,3.4272122553332083,70138.0,False,False,Seattle,WA,98195.0,US,America/Los_Angeles,47.6503235,-122.3015746,11.65622807,1920.0,2026-09-06,19.7,0.0,10.0,,,True,False,False,False,False
401856661,2026,1,2026-09-06T23:30:00.000Z,False,True,False,,3810,Nissan Stadium,145,Ole Miss,SEC,41.0,"[0, 10, 14, 17]",0.6583908200263977,1839.0,1837.0,97,Louisville,fbs,ACC,38.0,"[3, 3, 18, 14]",0.3416091799736023,1666.0,1668.0,7.825231475951447,69143.0,False,False,Nashville,TN,37209.0,US,America/Chicago,36.166479,-86.7712898,121.0412598,1999.0,2026-09-06,32.3,0.0,16.8,,,True,False,False,False,False
401858438,2026,1,2026-09-06T23:30:00.000Z,False,True,False,,3798,Lambeau Field,87,Notre Dame,FBS Independents,41.0,"[10, 3, 14, 14]",0.911626398563385,1995.0,2021.0,275,Wisconsin,fbs,Big Ten,13.0,"[3, 7, 3, 0]",0.0883736014366149,1501.0,1475.0,4.713404453161819,80735.0,True,False,Greenbay,WI,54304.0,US,America/Chicago,44.50131,-88.062273,192.3498077,1957.0,2026-09-06,23.5,0.0,4.9,,,True,False,False,False,False
401858212,2026,1,2026-09-07T23:30:00.000Z,False,False,True,,3697,Doak Campbell Stadium,52,Florida State,ACC,24.0,"[7, 3, 7, 7]",0.0382414534687995,1551.0,1557.0,2567,SMU,fbs,ACC,27.0,"[7, 10, 0, 10]",0.9617585465312004,1734.0,1728.0,6.434540721332048,67277.0,True,False,Tallahassee,FL,32306.0,US,America/New_York,30.4381692,-84.3044032,19.55942535,1950.0,2026-09-07,28.8,0.3,9.2,,,True,False,False,False,False
401858213,2026,2,2026-09-11T00:00:00.000Z,False,False,False,,3948,Hard Rock Stadium,2390,Miami,ACC,77.0,"[21, 28, 28, 0]",0.9930822253227234,1930.0,1930.0,50,Florida A&M,fcs,SWAC,7.0,"[0, 0, 0, 7]",0.0069177746772766,1480.0,1472.0,1.8345705305786555,64767.0,False,False,Miami Gardens,FL,33299.0,US,America/New_York,25.9579665,-80.2388604,2.624486446,1987.0,2026-09-11,27.5,0.0,4.9,,,True,False,False,True,False
401858215,2026,2,2026-09-11T23:00:00.000Z,False,False,False,,3873,L&N Federal Credit Union Stadium,97,Louisville,ACC,59.0,"[17, 14, 14, 14]",0.994212567806244,1668.0,1668.0,222,Villanova,fcs,Patriot,13.0,"[3, 7, 3, 0]",0.0057874321937561,1480.0,1472.0,2.4404798318841623,60000.0,False,False,Louisville,KY,40292.0,US,America/Kentucky/Louisville,38.2057621,-85.7588141,138.5615997,1998.0,2026-09-11,27.2,0.0,5.1,,,True,False,False,True,False
401858222,2026,2,2026-09-11T23:00:00.000Z,False,False,False,,3670,Carter-Finley Stadium,152,NC State,ACC,73.0,"[21, 28, 14, 10]",0.9935848712921144,1509.0,1509.0,257,Richmond,fcs,Patriot,0.0,"[0, 0, 0, 0]",0.0064151287078857,1480.0,1472.0,1.9801876241116372,58000.0,True,False,Raleigh,NC,27695.0,US,America/New_York,35.8008001,-78.7195655,117.0089951,1966.0,2026-09-11,30.5,0.0,3.1,,,True,False,False,True,False
401858220,2026,2,2026-09-11T23:00:00.000Z,False,False,False,,3923,Scott Stadium,258,Virginia,ACC,59.0,"[21, 7, 14, 17]",0.9930822253227234,1652.0,1652.0,2450,Norfolk State,fcs,MEAC,3.0,"[0, 3, 0, 0]",0.0069177746772766,1480.0,1472.0,2.138828100677014,61500.0,True,False,Charlottesville,VA,22904.0,US,America/New_York,38.0311801,-78.5137897,170.4677429,1931.0,2026-09-11,25.1,0.0,7.7,,,True,False,False,True,False
401858214,2026,2,2026-09-11T23:30:00.000Z,False,False,False,,3615,"Alumni Stadium (Chestnut Hill, MA)",103,Boston College,ACC,28.0,"[14, 6, 0, 8]",0.3910695910453796,1370.0,1380.0,164,Rutgers,fbs,Big Ten,21.0,"[0, 7, 7, 7]",0.6089304089546204,1381.0,1371.0,3.862943422855957,44500.0,False,False,Chestnut Hill,MA,2467.0,US,America/New_York,42.335104,-71.1664413,39.82634354,1957.0,2026-09-11,22.8,0.0,9.7,,,True,False,False,False,False
401856678,2026,2,2026-09-12T00:00:00.000Z,False,False,False,,3833,Memorial Stadium,2305,Kansas,Big 12,21.0,"[0, 14, 7, 0]",0.0058000176213681,1510.0,1485.0,142,Missouri,fbs,SEC,38.0,"[0, 14, 14, 10]",0.9941999823786318,1666.0,1691.0,6.683010293890897,47000.0,False,False,Lawrence,KS,66045.0,US,America/Chicago,38.9629418,-95.2463686,274.855957,1921.0,2026-09-12,26.5,0.0,9.5,,,True,False,False,False,False
401858439,2026,2,2026-09-12T16:00:00.000Z,False,False,False,,3830,"Memorial Stadium (Bloomington, IN)",84,Indiana,Big Ten,55.0,"[20, 21, 14, 0]",0.9941574335098268,2132.0,2132.0,47,Howard,fcs,MEAC,0.0,"[0, 0, 0, 0]",0.0058425664901733,1480.0,1472.0,1.6708804528668852,52656.0,False,False,Bloomington,IN,47408.0,US,America/Indiana/Indianapolis,39.1808959,-86.5256217,231.6500854,1960.0,2026-09-12,24.2,0.2,10.8,,,True,False,False,True,False
401864571,2026,2,2026-09-12T16:00:00.000Z,False,False,False,,3699,Dowdy-Ficklen Stadium,151,East Carolina,American Athletic,24.0,"[7, 3, 7, 7]",0.2808141410350799,1477.0,1462.0,2026,App State,fbs,Sun Belt,27.0,"[3, 14, 10, 0]",0.71918585896492,1310.0,1325.0,5.840694871750819,50000.0,True,False,Greenville,NC,27858.0,US,America/New_York,35.5968486,-77.364564,19.0564537,1963.0,2026-09-12,29.5,0.0,8.7,,,True,False,False,False,False
401862702,2026,2,2026-09-12T16:00:00.000Z,False,False,True,,3841,Michie Stadium,349,Army,American Athletic,24.0,"[0, 14, 0, 10]",0.3616083562374115,1527.0,1530.0,58,South Florida,fbs,American Athletic,28.0,"[7, 0, 7, 14]",0.6383916437625885,1679.0,1676.0,5.644033764124048,38000.0,False,False,West Point,NY,10996.0,US,America/New_York,41.3874924,-73.9640891,99.21277618,1924.0,2026-09-12,22.3,0.0,10.1,,,True,False,False,False,False
401867929,2026,2,2026-09-12T16:00:00.000Z,False,False,False,,3651,Bridgeforth Stadium,256,James Madison,Sun Belt,87.0,"[21, 21, 24, 21]",0.9958890080451964,1776.0,1776.0,2681,Wagner,fcs,NEC,3.0,"[3, 0, 0, 0]",0.0041109919548034,1480.0,1472.0,2.521116012299708,24877.0,False,False,Harrisonburg,VA,22807.0,US,America/New_York,38.4352919,-78.8729349,399.303009,1975.0,2026-09-12,25.5,0.1,15.7,,,True,False,False,True,False
401858442,2026,2,2026-09-12T16:00:00.000Z,False,False,False,,3806,Lincoln Financial Field,218,Temple,American Athletic,9.0,"[0, 3, 0, 6]",0.0278711393475532,1312.0,1323.0,213,Penn State,fbs,Big Ten,27.0,"[0, 10, 10, 7]",0.9721288606524467,1891.0,1880.0,3.5985873235133377,69879.0,False,False,Philadelphia,PA,19122.0,US,America/New_York,39.9007995,-75.1675414,3.198706865,2003.0,2026-09-12,26.4,0.0,9.0,,,True,False,False,False,False
401856781,2026,2,2026-09-12T16:00:00.000Z,False,False,False,,3636,Bill Snyder Family Stadium,2306,Kansas State,Big 12,34.0,"[3, 14, 10, 7]",0.9975051283836364,1616.0,1684.0,265,Washington State,fbs,Pac-12,7.0,"[0, 7, 0, 0]",0.0024948716163635,1601.0,1533.0,2.7120452347612307,50000.0,False,False,Manhattan,KS,66502.0,US,America/Chicago,39.2020096,-96.5938395,328.0574646,1968.0,2026-09-12,25.4,0.0,16.2,,,True,False,False,False,False
401858224,2026,2,2026-09-12T16:00:00.000Z,False,False,False,,3907,Ross-Ade Stadium,2509,Purdue,Big Ten,36.0,"[7, 3, 3, 10, 13]",0.5124849081039429,1318.0,1326.0,154,Wake Forest,fbs,ACC,38.0,"[7, 10, 3, 3, 15]",0.4875150918960571,1516.0,1508.0,10.15891091707647,57282.0,True,False,West Lafayette,IN,47907.0,US,America/Indiana/Indianapolis,40.4352253,-86.9186843,197.5337677,1924.0,2026-09-12,25.3,0.0,5.0,,,True,False,False,False,False
401856782,2026,2,2026-09-12T16:00:00.000Z,False,False,False,,3646,Boone Pickens Stadium,197,Oklahoma State,Big 12,39.0,"[3, 21, 6, 9]",0.6795249581336975,1212.0,1274.0,2483,Oregon,fbs,Big Ten,31.0,"[7, 10, 7, 7]",0.3204750418663025,1873.0,1811.0,5.848195968458265,55509.0,False,False,Stillwater,OK,74078.0,US,America/Chicago,36.125673,-97.066513,276.4808655,1919.0,2026-09-12,28.4,0.0,11.5,,,True,False,False,False,False
401858221,2026,2,2026-09-12T16:00:00.000Z,False,False,False,,3799,Lane Stadium,259,Virginia Tech,ACC,44.0,"[17, 17, 3, 7]",0.9789135456085204,1421.0,1468.0,295,Old Dominion,fbs,Sun Belt,21.0,"[3, 3, 7, 8]",0.0210864543914794,1336.0,1289.0,2.5798047775213986,65632.0,True,False,Blacksburg,VA,24061.0,US,America/New_York,37.2199873,-80.4180643,632.2631226,1965.0,2026-09-12,25.7,0.0,11.6,,,True,False,False,False,False
401868187,2026,2,2026-09-12T16:00:00.000Z,False,False,False,,3992,Williams Stadium (VA),2335,Liberty,Conference USA,24.0,"[14, 3, 0, 7]",0.8924932479858398,1697.0,1697.0,2241,Gardner-Webb,fcs,OVC,23.0,"[6, 14, 3, 0]",0.1075067520141601,1480.0,1472.0,5.981791198506766,25000.0,False,False,Lynchburg,VA,24502.0,US,America/New_York,37.3544305,-79.1750239,272.9237061,1989.0,2026-09-12,25.5,0.1,10.7,,,True,False,False,True,False
401856679,2026,2,2026-09-12T16:00:00.000Z,False,False,False,,3558,Michigan Stadium,130,Michigan,Big Ten,17.0,"[7, 3, 0, 7]",0.886965274810791,1686.0,1702.0,201,Oklahoma,fbs,SEC,10.0,"[0, 0, 7, 3]",0.1130347251892089,1799.0,1783.0,4.412815749915213,107601.0,False,False,Ann Arbor,MI,48109.0,US,America/Detroit,42.2658365,-83.7486956,255.5500031,1927.0,2026-09-12,24.4,0.1,7.3,,,True,False,False,False,False
401866416,2026,2,2026-09-12T16:00:00.000Z,False,False,False,,3696,Dix Stadium,2309,Kent State,Mid-American,36.0,"[7, 7, 0, 22]",0.9619717597961426,1035.0,1035.0,2747,Wofford,fcs,Southern,15.0,"[3, 12, 0, 0]",0.0380282402038574,1480.0,1472.0,4.618649026122627,25319.0,False,False,Kent,OH,44242.0,US,America/New_York,41.1390935,-81.31346,321.3641663,1969.0,2026-09-12,22.2,0.2,10.5,,,True,False,False,True,False
401856683,2026,2,2026-09-12T16:00:00.000Z,False,False,False,,3795,Kyle Field,245,Texas A&M,SEC,48.0,"[7, 10, 7, 24]",0.9799808263778688,1849.0,1890.0,9,Arizona State,fbs,Big 12,20.0,"[7, 3, 10, 0]",0.0200191736221313,1572.0,1531.0,4.058681717255771,102733.0,True,False,College Station,TX,77843.0,US,America/Chicago,30.6098891,-96.3403828,108.824585,1927.0,2026-09-12,31.6,0.0,15.5,,,True,False,False,False,False
401858218,2026,2,2026-09-12T16:00:00.000Z,False,False,False,,3787,Kenan Stadium,153,North Carolina,ACC,35.0,"[7, 14, 14, 0]",0.9849953055381776,1395.0,1395.0,2193,East Tennessee State,fcs,Southern,3.0,"[0, 0, 0, 3]",0.0150046944618225,1480.0,1472.0,1.8097981493180528,50500.0,False,False,Chapel Hill,NC,27515.0,US,America/New_York,35.9069294,-79.0478889,127.7569809,1927.0,2026-09-12,26.6,0.3,4.7,,,True,False,False,True,False
401856673,2026,2,2026-09-12T16:45:00.000Z,False,False,False,,3917,Sanford Stadium,61,Georgia,SEC,70.0,"[21, 28, 14, 7]",0.9499468803405762,1871.0,1948.0,98,Western Kentucky,fbs,Conference USA,20.0,"[0, 6, 0, 14]",0.0500531196594238,1327.0,1250.0,2.0673143380751107,92746.0,True,False,Athens,GA,30602.0,US,America/New_York,33.9498197,-83.3733813,186.1120758,1929.0,2026-09-12,26.9,0.2,11.9,,,True,False,False,False,False
401856791,2026,2,2026-09-12T17:00:00.000Z,False,False,False,,3842,Milan Puskar Stadium,277,West Virginia,Big 12,52.0,"[21, 7, 17, 7]",0.9900001287460328,1365.0,1365.0,2630,UT Martin,fcs,OVC,7.0,"[0, 0, 0, 7]",0.0099998712539672,1480.0,1472.0,2.208256557952954,60000.0,False,False,Morgantown,WV,26507.0,US,America/New_York,39.6502744,-79.9551873,327.409668,1980.0,2026-09-12,25.2,2.9,14.9,,,True,False,False,True,False
401866417,2026,2,2026-09-12T17:00:00.000Z,False,False,False,,3996,Yager Stadium,193,Miami (OH),Mid-American,45.0,"[14, 28, 3, 0]",0.9932807683944702,1252.0,1252.0,107,Holy Cross,fcs,Patriot,7.0,"[0, 0, 7, 0]",0.0067192316055297,1480.0,1472.0,1.6097025491435413,24286.0,False,False,Oxford,OH,45056.0,US,America/New_York,39.5197009,-84.7330255,242.2643585,1983.0,2026-09-12,23.8,0.2,11.4,,,True,False,False,True,False
401866415,2026,2,2026-09-12T17:00:00.000Z,False,False,False,,3786,Kelly/Shorts Stadium,2117,Central Michigan,Mid-American,13.0,"[0, 0, 6, 7]",0.9310958981513976,1253.0,1253.0,2142,Colgate,fcs,Patriot,10.0,"[0, 10, 0, 0]",0.0689041018486023,1480.0,1472.0,4.595530284820957,30255.0,False,False,Mount Pleasant,MI,48859.0,US,America/Detroit,43.5777313,-84.7709904,240.9007721,1972.0,2026-09-12,27.6,0.0,16.4,,,True,False,False,True,False
401866413,2026,2,2026-09-12T18:00:00.000Z,False,False,False,,3919,Scheumann Stadium,2050,Ball State,Mid-American,41.0,"[7, 14, 0, 20]",0.9929779171943665,1076.0,1076.0,2619,Stony Brook,fcs,Coastal Athletic,17.0,"[0, 3, 0, 14]",0.0070220828056335,1480.0,1472.0,2.9274254084526574,22500.0,False,False,Muncie,IN,47306.0,US,America/Indiana/Indianapolis,40.2159422,-85.4161148,285.481781,1967.0,2026-09-12,23.7,1.8,8.1,,,True,False,False,True,False
401858216,2026,2,2026-09-12T19:30:00.000Z,False,False,True,,1964,JMA Wireless Dome,183,Syracuse,ACC,18.0,"[3, 9, 6, 0]",0.4580439925193786,1288.0,1287.0,25,California,fbs,ACC,21.0,"[0, 7, 7, 7]",0.5419560074806213,1349.0,1350.0,6.3187843827573635,49057.0,False,True,Syracuse,NY,13244.0,US,America/New_York,43.0362269,-76.1363161,162.6989746,1980.0,2026-09-12,24.6,0.0,18.0,,,True,False,False,False,False
401859184,2026,2,2026-09-12T19:30:00.000Z,False,False,False,,3855,Notre Dame Stadium,87,Notre Dame,FBS Independents,52.0,"[21, 21, 10, 0]",0.9896548390388488,2021.0,2070.0,242,Rice,fbs,American Athletic,0.0,"[0, 0, 0, 0]",0.0103451609611511,1196.0,1147.0,1.9717400884243172,80795.0,False,False,Notre Dame,IN,46556.0,US,America/Indiana/Indianapolis,41.698378,-86.2339425,222.645401,1930.0,2026-09-12,28.3,0.1,9.0,,,True,False,False,False,False
401858217,2026,2,2026-09-12T19:30:00.000Z,False,False,False,,3832,"Memorial Stadium (Champaign, IL)",356,Illinois,Big Ten,27.0,"[10, 14, 3, 0]",0.0177573859691619,1595.0,1589.0,150,Duke,fbs,ACC,31.0,"[7, 14, 7, 3]",0.982242614030838,1607.0,1613.0,5.659197811170286,60670.0,False,False,Champaign,IL,61820.0,US,America/Chicago,40.0993268,-88.2359569,223.2471619,1923.0,2026-09-12,30.1,0.0,10.1,,,True,False,False,False,False
401866419,2026,2,2026-09-12T19:30:00.000Z,False,False,False,,3739,Glass Bowl,2649,Toledo,Mid-American,63.0,"[14, 21, 21, 7]",0.9916463494300842,1576.0,1576.0,2115,Central Connecticut,fcs,NEC,10.0,"[3, 0, 0, 7]",0.0083536505699157,1480.0,1472.0,3.2197421570118423,26038.0,False,False,Toledo,OH,43606.0,US,America/New_York,41.6574777,-83.6135652,181.4839783,1937.0,2026-09-12,24.3,0.6,13.0,,,True,False,False,True,False
401856810,2026,2,2026-09-12T19:30:00.000Z,False,False,True,,3801,LaVell Edwards Stadium,252,BYU,Big 12,28.0,"[7, 7, 7, 7]",0.9806126356124878,1666.0,1683.0,12,Arizona,fbs,Big 12,17.0,"[10, 7, 0, 0]",0.0193873643875122,1625.0,1608.0,5.22890503880269,63470.0,True,False,Provo,UT,84602.0,US,America/Denver,40.2575347,-111.6545247,1412.097046,1964.0,2026-09-12,28.7,0.0,13.2,,,True,False,False,False,False
401862708,2026,2,2026-09-12T19:30:00.000Z,False,False,False,,7221,Protective Stadium,5,UAB,American Athletic,26.0,"[0, 10, 3, 13]",0.937205731868744,1411.0,1403.0,2433,UL Monroe,fbs,Sun Belt,20.0,"[7, 10, 3, 0]",0.0627942681312561,1071.0,1079.0,5.855949041456546,45000.0,False,False,Birmingham,AL,35203.0,US,America/Chicago,33.5206824,-86.8024326,187.0,2021.0,2026-09-12,31.1,0.3,3.9,,,True,False,False,False,False
401856790,2026,2,2026-09-12T19:30:00.000Z,False,False,False,,3752,Acrisure Stadium,221,Pittsburgh,ACC,12.0,"[3, 9, 0, 0]",1.0,1681.0,1678.0,2116,UCF,fbs,Big 12,7.0,"[0, 0, 0, 7]",0.0,1465.0,1468.0,5.379665826795133,68400.0,True,False,Pittsburgh,PA,15260.0,US,America/New_York,40.4467648,-80.0157603,220.5887146,2001.0,2026-09-12,26.0,0.1,6.7,,,True,False,False,False,False
401856785,2026,2,2026-09-12T19:30:00.000Z,False,False,False,,3726,Folsom Field,38,Colorado,Big 12,52.0,"[21, 21, 3, 7]",0.9908815622329712,1404.0,1404.0,2692,Weber State,fcs,Big Sky,21.0,"[7, 7, 0, 7]",0.0091184377670288,1480.0,1472.0,3.107023447998443,50183.0,True,False,Boulder,CO,80309.0,US,America/Denver,40.0094746,-105.266905,1634.041138,1924.0,2026-09-12,20.9,0.0,5.3,,,True,False,False,True,False
401860884,2026,2,2026-09-12T19:30:00.000Z,False,False,False,,3644,Bobcat Stadium (TX),326,Texas State,Pac-12,26.0,"[0, 17, 6, 3]",0.4162304699420929,1441.0,1438.0,2636,UTSA,fbs,American Athletic,31.0,"[7, 0, 10, 14]",0.5837695300579071,1522.0,1525.0,6.508105036584822,30000.0,False,False,San Marcos,TX,78666.0,US,America/Chicago,29.8910008,-97.9255735,177.8676453,1981.0,2026-09-12,35.1,0.0,10.5,,,True,False,False,False,False
401866420,2026,2,2026-09-12T19:30:00.000Z,False,False,False,,3985,Warren McGuirk Alumni Stadium,113,Massachusetts,Mid-American,37.0,"[17, 6, 14, 0]",0.9915581941604614,1049.0,1049.0,2529,Sacred Heart,fcs,Coastal Athletic,10.0,"[0, 0, 3, 7]",0.0084418058395385,1480.0,1472.0,2.011011252524467,17000.0,False,False,Hadley,MA,1003.0,US,America/New_York,42.3773244,-72.5360595,46.58664703,1965.0,2026-09-12,23.3,0.0,12.2,,,True,False,False,True,False
401858440,2026,2,2026-09-12T19:30:00.000Z,False,False,False,,3936,Spartan Stadium,127,Michigan State,Big Ten,35.0,"[7, 7, 14, 7]",0.9901273250579834,1468.0,1528.0,2199,Eastern Michigan,fbs,Mid-American,7.0,"[0, 7, 0, 0]",0.0098726749420166,1353.0,1293.0,2.694647689046348,75005.0,True,False,East Lansing,MI,48824.0,US,America/Detroit,42.7281474,-84.4848526,254.8794861,1923.0,2026-09-12,27.6,0.0,12.4,,,True,False,False,False,False
401858444,2026,2,2026-09-12T19:30:00.000Z,False,False,False,,3892,Pratt & Whitney Stadium,41,UConn,FBS Independents,14.0,"[7, 0, 7, 0]",0.0273255016654729,1484.0,1413.0,120,Maryland,fbs,Big Ten,38.0,"[7, 10, 14, 7]",0.972674498334527,1424.0,1495.0,4.122592171700131,40000.0,True,False,East Hartford,CT,6118.0,US,America/New_York,41.7595675,-72.6187728,6.515614986,2003.0,2026-09-12,24.2,0.0,10.3,,,True,False,False,False,False
401858446,2026,2,2026-09-12T19:30:00.000Z,False,False,False,,3765,Husky Stadium,264,Washington,Big Ten,16.0,"[0, 10, 0, 6]",0.857559323310852,1762.0,1757.0,328,Utah State,fbs,Pac-12,14.0,"[0, 7, 0, 7]",0.1424406766891479,1376.0,1381.0,7.0473552315932055,70138.0,False,False,Seattle,WA,98195.0,US,America/Los_Angeles,47.6503235,-122.3015746,11.65622807,1920.0,2026-09-12,17.3,0.0,6.8,,,True,False,False,False,False
401856674,2026,2,2026-09-12T19:30:00.000Z,False,False,True,,3683,Kroger Field,96,Kentucky,SEC,17.0,"[7, 10, 0, 0]",0.0,1476.0,1440.0,333,Alabama,fbs,SEC,45.0,"[7, 6, 18, 14]",1.0,1823.0,1859.0,4.735355751393114,61000.0,False,False,Lexington,KY,40506.0,US,America/New_York,38.0220905,-84.5053408,307.4248962,1973.0,2026-09-12,26.1,0.4,14.8,,,True,False,False,False,False
401856677,2026,2,2026-09-12T19:30:00.000Z,False,False,False,,3953,Huntington Bank Stadium,135,Minnesota,Big Ten,13.0,"[3, 3, 7, 0]",0.0220212694257497,1510.0,1452.0,344,Mississippi State,fbs,SEC,38.0,"[14, 14, 3, 7]",0.9779787305742502,1584.0,1642.0,3.6851358285722577,50850.0,False,False,Minneapolis,MN,55488.0,US,America/Chicago,44.976525,-93.2245462,254.3902283,2009.0,2026-09-12,22.8,0.0,15.2,,,True,False,False,False,False
401866412,2026,2,2026-09-12T19:30:00.000Z,False,False,False,,3768,InfoCision Stadium,2006,Akron,Mid-American,45.0,"[7, 14, 10, 14]",0.9734373688697816,905.0,905.0,2523,Robert Morris,fcs,NEC,10.0,"[0, 10, 0, 0]",0.0265626311302185,1480.0,1472.0,2.90585351636287,30000.0,False,False,Akron,OH,44399.0,US,America/New_York,41.0725534,-81.5083408,321.2875061,2009.0,2026-09-12,21.3,1.6,8.8,,,True,False,False,True,False
401862705,2026,2,2026-09-12T19:45:00.000Z,False,False,False,,3825,DATCU Stadium,249,North Texas,American Athletic,44.0,"[13, 7, 14, 10]",0.9951195120811462,1590.0,1699.0,2439,UNLV,fbs,Mountain West,6.0,"[0, 3, 3, 0]",0.0048804879188537,1589.0,1480.0,2.4064488437525,30850.0,False,False,Denton,TX,76210.0,US,America/Chicago,33.203899,-97.159245,198.6871948,2011.0,2026-09-12,37.0,0.0,13.3,,,True,False,False,False,False
401864506,2026,2,2026-09-12T20:00:00.000Z,False,False,False,,3984,War Memorial Stadium,2751,Wyoming,Mountain West,21.0,"[0, 7, 0, 14]",1.0,1309.0,1309.0,2458,Northern Colorado,fcs,Big Sky,13.0,"[0, 10, 3, 0]",0.0,1480.0,1472.0,5.613684794038708,29181.0,False,False,Laramie,WY,82071.0,US,America/Denver,41.31161,-105.5681384,2200.153564,1950.0,2026-09-12,25.3,0.1,20.8,,,True,False,False,True,False
401858223,2026,2,2026-09-12T20:00:00.000Z,False,False,False,,3735,Gerald J. Ford Stadium,2567,SMU,ACC,56.0,"[14, 28, 7, 7]",0.9876115322113036,1734.0,1734.0,302,UC Davis,fcs,Big Sky,10.0,"[0, 0, 0, 10]",0.0123884677886962,1480.0,1472.0,1.917390208205421,32000.0,False,False,University Park,TX,75275.0,US,America/Chicago,32.8377223,-96.7827859,169.4058075,2000.0,2026-09-12,37.3,0.0,8.0,,,True,False,False,True,False
401868326,2026,2,2026-09-12T20:00:00.000Z,False,False,False,,3975,Veterans Memorial Stadium (AL),2653,Troy,Sun Belt,34.0,"[14, 17, 3, 0]",1.0,1416.0,1416.0,2011,Alabama State,fcs,SWAC,17.0,"[7, 0, 10, 0]",0.0,1480.0,1472.0,3.5127105558260845,30000.0,False,False,Troy,AL,36082.0,US,America/Chicago,31.7995565,-85.9518328,154.7746277,1950.0,2026-09-12,29.7,0.2,9.3,,,True,False,False,True,False
401865252,2026,2,2026-09-12T20:00:00.000Z,False,False,False,,3971,University Stadium (NM),167,New Mexico,Mountain West,70.0,"[7, 42, 14, 7]",0.9994450211524964,1564.0,1564.0,2385,Mercyhurst,fcs,NEC,7.0,"[7, 0, 0, 0]",0.0005549788475036,1480.0,1472.0,3.5097709978250333,39224.0,False,False,Albuquerque,NM,87131.0,US,America/Denver,35.0669479,-106.6283225,1554.471924,1960.0,2026-09-12,33.6,0.0,3.9,,,True,False,False,True,False
401856684,2026,2,2026-09-12T20:15:00.000Z,False,False,False,,3973,FirstBank Stadium,238,Vanderbilt,SEC,35.0,"[14, 0, 21, 0]",0.954675316810608,1753.0,1746.0,48,Delaware,fbs,Conference USA,26.0,"[0, 17, 0, 9]",0.045324683189392,1404.0,1411.0,4.163405310327982,40351.0,False,False,Nashville,TN,37212.0,US,America/Chicago,36.1440455,-86.8088942,159.9194641,1922.0,2026-09-12,28.3,0.7,9.4,,,True,False,False,False,False
401856672,2026,2,2026-09-12T21:30:00.000Z,False,False,False,,3634,Ben Hill Griffin Stadium,57,Florida,SEC,52.0,"[10, 35, 7, 0]",0.9858131408691406,1669.0,1669.0,2097,Campbell,fcs,Coastal Athletic,3.0,"[3, 0, 0, 0]",0.0141868591308593,1480.0,1472.0,2.480300376623857,88548.0,True,False,Gainesville,FL,32653.0,US,America/New_York,29.6499357,-82.3485788,44.97250748,1930.0,2026-09-12,29.3,0.2,7.4,,,True,False,False,True,False
401866414,2026,2,2026-09-12T22:00:00.000Z,False,False,False,,2031,Pitbull Stadium,2229,Florida International,Conference USA,33.0,"[14, 7, 9, 3]",1.0,1385.0,1409.0,2084,Buffalo,fbs,Mid-American,20.0,"[3, 3, 8, 6]",0.0,1365.0,1341.0,3.115485379206615,20000.0,False,False,Miami,FL,33199.0,US,America/New_York,25.7525,-80.37778,6.0,1995.0,2026-09-12,26.9,0.3,3.7,,,True,False,False,False,False
401860881,2026,2,2026-09-12T22:00:00.000Z,False,False,False,,3653,Albertsons Stadium,68,Boise State,Pac-12,38.0,"[3, 14, 14, 7]",0.9536568522453308,1569.0,1609.0,235,Memphis,fbs,American Athletic,20.0,"[7, 13, 0, 0]",0.0463431477546691,1566.0,1526.0,5.390900336820925,36387.0,False,False,Boise,ID,83725.0,US,America/Boise,43.6028839,-116.1958882,823.2221069,1970.0,2026-09-12,30.3,0.0,6.3,,,True,False,False,False,False
401866418,2026,2,2026-09-12T22:00:00.000Z,False,False,False,,3876,Peden Stadium,195,Ohio,Mid-American,29.0,"[0, 14, 0, 10, 5]",0.3134487271308899,1318.0,1320.0,55,Jacksonville State,fbs,Conference USA,27.0,"[7, 10, 7, 0, 3]",0.6865512728691101,1428.0,1426.0,7.380048779354027,24000.0,False,False,Athens,OH,45701.0,US,America/New_York,39.3212794,-82.1034315,194.230896,1929.0,2026-09-12,23.2,0.7,9.1,,,True,False,False,False,False
401866421,2026,2,2026-09-12T22:30:00.000Z,False,False,False,,3980,Waldo Stadium,2711,Western Michigan,Mid-American,49.0,"[7, 14, 21, 7]",0.9900599718093872,1534.0,1534.0,2405,Monmouth,fcs,Coastal Athletic,14.0,"[0, 0, 7, 7]",0.0099400281906127,1480.0,1472.0,2.799589385494212,30200.0,False,False,Kalamazoo,MI,49008.0,US,America/Detroit,42.2860064,-85.6007573,243.8211212,1939.0,2026-09-12,27.0,0.0,12.6,,,True,False,False,True,False
401869955,2026,2,2026-09-12T23:00:00.000Z,False,False,False,,4899,Fifth Third Stadium,338,Kennesaw State,Conference USA,17.0,"[3, 0, 8, 6]",0.0045842668041586,1373.0,1327.0,2247,Georgia State,fbs,Sun Belt,31.0,"[6, 15, 7, 3]",0.9954157331958412,1241.0,1287.0,3.164195020313668,11040.0,True,False,Kennesaw,GA,30144.0,US,America/New_York,34.0289318,-84.5676234,296.9589844,2010.0,2026-09-12,28.4,0.0,6.0,,,True,False,False,False,False
401862707,2026,2,2026-09-12T23:00:00.000Z,False,False,False,,3647,Elliott T. Bowers Stadium,2534,Sam Houston,Conference USA,17.0,"[7, 7, 3, 0]",0.6375409960746765,1164.0,1161.0,202,Tulsa,fbs,American Athletic,23.0,"[0, 10, 13, 0]",0.3624590039253235,1268.0,1271.0,5.6417792526782655,14000.0,False,False,Huntsville,TX,77340.0,US,America/Chicago,30.713926,-95.5419802,127.6225204,1986.0,2026-09-12,33.1,0.1,12.4,,,True,False,False,False,False
401871046,2026,2,2026-09-12T23:00:00.000Z,False,False,False,,3878,Plaster Sports Complex,2623,Missouri State,Conference USA,48.0,"[14, 20, 14, 0]",0.9952582120895386,1268.0,1268.0,2815,Lindenwood,fcs,OVC,14.0,"[0, 0, 7, 7]",0.0047417879104614,1480.0,1472.0,2.3846776173413207,17337.0,False,False,Springfield,MO,65897.0,US,America/Chicago,37.1976229,-93.2798119,402.368103,1941.0,2026-09-12,31.9,0.0,15.1,,,True,False,False,True,False
401864575,2026,2,2026-09-12T23:00:00.000Z,False,False,False,,4729,Yulman Stadium,2655,Tulane,American Athletic,28.0,"[0, 14, 7, 7]",0.6363710761070251,1529.0,1528.0,6,South Alabama,fbs,Sun Belt,24.0,"[10, 0, 7, 7]",0.3636289238929748,1390.0,1391.0,6.324042801260324,30000.0,False,False,New Orleans,LA,70118.0,US,America/Chicago,29.944616,-90.116692,0.0,2014.0,2026-09-12,27.2,0.0,4.2,,,True,False,False,False,False
401856787,2026,2,2026-09-12T23:00:00.000Z,False,False,False,,4728,TDECU Stadium,248,Houston,Big 12,77.0,"[28, 21, 21, 7]",0.9922709465026855,1521.0,1521.0,2582,Southern,fcs,SWAC,6.0,"[0, 0, 6, 0]",0.0077290534973144,1480.0,1472.0,1.4433547098894488,40000.0,False,False,Houston,TX,77004.0,US,America/Chicago,29.7219885,-95.3491623,9.57440567,2014.0,2026-09-12,31.7,0.1,10.9,,,True,False,False,True,False
401856681,2026,2,2026-09-12T23:00:00.000Z,False,False,False,,721,Bobby Dodd Stadium,59,Georgia Tech,ACC,24.0,"[10, 0, 7, 7]",0.0073597487062215,1553.0,1515.0,2633,Tennessee,fbs,SEC,45.0,"[7, 17, 7, 14]",0.9926402512937784,1691.0,1729.0,4.585174285774379,55000.0,False,False,Atlanta,GA,30332.0,US,America/New_York,33.7724449,-84.3928054,279.300415,1913.0,2026-09-12,28.0,0.0,5.8,,,True,False,False,False,False
401856786,2026,2,2026-09-12T23:00:00.000Z,False,False,False,,3854,Nippert Stadium,2132,Cincinnati,Big 12,62.0,"[7, 21, 21, 13]",0.999338150024414,1516.0,1516.0,2717,Western Carolina,fcs,Southern,10.0,"[3, 7, 0, 0]",0.0006618499755859,1480.0,1472.0,2.811860573881546,40000.0,False,False,Cincinnati,OH,45221.0,US,America/New_York,39.1312495,-84.5161913,230.0660553,1915.0,2026-09-12,24.3,0.0,7.1,,,True,False,False,True,False
401860882,2026,2,2026-09-12T23:00:00.000Z,False,False,False,,5388,Canvas Stadium,36,Colorado State,Pac-12,58.0,"[17, 31, 3, 7]",0.991997003555298,1327.0,1327.0,253,Southern Utah,fcs,Big Sky,24.0,"[7, 14, 0, 3]",0.0080029964447021,1480.0,1472.0,3.3659690485874445,36500.0,False,False,Fort Collins,CO,80521.0,US,America/Denver,40.570015,-105.088435,1528.4,2017.0,2026-09-12,24.5,0.0,12.4,,,True,False,False,True,False
401871045,2026,2,2026-09-12T23:00:00.000Z,False,False,False,,3775,Joan C. Edwards Stadium,276,Marshall,Sun Belt,28.0,"[7, 7, 0, 14]",0.7449626922607422,1389.0,1388.0,2393,Middle Tennessee,fbs,Conference USA,26.0,"[7, 6, 7, 6]",0.2550373077392578,1276.0,1277.0,6.5898616001456,38016.0,False,False,Huntington,WV,25755.0,US,America/New_York,38.4247042,-82.4214412,163.7328186,1991.0,2026-09-12,23.8,0.1,4.3,,,True,False,False,False,False
401856680,2026,2,2026-09-12T23:00:00.000Z,False,False,False,,3994,Williams-Brice Stadium,2579,South Carolina,SEC,45.0,"[7, 10, 14, 14]",0.9886041879653932,1763.0,1763.0,119,Towson,fcs,Coastal Athletic,9.0,"[0, 3, 6, 0]",0.0113958120346069,1480.0,1472.0,3.081217784380853,80250.0,True,False,Columbia,SC,29208.0,US,America/New_York,33.9730239,-81.0191726,60.54548645,1934.0,2026-09-12,26.9,0.0,3.9,,,True,False,False,True,False
401868241,2026,2,2026-09-12T23:00:00.000Z,False,False,False,,3625,Centennial Bank Stadium,2032,Arkansas State,Sun Belt,52.0,"[0, 21, 17, 14]",0.9971566200256348,1349.0,1349.0,2698,West Georgia,fcs,UAC,7.0,"[0, 7, 0, 0]",0.0028433799743652,1480.0,1472.0,2.538354222285957,30382.0,False,False,Jonesboro,AR,72404.0,US,America/Chicago,35.8488977,-90.6677436,89.52690887,1974.0,2026-09-12,32.3,0.0,3.5,,,True,False,False,True,False
401858441,2026,2,2026-09-12T23:00:00.000Z,False,False,False,,3834,"Memorial Stadium (Lincoln, NE)",158,Nebraska,Big Ten,56.0,"[14, 21, 0, 21]",0.9927433133125304,1592.0,1705.0,189,Bowling Green,fbs,Mid-American,7.0,"[0, 0, 0, 7]",0.0072566866874694,1340.0,1227.0,1.8334434786997853,85458.0,False,False,Lincoln,NE,68588.0,US,America/Chicago,40.820682,-96.705594,354.9318848,1923.0,2026-09-12,23.8,0.0,9.3,,,True,False,False,False,False
401864503,2026,2,2026-09-12T23:00:00.000Z,False,False,False,,3764,Huskie Stadium,2459,Northern Illinois,Mountain West,24.0,"[0, 17, 0, 7]",0.3273888528347015,1245.0,1245.0,2287,Illinois State,fcs,MVFC,28.0,"[14, 7, 0, 7]",0.6726111471652985,1480.0,1472.0,6.71050730738745,23595.0,False,False,DeKalb,IL,60115.0,US,America/Chicago,41.9339586,-88.7778357,267.4530029,1965.0,2026-09-12,26.2,0.0,13.3,,,True,False,False,True,False
401858443,2026,2,2026-09-12T23:15:00.000Z,False,False,False,,1056,Rose Bowl,26,UCLA,Big Ten,28.0,"[0, 0, 7, 21]",0.99741393327713,1438.0,1487.0,21,San Diego State,fbs,Pac-12,10.0,"[0, 0, 0, 10]",0.0025860667228698,1518.0,1469.0,3.469360436775447,88565.0,True,False,Pasadena,CA,90095.0,US,America/Los_Angeles,34.1613284,-118.1676462,245.1772461,1922.0,2026-09-12,30.0,0.0,8.3,,,True,False,False,False,False
401858447,2026,2,2026-09-12T23:15:00.000Z,False,False,False,,347,Camp Randall Stadium,275,Wisconsin,Big Ten,36.0,"[17, 6, 7, 6]",0.9956700801849364,1455.0,1455.0,2710,Western Illinois,fcs,OVC,9.0,"[3, 3, 3, 0]",0.0043299198150634,1480.0,1472.0,1.9789155142132075,80321.0,False,False,Madison,WI,53711.0,US,America/Chicago,43.06994,-89.4126943,263.604126,1917.0,2026-09-12,24.3,0.0,8.9,,,True,False,False,True,False
401856682,2026,2,2026-09-12T23:30:00.000Z,False,False,False,,3910,DKR-Texas Memorial Stadium,251,Texas,SEC,24.0,"[0, 3, 0, 21]",0.142189547419548,1913.0,1916.0,194,Ohio State,fbs,Big Ten,23.0,"[10, 10, 3, 0]",0.857810452580452,1986.0,1983.0,5.114837003774396,100119.0,False,False,Austin,TX,78712.0,US,America/Chicago,30.2836813,-97.7325345,160.3089447,1924.0,2026-09-12,31.7,0.1,3.9,,,True,False,False,False,False
401856788,2026,2,2026-09-12T23:30:00.000Z,False,False,False,,3793,Kinnick Stadium,2294,Iowa,Big Ten,16.0,"[0, 10, 0, 6]",0.4016802012920379,1847.0,1845.0,66,Iowa State,fbs,Big 12,13.0,"[0, 10, 3, 0]",0.598319798707962,1586.0,1588.0,4.958241936566457,69250.0,False,False,Iowa City,IA,52242.0,US,America/Chicago,41.6586045,-91.5510829,220.6357727,1929.0,2026-09-12,24.9,0.0,13.0,,,True,False,False,False,False
401868008,2026,2,2026-09-12T23:30:00.000Z,False,False,False,,3654,Brooks Stadium (SC),324,Coastal Carolina,Sun Belt,45.0,"[7, 21, 10, 7]",0.992419183254242,1270.0,1270.0,2230,Fordham,fcs,Patriot,7.0,"[0, 7, 0, 0]",0.007580816745758,1480.0,1472.0,3.0899856745210967,21000.0,False,False,Conway,SC,29528.0,US,America/New_York,33.7928506,-79.0166946,13.74894905,2003.0,2026-09-12,26.6,0.2,11.4,,,True,False,False,True,False
401867796,2026,2,2026-09-12T23:30:00.000Z,False,False,False,,3958,Tiger Stadium (LA),99,LSU,SEC,45.0,"[10, 0, 14, 21]",0.9529680609703064,1745.0,1794.0,2348,Louisiana Tech,fbs,Sun Belt,14.0,"[0, 7, 0, 7]",0.0470319390296936,1454.0,1405.0,3.7694043568740536,102321.0,True,False,Baton Rouge,LA,70803.0,US,America/Chicago,30.412035,-91.1838163,7.640734673,1924.0,2026-09-12,28.5,0.0,5.7,,,True,False,False,False,False
401858219,2026,2,2026-09-12T23:30:00.000Z,False,False,False,,3836,"Memorial Stadium (Clemson, SC)",228,Clemson,ACC,22.0,"[7, 9, 0, 6]",0.9427822828292848,1541.0,1558.0,290,Georgia Southern,fbs,Sun Belt,7.0,"[0, 7, 0, 0]",0.0572177171707153,1376.0,1359.0,3.80340639544536,81500.0,True,False,Clemson,SC,29634.0,US,America/New_York,34.6787737,-82.8432428,205.6452179,1942.0,2026-09-12,25.1,0.2,5.8,,,True,False,False,False,False
401862703,2026,2,2026-09-12T23:30:00.000Z,False,False,True,,3715,FAU Stadium,2226,Florida Atlantic,American Athletic,38.0,"[14, 17, 7, 0]",0.990163803100586,1189.0,1226.0,2426,Navy,fbs,American Athletic,30.0,"[7, 0, 7, 16]",0.009836196899414,1550.0,1513.0,3.34078476829419,29419.0,False,False,Boca Raton,FL,33499.0,US,America/New_York,26.3763763,-80.1015759,3.613628864,2011.0,2026-09-12,26.1,0.1,5.1,,,True,False,False,False,False
401856783,2026,2,2026-09-12T23:30:00.000Z,False,False,False,,3893,Reser Stadium,204,Oregon State,Pac-12,24.0,"[0, 7, 14, 3]",0.0,1260.0,1285.0,2641,Texas Tech,fbs,Big 12,35.0,"[0, 14, 7, 14]",1.0,1870.0,1845.0,8.803792527027108,43363.0,False,False,Corvallis,OR,97331.0,US,America/Los_Angeles,44.5594559,-123.2814341,66.90744781,1953.0,2026-09-12,15.9,0.1,10.1,,,True,False,False,False,False
401856676,2026,2,2026-09-12T23:45:00.000Z,False,False,False,,3974,Vaught-Hemingway Stadium,145,Ole Miss,SEC,41.0,"[7, 20, 0, 14]",0.9847775101661682,1837.0,1851.0,2429,Charlotte,fbs,American Athletic,9.0,"[0, 0, 6, 3]",0.0152224898338317,1182.0,1168.0,2.060610415886958,64038.0,True,False,Oxford,MS,38677.0,US,America/Chicago,34.3619837,-89.5342076,146.8517151,1915.0,2026-09-12,31.6,0.1,6.2,,,True,False,False,False,False
401856671,2026,2,2026-09-12T23:45:00.000Z,False,False,False,,3785,Jordan-Hare Stadium,2,Auburn,SEC,43.0,"[17, 10, 16, 0]",0.9917724132537842,1613.0,1678.0,2572,Southern Miss,fbs,Sun Belt,8.0,"[0, 8, 0, 0]",0.0082275867462158,1350.0,1285.0,2.0289423578577437,87451.0,True,False,Auburn,AL,36849.0,US,America/Chicago,32.6025532,-85.4897479,201.1737976,1939.0,2026-09-12,28.5,0.0,4.0,,,True,False,False,False,False
401856789,2026,2,2026-09-13T00:00:00.000Z,False,False,False,,3616,Amon G. Carter Stadium,2628,TCU,Big 12,63.0,"[7, 21, 14, 21]",0.9990647435188292,1598.0,1598.0,2755,Grambling,fcs,SWAC,7.0,"[0, 7, 0, 0]",0.0009352564811706,1480.0,1472.0,2.1245978996663135,46000.0,True,False,Fort Worth,TX,76129.0,US,America/Chicago,32.7096604,-97.3680835,185.4387054,1929.0,2026-09-13,35.5,0.0,11.6,,,True,False,False,True,False
401856784,2026,2,2026-09-13T00:08:00.000Z,False,False,False,,4727,McLane Stadium,239,Baylor,Big 12,44.0,"[17, 17, 7, 3]",0.9628165364265442,1509.0,1509.0,2504,Prairie View A&M,fcs,SWAC,3.0,"[3, 0, 0, 0]",0.0371834635734558,1480.0,1472.0,3.4287794730585697,45140.0,False,False,Waco,TX,76704.0,US,America/Chicago,31.5582015,-97.1156702,117.0538101,2014.0,2026-09-13,33.1,0.0,12.5,,,True,False,False,True,False
401864505,2026,2,2026-09-13T01:00:00.000Z,False,False,False,,3946,Sun Bowl,2638,UTEP,Mountain West,51.0,"[7, 14, 21, 9]",0.9886823892593384,1143.0,1143.0,2640,Texas Southern,fcs,SWAC,10.0,"[7, 3, 0, 0]",0.0113176107406616,1480.0,1472.0,3.6816616555625794,51500.0,False,False,El Paso,TX,79968.0,US,America/Denver,31.7733353,-106.507957,1183.697876,1963.0,2026-09-13,34.2,0.0,7.7,,,True,False,False,True,False
401864504,2026,2,2026-09-13T01:00:00.000Z,False,False,False,,3935,CEFCU Stadium,23,San José State,Mountain West,30.0,"[0, 13, 7, 10]",0.971356213092804,1407.0,1407.0,13,Cal Poly,fcs,Big Sky,20.0,"[0, 6, 7, 7]",0.028643786907196,1480.0,1472.0,5.605784129851264,30456.0,False,False,San Jose,CA,95112.0,US,America/Los_Angeles,37.3196675,-121.8682962,28.30708694,1933.0,2026-09-13,22.4,0.0,13.1,,,True,False,False,True,False
401864502,2026,2,2026-09-13T02:00:00.000Z,False,False,True,,3713,Falcon Stadium,2005,Air Force,Mountain West,32.0,"[0, 13, 0, 19]",0.7506696581840515,1424.0,1423.0,2449,North Dakota State,fbs,Mountain West,38.0,"[7, 21, 7, 3]",0.2493303418159485,1566.0,1567.0,4.633518427306371,46692.0,False,False,Colorado Springs,CO,80840.0,US,America/Denver,38.9969701,-104.8436165,2024.875732,1962.0,2026-09-13,17.0,0.0,6.7,,,True,False,False,False,False
401856670,2026,2,2026-09-13T02:15:00.000Z,False,False,False,,587,Rice-Eccles Stadium,254,Utah,Big 12,43.0,"[7, 22, 7, 7]",0.9934656023979188,1817.0,1874.0,8,Arkansas,fbs,SEC,10.0,"[3, 0, 0, 7]",0.0065343976020812,1547.0,1490.0,3.092347466132634,51444.0,False,False,Salt Lake City,UT,84112.0,US,America/Denver,40.7599724,-111.8488255,1411.543579,1998.0,2026-09-13,27.3,0.0,0.9,,,True,False,False,False,False
401860883,2026,2,2026-09-13T02:30:00.000Z,False,False,False,,3660,Valley Children's Stadium,278,Fresno State,Pac-12,49.0,"[0, 32, 14, 3]",0.9862982630729676,1449.0,1591.0,16,Sacramento State,fbs,Mid-American,3.0,"[0, 0, 3, 0]",0.0137017369270324,1466.0,1324.0,2.6248456325091527,41031.0,False,False,Fresno,CA,93740.0,US,America/Los_Angeles,36.8143527,-119.7580092,102.564064,1980.0,2026-09-13,33.8,0.0,9.2,,,True,False,False,False,False
401864500,2026,2,2026-09-13T02:30:00.000Z,False,False,False,,3816,Mackay Stadium,2440,Nevada,Mountain West,7.0,"[0, 0, 0, 7]",0.0061927558854222,1451.0,1451.0,147,Montana State,fcs,Big Sky,20.0,"[10, 7, 0, 3]",0.9938072441145778,1480.0,1472.0,3.456983827518999,27000.0,False,False,Reno,NV,89557.0,US,America/Los_Angeles,39.5469459,-119.8175435,1406.57605,1966.0,2026-09-13,23.0,0.0,9.0,,,True,False,False,True,False
401858445,2026,2,2026-09-13T03:00:00.000Z,False,False,False,,477,Los Angeles Memorial Coliseum,30,USC,Big Ten,49.0,"[7, 21, 7, 14]",1.0,1835.0,1837.0,309,Louisiana,fbs,Sun Belt,30.0,"[3, 7, 7, 13]",0.0,1389.0,1387.0,3.9120114593741944,77500.0,True,False,Los Angeles,CA,90089.0,US,America/Los_Angeles,34.014167,-118.287778,42.50374222,1923.0,2026-09-13,22.7,0.0,4.5,,,True,False,False,False,False
401864578,2026,2,2026-09-13T03:59:00.000Z,False,False,False,,7220,Clarence T.C. Ching Athletics Complex,62,Hawai'i,Mountain West,29.0,"[9, 10, 3, 7]",0.941411018371582,1426.0,1432.0,166,New Mexico State,fbs,Conference USA,19.0,"[0, 13, 6, 0]",0.0585889816284179,1267.0,1261.0,4.774929477424329,15194.0,False,False,Honolulu,HI,96822.0,US,Pacific/Honolulu,21.294294,-157.819338,20.0,2015.0,2026-09-13,27.0,0.0,14.0,,,True,False,False,False,False
401858225,2026,3,2026-09-17T23:30:00.000Z,False,False,True,,3752,Acrisure Stadium,221,Pittsburgh,ACC,27.0,"[7, 10, 7, 3]",1.0,1678.0,1675.0,183,Syracuse,fbs,ACC,13.0,"[0, 10, 0, 3]",0.0,1287.0,1290.0,2.681393052123561,68400.0,True,False,Pittsburgh,PA,15260.0,US,America/New_York,40.4467648,-80.0157603,220.5887146,2001.0,2026-09-17,24.4,0.2,6.1,,,True,False,False,False,False
401858226,2026,3,2026-09-18T23:30:00.000Z,False,False,True,,3630,Allegacy Federal Credit Union Stadium,154,Wake Forest,ACC,20.0,"[7, 0, 6, 7]",0.0674454271793365,1508.0,1514.0,2390,Miami,fbs,ACC,33.0,"[7, 17, 7, 2]",0.9325545728206636,1901.0,1895.0,4.531463816387299,31500.0,False,False,Winston-Salem,NC,27105.0,US,America/New_York,36.1305507,-80.2545851,283.548584,1968.0,2026-09-18,26.9,0.3,8.8,,,True,False,False,False,False
401856811,2026,3,2026-09-19T00:00:00.000Z,False,False,True,,3784,Jones AT&T Stadium,2641,Texas Tech,Big 12,28.0,"[0, 14, 7, 7]",0.5553051233291626,1845.0,1841.0,248,Houston,fbs,Big 12,26.0,"[10, 7, 3, 6]",0.4446948766708374,1514.0,1518.0,6.805447451480736,60454.0,False,False,Lubbock,TX,79409.0,US,America/Chicago,33.5910518,-101.8728824,980.7632446,1947.0,2026-09-19,32.2,0.0,10.8,,,True,False,False,False,False
401858455,2026,3,2026-09-19T02:30:00.000Z,False,False,False,,3626,Autzen Stadium,2483,Oregon,Big Ten,84.0,"[28, 21, 14, 21]",0.9894304871559144,1838.0,1838.0,2502,Portland State,fcs,Big Sky,0.0,"[0, 0, 0, 0]",0.0105695128440856,1480.0,1472.0,1.89479407163626,54000.0,False,False,Eugene,OR,97401.0,US,America/Los_Angeles,44.0582712,-123.0684883,127.4198303,1967.0,2026-09-19,18.4,0.0,6.8,,,True,False,False,True,False
401869940,2026,3,2026-09-19T15:30:00.000Z,False,False,False,,3695,Delaware Stadium,48,Delaware,Conference USA,22.0,"[0, 15, 0, 7]",0.1693765372037887,1411.0,1414.0,324,Coastal Carolina,fbs,Sun Belt,14.0,"[7, 7, 0, 0]",0.8306234627962112,1270.0,1267.0,4.877524784363484,22000.0,False,False,Newark,DE,19713.0,US,America/New_York,39.6617428,-75.7488224,28.74350357,1952.0,2026-09-19,21.9,0.0,11.3,,,True,False,False,False,False
401856812,2026,3,2026-09-19T16:00:00.000Z,False,True,True,,2455,Wembley Stadium,2305,Kansas,Big 12,17.0,"[0, 7, 0, 10]",0.7476793527603149,1485.0,1481.0,9,Arizona State,fbs,Big 12,24.0,"[3, 7, 7, 7]",0.252320647239685,1531.0,1535.0,4.606880390879709,90000.0,True,False,London,,,GB,Europe/London,51.5556,-0.2794,47.0,2007.0,2026-09-19,20.7,0.4,20.9,,,True,False,False,False,False
401856792,2026,3,2026-09-19T16:00:00.000Z,False,False,False,,3636,Bill Snyder Family Stadium,2306,Kansas State,Big 12,31.0,"[0, 17, 7, 7]",0.993634819984436,1684.0,1692.0,2655,Tulane,fbs,American Athletic,20.0,"[7, 3, 3, 7]",0.0063651800155639,1528.0,1520.0,3.379333217409422,50000.0,False,False,Manhattan,KS,66502.0,US,America/Chicago,39.2020096,-96.5938395,328.0574646,1968.0,2026-09-19,29.2,0.0,12.8,,,True,False,False,False,False
401856686,2026,3,2026-09-19T16:00:00.000Z,False,False,True,,3887,Razorback Stadium,8,Arkansas,SEC,17.0,"[0, 3, 0, 14]",0.0,1490.0,1466.0,61,Georgia,fbs,SEC,45.0,"[7, 14, 10, 14]",1.0,1948.0,1972.0,2.951363194479673,80000.0,False,False,Fayetteville,AR,72702.0,US,America/Chicago,36.0680662,-94.1789534,403.7972412,1938.0,2026-09-19,30.8,0.0,15.2,,,True,False,False,False,False
401858456,2026,3,2026-09-19T16:00:00.000Z,False,False,False,,3632,Beaver Stadium,213,Penn State,Big Ten,55.0,"[17, 17, 14, 7]",0.9946691989898682,1880.0,1933.0,2084,Buffalo,fbs,Mid-American,13.0,"[3, 3, 0, 7]",0.0053308010101318,1341.0,1288.0,2.03969834859093,106572.0,True,False,University Park,PA,16802.0,US,America/New_York,40.8121958,-77.8561023,354.1551514,1960.0,2026-09-19,17.4,0.0,5.5,,,True,False,False,False,False
401860889,2026,3,2026-09-19T16:00:00.000Z,False,False,False,,3644,Bobcat Stadium (TX),326,Texas State,Pac-12,49.0,"[21, 7, 7, 14]",1.0,1438.0,1491.0,249,North Texas,fbs,American Athletic,35.0,"[7, 21, 0, 7]",0.0,1699.0,1646.0,5.544088586426384,30000.0,False,False,San Marcos,TX,78666.0,US,America/Chicago,29.8910008,-97.9255735,177.8676453,1981.0,2026-09-19,29.1,0.0,3.9,,,True,False,False,False,False
401856798,2026,3,2026-09-19T16:00:00.000Z,False,False,False,,3772,Jack Trice Stadium,66,Iowa State,Big 12,55.0,"[21, 14, 10, 10]",0.9847278594970704,1588.0,1683.0,189,Bowling Green,fbs,Mid-American,7.0,"[7, 0, 0, 0]",0.0152721405029296,1227.0,1132.0,2.90255500259395,61500.0,True,False,Ames,IA,50011.0,US,America/Chicago,42.0139977,-93.6357716,274.9135437,1975.0,2026-09-19,26.0,0.0,10.9,,,True,False,False,False,False
401858454,2026,3,2026-09-19T16:00:00.000Z,False,False,False,,3861,Ohio Stadium,194,Ohio State,Big Ten,59.0,"[21, 14, 7, 17]",0.9889574646949768,1983.0,2032.0,2309,Kent State,fbs,Mid-American,3.0,"[0, 0, 0, 3]",0.0110425353050231,1056.0,1007.0,1.5658069191125186,102780.0,False,False,Columbus,OH,43210.0,US,America/New_York,40.0016447,-83.0197266,216.6770325,1922.0,2026-09-19,23.2,0.0,9.6,,,True,False,False,False,False
401858451,2026,3,2026-09-19T16:00:00.000Z,False,False,False,,3953,Huntington Bank Stadium,135,Minnesota,Big Ten,41.0,"[10, 10, 7, 14]",0.9865986704826356,1452.0,1484.0,2006,Akron,fbs,Mid-American,7.0,"[0, 0, 0, 7]",0.0134013295173645,929.0,897.0,2.252949199441229,50850.0,False,False,Minneapolis,MN,55488.0,US,America/Chicago,44.976525,-93.2245462,254.3902283,2009.0,2026-09-19,15.8,0.0,12.5,,,True,False,False,False,False
401858229,2026,3,2026-09-19T16:00:00.000Z,False,False,True,,3836,"Memorial Stadium (Clemson, SC)",228,Clemson,ACC,28.0,"[3, 3, 9, 13]",0.9200934171676636,1558.0,1560.0,153,North Carolina,fbs,ACC,20.0,"[14, 3, 0, 3]",0.0799065828323364,1398.0,1396.0,4.845464774691703,81500.0,True,False,Clemson,SC,29634.0,US,America/New_York,34.6787737,-82.8432428,205.6452179,1942.0,2026-09-19,29.1,0.0,5.5,,,True,False,False,False,False
401858228,2026,3,2026-09-19T16:00:00.000Z,False,False,False,,721,Bobby Dodd Stadium,59,Georgia Tech,ACC,44.0,"[7, 17, 13, 7]",0.9872198700904846,1503.0,1503.0,2382,Mercer,fcs,Southern,11.0,"[0, 3, 8, 0]",0.0127801299095153,1480.0,1472.0,1.9715837092751365,55000.0,False,False,Atlanta,GA,30332.0,US,America/New_York,33.7724449,-84.3928054,279.300415,1913.0,2026-09-19,31.0,0.0,4.8,,,True,False,False,True,False
401858460,2026,3,2026-09-19T16:30:00.000Z,False,False,False,,347,Camp Randall Stadium,275,Wisconsin,Big Ten,54.0,"[3, 28, 10, 13]",0.9905959367752076,1475.0,1580.0,2199,Eastern Michigan,fbs,Mid-American,10.0,"[7, 0, 0, 3]",0.0094040632247924,1293.0,1188.0,2.899037008885028,80321.0,False,False,Madison,WI,53711.0,US,America/Chicago,43.06994,-89.4126943,263.604126,1917.0,2026-09-19,18.1,0.4,11.7,,,True,False,False,False,False
401856695,2026,3,2026-09-19T16:45:00.000Z,False,False,False,,3973,FirstBank Stadium,238,Vanderbilt,SEC,35.0,"[0, 7, 7, 21]",0.9763383865356444,1746.0,1742.0,152,NC State,fbs,ACC,31.0,"[14, 3, 7, 7]",0.0236616134643554,1506.0,1510.0,8.990119449610065,40351.0,False,False,Nashville,TN,37212.0,US,America/Chicago,36.1440455,-86.8088942,159.9194641,1922.0,2026-09-19,33.5,0.0,4.2,,,True,False,False,False,False
401864508,2026,3,2026-09-19T17:00:00.000Z,False,False,False,,3786,Kelly/Shorts Stadium,2117,Central Michigan,Mid-American,24.0,"[3, 14, 7, 0]",0.9417828321456908,1259.0,1291.0,2751,Wyoming,fbs,Mountain West,10.0,"[0, 0, 3, 7]",0.058217167854309,1300.0,1268.0,2.5193044641179796,30255.0,False,False,Mount Pleasant,MI,48859.0,US,America/Detroit,43.5777313,-84.7709904,240.9007721,1972.0,2026-09-19,16.1,0.0,8.0,,,True,False,False,False,False
401858227,2026,3,2026-09-19T18:00:00.000Z,False,False,False,,3615,"Alumni Stadium (Chestnut Hill, MA)",103,Boston College,ACC,22.0,"[16, 3, 3, 0]",0.6811010241508484,1379.0,1379.0,311,Maine,fcs,Coastal Athletic,16.0,"[0, 10, 0, 6]",0.3188989758491516,1480.0,1472.0,3.131625533947348,44500.0,False,False,Chestnut Hill,MA,2467.0,US,America/New_York,42.335104,-71.1664413,39.82634354,1957.0,2026-09-19,16.2,0.0,7.3,,,True,False,False,True,False
401858448,2026,3,2026-09-19T18:00:00.000Z,False,False,False,,3832,"Memorial Stadium (Champaign, IL)",356,Illinois,Big Ten,48.0,"[14, 17, 0, 17]",0.990684688091278,1587.0,1587.0,79,Southern Illinois,fcs,MVFC,10.0,"[7, 3, 0, 0]",0.0093153119087219,1480.0,1472.0,2.609181816487975,60670.0,False,False,Champaign,IL,61820.0,US,America/Chicago,40.0993268,-88.2359569,223.2471619,1923.0,2026-09-19,25.3,0.0,7.1,,,True,False,False,True,False
401862774,2026,3,2026-09-19T19:00:00.000Z,False,False,False,,3739,Glass Bowl,2649,Toledo,Mid-American,49.0,"[7, 7, 7, 21, 7]",0.5539595484733582,1568.0,1561.0,218,Temple,fbs,American Athletic,48.0,"[10, 14, 3, 15, 6]",0.4460404515266418,1323.0,1330.0,7.729420903421505,26038.0,False,False,Toledo,OH,43606.0,US,America/New_York,41.6574777,-83.6135652,181.4839783,1937.0,2026-09-19,19.9,0.0,8.3,,,True,False,False,False,False
401858233,2026,3,2026-09-19T19:30:00.000Z,False,False,False,,3831,California Memorial Stadium,25,California,ACC,49.0,"[29, 10, 7, 3]",0.960480809211731,1353.0,1353.0,2681,Wagner,fcs,NEC,7.0,"[0, 7, 0, 0]",0.039519190788269,1480.0,1472.0,2.013852397878264,62467.0,False,False,Berkeley,CA,94720.0,US,America/Los_Angeles,37.8710434,-122.2507729,125.3108063,1923.0,2026-09-19,20.2,0.0,9.7,,,True,False,False,True,False
401866424,2026,3,2026-09-19T19:30:00.000Z,False,False,False,,3985,Warren McGuirk Alumni Stadium,113,Massachusetts,Mid-American,36.0,"[13, 0, 9, 14]",1.0,1049.0,1049.0,284,Stonehill,fcs,NEC,14.0,"[7, 0, 0, 7]",0.0,1480.0,1472.0,2.7463259433589973,17000.0,False,False,Hadley,MA,1003.0,US,America/New_York,42.3773244,-72.5360595,46.58664703,1965.0,2026-09-19,19.1,0.0,0.7,,,True,False,False,True,False
401856685,2026,3,2026-09-19T19:30:00.000Z,False,False,False,,3657,Bryant-Denny Stadium,333,Alabama,SEC,50.0,"[3, 23, 14, 10]",0.994377374649048,1859.0,1863.0,52,Florida State,fbs,ACC,36.0,"[14, 7, 7, 8]",0.0056226253509521,1557.0,1553.0,5.513821541043104,101821.0,True,False,Tuscaloosa,AL,35487.0,US,America/Chicago,33.2082752,-87.5503836,70.05136108,1929.0,2026-09-19,35.3,0.1,2.2,,,True,False,False,False,False
401858230,2026,3,2026-09-19T19:30:00.000Z,False,False,True,,3873,L&N Federal Credit Union Stadium,97,Louisville,ACC,41.0,"[14, 0, 14, 13]",0.9996628165245056,1668.0,1690.0,2567,SMU,fbs,ACC,31.0,"[7, 10, 7, 7]",0.0003371834754943,1728.0,1706.0,7.0761696534289475,60000.0,False,False,Louisville,KY,40292.0,US,America/Kentucky/Louisville,38.2057621,-85.7588141,138.5615997,1998.0,2026-09-19,34.9,0.0,10.2,,,True,False,False,False,False
401856797,2026,3,2026-09-19T19:30:00.000Z,False,False,False,,7173,TQL Stadium,2132,Cincinnati,Big 12,35.0,"[7, 0, 14, 14]",0.6021653413772583,1516.0,1512.0,193,Miami (OH),fbs,Mid-American,31.0,"[14, 14, 0, 3]",0.3978346586227417,1259.0,1263.0,6.38672450903238,26000.0,True,False,Cincinnati,OH,45214.0,US,America/New_York,39.11139,-84.52222,162.0,2021.0,2026-09-19,28.3,0.4,9.4,,,True,False,False,False,False
401860890,2026,3,2026-09-19T19:30:00.000Z,False,False,False,,3820,Gesa Field,265,Washington State,Pac-12,48.0,"[7, 7, 21, 13]",0.992756724357605,1536.0,1536.0,2184,Duquesne,fcs,NEC,7.0,"[7, 0, 0, 0]",0.007243275642395,1480.0,1472.0,3.736257066861516,32952.0,False,False,Pullman,WA,99164.0,US,America/Los_Angeles,46.731831,-117.1604991,773.9526367,1972.0,2026-09-19,21.4,0.0,4.9,,,True,False,False,True,False
401858450,2026,3,2026-09-19T19:30:00.000Z,False,False,False,,3558,Michigan Stadium,130,Michigan,Big Ten,52.0,"[0, 17, 28, 7]",0.9927566647529602,1702.0,1735.0,2638,UTEP,fbs,Mountain West,17.0,"[7, 7, 0, 3]",0.0072433352470397,1163.0,1130.0,4.7078150789167,107601.0,False,False,Ann Arbor,MI,48109.0,US,America/Detroit,42.2658365,-83.7486956,255.5500031,1927.0,2026-09-19,17.2,1.2,13.1,,,True,False,False,False,False
401858457,2026,3,2026-09-19T19:30:00.000Z,False,False,True,,6577,SHI Stadium,164,Rutgers,Big Ten,35.0,"[7, 7, 14, 7]",0.0719924047589302,1371.0,1391.0,30,USC,fbs,Big Ten,42.0,"[10, 10, 15, 7]",0.9280075952410698,1837.0,1817.0,6.144945172564879,52454.0,False,False,Piscataway,NJ,8854.0,US,America/New_York,40.513611,-74.465278,19.0,1994.0,2026-09-19,21.2,0.0,9.8,,,True,False,False,False,False
401856694,2026,3,2026-09-19T19:30:00.000Z,False,False,True,,3795,Kyle Field,245,Texas A&M,SEC,21.0,"[0, 7, 0, 14]",0.0030985446646809,1890.0,1824.0,96,Kentucky,fbs,SEC,31.0,"[0, 7, 21, 3]",0.996901455335319,1440.0,1506.0,4.227566138069254,102733.0,True,False,College Station,TX,77843.0,US,America/Chicago,30.6098891,-96.3403828,108.824585,1927.0,2026-09-19,33.6,0.0,5.5,,,True,False,False,False,False
401856801,2026,3,2026-09-19T19:30:00.000Z,False,False,False,,587,Rice-Eccles Stadium,254,Utah,Big 12,33.0,"[16, 10, 7, 0]",0.9871453642845154,1874.0,1907.0,328,Utah State,fbs,Pac-12,0.0,"[0, 0, 0, 0]",0.0128546357154846,1381.0,1348.0,1.855585364021608,51444.0,False,False,Salt Lake City,UT,84112.0,US,America/Denver,40.7599724,-111.8488255,1411.543579,1998.0,2026-09-19,17.7,0.2,5.7,,,True,False,False,False,False
401866422,2026,3,2026-09-19T20:00:00.000Z,False,False,False,,3992,Williams Stadium (VA),2335,Liberty,Conference USA,51.0,"[13, 10, 14, 14]",0.9943554401397704,1697.0,1728.0,2050,Ball State,fbs,Mid-American,15.0,"[7, 0, 8, 0]",0.0056445598602294,1112.0,1081.0,2.903203556715076,25000.0,False,False,Lynchburg,VA,24502.0,US,America/New_York,37.3544305,-79.1750239,272.9237061,1989.0,2026-09-19,27.9,0.0,7.1,,,True,False,False,False,False
401867804,2026,3,2026-09-19T20:00:00.000Z,False,False,False,,4727,McLane Stadium,239,Baylor,Big 12,36.0,"[7, 13, 9, 7]",0.9502611756324768,1506.0,1534.0,2348,Louisiana Tech,fbs,Sun Belt,19.0,"[7, 0, 0, 12]",0.0497388243675231,1405.0,1377.0,3.360110119380664,45140.0,False,False,Waco,TX,76704.0,US,America/Chicago,31.5582015,-97.1156702,117.0538101,2014.0,2026-09-19,34.4,0.0,10.4,,,True,False,False,False,False
401858471,2026,3,2026-09-19T20:00:00.000Z,False,False,False,,3793,Kinnick Stadium,2294,Iowa,Big Ten,55.0,"[21, 21, 7, 6]",0.9930168986320496,1841.0,1841.0,2460,Northern Iowa,fcs,MVFC,0.0,"[0, 0, 0, 0]",0.0069831013679504,1480.0,1472.0,2.087183122203247,69250.0,False,False,Iowa City,IA,52242.0,US,America/Chicago,41.6586045,-91.5510829,220.6357727,1929.0,2026-09-19,23.3,0.4,18.2,,,True,False,False,True,False
401858449,2026,3,2026-09-19T20:00:00.000Z,False,False,False,,3830,"Memorial Stadium (Bloomington, IN)",84,Indiana,Big Ten,38.0,"[0, 14, 17, 7]",0.9926459193229676,2113.0,2121.0,98,Western Kentucky,fbs,Conference USA,0.0,"[0, 0, 0, 0]",0.0073540806770324,1250.0,1242.0,2.876401622365555,52656.0,False,False,Bloomington,IN,47408.0,US,America/Indiana/Indianapolis,39.1808959,-86.5256217,231.6500854,1960.0,2026-09-19,30.8,0.0,4.6,,,True,False,False,False,False
401858231,2026,3,2026-09-19T20:00:00.000Z,False,False,True,,3982,Wallace Wade Stadium,150,Duke,ACC,35.0,"[0, 14, 14, 7]",0.9935848712921144,1613.0,1656.0,24,Stanford,fbs,ACC,7.0,"[0, 7, 0, 0]",0.0064151287078857,1354.0,1311.0,3.237433821701348,40004.0,True,False,Durham,NC,27708.0,US,America/New_York,35.9953688,-78.9417564,103.0028152,1929.0,2026-09-19,29.7,0.0,8.3,,,True,False,False,False,False
401856691,2026,3,2026-09-19T20:15:00.000Z,False,False,True,,3994,Williams-Brice Stadium,2579,South Carolina,SEC,34.0,"[13, 10, 0, 11]",0.0,1742.0,1721.0,344,Mississippi State,fbs,SEC,41.0,"[0, 14, 17, 10]",1.0,1642.0,1663.0,5.6081138909839074,80250.0,True,False,Columbia,SC,29208.0,US,America/New_York,33.9730239,-81.0191726,60.54548645,1934.0,2026-09-19,29.5,1.0,7.1,,,True,False,False,False,False
401868317,2026,3,2026-09-19T20:30:00.000Z,False,False,False,,3817,Malone Stadium,2433,UL Monroe,Sun Belt,35.0,"[0, 13, 7, 15]",0.0254318322986364,1076.0,1076.0,2545,SE Louisiana,fcs,Southland,38.0,"[7, 17, 7, 7]",0.9745681677013636,1480.0,1472.0,5.870224837157036,27617.0,False,False,Monroe,LA,71209.0,US,America/Chicago,32.5308089,-92.0660602,22.998209,1978.0,2026-09-19,36.4,0.0,9.1,,,True,False,False,True,False
401862771,2026,3,2026-09-19T22:00:00.000Z,False,False,False,,3715,FAU Stadium,2226,Florida Atlantic,American Athletic,16.0,"[10, 0, 6, 0]",0.9298617243766784,1226.0,1243.0,2229,Florida International,fbs,Conference USA,10.0,"[0, 7, 0, 3]",0.0701382756233215,1409.0,1392.0,5.53028244613773,29419.0,False,False,Boca Raton,FL,33499.0,US,America/New_York,26.3763763,-80.1015759,3.613628864,2011.0,2026-09-19,27.3,0.0,3.7,,,True,False,False,False,False
401862710,2026,3,2026-09-19T22:00:00.000Z,False,False,False,,3918,S.B. Ballard Stadium,295,Old Dominion,Sun Belt,17.0,"[0, 17, 0, 0]",0.7674409747123718,1289.0,1295.0,151,East Carolina,fbs,American Athletic,20.0,"[7, 3, 7, 3]",0.2325590252876281,1462.0,1456.0,6.3264494952988874,20118.0,False,False,Norfolk,VA,23551.0,US,America/New_York,36.8889533,-76.3049175,3.147987843,1936.0,2026-09-19,25.4,0.0,14.2,,,True,False,False,False,False
401864574,2026,3,2026-09-19T22:00:00.000Z,False,False,False,,3792,Kidd Brewer Stadium,2026,App State,Sun Belt,26.0,"[3, 10, 6, 7]",1.0,1325.0,1324.0,2429,Charlotte,fbs,American Athletic,21.0,"[0, 7, 0, 14]",0.0,1168.0,1169.0,3.7335858381066593,30000.0,False,False,Boone,NC,28608.0,US,America/New_York,36.2114267,-81.6854278,991.3414307,1962.0,2026-09-19,20.4,0.5,5.4,,,True,False,False,False,False
401871047,2026,3,2026-09-19T22:30:00.000Z,False,False,False,,3878,Plaster Sports Complex,2623,Missouri State,Conference USA,24.0,"[10, 0, 14, 0]",0.5527694821357727,1284.0,1281.0,276,Marshall,fbs,Sun Belt,30.0,"[14, 3, 10, 3]",0.4472305178642273,1388.0,1391.0,6.715983248413741,17337.0,False,False,Springfield,MO,65897.0,US,America/Chicago,37.1976229,-93.2798119,402.368103,1941.0,2026-09-19,34.9,0.0,15.8,,,True,False,False,False,False
401861963,2026,3,2026-09-19T23:00:00.000Z,False,False,False,,3815,M. M. Roberts Stadium,2572,Southern Miss,Sun Belt,20.0,"[3, 3, 7, 7]",0.0,1285.0,1224.0,41,UConn,fbs,FBS Independents,48.0,"[14, 13, 14, 7]",1.0,1413.0,1474.0,4.811639806925726,36000.0,False,False,Hattiesburg,MS,39402.0,US,America/Chicago,31.3289321,-89.3318118,64.52726746,1932.0,2026-09-19,33.1,0.0,0.6,,,True,False,False,False,False
401856687,2026,3,2026-09-19T23:00:00.000Z,False,False,True,,3785,Jordan-Hare Stadium,2,Auburn,SEC,39.0,"[3, 14, 7, 15]",0.0246768072247505,1678.0,1668.0,57,Florida,fbs,SEC,44.0,"[7, 13, 14, 10]",0.9753231927752496,1658.0,1668.0,4.915838118486049,87451.0,True,False,Auburn,AL,36849.0,US,America/Chicago,32.6025532,-85.4897479,201.1737976,1939.0,2026-09-19,26.6,0.0,5.2,,,True,False,False,False,False
401862772,2026,3,2026-09-19T23:00:00.000Z,False,False,False,,3805,Simmons Bank Liberty Stadium,235,Memphis,American Athletic,45.0,"[10, 14, 7, 14]",0.989273965358734,1529.0,1529.0,2630,UT Martin,fcs,OVC,21.0,"[0, 7, 0, 14]",0.0107260346412658,1480.0,1472.0,2.4351672171204406,58325.0,False,False,Memphis,TN,38152.0,US,America/Chicago,35.1209429,-89.977147,90.62445831,1965.0,2026-09-19,35.5,0.0,4.5,,,True,False,False,True,False
401862773,2026,3,2026-09-19T23:00:00.000Z,False,False,False,,3895,Rice Stadium,242,Rice,American Athletic,21.0,"[0, 7, 7, 7]",0.3939010798931122,1147.0,1162.0,2711,Western Michigan,fbs,Mid-American,28.0,"[7, 7, 0, 14]",0.6060989201068878,1534.0,1519.0,4.697684070810628,47000.0,False,False,Houston,TX,77251.0,US,America/Chicago,29.7163297,-95.4093261,7.148301601,1950.0,2026-09-19,32.2,0.0,13.5,,,True,False,False,False,False
401870764,2026,3,2026-09-19T23:00:00.000Z,False,False,False,,3647,Elliott T. Bowers Stadium,2534,Sam Houston,Conference USA,59.0,"[10, 21, 21, 7]",0.989645779132843,1155.0,1155.0,2447,Nicholls,fcs,Southland,0.0,"[0, 0, 0, 0]",0.0103542208671569,1480.0,1472.0,1.8754360356013395,14000.0,False,False,Huntsville,TX,77340.0,US,America/Chicago,30.713926,-95.5419802,127.6225204,1986.0,2026-09-19,33.1,0.0,8.5,,,True,False,False,True,False
401856803,2026,3,2026-09-19T23:00:00.000Z,False,False,False,,3646,Boone Pickens Stadium,197,Oklahoma State,Big 12,59.0,"[14, 17, 21, 7]",0.9924694895744324,1247.0,1247.0,93,Murray State,fcs,MVFC,0.0,"[0, 0, 0, 0]",0.0075305104255676,1480.0,1472.0,1.857143037936244,55509.0,False,False,Stillwater,OK,74078.0,US,America/Chicago,36.125673,-97.066513,276.4808655,1919.0,2026-09-19,32.8,0.0,18.5,,,True,False,False,True,False
401864443,2026,3,2026-09-19T23:00:00.000Z,False,False,False,,3725,"Johnny ""Red"" Floyd Stadium",2393,Middle Tennessee,Conference USA,27.0,"[7, 3, 7, 10]",0.9568924903869628,1277.0,1298.0,2440,Nevada,fbs,Mountain West,20.0,"[7, 3, 7, 3]",0.0431075096130371,1462.0,1441.0,5.943196413737067,30788.0,False,False,Murfreesboro,TN,37132.0,US,America/Chicago,35.8511463,-86.3681649,191.7279816,1933.0,2026-09-19,31.0,0.5,10.3,,,True,False,False,False,False
401862777,2026,3,2026-09-19T23:00:00.000Z,False,False,False,,3886,Raymond James Stadium,58,South Florida,American Athletic,59.0,"[14, 14, 14, 17]",0.9322245717048644,1682.0,1682.0,2169,Delaware State,fcs,MEAC,17.0,"[7, 10, 0, 0]",0.0677754282951355,1480.0,1472.0,3.687487150372105,65828.0,True,False,Tampa,FL,33620.0,US,America/New_York,27.9758691,-82.5033344,11.07972908,1998.0,2026-09-19,28.0,0.3,10.1,,,True,False,False,True,False
401866423,2026,3,2026-09-19T23:00:00.000Z,False,False,False,,6526,Hancock Whitney Stadium,6,South Alabama,Sun Belt,41.0,"[14, 10, 7, 10]",0.6848459243774414,1391.0,1393.0,195,Ohio,fbs,Mid-American,36.0,"[7, 0, 14, 15]",0.3151540756225586,1320.0,1318.0,3.9245862967611207,25450.0,False,False,Mobile,AL,36688.0,US,America/Chicago,30.696904,-88.192013,45.0,2020.0,2026-09-19,31.1,0.0,4.0,,,True,False,False,False,False
401856689,2026,3,2026-09-19T23:00:00.000Z,False,False,False,,3838,Memorial Stadium,142,Missouri,SEC,27.0,"[0, 24, 0, 3]",1.0,1691.0,1690.0,2653,Troy,fbs,Sun Belt,17.0,"[10, 7, 0, 0]",0.0,1420.0,1421.0,4.3885685456675425,71168.0,False,False,Columbia,MO,65211.0,US,America/Chicago,38.9358491,-92.3332009,212.6865692,1927.0,2026-09-19,32.2,0.0,5.5,,,True,False,False,False,False
401856800,2026,3,2026-09-19T23:00:00.000Z,False,False,False,,3652,FBC Mortgage Stadium,2116,UCF,Big 12,44.0,"[17, 3, 14, 10]",0.9837412238121032,1468.0,1481.0,2247,Georgia State,fbs,Sun Belt,30.0,"[7, 17, 3, 3]",0.0162587761878967,1287.0,1274.0,5.735549721200934,44206.0,True,False,Orlando,FL,32816.0,US,America/New_York,28.6079765,-81.1927233,20.94113731,2007.0,2026-09-19,25.7,0.4,5.3,,,True,False,False,False,False
401869948,2026,3,2026-09-19T23:00:00.000Z,False,False,False,,3662,AmFirst Stadium,55,Jacksonville State,Conference USA,31.0,"[0, 10, 7, 14]",0.9172762632369996,1426.0,1427.0,290,Georgia Southern,fbs,Sun Belt,27.0,"[3, 21, 3, 0]",0.0827237367630004,1359.0,1358.0,5.231225171281374,24000.0,False,False,Jacksonville,AL,36265.0,US,America/Chicago,33.8201052,-85.76647,198.0679016,1947.0,2026-09-19,26.1,0.2,8.3,,,True,False,False,False,False
401858452,2026,3,2026-09-19T23:15:00.000Z,False,False,False,,3834,"Memorial Stadium (Lincoln, NE)",158,Nebraska,Big Ten,34.0,"[14, 3, 7, 10]",0.9894856214523317,1715.0,1715.0,155,North Dakota,fcs,MVFC,7.0,"[0, 0, 7, 0]",0.0105143785476684,1480.0,1472.0,1.859135207140717,85458.0,False,False,Lincoln,NE,68588.0,US,America/Chicago,40.820682,-96.705594,354.9318848,1923.0,2026-09-19,23.7,0.0,12.4,,,True,False,False,True,False
401858459,2026,3,2026-09-19T23:15:00.000Z,False,False,False,,3765,Husky Stadium,264,Washington,Big Ten,48.0,"[14, 17, 7, 10]",0.9898290038108826,1752.0,1752.0,331,Eastern Washington,fcs,Big Sky,16.0,"[3, 7, 3, 3]",0.0101709961891174,1480.0,1472.0,3.1874741790894,70138.0,False,False,Seattle,WA,98195.0,US,America/Los_Angeles,47.6503235,-122.3015746,11.65622807,1920.0,2026-09-19,17.5,0.0,3.3,,,True,False,False,True,False
401856802,2026,3,2026-09-19T23:30:00.000Z,False,True,False,,3628,Bank of America Stadium,258,Virginia,ACC,27.0,"[14, 0, 7, 6]",0.0312286913394927,1655.0,1612.0,277,West Virginia,fbs,Big 12,38.0,"[7, 14, 7, 10]",0.9687713086605072,1365.0,1408.0,6.0148190025336605,73778.0,True,False,Charlotte,NC,28202.0,US,America/New_York,35.225833,-80.852778,220.8777466,1996.0,2026-09-19,29.7,0.0,8.4,,,True,False,False,False,False
401858232,2026,3,2026-09-19T23:30:00.000Z,False,False,False,,3665,SECU Stadium,120,Maryland,Big Ten,26.0,"[0, 14, 0, 12]",0.0375090613961219,1495.0,1474.0,259,Virginia Tech,fbs,ACC,35.0,"[7, 20, 8, 0]",0.962490938603878,1468.0,1489.0,4.1187773296057335,51802.0,False,False,College Park,MD,20742.0,US,America/New_York,38.9903332,-76.9473792,32.68748093,1950.0,2026-09-19,23.3,0.0,9.8,,,True,False,False,False,False
401856796,2026,3,2026-09-19T23:30:00.000Z,False,False,False,,5960,Lanny and Sharon Martin Stadium,77,Northwestern,Big Ten,41.0,"[7, 14, 14, 6]",0.9932442307472228,1549.0,1625.0,38,Colorado,fbs,Big 12,7.0,"[0, 0, 7, 0]",0.0067557692527771,1406.0,1330.0,2.6936814550593233,12023.0,False,False,Evanston,IL,60208.0,US,America/Chicago,42.058246,-87.670876,179.0,1997.0,2026-09-19,19.9,5.1,6.6,,,True,False,False,False,False
401858453,2026,3,2026-09-19T23:30:00.000Z,False,False,False,,3855,Notre Dame Stadium,87,Notre Dame,FBS Independents,27.0,"[10, 7, 3, 7]",0.9938645958900452,2070.0,2061.0,127,Michigan State,fbs,Big Ten,10.0,"[0, 10, 0, 0]",0.0061354041099548,1528.0,1537.0,2.726436174502571,80795.0,False,False,Notre Dame,IN,46556.0,US,America/Indiana/Indianapolis,41.698378,-86.2339425,222.645401,1930.0,2026-09-19,22.0,0.0,1.1,,,True,False,False,False,False
401856795,2026,3,2026-09-19T23:30:00.000Z,False,False,False,,5388,Canvas Stadium,36,Colorado State,Pac-12,23.0,"[7, 0, 0, 16]",0.0,1336.0,1327.0,252,BYU,fbs,Big 12,41.0,"[21, 10, 7, 3]",1.0,1683.0,1692.0,3.8666532735004537,36500.0,False,False,Fort Collins,CO,80521.0,US,America/Denver,40.570015,-105.088435,1528.4,2017.0,2026-09-19,23.1,0.1,5.8,,,True,False,False,False,False
401856690,2026,3,2026-09-19T23:30:00.000Z,False,False,False,,3835,"Memorial Stadium (Norman, OK)",201,Oklahoma,SEC,14.0,"[0, 7, 7, 0]",0.660073459148407,1783.0,1782.0,167,New Mexico,fbs,Mountain West,6.0,"[0, 6, 0, 0]",0.339926540851593,1558.0,1559.0,3.888959815772902,86112.0,True,False,Norman,OK,73019.0,US,America/Chicago,35.2058537,-97.4423145,355.0962524,1925.0,2026-09-19,33.7,0.0,12.4,,,True,False,False,False,False
401856688,2026,3,2026-09-19T23:30:00.000Z,False,False,True,,3974,Vaught-Hemingway Stadium,145,Ole Miss,SEC,32.0,"[10, 14, 0, 8]",0.1468684822320938,1851.0,1859.0,99,LSU,fbs,SEC,24.0,"[0, 7, 14, 3]",0.8531315177679062,1794.0,1786.0,4.662154542037517,64038.0,True,False,Oxford,MS,38677.0,US,America/Chicago,34.3619837,-89.5342076,146.8517151,1915.0,2026-09-19,33.9,0.0,2.8,,,True,False,False,False,False
401856692,2026,3,2026-09-19T23:45:00.000Z,False,False,False,,3853,Neyland Stadium,2633,Tennessee,SEC,42.0,"[15, 6, 14, 7]",0.9932624697685242,1729.0,1771.0,338,Kennesaw State,fbs,Conference USA,9.0,"[3, 0, 0, 6]",0.0067375302314758,1327.0,1285.0,1.9992992525092796,102455.0,True,False,Knoxville,TN,37996.0,US,America/New_York,35.9550131,-83.9250128,271.9517212,1921.0,2026-09-19,28.6,0.0,11.5,,,True,False,False,False,False
401856799,2026,3,2026-09-20T00:00:00.000Z,False,False,False,,3616,Amon G. Carter Stadium,2628,TCU,Big 12,31.0,"[7, 7, 7, 10]",1.0,1595.0,1629.0,2032,Arkansas State,fbs,Sun Belt,7.0,"[0, 7, 0, 0]",0.0,1353.0,1319.0,3.1451508269075092,46000.0,True,False,Fort Worth,TX,76129.0,US,America/Chicago,32.7096604,-97.3680835,185.4387054,1929.0,2026-09-20,34.7,0.0,9.4,,,True,False,False,False,False
401856693,2026,3,2026-09-20T00:00:00.000Z,False,False,False,,3910,DKR-Texas Memorial Stadium,251,Texas,SEC,30.0,"[10, 10, 3, 7]",0.9641265273094176,1916.0,1935.0,2636,UTSA,fbs,American Athletic,6.0,"[3, 0, 3, 0]",0.0358734726905822,1525.0,1506.0,2.120834864199118,100119.0,False,False,Austin,TX,78712.0,US,America/Chicago,30.2836813,-97.7325345,160.3089447,1924.0,2026-09-20,33.7,0.0,10.8,,,True,False,False,False,False
401862776,2026,3,2026-09-20T00:00:00.000Z,False,False,False,,3666,Cajun Field,309,Louisiana,Sun Belt,21.0,"[7, 14, 0, 0]",0.9404008984565736,1387.0,1397.0,5,UAB,fbs,American Athletic,14.0,"[0, 7, 0, 7]",0.0595991015434265,1403.0,1393.0,3.4527354029997275,41426.0,False,False,Lafayette,LA,70506.0,US,America/Chicago,30.2158434,-92.0417371,3.556508303,1971.0,2026-09-20,30.9,0.0,9.8,,,True,False,False,False,False
401862775,2026,3,2026-09-20T00:00:00.000Z,False,False,False,,3674,Chapman Stadium,202,Tulsa,American Athletic,42.0,"[7, 7, 14, 14]",0.9883432984352112,1277.0,1277.0,2837,East Texas A&M,fcs,Southland,0.0,"[0, 0, 0, 0]",0.0116567015647888,1480.0,1472.0,2.2230052365386244,30000.0,False,False,Tulsa,OK,74194.0,US,America/Chicago,36.1489175,-95.9437853,235.5928345,1930.0,2026-09-20,34.6,0.0,13.4,,,True,False,False,True,False
401860885,2026,3,2026-09-20T02:00:00.000Z,False,False,False,,3653,Albertsons Stadium,68,Boise State,Pac-12,38.0,"[7, 14, 3, 14]",0.9551956653594972,1606.0,1606.0,233,South Dakota,fcs,MVFC,24.0,"[7, 7, 7, 3]",0.0448043346405029,1480.0,1472.0,5.709640287937467,36387.0,False,False,Boise,ID,83725.0,US,America/Boise,43.6028839,-116.1958882,823.2221069,1970.0,2026-09-20,19.6,0.0,4.5,,,True,False,False,True,False
401860887,2026,3,2026-09-20T02:00:00.000Z,False,False,False,,7311,Snapdragon Stadium,21,San Diego State,Pac-12,13.0,"[0, 0, 7, 6]",0.0090893283486366,1469.0,1468.0,256,James Madison,fbs,Sun Belt,26.0,"[10, 9, 0, 7]",0.9909106716513634,1776.0,1777.0,4.566228542357562,35000.0,True,False,San Diego,CA,92093.0,US,America/Los_Angeles,32.784444,-117.122833,62.0,2022.0,2026-09-20,21.0,0.0,8.1,,,True,False,False,False,False
401864507,2026,3,2026-09-20T02:30:00.000Z,False,False,False,,3757,Hornet Stadium,16,Sacramento State,Mid-American,10.0,"[0, 3, 0, 7]",0.1186577677726745,1324.0,1297.0,2449,North Dakota State,fbs,Mountain West,31.0,"[21, 7, 0, 3]",0.8813422322273254,1567.0,1594.0,4.201292419504139,21195.0,False,False,Sacramento,CA,95819.0,US,America/Los_Angeles,38.5556718,-121.4229607,12.30015659,1969.0,2026-09-20,28.5,0.0,5.8,,,True,False,False,False,False
401856793,2026,3,2026-09-20T02:30:00.000Z,False,False,False,,3619,Arizona Stadium,12,Arizona,Big 12,42.0,"[7, 21, 7, 7]",0.9791824221611024,1608.0,1634.0,2459,Northern Illinois,fbs,Mountain West,17.0,"[10, 0, 0, 7]",0.0208175778388977,1266.0,1240.0,3.8379336626917135,50782.0,False,False,Tucson,AZ,85721.0,US,America/Phoenix,32.2288054,-110.9488677,742.1530151,1928.0,2026-09-20,31.6,0.0,3.3,,,True,False,False,False,False
401860886,2026,3,2026-09-20T03:00:00.000Z,False,False,False,,3893,Reser Stadium,204,Oregon State,Pac-12,52.0,"[14, 21, 7, 10]",0.9868937730789183,1259.0,1259.0,149,Montana,fcs,Big Sky,17.0,"[0, 3, 7, 7]",0.0131062269210815,1480.0,1472.0,2.5196248513888295,43363.0,False,False,Corvallis,OR,97331.0,US,America/Los_Angeles,44.5594559,-123.2814341,66.90744781,1953.0,2026-09-20,16.7,0.0,5.6,,,True,False,False,True,False
401858458,2026,3,2026-09-20T03:00:00.000Z,False,False,True,,1056,Rose Bowl,26,UCLA,Big Ten,52.0,"[21, 3, 14, 14]",0.8728534579277039,1487.0,1502.0,2509,Purdue,fbs,Big Ten,38.0,"[7, 14, 10, 7]",0.1271465420722961,1326.0,1311.0,5.646131474311363,88565.0,True,False,Pasadena,CA,90095.0,US,America/Los_Angeles,34.1613284,-118.1676462,245.1772461,1922.0,2026-09-20,21.4,0.0,6.2,,,True,False,False,False,False
401860888,2026,3,2026-09-20T03:00:00.000Z,False,False,False,,3935,CEFCU Stadium,23,San José State,Mountain West,10.0,"[3, 0, 0, 7]",0.0,1413.0,1393.0,278,Fresno State,fbs,Pac-12,26.0,"[0, 6, 7, 13]",1.0,1591.0,1611.0,5.372592252759031,30456.0,False,False,San Jose,CA,95112.0,US,America/Los_Angeles,37.3196675,-121.8682962,28.30708694,1933.0,2026-09-20,19.1,0.0,6.5,,,True,False,False,False,False
