id,season,week,seasonType,startDate,startTimeTBD,completed,neutralSite,conferenceGame,attendance,venueId,venue,homeId,homeTeam,homeClassification,homeConference,homePoints,homeLineScores,homePostgameWinProbability,homePregameElo,homePostgameElo,awayId,awayTeam,awayClassification,awayConference,awayPoints,awayLineScores,awayPostgameWinProbability,awayPregameElo,awayPostgameElo,excitementIndex,highlights,notes,playoff,id_venue,name,capacity,grass,dome,city,state,zip,countryCode,timezone,latitude,longitude,elevation,constructionYear,game_date,temperature_c,precip_mm,windspeed_kmh,attendance_pct,high_attendance,flag_missing_attendance,flag_missing_capacity
401635525,2024,1,regular,2024-08-24T16:00:00.000Z,False,True,True,True,47998.0,3504,Aviva Stadium,59,Georgia Tech,fbs,ACC,24.0,"[7, 7, 0, 10]",0.9345302581787109,1497.0,1513.0,52,Florida State,fbs,ACC,21.0,"[8, 6, 0, 7]",0.06546974182128906,1692.0,1676.0,4.952562146005351,,Aer Lingus College Football Classic,,3504,Aviva Stadium,51700.0,True,False,Dublin,,,IE,Europe/Dublin,53.33523,-6.228447,2.264276505,2010.0,2024-08-24,17.1,0.0,22.8,0.928394584139265,,False,False
401643697,2024,1,regular,2024-08-24T20:00:00.000Z,False,True,False,False,17314.0,3971,University Stadium (NM),167,New Mexico,fbs,Mountain West,31.0,"[10, 14, 7, 0]",0.5594903230667114,1234.0,1234.0,147,Montana State,fcs,Big Sky,35.0,"[0, 14, 0, 21]",0.4405096769332886,,,5.319334519577319,,,,3971,University Stadium (NM),39224.0,False,False,Albuquerque,NM,87131,US,America/Denver,35.0669479,-106.6283225,1554.471924,1960.0,2024-08-24,30.6,0.0,2.6,0.4414134203548848,0,False,False
401643696,2024,1,regular,2024-08-25T00:00:00.000Z,False,True,False,False,20263.0,3816,Mackay Stadium,2440,Nevada,fbs,Mountain West,24.0,"[7, 10, 7, 0]",0.07378165423870087,1222.0,1243.0,2567,SMU,fbs,ACC,29.0,"[0, 10, 3, 16]",0.9262183457612991,1690.0,1669.0,5.96225907281757,,,,3816,Mackay Stadium,27000.0,False,False,Reno,NV,89557,US,America/Los_Angeles,39.5469459,-119.8175435,1406.57605,1966.0,2024-08-25,15.1,0.0,11.7,0.7504814814814815,0,False,False
401643858,2024,1,regular,2024-08-25T03:59:00.000Z,False,True,False,False,12206.0,7220,Clarence T.C. Ching Athletics Complex,62,Hawai'i,fbs,Mountain West,35.0,"[14, 0, 7, 14]",0.9564689570884497,1227.0,1227.0,2169,Delaware State,fcs,MEAC,14.0,"[0, 7, 7, 0]",0.0435310429115503,,,5.224356278,,,,7220,Clarence T.C. Ching Athletics Complex,15194.0,False,False,Honolulu,HI,96822,US,Pacific/Honolulu,21.294294,-157.819338,20,2015.0,2024-08-25,26.8,0.1,33.0,0.8033434250361985,0,False,False
401628458,2024,1,regular,2024-08-29T22:00:00.000Z,False,True,False,False,47803.0,6577,SHI Stadium,164,Rutgers,fbs,Big Ten,44.0,"[7, 10, 14, 13]",0.9901049137115479,1460.0,1460.0,47,Howard,fcs,MEAC,7.0,"[0, 7, 0, 0]",0.009895086288452148,,,2.843802521321338,,,,6577,SHI Stadium,52454.0,False,False,Piscataway,NJ,08854,US,America/New_York,40.513611,-74.465278,19,1994.0,2024-08-29,23.4,0.0,16.1,0.9113318336065886,1,False,False
401644727,2024,1,regular,2024-08-29T23:00:00.000Z,False,True,False,False,16400.0,3965,UB Stadium,2084,Buffalo,fbs,Mid-American,30.0,"[13, 3, 7, 7]",0.981427013874054,1357.0,1357.0,322,Lafayette,fcs,Patriot,13.0,"[0, 0, 6, 7]",0.018572986125946045,,,2.959181739704556,,,,3965,UB Stadium,30270.0,False,False,Amherst,NY,14260,US,America/New_York,42.9991334,-78.7775113,181.5759735,1993.0,2024-08-29,21.9,0.0,11.5,0.5417905517013545,0,False,False
401644730,2024,1,regular,2024-08-29T23:00:00.000Z,False,True,False,False,18055.0,3786,Kelly/Shorts Stadium,2117,Central Michigan,fbs,Mid-American,66.0,"[14, 28, 24, 0]",0.8601021766662598,1333.0,1333.0,2115,Central Connecticut,fcs,NEC,10.0,"[7, 0, 3, 0]",0.13989782333374023,,,2.5520731835134005,,,,3786,Kelly/Shorts Stadium,30255.0,False,False,Mount Pleasant,MI,48859,US,America/Detroit,43.5777313,-84.7709904,240.9007721,1972.0,2024-08-29,25.1,0.0,4.0,0.5967608659725665,0,False,False
401644729,2024,1,regular,2024-08-29T23:00:00.000Z,False,True,False,False,12786.0,3700,Doyt L. Perry Stadium,189,Bowling Green,fbs,Mid-American,41.0,"[20, 7, 7, 7]",0.8227765560150146,1431.0,1431.0,2230,Fordham,fcs,Patriot,17.0,"[0, 3, 7, 7]",0.17722344398498535,,,2.0955176328791945,,,,3700,Doyt L. Perry Stadium,24000.0,False,False,Bowling Green,OH,43403,US,America/New_York,41.3780114,-83.6225,205.9057465,1966.0,2024-08-29,27.1,0.0,13.8,0.53275,0,False,False
401634299,2024,1,regular,2024-08-29T23:00:00.000Z,False,True,False,False,56919.0,3670,Carter-Finley Stadium,152,NC State,fbs,ACC,38.0,"[7, 7, 3, 21]",0.9725978970527649,1606.0,1606.0,2717,Western Carolina,fcs,Southern,21.0,"[14, 0, 7, 0]",0.027402102947235107,,,7.864829086653119,,,,3670,Carter-Finley Stadium,58000.0,True,False,Raleigh,NC,27695,US,America/New_York,35.8008001,-78.7195655,117.0089951,1966.0,2024-08-29,30.7,0.0,4.7,0.9813620689655173,1,False,False
401628582,2024,1,regular,2024-08-29T23:00:00.000Z,False,True,False,False,44206.0,3652,FBC Mortgage Stadium,2116,UCF,fbs,Big 12,57.0,"[6, 23, 28, 0]",1.0,1578.0,1578.0,160,New Hampshire,fcs,Coastal Athletic,3.0,"[0, 3, 0, 0]",0.0,,,2.317428368851348,,,,3652,FBC Mortgage Stadium,44206.0,True,False,Orlando,FL,32816,US,America/New_York,28.6079765,-81.1927233,20.94113731,2007.0,2024-08-29,28.4,0.0,8.0,1.0,1,False,False
401628581,2024,1,regular,2024-08-29T23:00:00.000Z,False,True,False,False,29450.0,3630,Allegacy Federal Credit Union Stadium,154,Wake Forest,fbs,ACC,45.0,"[7, 10, 21, 7]",0.982387900352478,1431.0,1431.0,2448,North Carolina A&T,fcs,Coastal Athletic,13.0,"[7, 3, 0, 3]",0.017612099647521973,,,3.697231428764851,,,,3630,Allegacy Federal Credit Union Stadium,31500.0,False,False,Winston-Salem,NC,27105,US,America/New_York,36.1305507,-80.2545851,283.548584,1968.0,2024-08-29,29.1,0.0,12.0,0.9349206349206349,1,False,False
401636387,2024,1,regular,2024-08-29T23:00:00.000Z,False,True,False,False,11145.0,3817,Malone Stadium,2433,UL Monroe,fbs,Sun Belt,30.0,"[7, 7, 7, 9]",0.9698949195350997,1156.0,1156.0,2296,Jackson State,fcs,SWAC,14.0,"[0, 7, 7, 0]",0.030105080464900347,,,6.4645770987,,,,3817,Malone Stadium,27617.0,False,False,Monroe,LA,71209,US,America/Chicago,32.5308089,-92.0660602,22.998209,1978.0,2024-08-29,28.3,0.1,5.5,0.40355578085961546,0,False,False
401644728,2024,1,regular,2024-08-29T23:30:00.000Z,False,True,False,False,23515.0,3739,Glass Bowl,2649,Toledo,fbs,Mid-American,49.0,"[21, 7, 14, 7]",0.978938102722168,1526.0,1526.0,2184,Duquesne,fcs,NEC,10.0,"[7, 3, 0, 0]",0.02106189727783203,,,3.0303738346295788,,,,3739,Glass Bowl,26038.0,False,False,Toledo,OH,43606,US,America/New_York,41.6574777,-83.6135652,181.4839783,1937.0,2024-08-29,24.5,0.0,13.2,0.9031031569244949,1,False,False
401628320,2024,1,regular,2024-08-29T23:30:00.000Z,False,True,True,False,40127.0,3983,War Memorial Stadium (AR),8,Arkansas,fbs,SEC,70.0,"[28, 21, 7, 14]",0.9989700310726486,1454.0,1454.0,2029,Arkansas-Pine Bluff,fcs,SWAC,0.0,"[0, 0, 0, 0]",0.00102996892735141,,,2.5735528941,,,,3983,War Memorial Stadium (AR),54120.0,False,False,Little Rock,AR,72205,US,America/Chicago,34.749848,-92.330127,112.1398163,1948.0,2024-08-29,32.0,0.0,9.7,0.7414449371766445,,False,False
401645316,2024,1,regular,2024-08-30T00:00:00.000Z,False,True,False,False,21267.0,7221,Protective Stadium,5,UAB,fbs,American Athletic,41.0,"[14, 14, 3, 10]",0.9941887855529785,1363.0,1363.0,2016,Alcorn State,fcs,SWAC,3.0,"[3, 0, 0, 0]",0.005811214447021484,,,2.457954599383663,,,,7221,Protective Stadium,45000.0,False,False,Birmingham,AL,35203,US,America/Chicago,33.5206824,-86.8024326,187,2021.0,2024-08-30,29.5,0.0,8.6,0.4726,0,False,False
401628327,2024,1,regular,2024-08-30T00:00:00.000Z,False,True,False,False,62621.0,3838,Memorial Stadium,142,Missouri,fbs,SEC,51.0,"[28, 7, 10, 6]",0.9774129390716553,1744.0,1744.0,93,Murray State,fcs,MVFC,0.0,"[0, 0, 0, 0]",0.022587060928344727,,,1.712941538765301,,,,3838,Memorial Stadium,71168.0,False,False,Columbia,MO,65211,US,America/Chicago,38.9358491,-92.3332009,212.6865692,1927.0,2024-08-30,29.0,0.0,2.9,0.8799038893884892,0,False,False
401645318,2024,1,regular,2024-08-30T00:00:00.000Z,False,True,False,False,16483.0,3674,Chapman Stadium,202,Tulsa,fbs,American Athletic,62.0,"[14, 27, 7, 14]",0.9918601512908936,1248.0,1248.0,2466,Northwestern State,fcs,Southland,28.0,"[14, 0, 0, 14]",0.008139848709106445,,,3.903791429464651,,,,3674,Chapman Stadium,30000.0,False,False,Tulsa,OK,74194,US,America/Chicago,36.1489175,-95.9437853,235.5928345,1930.0,2024-08-30,32.9,0.0,11.1,0.5494333333333333,0,False,False
401645317,2024,1,regular,2024-08-30T00:00:00.000Z,False,True,False,False,20143.0,4729,Yulman Stadium,2655,Tulane,fbs,American Athletic,52.0,"[7, 14, 14, 17]",0.9875071048736572,1565.0,1565.0,2545,SE Louisiana,fcs,Southland,0.0,"[0, 0, 0, 0]",0.012492895126342773,,,2.15213815031093,,,,4729,Yulman Stadium,30000.0,False,False,New Orleans,LA,70118,US,America/Chicago,29.944616,-90.116692,0.0000000000000000000000000000000000000118,2014.0,2024-08-30,25.9,0.1,11.6,0.6714333333333333,0,False,False
401628448,2024,1,regular,2024-08-30T00:00:00.000Z,False,True,False,False,50805.0,3953,Huntington Bank Stadium,135,Minnesota,fbs,Big Ten,17.0,"[0, 14, 0, 3]",0.9122595191001892,1492.0,1492.0,153,North Carolina,fbs,ACC,19.0,"[0, 7, 6, 6]",0.08774048089981079,1546.0,1546.0,5.521270141362677,,,,3953,Huntington Bank Stadium,50850.0,False,False,Minneapolis,MN,55488,US,America/Chicago,44.976525,-93.2245462,254.3902283,2009.0,2024-08-30,23.1,0.6,16.1,0.9991150442477876,1,False,False
401640998,2024,1,regular,2024-08-30T00:00:00.000Z,False,True,False,False,18977.0,3662,AmFirst Stadium,55,Jacksonville State,fbs,Conference USA,27.0,"[3, 7, 0, 17]",0.0,1538.0,1449.0,324,Coastal Carolina,fbs,Sun Belt,55.0,"[17, 14, 10, 14]",1.0,1448.0,1537.0,2.6124580530927535,,,,3662,AmFirst Stadium,24000.0,False,False,Jacksonville,AL,36265,US,America/Chicago,33.8201052,-85.76647,198.0679016,1947.0,2024-08-30,29.0,0.0,6.2,0.7907083333333333,0,False,False
401636606,2024,1,regular,2024-08-30T00:00:00.000Z,False,True,True,False,20829.0,3486,Children's Mercy Park,2305,Kansas,fbs,Big 12,48.0,"[7, 27, 7, 7]",0.998935341835022,1619.0,1619.0,2815,Lindenwood,fcs,Big South-OVC,3.0,"[0, 0, 0, 3]",0.0010646581649780273,,,2.5591263641735407,,,,3486,Children's Mercy Park,18467.0,True,False,Kansas City,KS,66111,US,America/Chicago,39.121768,-94.823198,300.8,2011.0,2024-08-30,30.5,0.0,6.4,1.1279038284507499,,False,False
401634206,2024,1,regular,2024-08-30T00:00:00.000Z,False,True,False,False,49438.0,3726,Folsom Field,38,Colorado,fbs,Big 12,31.0,"[14, 3, 7, 7]",0.35244855284690857,1324.0,1324.0,2449,North Dakota State,fcs,MVFC,26.0,"[10, 10, 0, 6]",0.6475514471530914,,,5.152339932073766,,,,3726,Folsom Field,50183.0,True,False,Boulder,CO,80309,US,America/Denver,40.0094746,-105.266905,1634.041138,1924.0,2024-08-30,26.4,0.0,14.5,0.9851543351334117,1,False,False
401636607,2024,1,regular,2024-08-30T01:00:00.000Z,False,True,False,False,52210.0,587,Rice-Eccles Stadium,254,Utah,fbs,Big 12,49.0,"[7, 28, 7, 7]",0.9919071197509766,1622.0,1622.0,253,Southern Utah,fcs,UAC,0.0,"[0, 0, 0, 0]",0.008092880249023438,,,1.8134759040786974,,,,587,Rice-Eccles Stadium,51444.0,False,False,Salt Lake City,UT,84112,US,America/Denver,40.7599724,-111.8488255,1411.543579,1998.0,2024-08-30,23.7,0.0,7.1,1.014889977451209,1,False,False
401654845,2024,1,regular,2024-08-30T01:00:00.000Z,False,True,False,False,43849.0,3832,"Memorial Stadium (Champaign, IL)",356,Illinois,fbs,Big Ten,45.0,"[14, 17, 7, 7]",0.9923451542854309,1502.0,1502.0,2197,Eastern Illinois,fcs,Big South-OVC,0.0,"[0, 0, 0, 0]",0.007654845714569092,,,2.4551539303536507,,,,3832,"Memorial Stadium (Champaign, IL)",60670.0,False,False,Champaign,IL,61820,US,America/Chicago,40.0993268,-88.2359569,223.2471619,1923.0,2024-08-30,27.1,0.0,9.6,0.72274600296687,0,False,False
401643698,2024,1,regular,2024-08-30T02:00:00.000Z,False,True,False,False,13811.0,3935,CEFCU Stadium,23,San José State,fbs,Mountain West,42.0,"[7, 7, 7, 21]",0.9956003427505493,1544.0,1544.0,16,Sacramento State,fcs,Big Sky,24.0,"[14, 3, 7, 0]",0.004399657249450684,,,6.442913215712913,,,,3935,CEFCU Stadium,30456.0,False,False,San Jose,CA,95112,US,America/Los_Angeles,37.3196675,-121.8682962,28.30708694,1933.0,2024-08-30,22.6,0.0,14.7,0.45347386393485684,0,False,False
401645319,2024,1,regular,2024-08-30T22:00:00.000Z,False,True,False,False,23760.0,3841,Michie Stadium,349,Army,fbs,American Athletic,42.0,"[7, 14, 7, 14]",0.9542645215988159,1425.0,1425.0,2329,Lehigh,fcs,Patriot,7.0,"[7, 0, 0, 0]",0.04573547840118408,,,2.3715897160909445,,,,3841,Michie Stadium,38000.0,False,False,West Point,NY,10996,US,America/New_York,41.3874924,-73.9640891,99.21277618,1924.0,2024-08-30,21.2,0.0,8.7,0.6252631578947369,0,False,False
401628453,2024,1,regular,2024-08-30T23:00:00.000Z,False,True,False,False,70271.0,3936,Spartan Stadium,127,Michigan State,fbs,Big Ten,16.0,"[2, 14, 0, 0]",0.8807753324508667,1392.0,1401.0,2226,Florida Atlantic,fbs,American Athletic,10.0,"[0, 3, 7, 0]",0.1192246675491333,1422.0,1413.0,3.9106104302508538,,,,3936,Spartan Stadium,75005.0,True,False,East Lansing,MI,48824,US,America/Detroit,42.7281474,-84.4848526,254.8794861,1923.0,2024-08-30,27.3,0.0,10.0,0.9368842077194853,1,False,False
401628328,2024,1,regular,2024-08-30T23:00:00.000Z,False,True,False,False,83329.0,3835,"Memorial Stadium (Norman, OK)",201,Oklahoma,fbs,SEC,51.0,"[17, 17, 3, 14]",0.9779277443885803,1786.0,1849.0,218,Temple,fbs,American Athletic,3.0,"[0, 0, 3, 0]",0.022072255611419678,1178.0,1115.0,2.0425201022360624,,,,3835,"Memorial Stadium (Norman, OK)",86112.0,True,False,Norman,OK,73019,US,America/Chicago,35.2058537,-97.4423145,355.0962524,1925.0,2024-08-30,30.0,0.0,12.1,0.9676816239316239,1,False,False
401628584,2024,1,regular,2024-08-30T23:30:00.000Z,False,True,False,False,18466.0,3982,Wallace Wade Stadium,150,Duke,fbs,ACC,26.0,"[3, 7, 9, 7]",0.5600078105926514,1602.0,1602.0,2210,Elon,fcs,Coastal Athletic,3.0,"[0, 0, 0, 3]",0.43999218940734863,,,3.2282799740134647,,,,3982,Wallace Wade Stadium,40004.0,True,False,Durham,NC,27708,US,America/New_York,35.9953688,-78.9417564,103.0028152,1929.0,2024-08-30,27.2,0.0,4.7,0.4616038396160384,0,False,False
401628461,2024,1,regular,2024-08-31T01:00:00.000Z,False,True,False,False,75158.0,347,Camp Randall Stadium,275,Wisconsin,fbs,Big Ten,28.0,"[0, 10, 3, 15]",0.9123791456222534,1587.0,1593.0,2711,Western Michigan,fbs,Mid-American,14.0,"[0, 7, 0, 7]",0.08762085437774658,1315.0,1309.0,4.26093839948511,,,,347,Camp Randall Stadium,80321.0,False,False,Madison,WI,53711,US,America/Chicago,43.06994,-89.4126943,263.604126,1917.0,2024-08-31,20.4,0.0,7.8,0.9357204218074974,1,False,False
401634300,2024,1,regular,2024-08-31T02:30:00.000Z,False,True,False,False,36026.0,3940,Stanford Stadium,24,Stanford,fbs,ACC,27.0,"[7, 10, 0, 10]",0.03356953710317612,1286.0,1295.0,2628,TCU,fbs,Big 12,34.0,"[7, 3, 10, 14]",0.9664304628968239,1587.0,1578.0,7.363318406375972,,,,3940,Stanford Stadium,50424.0,True,False,Stanford,CA,94305,US,America/Los_Angeles,37.4345556,-122.1611271,18.38425636,2006.0,2024-08-31,22.2,0.0,6.3,0.7144613676027288,0,False,False
401643703,2024,1,regular,2024-08-31T04:00:00.000Z,True,True,False,False,17037.0,3905,Maverik Stadium,328,Utah State,fbs,Mountain West,36.0,"[7, 3, 10, 16]",0.9518612027168274,1346.0,1346.0,2523,Robert Morris,fcs,NEC,14.0,"[0, 14, 0, 0]",0.04813879728317261,,,6.101459371659212,,,,3905,Maverik Stadium,25513.0,False,False,Logan,UT,84322,US,America/Denver,41.7517394,-111.8116007,1427.914429,1968.0,2024-08-31,17.5,0.0,5.6,0.6677772116176067,0,False,False
401628450,2024,1,regular,2024-08-31T16:00:00.000Z,False,True,False,False,69250.0,3793,Kinnick Stadium,2294,Iowa,fbs,Big Ten,40.0,"[3, 3, 13, 21]",1.0,1550.0,1550.0,2287,Illinois State,fcs,MVFC,0.0,"[0, 0, 0, 0]",0.0,,,2.793911585006647,,,,3793,Kinnick Stadium,69250.0,False,False,Iowa City,IA,52242,US,America/Chicago,41.6586045,-91.5510829,220.6357727,1929.0,2024-08-31,24.0,0.0,6.5,1.0,1,False,False
401628451,2024,1,regular,2024-08-31T16:00:00.000Z,False,True,False,False,35421.0,3665,SECU Stadium,120,Maryland,fbs,Big Ten,50.0,"[14, 9, 13, 14]",0.9924694895744324,1630.0,1703.0,41,UConn,fbs,FBS Independents,7.0,"[0, 0, 7, 0]",0.007530510425567627,1230.0,1157.0,2.404775825788813,,,,3665,SECU Stadium,51802.0,False,False,College Park,MD,20742,US,America/New_York,38.9903332,-76.9473792,32.68748093,1950.0,2024-08-31,24.9,0.1,8.9,0.6837766881587584,0,False,False
401645322,2024,1,regular,2024-08-31T16:00:00.000Z,False,True,False,False,28763.0,3852,Navy-Marine Corps Memorial Stadium,2426,Navy,fbs,American Athletic,49.0,"[6, 22, 7, 14]",0.9987257122993469,1368.0,1368.0,2083,Bucknell,fcs,Patriot,21.0,"[7, 0, 7, 7]",0.0012742877006530762,,,3.6932632596516344,,,,3852,Navy-Marine Corps Memorial Stadium,34000.0,False,False,Annapolis,MD,21402,US,America/New_York,38.9846985,-76.5076335,10.74990082,1959.0,2024-08-31,25.6,0.0,7.3,0.8459705882352941,0,False,False
401628323,2024,1,regular,2024-08-31T16:00:00.000Z,False,True,True,False,78827.0,5348,Mercedes-Benz Stadium,61,Georgia,fbs,SEC,34.0,"[0, 6, 14, 14]",0.980593204498291,2015.0,2066.0,228,Clemson,fbs,ACC,3.0,"[0, 0, 3, 0]",0.019406795501708984,1676.0,1625.0,2.8789609314034847,,Aflac Kickoff,,5348,Mercedes-Benz Stadium,75000.0,False,True,Atlanta,GA,30313,US,America/New_York,33.755578,-84.400881,307.9,2017.0,2024-08-31,31.0,0.0,5.6,1.0510266666666668,,False,False
401628457,2024,1,regular,2024-08-31T16:00:00.000Z,False,True,False,False,62084.0,3842,Milan Puskar Stadium,277,West Virginia,fbs,Big 12,12.0,"[0, 6, 0, 6]",0.0,1574.0,1546.0,213,Penn State,fbs,Big Ten,34.0,"[0, 20, 7, 7]",1.0,1833.0,1861.0,3.7351041653868955,,,,3842,Milan Puskar Stadium,60000.0,False,False,Morgantown,WV,26507,US,America/New_York,39.6502744,-79.9551873,327.409668,1980.0,2024-08-31,25.8,0.0,4.8,1.0347333333333333,1,False,False
401634305,2024,1,regular,2024-08-31T16:00:00.000Z,False,True,False,False,44616.0,3752,Acrisure Stadium,221,Pittsburgh,fbs,ACC,55.0,"[14, 14, 14, 13]",0.965776264667511,1436.0,1486.0,2309,Kent State,fbs,Mid-American,24.0,"[7, 7, 10, 0]",0.034223735332489014,1158.0,1108.0,3.4014438325652123,,,,3752,Acrisure Stadium,68400.0,True,False,Pittsburgh,PA,15260,US,America/New_York,40.4467648,-80.0157603,220.5887146,2001.0,2024-08-31,27.8,0.0,6.6,0.652280701754386,0,False,False
401634169,2024,1,regular,2024-08-31T16:00:00.000Z,False,True,False,False,59488.0,3907,Ross-Ade Stadium,2509,Purdue,fbs,Big Ten,49.0,"[7, 14, 14, 14]",0.9893006086349487,1492.0,1492.0,282,Indiana State,fcs,MVFC,0.0,"[0, 0, 0, 0]",0.01069939136505127,,,2.3671068601956624,,,,3907,Ross-Ade Stadium,57282.0,True,False,West Lafayette,IN,47907,US,America/Indiana/Indianapolis,40.4352253,-86.9186843,197.5337677,1924.0,2024-08-31,25.7,0.0,5.2,1.038511225166719,1,False,False
401628333,2024,1,regular,2024-08-31T16:00:00.000Z,False,True,False,False,,3973,FirstBank Stadium,238,Vanderbilt,fbs,SEC,34.0,"[3, 14, 3, 7, 7]",1.0,1284.0,1313.0,259,Virginia Tech,fbs,ACC,27.0,"[0, 3, 10, 14, 0]",0.0,1604.0,1575.0,6.107332935925761,,,,3973,FirstBank Stadium,40351.0,False,False,Nashville,TN,37212,US,America/Chicago,36.1440455,-86.8088942,159.9194641,1922.0,2024-08-31,29.4,0.0,1.9,,,True,False
401632062,2024,1,regular,2024-08-31T16:00:00.000Z,False,True,False,False,47067.0,3873,L&N Federal Credit Union Stadium,97,Louisville,fbs,ACC,62.0,"[10, 28, 21, 3]",0.9891191124916077,1625.0,1625.0,2046,Austin Peay,fcs,UAC,0.0,"[0, 0, 0, 0]",0.010880887508392334,,,1.8768843520273661,,,,3873,L&N Federal Credit Union Stadium,60000.0,False,False,Louisville,KY,40292,US,America/Kentucky/Louisville,38.2057621,-85.7588141,138.5615997,1998.0,2024-08-31,26.9,0.0,4.1,0.78445,0,False,False
401628330,2024,1,regular,2024-08-31T16:45:00.000Z,False,True,False,False,101915.0,3853,Neyland Stadium,2633,Tennessee,fbs,SEC,69.0,"[24, 21, 10, 14]",0.9840481877326965,1751.0,1751.0,236,Chattanooga,fcs,Southern,3.0,"[0, 0, 3, 0]",0.015951812267303467,,,2.0430216449479515,,,,3853,Neyland Stadium,102455.0,True,False,Knoxville,TN,37996,US,America/New_York,35.9550131,-83.9250128,271.9517212,1921.0,2024-08-31,30.4,0.0,4.8,0.994729393392221,1,False,False
401634212,2024,1,regular,2024-08-31T18:00:00.000Z,False,True,False,False,52202.0,3646,Boone Pickens Stadium,197,Oklahoma State,fbs,Big 12,44.0,"[10, 7, 21, 6]",0.9937065839767456,1522.0,1522.0,2571,South Dakota State,fcs,MVFC,20.0,"[0, 6, 7, 7]",0.0062934160232543945,,,2.9147172692536496,,,,3646,Boone Pickens Stadium,55509.0,False,False,Stillwater,OK,74078,US,America/Chicago,36.125673,-97.066513,276.4808655,1919.0,2024-08-31,29.2,0.2,10.5,0.9404240753751644,1,False,False
401628591,2024,1,regular,2024-08-31T18:30:00.000Z,False,True,False,False,37654.0,3854,Nippert Stadium,2132,Cincinnati,fbs,Big 12,38.0,"[21, 7, 10, 0]",0.9920116662979126,1394.0,1394.0,119,Towson,fcs,Coastal Athletic,20.0,"[3, 14, 3, 0]",0.007988333702087402,,,2.9961249219906474,,,,3854,Nippert Stadium,40000.0,False,False,Cincinnati,OH,45221,US,America/New_York,39.1312495,-84.5161913,230.0660553,1915.0,2024-08-31,26.4,3.3,6.4,0.94135,1,False,False
401637159,2024,1,regular,2024-08-31T19:00:00.000Z,False,True,False,False,20089.0,3820,Gesa Field,265,Washington State,fbs,Pac-12,70.0,"[22, 27, 14, 7]",0.9906681180000305,1530.0,1530.0,2502,Portland State,fcs,Big Sky,30.0,"[7, 10, 6, 7]",0.009331881999969482,,,2.983677029155857,,,,3820,Gesa Field,32952.0,False,False,Pullman,WA,99164,US,America/Los_Angeles,46.731831,-117.1604991,773.9526367,1972.0,2024-08-31,29.2,0.0,7.7,0.6096443311483369,0,False,False
401634197,2024,1,regular,2024-08-31T19:30:00.000Z,False,True,False,False,56148.0,3772,Jack Trice Stadium,66,Iowa State,fbs,Big 12,21.0,"[7, 7, 0, 7]",0.9792457818984985,1612.0,1612.0,155,North Dakota,fcs,MVFC,3.0,"[0, 3, 0, 0]",0.020754218101501465,,,2.7771316305979155,,,,3772,Jack Trice Stadium,61500.0,True,False,Ames,IA,50011,US,America/Chicago,42.0139977,-93.6357716,274.9135437,1975.0,2024-08-31,26.2,0.0,10.7,0.9129756097560976,1,False,False
401628454,2024,1,regular,2024-08-31T19:30:00.000Z,False,True,False,False,86072.0,3834,"Memorial Stadium (Lincoln, NE)",158,Nebraska,fbs,Big Ten,40.0,"[7, 23, 7, 3]",0.9538794159889221,1507.0,1571.0,2638,UTEP,fbs,Conference USA,7.0,"[7, 0, 0, 0]",0.04612058401107788,1296.0,1232.0,3.5714442090281193,,,,3834,"Memorial Stadium (Lincoln, NE)",85458.0,False,False,Lincoln,NE,68588,US,America/Chicago,40.820682,-96.705594,354.9318848,1923.0,2024-08-31,28.3,0.0,6.1,1.0071848159329728,1,False,False
401628322,2024,1,regular,2024-08-31T19:30:00.000Z,False,True,False,False,90544.0,3634,Ben Hill Griffin Stadium,57,Florida,fbs,SEC,17.0,"[3, 7, 0, 7]",0.008286379277706146,1562.0,1497.0,2390,Miami,fbs,ACC,41.0,"[7, 17, 14, 3]",0.9917136207222939,1553.0,1618.0,3.1975890118592023,,,,3634,Ben Hill Griffin Stadium,88548.0,True,False,Gainesville,FL,32653,US,America/New_York,29.6499357,-82.3485788,44.97250748,1930.0,2024-08-31,32.5,0.0,12.1,1.0225414464471247,1,False,False
401634133,2024,1,regular,2024-08-31T19:30:00.000Z,False,True,False,False,36232.0,3792,Kidd Brewer Stadium,2026,App State,fbs,Sun Belt,38.0,"[10, 7, 7, 14]",0.9833067655563354,1578.0,1578.0,2193,East Tennessee State,fcs,Southern,10.0,"[0, 7, 3, 0]",0.01669323444366455,,,3.2225527344981484,,,,3792,Kidd Brewer Stadium,30000.0,False,False,Boone,NC,28608,US,America/New_York,36.2114267,-81.6854278,991.3414307,1962.0,2024-08-31,23.3,0.6,6.9,1.2077333333333333,1,False,False
401628331,2024,1,regular,2024-08-31T19:30:00.000Z,False,True,False,False,99171.0,3910,DKR-Texas Memorial Stadium,251,Texas,fbs,SEC,52.0,"[7, 24, 14, 7]",0.9847278594970703,1850.0,1939.0,36,Colorado State,fbs,Mountain West,0.0,"[0, 0, 0, 0]",0.015272140502929688,1350.0,1261.0,1.9847637724366323,,,,3910,DKR-Texas Memorial Stadium,100119.0,False,False,Austin,TX,78712,US,America/Chicago,30.2836813,-97.7325345,160.3089447,1924.0,2024-08-31,32.4,0.0,15.6,0.9905312677913283,1,False,False
401641015,2024,1,regular,2024-08-31T19:30:00.000Z,False,True,False,False,25911.0,3604,Alamodome,2636,UTSA,fbs,American Athletic,28.0,"[14, 7, 0, 7]",0.9809761643409729,1598.0,1613.0,338,Kennesaw State,fbs,Conference USA,16.0,"[3, 3, 3, 7]",0.0190238356590271,1500.0,1485.0,4.051633624226645,,,,3604,Alamodome,36582.0,False,True,San Antonio,TX,78299,US,America/Chicago,29.4169834,-98.4788143,201.5526886,1993.0,2024-08-31,34.1,0.1,15.6,0.7082991635230441,0,False,False
401628455,2024,1,regular,2024-08-31T19:30:00.000Z,False,True,False,False,102011.0,3861,Ohio Stadium,194,Ohio State,fbs,Big Ten,52.0,"[7, 10, 21, 14]",0.9925321340560913,1876.0,1927.0,2006,Akron,fbs,Mid-American,6.0,"[3, 0, 3, 0]",0.007467865943908691,1212.0,1161.0,2.516653106939922,,,,3861,Ohio Stadium,102780.0,False,False,Columbus,OH,43210,US,America/New_York,40.0016447,-83.0197266,216.6770325,1922.0,2024-08-31,27.7,2.1,15.6,0.9925179996108192,1,False,False
401628449,2024,1,regular,2024-08-31T19:30:00.000Z,False,True,False,False,44150.0,3830,"Memorial Stadium (Bloomington, IN)",84,Indiana,fbs,Big Ten,31.0,"[14, 7, 3, 7]",0.9948592782020569,1395.0,1430.0,2229,Florida International,fbs,Conference USA,7.0,"[0, 7, 0, 0]",0.005140721797943115,1164.0,1129.0,2.3762521935476086,,,,3830,"Memorial Stadium (Bloomington, IN)",52656.0,False,False,Bloomington,IN,47408,US,America/Indiana/Indianapolis,39.1808959,-86.5256217,231.6500854,1960.0,2024-08-31,23.4,2.7,4.3,0.8384609541172896,0,False,False
401629039,2024,1,regular,2024-08-31T19:30:00.000Z,False,True,False,False,12810.0,3985,Warren McGuirk Alumni Stadium,113,Massachusetts,fbs,FBS Independents,14.0,"[0, 0, 7, 7]",0.051648177206516266,1141.0,1123.0,2199,Eastern Michigan,fbs,Mid-American,28.0,"[0, 14, 3, 11]",0.9483518227934837,1287.0,1305.0,4.213328917079542,,,,3985,Warren McGuirk Alumni Stadium,17000.0,False,False,Hadley,MA,1003 ,US,America/New_York,42.3773244,-72.5360595,46.58664703,1965.0,2024-08-31,24.9,0.0,14.6,0.7535294117647059,0,False,False
401634304,2024,1,regular,2024-08-31T19:30:00.000Z,False,True,False,False,37225.0,1964,JMA Wireless Dome,183,Syracuse,fbs,ACC,38.0,"[0, 17, 14, 7]",0.9857051968574524,1330.0,1383.0,195,Ohio,fbs,Mid-American,22.0,"[6, 3, 7, 6]",0.014294803142547607,1522.0,1469.0,3.7649885928754214,,,,1964,JMA Wireless Dome,49057.0,False,True,Syracuse,NY,13244,US,America/New_York,43.0362269,-76.1363161,162.6989746,1980.0,2024-08-31,26.4,0.0,12.8,0.7588111788327864,0,False,False
401644731,2024,1,regular,2024-08-31T19:30:00.000Z,False,True,False,False,10828.0,3764,Huskie Stadium,2459,Northern Illinois,fbs,Mid-American,54.0,"[6, 28, 13, 7]",0.9901735782623291,1446.0,1446.0,2710,Western Illinois,fcs,Big South-OVC,15.0,"[3, 0, 5, 7]",0.009826421737670898,,,2.6824886934792875,,,,3764,Huskie Stadium,23595.0,False,False,DeKalb,IL,60115,US,America/Chicago,41.9339586,-88.7778357,267.4530029,1965.0,2024-08-31,26.6,0.0,8.3,0.45891078618351344,0,False,False
401644683,2024,1,regular,2024-08-31T19:30:00.000Z,False,True,True,False,12023.0,5960,Lanny and Sharon Martin Stadium,77,Northwestern,fbs,Big Ten,13.0,"[3, 0, 7, 3]",0.5036942958831787,1498.0,1514.0,193,Miami (OH),fbs,Mid-American,6.0,"[3, 0, 0, 3]",0.4963057041168213,1506.0,1490.0,3.9585540485657753,,,,5960,Lanny and Sharon Martin Stadium,12023.0,False,False,Evanston,IL,60208,US,America/Chicago,42.058246,-87.670876,179,1997.0,2024-08-31,27.8,0.0,6.3,1.0,,False,False
401643699,2024,1,regular,2024-08-31T19:30:00.000Z,False,True,False,False,31658.0,3713,Falcon Stadium,2005,Air Force,fbs,Mountain West,21.0,"[7, 7, 0, 7]",0.9875192046165466,1572.0,1572.0,2771,Merrimack,fcs,FCS Independents,6.0,"[0, 0, 0, 6]",0.01248079538345337,,,3.0020065660070876,,,,3713,Falcon Stadium,46692.0,False,False,Colorado Springs,CO,80840,US,America/Denver,38.9969701,-104.8436165,2024.875732,1962.0,2024-08-31,27.7,0.0,6.0,0.6780176475627516,0,False,False
401643700,2024,1,regular,2024-08-31T20:00:00.000Z,False,True,False,False,24134.0,3608,Allen E. Paulson Stadium,290,Georgia Southern,fbs,Sun Belt,45.0,"[0, 16, 14, 15]",0.15358150005340576,1384.0,1381.0,68,Boise State,fbs,Mountain West,56.0,"[14, 14, 8, 20]",0.8464184999465942,1626.0,1629.0,6.415953292529481,,,,3608,Allen E. Paulson Stadium,25000.0,False,False,Statesboro,GA,30460,US,America/New_York,32.4122471,-81.7849296,61.25376892,1984.0,2024-08-31,33.0,0.0,10.0,0.96536,1,False,False
401628329,2024,1,regular,2024-08-31T20:15:00.000Z,False,True,False,False,78496.0,3994,Williams-Brice Stadium,2579,South Carolina,fbs,SEC,23.0,"[10, 3, 3, 7]",0.9613243341445923,1562.0,1560.0,295,Old Dominion,fbs,Sun Belt,19.0,"[7, 0, 9, 3]",0.038675665855407715,1406.0,1408.0,5.344174217300797,,,,3994,Williams-Brice Stadium,80250.0,True,False,Columbia,SC,29208,US,America/New_York,33.9730239,-81.0191726,60.54548645,1934.0,2024-08-31,28.4,2.9,4.6,0.9781433021806853,1,False,False
401634301,2024,1,regular,2024-08-31T21:00:00.000Z,False,True,False,False,32275.0,3831,California Memorial Stadium,25,California,fbs,ACC,31.0,"[7, 7, 10, 7]",0.19788752496242523,1483.0,1483.0,302,UC Davis,fcs,Big Sky,13.0,"[6, 7, 0, 0]",0.8021124750375748,,,3.103797912597656,,,,3831,California Memorial Stadium,62467.0,False,False,Berkeley,CA,94720,US,America/Los_Angeles,37.8710434,-122.2507729,125.3108063,1923.0,2024-08-31,20.9,0.0,16.1,0.5166728032401108,0,False,False
401643775,2024,1,regular,2024-08-31T21:00:00.000Z,False,True,False,False,15559.0,6526,Hancock Whitney Stadium,6,South Alabama,fbs,Sun Belt,38.0,"[3, 16, 7, 12]",0.467881441116333,1650.0,1593.0,249,North Texas,fbs,American Athletic,52.0,"[7, 7, 28, 10]",0.532118558883667,1412.0,1469.0,6.0740383434957135,,,,6526,Hancock Whitney Stadium,25450.0,False,False,Mobile,AL,36688,US,America/Chicago,30.696904,-88.192013,45,2020.0,2024-08-31,26.7,0.1,3.8,0.6113555992141454,0,False,False
401628590,2024,1,regular,2024-08-31T21:00:00.000Z,False,True,False,False,25032.0,3775,Joan C. Edwards Stadium,276,Marshall,fbs,Sun Belt,45.0,"[7, 10, 7, 21]",0.9932472109794617,1406.0,1406.0,2619,Stony Brook,fcs,Coastal Athletic,3.0,"[0, 0, 3, 0]",0.00675278902053833,,,3.017729382763726,,,,3775,Joan C. Edwards Stadium,38016.0,False,False,Huntington,WV,25755,US,America/New_York,38.4247042,-82.4214412,163.7328186,1991.0,2024-08-31,30.5,0.0,12.1,0.6584595959595959,0,False,False
401645320,2024,1,regular,2024-08-31T22:00:00.000Z,False,True,False,False,36467.0,3699,Dowdy-Ficklen Stadium,151,East Carolina,fbs,American Athletic,42.0,"[14, 14, 7, 7]",0.8727564811706543,1404.0,1404.0,2450,Norfolk State,fcs,MEAC,3.0,"[3, 0, 0, 0]",0.1272435188293457,,,2.3093746490890448,,,,3699,Dowdy-Ficklen Stadium,50000.0,True,False,Greenville,NC,27858,US,America/New_York,35.5968486,-77.364564,19.0564537,1963.0,2024-08-31,29.6,0.0,1.0,0.72934,0,False,False
401628589,2024,1,regular,2024-08-31T22:00:00.000Z,False,True,False,False,40811.0,3923,Scott Stadium,258,Virginia,fbs,ACC,34.0,"[17, 10, 7, 0]",0.9931436777114868,1310.0,1310.0,257,Richmond,fcs,Coastal Athletic,13.0,"[0, 7, 3, 3]",0.006856322288513184,,,2.34711357614246,,,,3923,Scott Stadium,61500.0,True,False,Charlottesville,VA,22904,US,America/New_York,38.0311801,-78.5137897,170.4677429,1931.0,2024-08-31,28.8,0.1,7.3,0.6635934959349593,0,False,False
401628586,2024,1,regular,2024-08-31T22:00:00.000Z,False,True,False,False,21573.0,3992,Williams Stadium (VA),2335,Liberty,fbs,Conference USA,41.0,"[7, 10, 10, 14]",1.0,1572.0,1572.0,2097,Campbell,fcs,Coastal Athletic,24.0,"[3, 7, 7, 7]",0.0,,,3.788145792359345,,,,3992,Williams Stadium (VA),25000.0,False,False,Lynchburg,VA,24502,US,America/New_York,37.3544305,-79.1750239,272.9237061,1989.0,2024-08-31,26.1,0.0,8.1,0.86292,0,False,False
401628326,2024,1,regular,2024-08-31T22:00:00.000Z,False,True,False,False,48724.0,3693,Davis Wade Stadium,344,Mississippi State,fbs,SEC,56.0,"[14, 21, 7, 14]",0.936838686466217,1447.0,1447.0,2198,Eastern Kentucky,fcs,UAC,7.0,"[0, 7, 0, 0]",0.06316131353378296,,,2.095558575056547,,,,3693,Davis Wade Stadium,61337.0,True,False,Starkville,MS,39762,US,America/Chicago,33.4563403,-88.7933652,110.2742081,1914.0,2024-08-31,26.3,1.3,11.5,0.7943655542331708,0,False,False
401643704,2024,1,regular,2024-08-31T22:30:00.000Z,False,True,False,False,31013.0,3893,Reser Stadium,204,Oregon State,fbs,Pac-12,38.0,"[7, 10, 14, 7]",0.992974579334259,1648.0,1648.0,304,Idaho State,fcs,Big Sky,15.0,"[9, 0, 6, 0]",0.007025420665740967,,,3.5831568074348135,,,,3893,Reser Stadium,43363.0,False,False,Corvallis,OR,97331,US,America/Los_Angeles,44.5594559,-123.2814341,66.90744781,1953.0,2024-08-31,32.4,0.0,4.0,0.7151949818970089,0,False,False
401636611,2024,1,regular,2024-08-31T23:00:00.000Z,False,True,False,False,25750.0,4728,TDECU Stadium,248,Houston,fbs,Big 12,7.0,"[0, 0, 0, 7]",0.0,1447.0,1402.0,2439,UNLV,fbs,Mountain West,27.0,"[7, 7, 10, 3]",1.0,1496.0,1541.0,2.872623398404453,,,,4728,TDECU Stadium,40000.0,False,False,Houston,TX,77004,US,America/Chicago,29.7219885,-95.3491623,9.57440567,2014.0,2024-08-31,28.2,0.5,18.1,0.64375,0,False,False
401628325,2024,1,regular,2024-08-31T23:00:00.000Z,False,True,False,False,66105.0,3974,Vaught-Hemingway Stadium,145,Ole Miss,fbs,SEC,76.0,"[24, 28, 21, 3]",0.9876115322113037,1658.0,1658.0,231,Furman,fcs,Southern,0.0,"[0, 0, 0, 0]",0.012388467788696289,,,2.0785826451708838,,,,3974,Vaught-Hemingway Stadium,64038.0,True,False,Oxford,MS,38677,US,America/Chicago,34.3619837,-89.5342076,146.8517151,1915.0,2024-08-31,28.0,0.0,6.0,1.0322777101096223,1,False,False
401643701,2024,1,regular,2024-08-31T23:00:00.000Z,False,True,False,False,27412.0,3975,Veterans Memorial Stadium (AL),2653,Troy,fbs,Sun Belt,26.0,"[7, 7, 3, 9]",0.09937945753335953,1657.0,1629.0,2440,Nevada,fbs,Mountain West,28.0,"[0, 6, 15, 7]",0.9006205424666405,1243.0,1271.0,5.118414180981349,,,,3975,Veterans Memorial Stadium (AL),30000.0,False,False,Troy,AL,36082,US,America/Chicago,31.7995565,-85.9518328,154.7746277,1950.0,2024-08-31,32.7,0.0,2.6,0.9137333333333333,1,False,False
401645321,2024,1,regular,2024-08-31T23:00:00.000Z,False,True,False,False,25849.0,3805,Simmons Bank Liberty Stadium,235,Memphis,fbs,American Athletic,40.0,"[7, 24, 3, 6]",0.99004065990448,1569.0,1569.0,2453,North Alabama,fcs,UAC,0.0,"[0, 0, 0, 0]",0.00995934009552002,,,1.896845397834977,,,,3805,Simmons Bank Liberty Stadium,58325.0,False,False,Memphis,TN,38152,US,America/Chicago,35.1209429,-89.977147,90.62445831,1965.0,2024-08-31,28.6,0.0,8.9,0.4431890270038577,0,False,False
401641023,2024,1,regular,2024-08-31T23:00:00.000Z,False,True,False,False,16000.0,3725,"Johnny ""Red"" Floyd Stadium",2393,Middle Tennessee,fbs,Conference USA,32.0,"[7, 14, 0, 11]",0.4409990906715393,1400.0,1400.0,2635,Tennessee Tech,fcs,Big South-OVC,25.0,"[0, 5, 6, 14]",0.5590009093284607,,,4.508355150612762,,,,3725,"Johnny ""Red"" Floyd Stadium",30788.0,False,False,Murfreesboro,TN,37132,US,America/Chicago,35.8511463,-86.3681649,191.7279816,1933.0,2024-08-31,28.8,0.0,8.1,0.5196829933740418,0,False,False
401636612,2024,1,regular,2024-08-31T23:00:00.000Z,False,True,False,False,51240.0,3636,Bill Snyder Family Stadium,2306,Kansas State,fbs,Big 12,41.0,"[14, 3, 10, 14]",0.9845443964004517,1794.0,1794.0,2630,UT Martin,fcs,Big South-OVC,6.0,"[0, 3, 3, 0]",0.01545560359954834,,,2.76967873508945,,,,3636,Bill Snyder Family Stadium,50000.0,False,False,Manhattan,KS,66502,US,America/Chicago,39.2020096,-96.5938395,328.0574646,1968.0,2024-08-31,27.4,0.0,0.8,1.0248,1,False,False
401636610,2024,1,regular,2024-08-31T23:00:00.000Z,False,True,False,False,42272.0,4727,McLane Stadium,239,Baylor,fbs,Big 12,45.0,"[21, 7, 7, 10]",0.9881401658058167,1422.0,1422.0,2627,Tarleton State,fcs,UAC,3.0,"[0, 0, 3, 0]",0.01185983419418335,,,1.9740995609871808,,,,4727,McLane Stadium,45140.0,False,False,Waco,TX,76704,US,America/Chicago,31.5582015,-97.1156702,117.0538101,2014.0,2024-08-31,34.0,0.0,16.9,0.9364643331856447,1,False,False
401636363,2024,1,regular,2024-08-31T23:00:00.000Z,False,True,False,False,,3886,Raymond James Stadium,58,South Florida,fbs,American Athletic,48.0,"[14, 17, 17, 0]",0.9894034266471863,1442.0,1442.0,2065,Bethune-Cookman,fcs,SWAC,3.0,"[0, 3, 0, 0]",0.01059657335281372,,,2.6146601166694183,,,,3886,Raymond James Stadium,65828.0,True,False,Tampa,FL,33620,US,America/New_York,27.9758691,-82.5033344,11.07972908,1998.0,2024-08-31,26.0,1.6,8.2,,,True,False
401632064,2024,1,regular,2024-08-31T23:00:00.000Z,False,True,False,False,21708.0,3625,Centennial Bank Stadium,2032,Arkansas State,fbs,Sun Belt,34.0,"[6, 7, 7, 14]",0.5000490546226501,1406.0,1406.0,2110,Central Arkansas,fcs,UAC,31.0,"[0, 0, 10, 21]",0.49995094537734985,,,6.284371400998511,,,,3625,Centennial Bank Stadium,30382.0,False,False,Jonesboro,AR,72404,US,America/Chicago,35.8488977,-90.6677436,89.52690887,1974.0,2024-08-31,29.5,0.0,3.6,0.7145020077677572,0,False,False
401641039,2024,1,regular,2024-08-31T23:00:00.000Z,False,True,False,False,17298.0,3895,Rice Stadium,242,Rice,fbs,American Athletic,14.0,"[0, 7, 7, 0]",0.020895639434456825,1362.0,1314.0,2534,Sam Houston,fbs,Conference USA,34.0,"[17, 7, 10, 0]",0.9791043605655432,1388.0,1436.0,3.5503441904816904,,,,3895,Rice Stadium,47000.0,False,False,Houston,TX,77251,US,America/Chicago,29.7163297,-95.4093261,7.148301601,1950.0,2024-08-31,28.4,0.5,17.7,0.3680425531914894,0,False,False
401628319,2024,1,regular,2024-08-31T23:00:00.000Z,False,True,False,False,100077.0,3657,Bryant-Denny Stadium,333,Alabama,fbs,SEC,63.0,"[21, 21, 14, 7]",0.9892138242721558,1854.0,1997.0,98,Western Kentucky,fbs,Conference USA,0.0,"[0, 0, 0, 0]",0.010786175727844238,1466.0,1323.0,2.0994842554552258,,,,3657,Bryant-Denny Stadium,101821.0,True,False,Tuscaloosa,AL,35487,US,America/Chicago,33.2082752,-87.5503836,70.05136108,1929.0,2024-08-31,26.9,0.0,6.7,0.9828719026526944,1,False,False
401628321,2024,1,regular,2024-08-31T23:30:00.000Z,False,True,False,False,88043.0,3785,Jordan-Hare Stadium,2,Auburn,fbs,SEC,73.0,"[28, 24, 14, 7]",0.9892137050628662,1556.0,1556.0,2010,Alabama A&M,fcs,SWAC,3.0,"[0, 3, 0, 0]",0.010786294937133789,,,1.844879981360457,,,,3785,Jordan-Hare Stadium,87451.0,True,False,Auburn,AL,36849,US,America/Chicago,32.6025532,-85.4897479,201.1737976,1939.0,2024-08-31,31.5,0.0,3.1,1.0067695052086312,1,False,False
401628452,2024,1,regular,2024-08-31T23:30:00.000Z,False,True,False,False,110665.0,3558,Michigan Stadium,130,Michigan,fbs,Big Ten,30.0,"[7, 3, 3, 17]",1.0,1973.0,1980.0,278,Fresno State,fbs,Mountain West,10.0,"[0, 3, 0, 7]",0.0,1558.0,1551.0,3.7357864560743543,,,,3558,Michigan Stadium,107601.0,False,False,Ann Arbor,MI,48109,US,America/Detroit,42.2658365,-83.7486956,255.5500031,1927.0,2024-08-31,25.7,0.0,5.0,1.0284755717883662,1,False,False
401628459,2024,1,regular,2024-08-31T23:30:00.000Z,False,True,False,False,15194.0,7220,Clarence T.C. Ching Athletics Complex,62,Hawai'i,fbs,Mountain West,13.0,"[7, 3, 3, 0]",0.566781222820282,1227.0,1242.0,26,UCLA,fbs,Big Ten,16.0,"[0, 0, 10, 6]",0.433218777179718,1568.0,1553.0,5.060538179534148,,,,7220,Clarence T.C. Ching Athletics Complex,15194.0,False,False,Honolulu,HI,96822,US,Pacific/Honolulu,21.294294,-157.819338,20,2015.0,2024-08-31,29.7,0.1,11.5,1.0,1,False,False
401628456,2024,1,regular,2024-08-31T23:30:00.000Z,False,True,False,False,57435.0,3626,Autzen Stadium,2483,Oregon,fbs,Big Ten,24.0,"[7, 7, 0, 10]",0.9564478993415833,1904.0,1904.0,70,Idaho,fcs,Big Sky,14.0,"[0, 0, 7, 7]",0.04355210065841675,,,3.2933338755279626,,,,3626,Autzen Stadium,54000.0,False,False,Eugene,OR,97401,US,America/Los_Angeles,44.0582712,-123.0684883,127.4198303,1967.0,2024-08-31,32.7,0.0,4.7,1.063611111111111,1,False,False
401628332,2024,1,regular,2024-08-31T23:30:00.000Z,False,True,False,False,,3795,Kyle Field,245,Texas A&M,fbs,SEC,13.0,"[3, 3, 0, 7]",0.11668472737073898,1681.0,1677.0,87,Notre Dame,fbs,FBS Independents,23.0,"[3, 3, 7, 10]",0.883315272629261,1884.0,1888.0,6.42230706776738,,,,3795,Kyle Field,102733.0,True,False,College Station,TX,77843,US,America/Chicago,30.6098891,-96.3403828,108.824585,1927.0,2024-08-31,33.3,0.1,15.8,,,True,False
401636613,2024,1,regular,2024-08-31T23:30:00.000Z,False,True,False,False,,3784,Jones AT&T Stadium,2641,Texas Tech,fbs,Big 12,52.0,"[22, 10, 7, 6, 7]",0.662904679775238,1541.0,1541.0,2000,Abilene Christian,fcs,UAC,51.0,"[7, 14, 7, 17, 6]",0.33709532022476196,,,8.44736610307328,,,,3784,Jones AT&T Stadium,60454.0,False,False,Lubbock,TX,79409,US,America/Chicago,33.5910518,-101.8728824,980.7632446,1947.0,2024-08-31,29.6,0.0,16.1,,,True,False
401628324,2024,1,regular,2024-08-31T23:45:00.000Z,False,True,False,False,61627.0,3683,Kroger Field,96,Kentucky,fbs,SEC,31.0,"[7, 17, 7]",0.9930383563041687,1594.0,1640.0,2572,Southern Miss,fbs,Sun Belt,0.0,"[0, 0, 0]",0.006961643695831299,1276.0,1230.0,2.213364541530609,,,,3683,Kroger Field,61000.0,False,False,Lexington,KY,40506,US,America/New_York,38.0220905,-84.5053408,307.4248962,1973.0,2024-08-31,24.6,2.2,11.6,1.0102786885245902,1,False,False
401636380,2024,1,regular,2024-09-01T00:00:00.000Z,False,True,False,False,23107.0,3666,Cajun Field,309,Louisiana,fbs,Sun Belt,40.0,"[7, 23, 7, 3]",0.9625090956687927,1496.0,1496.0,2755,Grambling,fcs,SWAC,10.0,"[0, 0, 7, 3]",0.037490904331207275,,,2.044324133531423,,,,3666,Cajun Field,41426.0,False,False,Lafayette,LA,70506,US,America/Chicago,30.2158434,-92.0417371,3.556508303,1971.0,2024-09-01,25.5,0.1,10.5,0.5577897938492734,0,False,False
401643776,2024,1,regular,2024-09-01T00:00:00.000Z,False,True,False,False,19637.0,3644,Bobcat Stadium (TX),326,Texas State,fbs,Sun Belt,34.0,"[15, 3, 3, 13]",0.9913235902786255,1399.0,1399.0,2320,Lamar,fcs,Southland,27.0,"[0, 0, 10, 17]",0.008676409721374512,,,3.6638370202947153,,,,3644,Bobcat Stadium (TX),30000.0,False,False,San Marcos,TX,78666,US,America/Chicago,29.8910008,-97.9255735,177.8676453,1981.0,2024-09-01,31.6,0.0,12.3,0.6545666666666666,0,False,False
401634303,2024,1,regular,2024-09-01T00:00:00.000Z,False,True,False,False,27080.0,3735,Gerald J. Ford Stadium,2567,SMU,fbs,ACC,59.0,"[28, 14, 7, 10]",0.9895529747009277,1684.0,1684.0,2277,Houston Christian,fcs,Southland,7.0,"[0, 7, 0, 0]",0.010447025299072266,,,2.048850774861513,,,,3735,Gerald J. Ford Stadium,32000.0,False,False,University Park,TX,75275,US,America/Chicago,32.8377223,-96.7827859,169.4058075,2000.0,2024-09-01,32.7,0.0,13.2,0.84625,0,False,False
401643702,2024,1,regular,2024-09-01T00:00:00.000Z,False,True,False,False,25180.0,7311,Snapdragon Stadium,21,San Diego State,fbs,Mountain West,45.0,"[3, 0, 21, 21]",0.951508641242981,1416.0,1416.0,2837,East Texas A&M,fcs,Southland,14.0,"[0, 6, 8, 0]",0.04849135875701904,,,4.359621429975252,,,,7311,Snapdragon Stadium,35000.0,True,False,San Diego,CA,92093,US,America/Los_Angeles,32.784444,-117.122833,62,2022.0,2024-09-01,23.0,0.0,11.8,0.7194285714285714,0,False,False
401641007,2024,1,regular,2024-09-01T00:00:00.000Z,False,True,False,False,16570.0,3776,Joe Aillet Stadium,2348,Louisiana Tech,fbs,Conference USA,25.0,"[9, 6, 0, 10]",0.7930136322975159,1246.0,1246.0,2447,Nicholls,fcs,Southland,17.0,"[7, 3, 0, 7]",0.20698636770248413,,,5.509162046377392,,,,3776,Joe Aillet Stadium,28019.0,False,False,Ruston,LA,71272,US,America/Chicago,32.5321487,-92.6560019,72.87982941,1968.0,2024-09-01,27.8,0.0,7.8,0.5913844177165495,0,False,False
401643774,2024,1,regular,2024-09-01T00:00:00.000Z,False,True,False,False,15614.0,4418,Jerry Richardson Stadium,2429,Charlotte,fbs,American Athletic,7.0,"[0, 7, 0, 0]",0.0,1203.0,1195.0,256,James Madison,fbs,Sun Belt,30.0,"[3, 6, 7, 14]",1.0,1691.0,1699.0,5.219903622148383,,,,4418,Jerry Richardson Stadium,15300.0,False,False,Charlotte,NC,28223,US,America/New_York,35.3105033,-80.7401194,190.365509,2013.0,2024-09-01,25.7,0.0,5.5,1.0205228758169935,1,False,False
401634302,2024,1,regular,2024-09-01T00:00:00.000Z,False,True,False,False,40113.0,721,Bobby Dodd Stadium,59,Georgia Tech,fbs,ACC,35.0,"[7, 7, 14, 7]",0.9883953332901001,1513.0,1559.0,2247,Georgia State,fbs,Sun Belt,12.0,"[0, 3, 9, 0]",0.011604666709899902,1416.0,1370.0,2.79266360511285,,,,721,Bobby Dodd Stadium,55000.0,False,False,Atlanta,GA,30332,US,America/New_York,33.7724449,-84.3928054,279.300415,1913.0,2024-09-01,26.7,0.0,4.7,0.7293272727272727,0,False,False
401634240,2024,1,regular,2024-09-01T00:00:00.000Z,False,True,False,False,63712.0,3801,LaVell Edwards Stadium,252,BYU,fbs,Big 12,41.0,"[14, 3, 14, 10]",0.9939239621162415,1409.0,1409.0,79,Southern Illinois,fcs,MVFC,13.0,"[0, 6, 7, 0]",0.006076037883758545,,,2.8656754836713834,,,,3801,LaVell Edwards Stadium,63470.0,True,False,Provo,UT,84602,US,America/Denver,40.2575347,-111.6545247,1412.097046,1964.0,2024-09-01,30.2,0.0,6.0,1.0038128249566725,1,False,False
401641032,2024,1,regular,2024-09-01T01:00:00.000Z,False,True,False,False,10738.0,3601,Aggie Memorial Stadium,166,New Mexico State,fbs,Conference USA,23.0,"[0, 10, 0, 13]",0.7747358083724976,1432.0,1432.0,2546,Southeast Missouri State,fcs,Big South-OVC,16.0,"[7, 3, 3, 3]",0.22526419162750244,,,6.669492879326449,,,,3601,Aggie Memorial Stadium,28853.0,False,False,Las Cruces,NM,88003,US,America/Denver,32.2796202,-106.7411148,1208.201294,1978.0,2024-09-01,25.7,0.0,4.3,0.3721623401379406,0,False,False
401636608,2024,1,regular,2024-09-01T02:30:00.000Z,False,True,False,False,44748.0,3619,Arizona Stadium,12,Arizona,fbs,Big 12,61.0,"[14, 13, 21, 13]",1.0,1714.0,1720.0,167,New Mexico,fbs,Mountain West,39.0,"[14, 10, 7, 8]",0.0,1234.0,1228.0,6.344794804431931,,,,3619,Arizona Stadium,50782.0,False,False,Tucson,AZ,85721,US,America/Phoenix,32.2288054,-110.9488677,742.1530151,1928.0,2024-09-01,33.2,0.0,5.6,0.881178370288685,0,False,False
401636609,2024,1,regular,2024-09-01T02:30:00.000Z,False,True,False,False,48108.0,3947,Mountain America Stadium,9,Arizona State,fbs,Big 12,48.0,"[17, 10, 21, 0]",0.9907545447349548,1355.0,1497.0,2751,Wyoming,fbs,Mountain West,7.0,"[0, 0, 0, 7]",0.009245455265045166,1496.0,1354.0,2.0747835987465097,,,,3947,Mountain America Stadium,65870.0,True,False,Tempe,AZ,85287,US,America/Phoenix,33.4264471,-111.9325005,360.1569519,1958.0,2024-09-01,35.5,0.0,30.9,0.7303476544709275,0,False,False
401628460,2024,1,regular,2024-09-01T03:00:00.000Z,False,True,False,False,66984.0,3765,Husky Stadium,264,Washington,fbs,Big Ten,35.0,"[0, 14, 14, 7]",0.9939773678779602,1752.0,1752.0,2692,Weber State,fcs,Big Sky,3.0,"[0, 0, 3, 0]",0.006022632122039795,,,3.155760778429135,,,,3765,Husky Stadium,70138.0,False,False,Seattle,WA,98195,US,America/Los_Angeles,47.6503235,-122.3015746,11.65622807,1920.0,2024-09-01,19.7,0.0,10.1,0.955031509310217,1,False,False
401628334,2024,1,regular,2024-09-01T23:30:00.000Z,False,True,True,False,63969.0,6501,Allegiant Stadium,99,LSU,fbs,SEC,20.0,"[0, 10, 7, 3]",0.21626512706279755,1823.0,1803.0,30,USC,fbs,Big Ten,27.0,"[0, 10, 3, 14]",0.7837348729372025,1648.0,1668.0,6.961932840784732,,Modelo Vegas Kickoff Classic,,6501,Allegiant Stadium,65000.0,False,True,Las Vegas,NV,89118,US,America/Los_Angeles,36.09075,-115.183722,666,2020.0,2024-09-01,39.1,0.0,12.6,0.9841384615384615,,False,False
401634306,2024,1,regular,2024-09-02T23:30:00.000Z,False,True,False,True,51719.0,3697,Doak Campbell Stadium,52,Florida State,fbs,ACC,13.0,"[0, 6, 7, 0]",0.0,1676.0,1610.0,103,Boston College,fbs,ACC,28.0,"[0, 14, 14, 0]",1.0,1396.0,1462.0,3.7022391337755955,,,,3697,Doak Campbell Stadium,67277.0,True,False,Tallahassee,FL,32306,US,America/New_York,30.4381692,-84.3044032,19.55942535,1950.0,2024-09-02,33.4,0.0,7.9,0.7687471201153441,0,False,False
401634765,2024,2,regular,2024-09-06T23:00:00.000Z,False,True,False,False,31172.0,3735,Gerald J. Ford Stadium,2567,SMU,fbs,ACC,15.0,"[0, 9, 3, 3]",0.4060007929801941,1669.0,1648.0,252,BYU,fbs,Big 12,18.0,"[7, 0, 8, 3]",0.5939992070198059,1409.0,1430.0,6.1588267572600675,,,,3735,Gerald J. Ford Stadium,32000.0,False,False,University Park,TX,75275,US,America/Chicago,32.8377223,-96.7827859,169.4058075,2000.0,2024-09-06,31.0,0.0,15.3,0.974125,1,False,False
401628463,2024,2,regular,2024-09-06T23:00:00.000Z,False,True,False,False,39082.0,3830,"Memorial Stadium (Bloomington, IN)",84,Indiana,fbs,Big Ten,77.0,"[28, 14, 14, 21]",0.9930822253227234,1438.0,1438.0,2710,Western Illinois,fcs,Big South-OVC,3.0,"[0, 3, 0, 0]",0.006917774677276611,,,1.5636748517539911,,,,3830,"Memorial Stadium (Bloomington, IN)",52656.0,False,False,Bloomington,IN,47408,US,America/Indiana/Indianapolis,39.1808959,-86.5256217,231.6500854,1960.0,2024-09-06,22.8,0.0,15.4,0.742213612883622,0,False,False
401635533,2024,2,regular,2024-09-07T01:00:00.000Z,False,True,True,False,11062.0,5960,Lanny and Sharon Martin Stadium,77,Northwestern,fbs,Big Ten,20.0,"[3, 7, 0, 3, 7, 0]",0.3426882028579712,1514.0,1514.0,150,Duke,fbs,ACC,26.0,"[7, 0, 3, 3, 7, 6]",0.6573117971420288,1602.0,1602.0,8.391282619490461,,,,5960,Lanny and Sharon Martin Stadium,12023.0,False,False,Evanston,IL,60208,US,America/Chicago,42.058246,-87.670876,179,1997.0,2024-09-07,15.6,0.0,15.5,0.9200698660899942,,False,False
401628347,2024,2,regular,2024-09-07T16:00:00.000Z,False,True,False,False,111170.0,3558,Michigan Stadium,130,Michigan,fbs,Big Ten,12.0,"[0, 3, 3, 6]",0.020386317744851112,1980.0,1928.0,251,Texas,fbs,SEC,31.0,"[7, 17, 7, 0]",0.9796136822551489,1939.0,1991.0,3.3875016933001283,,,,3558,Michigan Stadium,107601.0,False,False,Ann Arbor,MI,48109,US,America/Detroit,42.2658365,-83.7486956,255.5500031,1927.0,2024-09-07,13.3,0.0,20.6,1.0331688367208482,1,False,False
401635534,2024,2,regular,2024-09-07T16:00:00.000Z,False,True,False,True,39550.0,1964,JMA Wireless Dome,183,Syracuse,fbs,ACC,31.0,"[7, 14, 3, 7]",0.8480484485626221,1383.0,1386.0,59,Georgia Tech,fbs,ACC,28.0,"[7, 7, 0, 14]",0.15195155143737793,1559.0,1556.0,4.14882037870088,,,,1964,JMA Wireless Dome,49057.0,False,True,Syracuse,NY,13244,US,America/New_York,43.0362269,-76.1363161,162.6989746,1980.0,2024-09-07,15.0,1.7,10.7,0.8062050268055527,0,False,False
401628471,2024,2,regular,2024-09-07T16:00:00.000Z,False,True,False,False,41021.0,6577,SHI Stadium,164,Rutgers,fbs,Big Ten,49.0,"[7, 14, 14, 14]",0.9931941032409668,1460.0,1511.0,2006,Akron,fbs,Mid-American,17.0,"[0, 3, 7, 7]",0.006805896759033203,1161.0,1110.0,3.0386438020649287,,,,6577,SHI Stadium,52454.0,False,False,Piscataway,NJ,08854,US,America/New_York,40.513611,-74.465278,19,1994.0,2024-09-07,24.1,0.2,12.9,0.782037594845007,0,False,False
401636616,2024,2,regular,2024-09-07T16:00:00.000Z,False,True,False,False,25034.0,4729,Yulman Stadium,2655,Tulane,fbs,American Athletic,27.0,"[7, 13, 0, 7]",0.5240082740783691,1565.0,1569.0,2306,Kansas State,fbs,Big 12,34.0,"[3, 7, 10, 14]",0.47599172592163086,1794.0,1790.0,5.538814788554292,,,,4729,Yulman Stadium,30000.0,False,False,New Orleans,LA,70118,US,America/Chicago,29.944616,-90.116692,0.0000000000000000000000000000000000000118,2014.0,2024-09-07,23.7,4.3,15.4,0.8344666666666667,0,False,False
401635538,2024,2,regular,2024-09-07T16:00:00.000Z,False,True,False,False,37992.0,3854,Nippert Stadium,2132,Cincinnati,fbs,Big 12,27.0,"[14, 3, 10, 0]",0.7313023209571838,1394.0,1397.0,221,Pittsburgh,fbs,ACC,28.0,"[3, 3, 7, 15]",0.26869767904281616,1486.0,1483.0,4.295273637788174,,,,3854,Nippert Stadium,40000.0,False,False,Cincinnati,OH,45221,US,America/New_York,39.1312495,-84.5161913,230.0660553,1915.0,2024-09-07,17.7,0.0,18.2,0.9498,1,False,False
401628336,2024,2,regular,2024-09-07T16:00:00.000Z,False,True,False,False,52202.0,3646,Boone Pickens Stadium,197,Oklahoma State,fbs,Big 12,39.0,"[0, 7, 6, 18, 0, 8]",0.30445101857185364,1522.0,1530.0,8,Arkansas,fbs,SEC,31.0,"[14, 7, 0, 10, 0, 0]",0.6955489814281464,1454.0,1446.0,8.765053543167511,,,,3646,Boone Pickens Stadium,55509.0,False,False,Stillwater,OK,74078,US,America/Chicago,36.125673,-97.066513,276.4808655,1919.0,2024-09-07,21.6,0.0,13.7,0.9404240753751644,1,False,False
401643784,2024,2,regular,2024-09-07T16:00:00.000Z,False,True,False,False,23246.0,3805,Simmons Bank Liberty Stadium,235,Memphis,fbs,American Athletic,38.0,"[7, 14, 10, 7]",0.9747728705406189,1569.0,1625.0,2653,Troy,fbs,Sun Belt,17.0,"[0, 7, 3, 7]",0.025227129459381104,1629.0,1573.0,2.788899546320005,,,,3805,Simmons Bank Liberty Stadium,58325.0,False,False,Memphis,TN,38152,US,America/Chicago,35.1209429,-89.977147,90.62445831,1965.0,2024-09-07,23.5,0.0,25.4,0.3985597942563223,0,False,False
401636999,2024,2,regular,2024-09-07T16:00:00.000Z,False,True,False,False,32351.0,3892,Pratt & Whitney Stadium,41,UConn,fbs,FBS Independents,63.0,"[35, 21, 7, 0]",0.9976685047149658,1139.0,1139.0,2771,Merrimack,fcs,FCS Independents,17.0,"[7, 0, 0, 10]",0.0023314952850341797,,,2.0065422113994913,,,,3892,Pratt & Whitney Stadium,40000.0,True,False,East Hartford,CT,6118 ,US,America/New_York,41.7595675,-72.6187728,6.515614986,2003.0,2024-09-07,23.5,0.0,10.2,0.808775,0,False,False
401628466,2024,2,regular,2024-09-07T16:00:00.000Z,False,True,False,False,41006.0,3953,Huntington Bank Stadium,135,Minnesota,fbs,Big Ten,48.0,"[3, 14, 14, 17]",0.9912123680114746,1490.0,1490.0,227,Rhode Island,fcs,Coastal Athletic,0.0,"[0, 0, 0, 0]",0.00878763198852539,,,1.8414549011241264,,,,3953,Huntington Bank Stadium,50850.0,False,False,Minneapolis,MN,55488,US,America/Chicago,44.976525,-93.2245462,254.3902283,2009.0,2024-09-07,15.7,0.0,6.5,0.8064110127826942,0,False,False
401628470,2024,2,regular,2024-09-07T16:00:00.000Z,False,True,False,False,103861.0,3632,Beaver Stadium,213,Penn State,fbs,Big Ten,34.0,"[7, 13, 7, 7]",0.9979978799819946,1861.0,1848.0,189,Bowling Green,fbs,Mid-American,27.0,"[10, 14, 0, 3]",0.002002120018005371,1431.0,1444.0,6.638447287522661,,,,3632,Beaver Stadium,106572.0,True,False,University Park,PA,16802,US,America/New_York,40.8121958,-77.8561023,354.1551514,1960.0,2024-09-07,19.0,0.0,17.7,0.9745617985962541,1,False,False
401645323,2024,2,regular,2024-09-07T16:00:00.000Z,False,True,False,True,21810.0,3715,FAU Stadium,2226,Florida Atlantic,fbs,American Athletic,7.0,"[0, 7, 0, 0]",0.05286223813891411,1413.0,1373.0,349,Army,fbs,American Athletic,24.0,"[14, 0, 3, 7]",0.9471377618610859,1425.0,1465.0,3.224387081978644,,,,3715,FAU Stadium,29419.0,False,False,Boca Raton,FL,33499,US,America/New_York,26.3763763,-80.1015759,3.613628864,2011.0,2024-09-07,29.8,0.1,12.4,0.7413576260239981,0,False,False
401628348,2024,2,regular,2024-09-07T16:45:00.000Z,False,True,False,False,92345.0,3795,Kyle Field,245,Texas A&M,fbs,SEC,52.0,"[14, 24, 7, 7]",1.0,1666.0,1666.0,2377,McNeese,fcs,Southland,10.0,"[0, 0, 0, 10]",0.0,,,2.052852433234934,,,,3795,Kyle Field,102733.0,True,False,College Station,TX,77843,US,America/Chicago,30.6098891,-96.3403828,108.824585,1927.0,2024-09-07,28.1,0.0,25.1,0.898883513574022,0,False,False
401634181,2024,2,regular,2024-09-07T18:00:00.000Z,False,True,False,False,10018.0,3919,Scheumann Stadium,2050,Ball State,fbs,Mid-American,42.0,"[0, 7, 7, 28]",0.7886424660682678,1341.0,1341.0,2623,Missouri State,fcs,MVFC,34.0,"[7, 0, 7, 20]",0.21135753393173218,,,5.422839298593091,,,,3919,Scheumann Stadium,22500.0,False,False,Muncie,IN,47306,US,America/Indiana/Indianapolis,40.2159422,-85.4161148,285.481781,1967.0,2024-09-07,17.6,0.0,21.3,0.44524444444444444,0,False,False
401628339,2024,2,regular,2024-09-07T18:00:00.000Z,False,True,False,False,93033.0,3917,Sanford Stadium,61,Georgia,fbs,SEC,48.0,"[14, 10, 21, 3]",0.9855786561965942,2079.0,2079.0,2635,Tennessee Tech,fcs,Big South-OVC,3.0,"[0, 0, 0, 3]",0.014421343803405762,,,1.864636604599209,,,,3917,Sanford Stadium,92746.0,True,False,Athens,GA,30602,US,America/New_York,33.9498197,-83.3733813,186.1120758,1929.0,2024-09-07,30.8,0.0,4.7,1.003094473077006,1,False,False
401644732,2024,2,regular,2024-09-07T18:30:00.000Z,False,True,False,False,11585.0,3696,Dix Stadium,2309,Kent State,fbs,Mid-American,17.0,"[0, 14, 0, 3]",0.0,1096.0,1096.0,2598,Saint Francis,fcs,NEC,23.0,"[10, 10, 3, 0]",1.0,,,4.309314242353065,,,,3696,Dix Stadium,25319.0,False,False,Kent,OH,44242,US,America/New_York,41.1390935,-81.31346,321.3641663,1969.0,2024-09-07,15.4,0.1,22.7,0.4575615150677357,0,False,False
401632071,2024,2,regular,2024-09-07T19:00:00.000Z,False,True,False,False,24512.0,6501,Allegiant Stadium,2439,UNLV,fbs,Mountain West,72.0,"[28, 16, 7, 21]",0.9928979873657227,1548.0,1548.0,3101,Utah Tech,fcs,UAC,14.0,"[7, 0, 7, 0]",0.007102012634277344,,,2.7655722924630237,,,,6501,Allegiant Stadium,65000.0,False,True,Las Vegas,NV,89118,US,America/Los_Angeles,36.09075,-115.183722,666,2020.0,2024-09-07,37.2,0.0,5.1,0.3771076923076923,0,False,False
401628465,2024,2,regular,2024-09-07T19:30:00.000Z,False,True,False,True,34819.0,3665,SECU Stadium,120,Maryland,fbs,Big Ten,24.0,"[14, 0, 3, 7]",0.9415268898010254,1703.0,1679.0,127,Michigan State,fbs,Big Ten,27.0,"[7, 10, 0, 10]",0.05847311019897461,1401.0,1425.0,6.819989852706958,,,,3665,SECU Stadium,51802.0,False,False,College Park,MD,20742,US,America/New_York,38.9903332,-76.9473792,32.68748093,1950.0,2024-09-07,19.3,0.0,16.4,0.6721555152310722,0,False,False
401628473,2024,2,regular,2024-09-07T19:30:00.000Z,False,True,False,False,64222.0,3765,Husky Stadium,264,Washington,fbs,Big Ten,30.0,"[0, 21, 9, 0]",0.9980283379554749,1752.0,1759.0,2199,Eastern Michigan,fbs,Mid-American,9.0,"[3, 3, 0, 3]",0.0019716620445251465,1305.0,1298.0,3.4096437901260677,,,,3765,Husky Stadium,70138.0,False,False,Seattle,WA,98195,US,America/Los_Angeles,47.6503235,-122.3015746,11.65622807,1920.0,2024-09-07,23.5,0.0,12.9,0.9156520003421825,1,False,False
401635535,2024,2,regular,2024-09-07T19:30:00.000Z,False,True,False,False,48575.0,3873,L&N Federal Credit Union Stadium,97,Louisville,fbs,ACC,49.0,"[14, 14, 7, 14]",0.9896180033683777,1625.0,1700.0,55,Jacksonville State,fbs,Conference USA,14.0,"[0, 14, 0, 0]",0.010381996631622314,1449.0,1374.0,2.4251012030477788,,,,3873,L&N Federal Credit Union Stadium,60000.0,False,False,Louisville,KY,40292,US,America/Kentucky/Louisville,38.2057621,-85.7588141,138.5615997,1998.0,2024-09-07,21.5,0.0,17.3,0.8095833333333333,0,False,False
401636618,2024,2,regular,2024-09-07T19:30:00.000Z,False,True,False,False,52827.0,587,Rice-Eccles Stadium,254,Utah,fbs,Big 12,23.0,"[17, 6, 0, 0]",0.9527061581611633,1622.0,1627.0,239,Baylor,fbs,Big 12,12.0,"[0, 3, 9, 0]",0.04729384183883667,1422.0,1417.0,2.485521324783402,,,,587,Rice-Eccles Stadium,51444.0,False,False,Salt Lake City,UT,84112,US,America/Denver,40.7599724,-111.8488255,1411.543579,1998.0,2024-09-07,31.0,0.0,9.7,1.0268836015861909,1,False,False
401635537,2024,2,regular,2024-09-07T19:30:00.000Z,False,True,False,False,48431.0,3787,Kenan Stadium,153,North Carolina,fbs,ACC,38.0,"[14, 7, 10, 7]",0.9560319781303406,1546.0,1554.0,2429,Charlotte,fbs,American Athletic,20.0,"[3, 3, 7, 7]",0.043968021869659424,1195.0,1187.0,2.8465091296431857,,,,3787,Kenan Stadium,50500.0,False,False,Chapel Hill,NC,27515,US,America/New_York,35.9069294,-79.0478889,127.7569809,1927.0,2024-09-07,28.0,0.0,11.8,0.959029702970297,1,False,False
401635531,2024,2,regular,2024-09-07T19:30:00.000Z,False,True,False,False,38441.0,3615,"Alumni Stadium (Chestnut Hill, MA)",103,Boston College,fbs,ACC,56.0,"[14, 28, 7, 7]",0.9920600652694702,1450.0,1450.0,2184,Duquesne,fcs,NEC,0.0,"[0, 0, 0, 0]",0.007939934730529785,,,1.9171770426780852,,,,3615,"Alumni Stadium (Chestnut Hill, MA)",44500.0,False,False,Chestnut Hill,MA,2467 ,US,America/New_York,42.335104,-71.1664413,39.82634354,1957.0,2024-09-07,25.4,0.0,8.6,0.8638426966292135,0,False,False
401645324,2024,2,regular,2024-09-07T19:30:00.000Z,False,True,False,True,28889.0,3852,Navy-Marine Corps Memorial Stadium,2426,Navy,fbs,American Athletic,38.0,"[9, 14, 15, 0]",0.9940776824951172,1368.0,1409.0,218,Temple,fbs,American Athletic,11.0,"[0, 3, 0, 8]",0.0059223175048828125,1115.0,1074.0,2.2082532584244445,,,,3852,Navy-Marine Corps Memorial Stadium,34000.0,False,False,Annapolis,MD,21402,US,America/New_York,38.9846985,-76.5076335,10.74990082,1959.0,2024-09-07,21.5,0.0,17.8,0.8496764705882353,0,False,False
401629040,2024,2,regular,2024-09-07T19:30:00.000Z,False,True,False,False,21668.0,3739,Glass Bowl,2649,Toledo,fbs,Mid-American,38.0,"[7, 10, 7, 14]",0.4932994842529297,1526.0,1524.0,113,Massachusetts,fbs,FBS Independents,23.0,"[0, 13, 3, 7]",0.5067005157470703,1123.0,1125.0,4.470971626005707,,,,3739,Glass Bowl,26038.0,False,False,Toledo,OH,43606,US,America/New_York,41.6574777,-83.6135652,181.4839783,1937.0,2024-09-07,17.4,0.0,20.0,0.8321683693063984,0,False,False
401628474,2024,2,regular,2024-09-07T19:30:00.000Z,False,True,False,False,76069.0,347,Camp Randall Stadium,275,Wisconsin,fbs,Big Ten,27.0,"[14, 3, 3, 7]",0.9941188593552427,1601.0,1601.0,233,South Dakota,fcs,MVFC,13.0,"[0, 3, 10, 0]",0.00588114064475731,,,5.4936784051,,,,347,Camp Randall Stadium,80321.0,False,False,Madison,WI,53711,US,America/Chicago,43.06994,-89.4126943,263.604126,1917.0,2024-09-07,15.9,0.0,10.7,0.9470624120715628,1,False,False
401628977,2024,2,regular,2024-09-07T19:30:00.000Z,False,True,False,False,77622.0,3855,Notre Dame Stadium,87,Notre Dame,fbs,FBS Independents,14.0,"[7, 0, 7, 0]",0.09658686816692352,1888.0,1858.0,2459,Northern Illinois,fbs,Mid-American,16.0,"[10, 3, 0, 3]",0.9034131318330765,1446.0,1476.0,5.544971763389585,,,,3855,Notre Dame Stadium,80795.0,False,False,Notre Dame,IN,46556,US,America/Indiana/Indianapolis,41.698378,-86.2339425,222.645401,1930.0,2024-09-07,16.5,0.0,24.7,0.9607277678074139,1,False,False
401628464,2024,2,regular,2024-09-07T19:30:00.000Z,False,True,False,False,69250.0,3793,Kinnick Stadium,2294,Iowa,fbs,Big Ten,19.0,"[7, 6, 6, 0]",0.7676539421081543,1550.0,1552.0,66,Iowa State,fbs,Big 12,20.0,"[0, 0, 14, 6]",0.2323460578918457,1612.0,1610.0,5.191841845252687,,,,3793,Kinnick Stadium,69250.0,False,False,Iowa City,IA,52242,US,America/Chicago,41.6586045,-91.5510829,220.6357727,1929.0,2024-09-07,17.7,0.0,10.8,1.0,1,False,False
401628337,2024,2,regular,2024-09-07T19:30:00.000Z,False,True,False,False,88043.0,3785,Jordan-Hare Stadium,2,Auburn,fbs,SEC,14.0,"[7, 0, 0, 7]",0.06808583438396454,1556.0,1537.0,25,California,fbs,ACC,21.0,"[7, 7, 0, 7]",0.9319141656160355,1483.0,1502.0,5.665729955527845,,,,3785,Jordan-Hare Stadium,87451.0,True,False,Auburn,AL,36849,US,America/Chicago,32.6025532,-85.4897479,201.1737976,1939.0,2024-09-07,30.4,0.0,4.1,1.0067695052086312,1,False,False
401628340,2024,2,regular,2024-09-07T19:30:00.000Z,False,True,False,True,61349.0,3683,Kroger Field,96,Kentucky,fbs,SEC,6.0,"[0, 6, 0, 0]",0.2009754478931427,1640.0,1563.0,2579,South Carolina,fbs,SEC,31.0,"[7, 3, 14, 7]",0.7990245521068573,1560.0,1637.0,4.038801908561728,,,,3683,Kroger Field,61000.0,False,False,Lexington,KY,40506,US,America/New_York,38.0220905,-84.5053408,307.4248962,1973.0,2024-09-07,20.8,0.0,14.0,1.0057213114754098,1,False,False
401643710,2024,2,regular,2024-09-07T19:30:00.000Z,False,True,False,False,25070.0,3984,War Memorial Stadium,2751,Wyoming,fbs,Mountain West,13.0,"[10, 0, 0, 3]",0.9253181219100952,1369.0,1369.0,70,Idaho,fcs,Big Sky,17.0,"[7, 10, 0, 0]",0.07468187808990479,,,5.910495367741504,,,,3984,War Memorial Stadium,29181.0,False,False,Laramie,WY,82071,US,America/Denver,41.31161,-105.5681384,2200.153564,1950.0,2024-09-07,23.9,0.0,5.1,0.8591206607038827,0,False,False
401643783,2024,2,regular,2024-09-07T20:00:00.000Z,False,True,False,False,28000.0,3644,Bobcat Stadium (TX),326,Texas State,fbs,Sun Belt,49.0,"[14, 21, 7, 7]",0.9929013252258301,1399.0,1545.0,2636,UTSA,fbs,American Athletic,10.0,"[3, 0, 7, 0]",0.007098674774169922,1613.0,1467.0,2.7242990365183144,,,,3644,Bobcat Stadium (TX),30000.0,False,False,San Marcos,TX,78666,US,America/Chicago,29.8910008,-97.9255735,177.8676453,1981.0,2024-09-07,28.9,0.0,27.2,0.9333333333333333,1,False,False
401628342,2024,2,regular,2024-09-07T20:15:00.000Z,False,True,False,False,66427.0,3974,Vaught-Hemingway Stadium,145,Ole Miss,fbs,SEC,52.0,"[17, 14, 14, 7]",0.9935848712921143,1658.0,1770.0,2393,Middle Tennessee,fbs,Conference USA,3.0,"[0, 3, 0, 0]",0.006415128707885742,1400.0,1288.0,2.348383465337146,,,,3974,Vaught-Hemingway Stadium,64038.0,True,False,Oxford,MS,38677,US,America/Chicago,34.3619837,-89.5342076,146.8517151,1915.0,2024-09-07,27.7,0.0,16.4,1.0373059745775945,1,False,False
401635540,2024,2,regular,2024-09-07T20:30:00.000Z,False,True,False,False,65632.0,3799,Lane Stadium,259,Virginia Tech,fbs,ACC,31.0,"[7, 3, 14, 7]",1.0,1575.0,1597.0,276,Marshall,fbs,Sun Belt,14.0,"[0, 7, 7, 0]",0.0,1406.0,1384.0,4.015605506862386,,,,3799,Lane Stadium,65632.0,True,False,Blacksburg,VA,24061,US,America/New_York,37.2199873,-80.4180643,632.2631226,1965.0,2024-09-07,21.2,0.0,18.8,1.0,1,False,False
401643781,2024,2,regular,2024-09-07T22:00:00.000Z,False,True,False,False,22158.0,3876,Peden Stadium,195,Ohio,fbs,Mid-American,27.0,"[3, 14, 7, 3]",0.9525876837264748,1469.0,1486.0,6,South Alabama,fbs,Sun Belt,20.0,"[0, 10, 7, 3]",0.04741231627352516,1593.0,1576.0,8.6579097653,,,,3876,Peden Stadium,24000.0,False,False,Athens,OH,45701,US,America/New_York,39.3212794,-82.1034315,194.230896,1929.0,2024-09-07,19.0,0.0,15.5,0.92325,1,False,False
401640979,2024,2,regular,2024-09-07T22:00:00.000Z,False,True,True,False,17852.0,2031,Pitbull Stadium,2229,Florida International,fbs,Conference USA,52.0,"[7, 21, 8, 16]",0.9101037383079529,1129.0,1271.0,2117,Central Michigan,fbs,Mid-American,16.0,"[0, 8, 8, 0]",0.08989626169204712,1333.0,1191.0,2.815032506455291,,,,2031,Pitbull Stadium,20000.0,False,False,Miami,FL,33199,US,America/New_York,25.7525,-80.37778,6,1995.0,2024-09-07,30.3,0.0,11.2,0.8926,,False,False
401628593,2024,2,regular,2024-09-07T22:00:00.000Z,False,True,False,False,50073.0,3842,Milan Puskar Stadium,277,West Virginia,fbs,Big 12,49.0,"[14, 14, 14, 7]",0.9548979997634888,1527.0,1527.0,399,UAlbany,fcs,Coastal Athletic,14.0,"[0, 14, 0, 0]",0.04510200023651123,,,2.6936235472253913,,,,3842,Milan Puskar Stadium,60000.0,False,False,Morgantown,WV,26507,US,America/New_York,39.6502744,-79.9551873,327.409668,1980.0,2024-09-07,19.5,0.0,13.1,0.83455,0,False,False
401643777,2024,2,regular,2024-09-07T22:00:00.000Z,False,True,False,False,24570.0,3651,Bridgeforth Stadium,256,James Madison,fbs,Sun Belt,13.0,"[0, 0, 10, 3]",0.974480390548706,1728.0,1728.0,2241,Gardner-Webb,fcs,Big South-OVC,6.0,"[0, 3, 3, 0]",0.025519609451293945,,,4.6918861402365994,,,,3651,Bridgeforth Stadium,24877.0,False,False,Harrisonburg,VA,22807,US,America/New_York,38.4352919,-78.8729349,399.303009,1975.0,2024-09-07,20.9,0.0,11.2,0.9876592836756843,1,False,False
401635536,2024,2,regular,2024-09-07T22:00:00.000Z,False,True,False,False,57886.0,3948,Hard Rock Stadium,2390,Miami,fbs,ACC,56.0,"[15, 10, 21, 10]",0.9876115322113037,1622.0,1622.0,50,Florida A&M,fcs,SWAC,9.0,"[3, 3, 3, 0]",0.012388467788696289,,,2.445765706266864,,,,3948,Hard Rock Stadium,64767.0,False,False,Miami Gardens,FL,33299,US,America/New_York,25.9579665,-80.2388604,2.624486446,1987.0,2024-09-07,30.1,0.0,10.3,0.8937576234810938,0,False,False
401643778,2024,2,regular,2024-09-07T22:00:00.000Z,False,True,False,False,21944.0,3918,S.B. Ballard Stadium,295,Old Dominion,fbs,Sun Belt,14.0,"[0, 7, 7, 0]",0.9229641556739807,1408.0,1397.0,151,East Carolina,fbs,American Athletic,20.0,"[6, 0, 11, 3]",0.07703584432601929,1404.0,1415.0,6.722233829004589,,,,3918,S.B. Ballard Stadium,20118.0,False,False,Norfolk,VA,23551,US,America/New_York,36.8889533,-76.3049175,3.147987843,1936.0,2024-09-07,25.2,0.0,8.4,1.09076448951188,1,False,False
401636617,2024,2,regular,2024-09-07T22:30:00.000Z,False,True,False,False,43807.0,3652,FBC Mortgage Stadium,2116,UCF,fbs,Big 12,45.0,"[14, 10, 14, 7]",0.9960842728614807,1578.0,1644.0,2534,Sam Houston,fbs,Conference USA,14.0,"[0, 7, 0, 7]",0.003915727138519287,1436.0,1370.0,2.2008123422984096,,,,3652,FBC Mortgage Stadium,44206.0,True,False,Orlando,FL,32816,US,America/New_York,28.6079765,-81.1927233,20.94113731,2007.0,2024-09-07,27.3,0.0,3.3,0.9909740759172962,1,False,False
401641016,2024,2,regular,2024-09-07T23:00:00.000Z,False,True,False,False,11040.0,4899,Fifth Third Stadium,338,Kennesaw State,fbs,Conference USA,10.0,"[7, 0, 0, 3]",0.12064797831540046,1485.0,1423.0,309,Louisiana,fbs,Sun Belt,34.0,"[0, 20, 14, 0]",0.8793520216845996,1496.0,1558.0,2.8462981643,,,,4899,Fifth Third Stadium,11040.0,True,False,Kennesaw,GA,30144,US,America/New_York,34.0289318,-84.5676234,296.9589844,2010.0,2024-09-07,25.9,0.0,13.2,1.0,1,False,False
401628335,2024,2,regular,2024-09-07T23:00:00.000Z,False,True,False,False,100077.0,3657,Bryant-Denny Stadium,333,Alabama,fbs,SEC,42.0,"[7, 7, 0, 28]",0.9907345175743103,1997.0,2006.0,58,South Florida,fbs,American Athletic,16.0,"[3, 3, 7, 3]",0.009265482425689697,1442.0,1433.0,5.519475001485697,,,,3657,Bryant-Denny Stadium,101821.0,True,False,Tuscaloosa,AL,35487,US,America/Chicago,33.2082752,-87.5503836,70.05136108,1929.0,2024-09-07,27.8,0.0,12.2,0.9828719026526944,1,False,False
401645326,2024,2,regular,2024-09-07T23:00:00.000Z,False,True,False,False,17760.0,3895,Rice Stadium,242,Rice,fbs,American Athletic,69.0,"[14, 24, 17, 14]",0.9833810329437256,1309.0,1309.0,2640,Texas Southern,fcs,SWAC,7.0,"[0, 0, 0, 7]",0.016618967056274414,,,3.0932280044146196,,,,3895,Rice Stadium,47000.0,False,False,Houston,TX,77251,US,America/Chicago,29.7163297,-95.4093261,7.148301601,1950.0,2024-09-07,28.9,0.0,20.1,0.3778723404255319,0,False,False
401628462,2024,2,regular,2024-09-07T23:00:00.000Z,False,True,False,False,60670.0,3832,"Memorial Stadium (Champaign, IL)",356,Illinois,fbs,Big Ten,23.0,"[3, 10, 0, 10]",0.6009734272956848,1502.0,1515.0,2305,Kansas,fbs,Big 12,17.0,"[0, 10, 7, 0]",0.3990265727043152,1619.0,1606.0,5.323752942523262,,,,3832,"Memorial Stadium (Champaign, IL)",60670.0,False,False,Champaign,IL,61820,US,America/Chicago,40.0993268,-88.2359569,223.2471619,1923.0,2024-09-07,18.2,0.0,13.0,1.0,1,False,False
401643780,2024,2,regular,2024-09-07T23:00:00.000Z,False,True,False,False,12327.0,3817,Malone Stadium,2433,UL Monroe,fbs,Sun Belt,32.0,"[3, 10, 9, 10]",1.0,1156.0,1249.0,5,UAB,fbs,American Athletic,6.0,"[3, 3, 0, 0]",0.0,1363.0,1270.0,3.1464071515250236,,,,3817,Malone Stadium,27617.0,False,False,Monroe,LA,71209,US,America/Chicago,32.5308089,-92.0660602,22.998209,1978.0,2024-09-07,27.1,0.0,17.5,0.44635550566679943,0,False,False
401643782,2024,2,regular,2024-09-07T23:00:00.000Z,False,True,False,False,22044.0,3815,M. M. Roberts Stadium,2572,Southern Miss,fbs,Sun Belt,35.0,"[7, 7, 7, 14]",0.9458715319633484,1217.0,1217.0,2545,SE Louisiana,fcs,Southland,10.0,"[3, 7, 0, 0]",0.05412846803665161,,,4.205996921112816,,,,3815,M. M. Roberts Stadium,36000.0,False,False,Hattiesburg,MS,39402,US,America/Chicago,31.3289321,-89.3318118,64.52726746,1932.0,2024-09-07,28.7,0.0,7.3,0.6123333333333333,0,False,False
401643708,2024,2,regular,2024-09-07T23:00:00.000Z,False,True,False,False,16245.0,3816,Mackay Stadium,2440,Nevada,fbs,Mountain West,17.0,"[14, 0, 3, 0]",0.8694356083869934,1271.0,1273.0,290,Georgia Southern,fbs,Sun Belt,20.0,"[7, 10, 3, 0]",0.1305643916130066,1381.0,1379.0,6.573679380449897,,,,3816,Mackay Stadium,27000.0,False,False,Reno,NV,89557,US,America/Los_Angeles,39.5469459,-119.8175435,1406.57605,1966.0,2024-09-07,32.1,0.0,14.3,0.6016666666666667,0,False,False
401628603,2024,2,regular,2024-09-07T23:00:00.000Z,False,True,False,False,19294.0,3654,Brooks Stadium (SC),324,Coastal Carolina,fbs,Sun Belt,40.0,"[14, 13, 10, 3]",0.9976415522417889,1537.0,1537.0,2729,William & Mary,fcs,Coastal Athletic,21.0,"[0, 7, 7, 7]",0.0023584477582111463,,,3.3772758984,,,,3654,Brooks Stadium (SC),21000.0,False,False,Conway,SC,29528,US,America/New_York,33.7928506,-79.0166946,13.74894905,2003.0,2024-09-07,25.1,0.0,5.1,0.9187619047619048,1,False,False
401632459,2024,2,regular,2024-09-07T23:00:00.000Z,False,True,False,False,,4246,Center Parc Stadium,2247,Georgia State,fbs,Sun Belt,24.0,"[3, 7, 7, 7]",0.9809924960136414,1369.0,1369.0,236,Chattanooga,fcs,Southern,21.0,"[7, 0, 7, 7]",0.019007503986358643,,,6.037268105519335,,,,4246,Center Parc Stadium,25000.0,False,False,Atlanta,GA,30315,US,America/New_York,33.735267,-84.389949,287,2017.0,2024-09-07,27.2,0.0,16.3,,,True,False
401632068,2024,2,regular,2024-09-07T23:00:00.000Z,False,True,False,False,16712.0,3796,Houchens Industries-L.T. Smith Stadium,98,Western Kentucky,fbs,Conference USA,31.0,"[10, 7, 0, 14]",0.8102861046791077,1307.0,1307.0,2198,Eastern Kentucky,fcs,UAC,0.0,"[0, 0, 0, 0]",0.18971389532089233,,,2.302421485482935,,,,3796,Houchens Industries-L.T. Smith Stadium,22113.0,False,False,Bowling Green,KY,42101,US,America/Chicago,36.9847901,-86.4594041,154.4346619,1968.0,2024-09-07,21.5,0.0,10.8,0.7557545335323113,0,False,False
401635539,2024,2,regular,2024-09-07T23:00:00.000Z,False,True,False,False,22634.0,3940,Stanford Stadium,24,Stanford,fbs,ACC,41.0,"[7, 7, 17, 10]",0.9992937445640564,1282.0,1282.0,13,Cal Poly,fcs,Big Sky,7.0,"[0, 7, 0, 0]",0.0007062554359436035,,,3.283098593901135,,,,3940,Stanford Stadium,50424.0,True,False,Stanford,CA,94305,US,America/Los_Angeles,37.4345556,-122.1611271,18.38425636,2006.0,2024-09-07,29.1,0.0,9.7,0.4488735522766936,0,False,False
401635639,2024,2,regular,2024-09-07T23:00:00.000Z,False,True,False,True,30012.0,3630,Allegacy Federal Credit Union Stadium,154,Wake Forest,fbs,ACC,30.0,"[10, 10, 10, 0]",0.6734938025474548,1431.0,1424.0,258,Virginia,fbs,ACC,31.0,"[3, 14, 0, 14]",0.32650619745254517,1310.0,1317.0,4.800575262752851,,,,3630,Allegacy Federal Credit Union Stadium,31500.0,False,False,Winston-Salem,NC,27105,US,America/New_York,36.1305507,-80.2545851,283.548584,1968.0,2024-09-07,22.4,0.0,11.1,0.9527619047619048,1,False,False
401643706,2024,2,regular,2024-09-07T23:00:00.000Z,False,True,False,False,36573.0,5388,Canvas Stadium,36,Colorado State,fbs,Mountain West,38.0,"[10, 14, 7, 7]",0.8852595090866089,1237.0,1237.0,2458,Northern Colorado,fcs,Big Sky,17.0,"[7, 0, 7, 3]",0.11474049091339111,,,2.943586015069682,,,,5388,Canvas Stadium,36500.0,False,False,Fort Collins,CO,80521,US,America/Denver,40.570015,-105.088435,1528.4,2017.0,2024-09-07,28.3,0.0,5.9,1.002,1,False,False
401628344,2024,2,regular,2024-09-07T23:00:00.000Z,False,True,False,False,62621.0,3838,Memorial Stadium,142,Missouri,fbs,SEC,38.0,"[3, 21, 7, 7]",0.9831824898719788,1744.0,1803.0,2084,Buffalo,fbs,Mid-American,0.0,"[0, 0, 0, 0]",0.01681751012802124,1357.0,1298.0,2.346331918882482,,,,3838,Memorial Stadium,71168.0,False,False,Columbia,MO,65211,US,America/Chicago,38.9358491,-92.3332009,212.6865692,1927.0,2024-09-07,21.0,0.0,9.8,0.8799038893884892,0,False,False
401643705,2024,2,regular,2024-09-07T23:00:00.000Z,False,True,False,True,22478.0,3713,Falcon Stadium,2005,Air Force,fbs,Mountain West,7.0,"[7, 0, 0, 0]",0.23881980776786804,1572.0,1549.0,23,San José State,fbs,Mountain West,17.0,"[14, 0, 0, 3]",0.761180192232132,1544.0,1567.0,5.846021492702907,,,,3713,Falcon Stadium,46692.0,False,False,Colorado Springs,CO,80840,US,America/Denver,38.9969701,-104.8436165,2024.875732,1962.0,2024-09-07,22.3,0.0,10.4,0.481410091664525,0,False,False
401628338,2024,2,regular,2024-09-07T23:00:00.000Z,False,True,False,False,89295.0,3634,Ben Hill Griffin Stadium,57,Florida,fbs,SEC,45.0,"[7, 7, 14, 17]",0.9943934082984924,1493.0,1493.0,2535,Samford,fcs,Southern,7.0,"[0, 0, 7, 0]",0.005606591701507568,,,2.546862971151735,,,,3634,Ben Hill Griffin Stadium,88548.0,True,False,Gainesville,FL,32653,US,America/New_York,29.6499357,-82.3485788,44.97250748,1930.0,2024-09-07,25.8,1.1,2.2,1.008436102452907,1,False,False
401643779,2024,2,regular,2024-09-07T23:00:00.000Z,False,True,False,False,19316.0,3625,Centennial Bank Stadium,2032,Arkansas State,fbs,Sun Belt,28.0,"[7, 0, 21, 0]",0.2833746373653412,1406.0,1404.0,202,Tulsa,fbs,American Athletic,24.0,"[3, 14, 7, 0]",0.7166253626346588,1248.0,1250.0,5.72286519529551,,,,3625,Centennial Bank Stadium,30382.0,False,False,Jonesboro,AR,72404,US,America/Chicago,35.8488977,-90.6677436,89.52690887,1974.0,2024-09-07,22.5,0.0,15.8,0.6357711803041275,0,False,False
401628341,2024,2,regular,2024-09-07T23:30:00.000Z,False,True,False,False,100242.0,3958,Tiger Stadium (LA),99,LSU,fbs,SEC,44.0,"[9, 14, 21, 0]",0.7429512739181519,1805.0,1805.0,2447,Nicholls,fcs,Southland,21.0,"[7, 7, 7, 0]",0.25704872608184814,,,4.217336040608287,,,,3958,Tiger Stadium (LA),102321.0,True,False,Baton Rouge,LA,70803,US,America/Chicago,30.412035,-91.1838163,7.640734673,1924.0,2024-09-07,27.8,0.0,8.0,0.9796815902893834,1,False,False
401628468,2024,2,regular,2024-09-07T23:30:00.000Z,False,True,False,False,102665.0,3861,Ohio Stadium,194,Ohio State,fbs,Big Ten,56.0,"[21, 14, 14, 7]",0.9989683362339095,1927.0,2014.0,2711,Western Michigan,fbs,Mid-American,0.0,"[0, 0, 0, 0]",0.0010316637660905403,1309.0,1222.0,2.276632436,,,,3861,Ohio Stadium,102780.0,False,False,Columbus,OH,43210,US,America/New_York,40.0016447,-83.0197266,216.6770325,1922.0,2024-09-07,17.6,0.0,13.6,0.9988811052733995,1,False,False
401628467,2024,2,regular,2024-09-07T23:30:00.000Z,False,True,False,False,86906.0,3834,"Memorial Stadium (Lincoln, NE)",158,Nebraska,fbs,Big Ten,28.0,"[14, 14, 0, 0]",0.965196421811165,1571.0,1588.0,38,Colorado,fbs,Big 12,10.0,"[0, 0, 3, 7]",0.03480357818883495,1324.0,1307.0,3.2682399356,,,,3834,"Memorial Stadium (Lincoln, NE)",85458.0,False,False,Lincoln,NE,68588,US,America/Chicago,40.820682,-96.705594,354.9318848,1923.0,2024-09-07,22.5,0.0,12.0,1.0169439958810176,1,False,False
401628349,2024,2,regular,2024-09-07T23:30:00.000Z,False,True,False,False,24080.0,3973,FirstBank Stadium,238,Vanderbilt,fbs,SEC,55.0,"[10, 17, 7, 21]",0.9933366775512695,1303.0,1303.0,2016,Alcorn State,fcs,SWAC,0.0,"[0, 0, 0, 0]",0.006663322448730469,,,1.7662549002880303,,,,3973,FirstBank Stadium,40351.0,False,False,Nashville,TN,37212,US,America/Chicago,36.1440455,-86.8088942,159.9194641,1922.0,2024-09-07,22.8,0.0,16.9,0.596763401154866,0,False,False
401628346,2024,2,regular,2024-09-07T23:30:00.000Z,False,True,True,False,72730.0,3628,Bank of America Stadium,152,NC State,fbs,ACC,10.0,"[0, 3, 7, 0]",0.0,1606.0,1512.0,2633,Tennessee,fbs,SEC,51.0,"[7, 13, 17, 14]",1.0,1751.0,1845.0,3.3329795055565845,,Duke’s Mayo Classic,,3628,Bank of America Stadium,73778.0,True,False,Charlotte,NC,28202,US,America/New_York,35.225833,-80.852778,220.8777466,1996.0,2024-09-07,26.2,0.0,11.6,0.9857952235083629,,False,False
401645325,2024,2,regular,2024-09-07T23:30:00.000Z,False,True,False,False,23510.0,3825,DATCU Stadium,249,North Texas,fbs,American Athletic,35.0,"[14, 7, 7, 7]",0.8242992162704468,1460.0,1460.0,2617,Stephen F. Austin,fcs,Southland,20.0,"[10, 7, 3, 0]",0.17570078372955322,,,5.149063402868667,,,,3825,DATCU Stadium,30850.0,False,False,Denton,TX,76210,US,America/Chicago,33.203899,-97.159245,198.6871948,2011.0,2024-09-07,27.2,0.0,20.1,0.7620745542949757,0,False,False
401628345,2024,2,regular,2024-09-07T23:45:00.000Z,False,True,False,False,83653.0,3835,"Memorial Stadium (Norman, OK)",201,Oklahoma,fbs,SEC,16.0,"[7, 7, 0, 2]",0.46490561962127686,1849.0,1840.0,248,Houston,fbs,Big 12,12.0,"[3, 3, 6, 0]",0.5350943803787231,1402.0,1411.0,4.208051983255282,,,,3835,"Memorial Stadium (Norman, OK)",86112.0,True,False,Norman,OK,73019,US,America/Chicago,35.2058537,-97.4423145,355.0962524,1925.0,2024-09-07,26.0,0.0,14.0,0.971444165737644,1,False,False
401636615,2024,2,regular,2024-09-08T00:00:00.000Z,False,True,False,False,44063.0,3616,Amon G. Carter Stadium,2628,TCU,fbs,Big 12,45.0,"[10, 21, 7, 7]",0.9886891841888428,1591.0,1591.0,2341,Long Island University,fcs,NEC,0.0,"[0, 0, 0, 0]",0.011310815811157227,,,2.2972262547529945,,,,3616,Amon G. Carter Stadium,46000.0,True,False,Fort Worth,TX,76129,US,America/Chicago,32.7096604,-97.3680835,185.4387054,1929.0,2024-09-08,26.4,0.0,18.7,0.9578913043478261,1,False,False
401635532,2024,2,regular,2024-09-08T00:00:00.000Z,False,True,False,False,81500.0,3836,"Memorial Stadium (Clemson, SC)",228,Clemson,fbs,ACC,66.0,"[35, 21, 10, 0]",0.9902606010437012,1625.0,1757.0,2026,App State,fbs,Sun Belt,20.0,"[0, 13, 7, 0]",0.009739398956298828,1578.0,1446.0,2.807218041254294,,,,3836,"Memorial Stadium (Clemson, SC)",81500.0,True,False,Clemson,SC,29634,US,America/New_York,34.6787737,-82.8432428,205.6452179,1942.0,2024-09-08,23.9,0.0,15.6,1.0,1,False,False
401632072,2024,2,regular,2024-09-08T01:00:00.000Z,False,True,False,False,41609.0,3946,Sun Bowl,2638,UTEP,fbs,Conference USA,24.0,"[14, 3, 0, 7, 0]",0.36967252790505417,1224.0,1224.0,253,Southern Utah,fcs,UAC,27.0,"[6, 0, 8, 10, 3]",0.6303274720949459,,,8.3814588335,,,,3946,Sun Bowl,51500.0,False,False,El Paso,TX,79968,US,America/Denver,31.7733353,-106.507957,1183.697876,1963.0,2024-09-08,28.3,0.0,17.4,0.8079417475728156,0,False,False
401636859,2024,2,regular,2024-09-08T02:00:00.000Z,False,True,False,False,27372.0,3820,Gesa Field,265,Washington State,fbs,Pac-12,37.0,"[7, 20, 7, 3]",1.0,1530.0,1581.0,2641,Texas Tech,fbs,Big 12,16.0,"[3, 7, 0, 6]",0.0,1541.0,1490.0,3.2125211784622283,,,,3820,Gesa Field,32952.0,False,False,Pullman,WA,99164,US,America/Los_Angeles,46.731831,-117.1604991,773.9526367,1972.0,2024-09-08,28.4,0.0,8.7,0.8306627822286963,0,False,False
401628469,2024,2,regular,2024-09-08T02:00:00.000Z,False,True,False,False,58134.0,3626,Autzen Stadium,2483,Oregon,fbs,Big Ten,37.0,"[7, 7, 13, 10]",0.5011683702468872,1904.0,1902.0,68,Boise State,fbs,Mountain West,34.0,"[3, 17, 0, 14]",0.4988316297531128,1629.0,1631.0,7.4909918305693095,,,,3626,Autzen Stadium,54000.0,False,False,Eugene,OR,97401,US,America/Los_Angeles,44.0582712,-123.0684883,127.4198303,1967.0,2024-09-08,28.2,0.0,8.1,1.0765555555555555,1,False,False
401643707,2024,2,regular,2024-09-08T02:00:00.000Z,False,True,False,False,41031.0,3660,Valley Children's Stadium,278,Fresno State,fbs,Mountain West,46.0,"[18, 7, 14, 7]",0.9732740521430969,1535.0,1535.0,16,Sacramento State,fcs,Big Sky,30.0,"[3, 7, 7, 13]",0.026725947856903076,,,3.2329650772717775,,,,3660,Valley Children's Stadium,41031.0,False,False,Fresno,CA,93740,US,America/Los_Angeles,36.8143527,-119.7580092,102.564064,1980.0,2024-09-08,36.1,0.0,8.0,1.0,1,False,False
401636614,2024,2,regular,2024-09-08T02:00:00.000Z,False,True,False,False,47746.0,3619,Arizona Stadium,12,Arizona,fbs,Big 12,22.0,"[3, 3, 7, 9]",0.9156093001365662,1739.0,1739.0,2464,Northern Arizona,fcs,Big Sky,10.0,"[0, 10, 0, 0]",0.08439069986343384,,,4.480207187513001,,,,3619,Arizona Stadium,50782.0,False,False,Tucson,AZ,85721,US,America/Phoenix,32.2288054,-110.9488677,742.1530151,1928.0,2024-09-08,33.7,0.0,11.1,0.9402150368240715,1,False,False
401640989,2024,2,regular,2024-09-08T02:15:00.000Z,False,True,False,True,16562.0,3601,Aggie Memorial Stadium,166,New Mexico State,fbs,Conference USA,24.0,"[10, 7, 0, 7]",0.06431055068969727,1432.0,1431.0,2335,Liberty,fbs,Conference USA,30.0,"[3, 6, 0, 21]",0.9356894493103027,1572.0,1573.0,5.135487138691672,,,,3601,Aggie Memorial Stadium,28853.0,False,False,Las Cruces,NM,88003,US,America/Denver,32.2796202,-106.7411148,1208.201294,1978.0,2024-09-08,26.3,0.0,6.3,0.5740131008907219,0,False,False
401643709,2024,2,regular,2024-09-08T02:30:00.000Z,False,True,False,False,25318.0,7311,Snapdragon Stadium,21,San Diego State,fbs,Mountain West,0.0,"[0, 0, 0, 0]",0.03767629340291023,1416.0,1388.0,204,Oregon State,fbs,Pac-12,21.0,"[7, 0, 0, 14]",0.9623237065970898,1648.0,1676.0,4.518874534277917,,,,7311,Snapdragon Stadium,35000.0,True,False,San Diego,CA,92093,US,America/Los_Angeles,32.784444,-117.122833,62,2022.0,2024-09-08,29.0,0.0,7.6,0.7233714285714286,0,False,False
401628343,2024,2,regular,2024-09-08T02:30:00.000Z,False,True,False,False,45504.0,3947,Mountain America Stadium,9,Arizona State,fbs,Big 12,30.0,"[10, 17, 3, 0]",0.8584505915641785,1497.0,1504.0,344,Mississippi State,fbs,SEC,23.0,"[0, 3, 7, 13]",0.14154940843582153,1447.0,1440.0,2.823523369454015,,,,3947,Mountain America Stadium,65870.0,True,False,Tempe,AZ,85287,US,America/Phoenix,33.4264471,-111.9325005,360.1569519,1958.0,2024-09-08,35.6,0.0,34.8,0.6908152421436162,0,False,False
401628472,2024,2,regular,2024-09-08T03:00:00.000Z,False,True,False,False,68110.0,477,Los Angeles Memorial Coliseum,30,USC,fbs,Big Ten,48.0,"[10, 17, 7, 14]",0.9896718859672546,1668.0,1768.0,328,Utah State,fbs,Mountain West,0.0,"[0, 0, 0, 0]",0.010328114032745361,1346.0,1246.0,2.00760877860224,,,,477,Los Angeles Memorial Coliseum,77500.0,True,False,Los Angeles,CA,90089,US,America/Los_Angeles,34.014167,-118.287778,42.50374222,1923.0,2024-09-08,26.9,0.0,4.1,0.8788387096774194,0,False,False
401636867,2024,3,regular,2024-09-12T23:30:00.000Z,False,True,False,False,25187.0,3644,Bobcat Stadium (TX),326,Texas State,fbs,Sun Belt,28.0,"[7, 14, 7, 0]",0.2422650158405304,1545.0,1538.0,9,Arizona State,fbs,Big 12,31.0,"[7, 14, 7, 3]",0.7577349841594696,1504.0,1511.0,6.181508125226355,,,,3644,Bobcat Stadium (TX),30000.0,False,False,San Marcos,TX,78666,US,America/Chicago,29.8910008,-97.9255735,177.8676453,1981.0,2024-09-12,32.2,0.0,9.2,0.8395666666666667,0,False,False
401643788,2024,3,regular,2024-09-12T23:30:00.000Z,False,True,False,False,,6526,Hancock Whitney Stadium,6,South Alabama,fbs,Sun Belt,87.0,"[24, 28, 28, 7]",0.994472086429596,1581.0,1581.0,2466,Northwestern State,fcs,Southland,10.0,"[10, 0, 0, 0]",0.005527913570404053,,,2.2605944837338203,,,,6526,Hancock Whitney Stadium,25450.0,False,False,Mobile,AL,36688,US,America/Chicago,30.696904,-88.192013,45,2020.0,2024-09-12,27.3,0.0,11.5,,,True,False
401636863,2024,3,regular,2024-09-13T23:00:00.000Z,False,True,True,False,21493.0,3486,Children's Mercy Park,2305,Kansas,fbs,Big 12,20.0,"[7, 10, 0, 3]",0.33186885714530945,1606.0,1603.0,2439,UNLV,fbs,Mountain West,23.0,"[3, 10, 3, 7]",0.6681311428546906,1541.0,1544.0,5.344084929182504,,,,3486,Children's Mercy Park,18467.0,True,False,Kansas City,KS,66111,US,America/Chicago,39.121768,-94.823198,300.8,2011.0,2024-09-13,23.9,0.0,14.8,1.1638598581253046,,False,False
401636864,2024,3,regular,2024-09-14T00:00:00.000Z,False,True,False,False,51290.0,3636,Bill Snyder Family Stadium,2306,Kansas State,fbs,Big 12,31.0,"[7, 7, 14, 3]",0.9699692130088806,1790.0,1842.0,12,Arizona,fbs,Big 12,7.0,"[7, 0, 0, 0]",0.030030786991119385,1720.0,1668.0,3.42457347029432,,,,3636,Bill Snyder Family Stadium,50000.0,False,False,Manhattan,KS,66502,US,America/Chicago,39.2020096,-96.5938395,328.0574646,1968.0,2024-09-14,27.0,0.0,11.4,1.0258,1,False,False
401635542,2024,3,regular,2024-09-14T16:00:00.000Z,False,True,False,False,55107.0,3697,Doak Campbell Stadium,52,Florida State,fbs,ACC,12.0,"[0, 3, 6, 3]",0.08631684631109238,1610.0,1596.0,235,Memphis,fbs,American Athletic,20.0,"[3, 10, 7, 0]",0.9136831536889076,1625.0,1639.0,4.099682919248931,,,,3697,Doak Campbell Stadium,67277.0,True,False,Tallahassee,FL,32306,US,America/New_York,30.4381692,-84.3044032,19.55942535,1950.0,2024-09-14,26.1,0.1,9.2,0.8191060838027855,0,False,False
401636865,2024,3,regular,2024-09-14T16:00:00.000Z,False,True,False,False,24717.0,3996,Yager Stadium,193,Miami (OH),fbs,Mid-American,16.0,"[0, 3, 7, 6]",0.053266264498233795,1490.0,1458.0,2132,Cincinnati,fbs,Big 12,27.0,"[3, 7, 7, 10]",0.9467337355017662,1397.0,1429.0,4.521496073902828,,,,3996,Yager Stadium,24286.0,False,False,Oxford,OH,45056,US,America/New_York,39.5197009,-84.7330255,242.2643585,1983.0,2024-09-14,26.3,0.0,14.5,1.0177468500370583,1,False,False
401636868,2024,3,regular,2024-09-14T16:00:00.000Z,False,True,False,False,57865.0,3784,Jones AT&T Stadium,2641,Texas Tech,fbs,Big 12,66.0,"[17, 35, 7, 7]",0.9930024743080139,1490.0,1623.0,249,North Texas,fbs,American Athletic,21.0,"[7, 0, 7, 7]",0.006997525691986084,1469.0,1336.0,5.446500355045865,,,,3784,Jones AT&T Stadium,60454.0,False,False,Lubbock,TX,79409,US,America/Chicago,33.5910518,-101.8728824,980.7632446,1947.0,2024-09-14,29.3,0.0,17.6,0.9571740496906739,1,False,False
401635546,2024,3,regular,2024-09-14T16:00:00.000Z,False,True,False,False,56919.0,3670,Carter-Finley Stadium,152,NC State,fbs,ACC,30.0,"[3, 3, 14, 10]",0.997727632522583,1512.0,1511.0,2348,Louisiana Tech,fbs,Conference USA,20.0,"[0, 17, 3, 0]",0.002272367477416992,1246.0,1247.0,5.357099959805191,,,,3670,Carter-Finley Stadium,58000.0,True,False,Raleigh,NC,27695,US,America/New_York,35.8008001,-78.7195655,117.0089951,1966.0,2024-09-14,25.6,0.0,19.1,0.9813620689655173,1,False,False
401636869,2024,3,regular,2024-09-14T16:00:00.000Z,False,True,False,False,30915.0,3674,Chapman Stadium,202,Tulsa,fbs,American Athletic,10.0,"[0, 0, 0, 10]",0.0025250574108213186,1250.0,1185.0,197,Oklahoma State,fbs,Big 12,45.0,"[7, 21, 10, 7]",0.9974749425891787,1530.0,1595.0,3.2596151148738928,,,,3674,Chapman Stadium,30000.0,False,False,Tulsa,OK,74194,US,America/Chicago,36.1489175,-95.9437853,235.5928345,1930.0,2024-09-14,24.4,0.0,8.1,1.0305,1,False,False
401628350,2024,3,regular,2024-09-14T16:00:00.000Z,False,True,False,False,76323.0,347,Camp Randall Stadium,275,Wisconsin,fbs,Big Ten,10.0,"[3, 0, 7, 0]",0.009743355214595795,1593.0,1553.0,333,Alabama,fbs,SEC,42.0,"[7, 14, 14, 7]",0.9902566447854042,2006.0,2046.0,3.0312765267104105,,,,347,Camp Randall Stadium,80321.0,False,False,Madison,WI,53711,US,America/Chicago,43.06994,-89.4126943,263.604126,1917.0,2024-09-14,24.3,0.0,9.4,0.9502247232977677,1,False,False
401628479,2024,3,regular,2024-09-14T16:00:00.000Z,False,True,False,False,110250.0,3558,Michigan Stadium,130,Michigan,fbs,Big Ten,28.0,"[7, 14, 0, 7]",0.9277139902114868,1928.0,1911.0,2032,Arkansas State,fbs,Sun Belt,18.0,"[0, 3, 0, 15]",0.07228600978851318,1404.0,1421.0,3.129065670077843,,,,3558,Michigan Stadium,107601.0,False,False,Ann Arbor,MI,48109,US,America/Detroit,42.2658365,-83.7486956,255.5500031,1927.0,2024-09-14,24.9,0.0,10.5,1.0246187303091978,1,False,False
401628359,2024,3,regular,2024-09-14T16:00:00.000Z,False,True,False,True,79531.0,3994,Williams-Brice Stadium,2579,South Carolina,fbs,SEC,33.0,"[7, 17, 0, 9]",0.7937157154083252,1637.0,1642.0,99,LSU,fbs,SEC,36.0,"[0, 16, 6, 14]",0.2062842845916748,1803.0,1798.0,7.1093528866627125,,,,3994,Williams-Brice Stadium,80250.0,True,False,Columbia,SC,29208,US,America/New_York,33.9730239,-81.0191726,60.54548645,1934.0,2024-09-14,26.2,0.0,25.0,0.9910404984423676,1,False,False
401628475,2024,3,regular,2024-09-14T16:00:00.000Z,False,True,False,False,,3832,"Memorial Stadium (Champaign, IL)",356,Illinois,fbs,Big Ten,30.0,"[7, 6, 10, 7]",0.9854847192764282,1515.0,1533.0,2117,Central Michigan,fbs,Mid-American,9.0,"[3, 3, 0, 3]",0.014515280723571777,1191.0,1173.0,3.03227933418676,,,,3832,"Memorial Stadium (Champaign, IL)",60670.0,False,False,Champaign,IL,61820,US,America/Chicago,40.0993268,-88.2359569,223.2471619,1923.0,2024-09-14,26.3,0.0,10.2,,,True,False
401628357,2024,3,regular,2024-09-14T16:45:00.000Z,False,True,False,False,62621.0,3838,Memorial Stadium,142,Missouri,fbs,SEC,27.0,"[3, 14, 7, 3]",0.896081805229187,1803.0,1795.0,103,Boston College,fbs,ACC,21.0,"[7, 7, 0, 7]",0.10391819477081299,1462.0,1470.0,4.195257256321096,,,,3838,Memorial Stadium,71168.0,False,False,Columbia,MO,65211,US,America/Chicago,38.9358491,-92.3332009,212.6865692,1927.0,2024-09-14,26.1,0.0,7.2,0.8799038893884892,0,False,False
401629041,2024,3,regular,2024-09-14T17:00:00.000Z,False,True,False,False,15204.0,3965,UB Stadium,2084,Buffalo,fbs,Mid-American,34.0,"[7, 3, 17, 7]",0.9701620326958922,1298.0,1360.0,113,Massachusetts,fbs,FBS Independents,3.0,"[0, 3, 0, 0]",0.029837967304107815,1125.0,1063.0,5.4328549557,,,,3965,UB Stadium,30270.0,False,False,Amherst,NY,14260,US,America/New_York,42.9991334,-78.7775113,181.5759735,1993.0,2024-09-14,26.1,0.0,1.5,0.5022794846382557,0,False,False
401643786,2024,3,regular,2024-09-14T18:00:00.000Z,False,True,False,False,13945.0,3806,Lincoln Financial Field,218,Temple,fbs,American Athletic,20.0,"[3, 7, 7, 3]",0.004074958153069019,1074.0,1092.0,324,Coastal Carolina,fbs,Sun Belt,28.0,"[14, 7, 7, 0]",0.995925041846931,1537.0,1519.0,3.927872135226452,,,,3806,Lincoln Financial Field,69879.0,False,False,Philadelphia,PA,19122,US,America/New_York,39.9007995,-75.1675414,3.198706865,2003.0,2024-09-14,29.5,0.0,12.3,0.1995592381115929,0,False,False
401628481,2024,3,regular,2024-09-14T19:30:00.000Z,False,True,False,False,44534.0,3953,Huntington Bank Stadium,135,Minnesota,fbs,Big Ten,27.0,"[6, 14, 7, 0]",0.9812129735946655,1492.0,1537.0,2440,Nevada,fbs,Mountain West,0.0,"[0, 0, 0, 0]",0.018787026405334473,1273.0,1228.0,2.9014800341251017,,,,3953,Huntington Bank Stadium,50850.0,False,False,Minneapolis,MN,55488,US,America/Chicago,44.976525,-93.2245462,254.3902283,2009.0,2024-09-14,25.2,0.1,14.0,0.8757915437561455,0,False,False
401628483,2024,3,regular,2024-09-14T19:30:00.000Z,False,True,False,False,38419.0,3893,Reser Stadium,204,Oregon State,fbs,Pac-12,14.0,"[7, 7, 0, 0]",0.06771453469991684,1676.0,1604.0,2483,Oregon,fbs,Big Ten,49.0,"[7, 15, 10, 17]",0.9322854653000832,1902.0,1974.0,3.944500730041556,,,,3893,Reser Stadium,43363.0,False,False,Corvallis,OR,97331,US,America/Los_Angeles,44.5594559,-123.2814341,66.90744781,1953.0,2024-09-14,21.0,0.0,2.9,0.8859857482185273,0,False,False
401635543,2024,3,regular,2024-09-14T19:30:00.000Z,False,True,False,False,31729.0,721,Bobby Dodd Stadium,59,Georgia Tech,fbs,ACC,59.0,"[17, 21, 14, 7]",0.9889745712280273,1551.0,1551.0,2678,VMI,fcs,Southern,7.0,"[0, 0, 0, 7]",0.011025428771972656,,,2.0443414361625067,,,,721,Bobby Dodd Stadium,55000.0,False,False,Atlanta,GA,30332,US,America/New_York,33.7724449,-84.3928054,279.300415,1913.0,2024-09-14,24.9,0.1,29.6,0.5768909090909091,0,False,False
401628978,2024,3,regular,2024-09-14T19:30:00.000Z,False,True,False,False,61441.0,3907,Ross-Ade Stadium,2509,Purdue,fbs,Big Ten,7.0,"[0, 0, 7, 0]",0.0025152238085865974,1492.0,1358.0,87,Notre Dame,fbs,FBS Independents,66.0,"[14, 28, 10, 14]",0.9974847761914134,1858.0,1992.0,2.7477523069061163,,,,3907,Ross-Ade Stadium,57282.0,True,False,West Lafayette,IN,47907,US,America/Indiana/Indianapolis,40.4352253,-86.9186843,197.5337677,1924.0,2024-09-14,30.5,0.0,15.4,1.072605705108062,1,False,False
401628484,2024,3,regular,2024-09-14T19:30:00.000Z,False,True,True,False,57567.0,3673,Lumen Field,264,Washington,fbs,Big Ten,19.0,"[7, 6, 6, 0]",0.8848147392272949,1759.0,1745.0,265,Washington State,fbs,Pac-12,24.0,"[10, 7, 7, 0]",0.11518526077270508,1581.0,1595.0,7.598524890441149,,,,3673,Lumen Field,69000.0,False,False,Seattle,WA,98134,US,America/Los_Angeles,47.595217,-122.33165,5.2,2002.0,2024-09-14,17.6,0.1,13.4,0.834304347826087,,False,False
401635547,2024,3,regular,2024-09-14T19:30:00.000Z,False,True,False,False,66087.0,3752,Acrisure Stadium,221,Pittsburgh,fbs,ACC,38.0,"[10, 7, 7, 14]",0.8928661942481995,1483.0,1488.0,277,West Virginia,fbs,Big 12,34.0,"[7, 10, 7, 10]",0.10713380575180054,1546.0,1541.0,7.626738119968978,,,,3752,Acrisure Stadium,68400.0,True,False,Pittsburgh,PA,15260,US,America/New_York,40.4467648,-80.0157603,220.5887146,2001.0,2024-09-14,27.9,0.0,12.4,0.9661842105263158,1,False,False
401628358,2024,3,regular,2024-09-14T19:30:00.000Z,False,True,False,False,83325.0,3835,"Memorial Stadium (Norman, OK)",201,Oklahoma,fbs,SEC,34.0,"[7, 14, 3, 10]",0.9835195541381836,1840.0,1848.0,2655,Tulane,fbs,American Athletic,19.0,"[0, 6, 7, 6]",0.016480445861816406,1569.0,1561.0,3.1322348119924444,,,,3835,"Memorial Stadium (Norman, OK)",86112.0,True,False,Norman,OK,73019,US,America/Chicago,35.2058537,-97.4423145,355.0962524,1925.0,2024-09-14,30.9,0.0,14.3,0.9676351727982163,1,False,False
401628353,2024,3,regular,2024-09-14T19:30:00.000Z,False,True,False,True,89993.0,3634,Ben Hill Griffin Stadium,57,Florida,fbs,SEC,20.0,"[0, 0, 14, 6]",0.0,1497.0,1485.0,245,Texas A&M,fbs,SEC,33.0,"[10, 10, 13, 0]",1.0,1677.0,1689.0,3.654215822352354,,,,3634,Ben Hill Griffin Stadium,88548.0,True,False,Gainesville,FL,32653,US,America/New_York,29.6499357,-82.3485788,44.97250748,1930.0,2024-09-14,26.9,0.1,6.2,1.0163188327234947,1,False,False
401635544,2024,3,regular,2024-09-14T19:30:00.000Z,False,True,False,False,51564.0,3948,Hard Rock Stadium,2390,Miami,fbs,ACC,62.0,"[10, 21, 10, 21]",0.9958403706550598,1618.0,1774.0,2050,Ball State,fbs,Mid-American,0.0,"[0, 0, 0, 0]",0.0041596293449401855,1341.0,1185.0,2.3338679639664366,,,,3948,Hard Rock Stadium,64767.0,False,False,Miami Gardens,FL,33299,US,America/New_York,25.9579665,-80.2388604,2.624486446,1987.0,2024-09-14,32.0,0.2,7.5,0.7961461855574599,0,False,False
401644734,2024,3,regular,2024-09-14T19:30:00.000Z,False,True,False,False,20438.0,3876,Peden Stadium,195,Ohio,fbs,Mid-American,21.0,"[14, 0, 7, 0]",0.8430721163749695,1481.0,1481.0,2415,Morgan State,fcs,MEAC,6.0,"[3, 3, 0, 0]",0.15692788362503052,,,3.015360689493553,,,,3876,Peden Stadium,24000.0,False,False,Athens,OH,45701,US,America/New_York,39.3212794,-82.1034315,194.230896,1929.0,2024-09-14,30.2,0.0,9.5,0.8515833333333334,0,False,False
401628480,2024,3,regular,2024-09-14T19:30:00.000Z,False,True,False,False,70066.0,3936,Spartan Stadium,127,Michigan State,fbs,Big Ten,40.0,"[14, 13, 3, 10]",0.9989534090095522,1418.0,1418.0,2504,Prairie View A&M,fcs,SWAC,0.0,"[0, 0, 0, 0]",0.0010465909904477932,,,4.723501427,,,,3936,Spartan Stadium,75005.0,True,False,East Lansing,MI,48824,US,America/Detroit,42.7281474,-84.4848526,254.8794861,1923.0,2024-09-14,28.8,0.0,11.8,0.9341510565962269,1,False,False
401643785,2024,3,regular,2024-09-14T20:00:00.000Z,False,True,False,False,46117.0,3699,Dowdy-Ficklen Stadium,151,East Carolina,fbs,American Athletic,19.0,"[16, 0, 0, 3]",0.23842495679855347,1415.0,1414.0,2026,App State,fbs,Sun Belt,21.0,"[0, 14, 7, 0]",0.7615750432014465,1446.0,1447.0,5.442081487067743,,,,3699,Dowdy-Ficklen Stadium,50000.0,True,False,Greenville,NC,27858,US,America/New_York,35.5968486,-77.364564,19.0564537,1963.0,2024-09-14,27.1,0.0,23.0,0.92234,1,False,False
401628477,2024,3,regular,2024-09-14T20:00:00.000Z,False,True,False,False,69250.0,3793,Kinnick Stadium,2294,Iowa,fbs,Big Ten,38.0,"[0, 10, 14, 14]",0.9894864559173584,1552.0,1591.0,2653,Troy,fbs,Sun Belt,21.0,"[0, 14, 7, 0]",0.010513544082641602,1573.0,1534.0,5.312994459776912,,,,3793,Kinnick Stadium,69250.0,False,False,Iowa City,IA,52242,US,America/Chicago,41.6586045,-91.5510829,220.6357727,1929.0,2024-09-14,27.9,0.0,9.9,1.0,1,False,False
401628351,2024,3,regular,2024-09-14T20:15:00.000Z,False,True,False,False,75021.0,3887,Razorback Stadium,8,Arkansas,fbs,SEC,37.0,"[3, 17, 7, 10]",0.7729232311248779,1446.0,1451.0,5,UAB,fbs,American Athletic,27.0,"[10, 10, 0, 7]",0.22707676887512207,1270.0,1265.0,5.779283553160291,,,,3887,Razorback Stadium,80000.0,False,False,Fayetteville,AR,72702,US,America/Chicago,36.0680662,-94.1789534,403.7972412,1938.0,2024-09-14,28.8,0.0,11.5,0.9377625,1,False,False
401636870,2024,3,regular,2024-09-14T20:30:00.000Z,False,True,False,False,,3905,Maverik Stadium,328,Utah State,fbs,Mountain West,21.0,"[7, 7, 7, 0]",0.14931797981262207,1246.0,1242.0,254,Utah,fbs,Big 12,38.0,"[3, 14, 11, 10]",0.8506820201873779,1627.0,1631.0,5.690327853078927,,,,3905,Maverik Stadium,25513.0,False,False,Logan,UT,84322,US,America/Denver,41.7517394,-111.8116007,1427.914429,1968.0,2024-09-14,25.7,0.0,11.2,,,True,False
401629030,2024,3,regular,2024-09-14T22:00:00.000Z,False,True,False,False,20174.0,3982,Wallace Wade Stadium,150,Duke,fbs,ACC,26.0,"[7, 10, 0, 9]",0.44367849826812744,1602.0,1590.0,41,UConn,fbs,FBS Independents,21.0,"[0, 7, 14, 0]",0.5563215017318726,1157.0,1169.0,4.568506657521192,,,,3982,Wallace Wade Stadium,40004.0,True,False,Durham,NC,27708,US,America/New_York,35.9953688,-78.9417564,103.0028152,1929.0,2024-09-14,26.1,0.0,14.4,0.5042995700429957,0,False,False
401640990,2024,3,regular,2024-09-14T22:00:00.000Z,False,True,False,True,21805.0,3992,Williams Stadium (VA),2335,Liberty,fbs,Conference USA,28.0,"[7, 7, 7, 7]",0.9947829246520996,1573.0,1582.0,2638,UTEP,fbs,Conference USA,10.0,"[3, 0, 7, 0]",0.005217075347900391,1232.0,1223.0,3.1827042473961513,,,,3992,Williams Stadium (VA),25000.0,False,False,Lynchburg,VA,24502,US,America/New_York,37.3544305,-79.1750239,272.9237061,1989.0,2024-09-14,24.8,0.0,11.5,0.8722,0,False,False
401640980,2024,3,regular,2024-09-14T22:00:00.000Z,False,True,False,False,24283.0,3715,FAU Stadium,2226,Florida Atlantic,fbs,American Athletic,38.0,"[7, 17, 14, 0]",0.9960647821426392,1373.0,1403.0,2229,Florida International,fbs,Conference USA,20.0,"[7, 0, 7, 6]",0.00393521785736084,1271.0,1241.0,3.4934517284480853,,,,3715,FAU Stadium,29419.0,False,False,Boca Raton,FL,33499,US,America/New_York,26.3763763,-80.1015759,3.613628864,2011.0,2024-09-14,26.3,0.1,4.0,0.825418946939053,0,False,False
401643787,2024,3,regular,2024-09-14T22:00:00.000Z,False,True,False,False,21617.0,3608,Allen E. Paulson Stadium,290,Georgia Southern,fbs,Sun Belt,42.0,"[7, 14, 14, 7]",0.9908620138574958,1383.0,1383.0,2569,South Carolina State,fcs,MEAC,14.0,"[0, 7, 7, 0]",0.009137986142504162,,,4.1223384087,,,,3608,Allen E. Paulson Stadium,25000.0,False,False,Statesboro,GA,30460,US,America/New_York,32.4122471,-81.7849296,61.25376892,1984.0,2024-09-14,27.0,0.0,13.3,0.86468,0,False,False
401635545,2024,3,regular,2024-09-14T22:00:00.000Z,False,True,False,False,45491.0,3787,Kenan Stadium,153,North Carolina,fbs,ACC,45.0,"[0, 17, 0, 28]",0.9901700019836426,1567.0,1567.0,2428,North Carolina Central,fcs,MEAC,10.0,"[7, 3, 0, 0]",0.009829998016357422,,,3.345880348242891,,,,3787,Kenan Stadium,50500.0,False,False,Chapel Hill,NC,27515,US,America/New_York,35.9069294,-79.0478889,127.7569809,1927.0,2024-09-14,26.3,0.0,15.4,0.9008118811881188,1,False,False
401644733,2024,3,regular,2024-09-14T22:00:00.000Z,False,True,False,False,8932.0,3768,InfoCision Stadium,2006,Akron,fbs,Mid-American,31.0,"[7, 21, 0, 3]",0.7864969968795776,1098.0,1098.0,2142,Colgate,fcs,Patriot,20.0,"[17, 0, 3, 0]",0.21350300312042236,,,4.138617444909076,,,,3768,InfoCision Stadium,30000.0,False,False,Akron,OH,44399,US,America/New_York,41.0725534,-81.5083408,321.2875061,2009.0,2024-09-14,27.8,0.0,13.4,0.29773333333333335,0,False,False
401645327,2024,3,regular,2024-09-14T22:00:00.000Z,False,True,False,False,,4418,Jerry Richardson Stadium,2429,Charlotte,fbs,American Athletic,27.0,"[0, 3, 3, 21]",0.45809441804885864,1174.0,1174.0,2241,Gardner-Webb,fcs,Big South-OVC,26.0,"[3, 14, 3, 6]",0.5419055819511414,,,6.098850873872742,,,,4418,Jerry Richardson Stadium,15300.0,False,False,Charlotte,NC,28223,US,America/New_York,35.3105033,-80.7401194,190.365509,2013.0,2024-09-14,27.0,0.0,19.2,,,True,False
401635548,2024,3,regular,2024-09-14T22:00:00.000Z,False,True,False,False,22208.0,3918,S.B. Ballard Stadium,295,Old Dominion,fbs,Sun Belt,17.0,"[0, 10, 0, 7]",0.03186587616801262,1397.0,1368.0,259,Virginia Tech,fbs,ACC,37.0,"[14, 0, 6, 17]",0.9681341238319874,1597.0,1626.0,4.1840472747187905,,,,3918,S.B. Ballard Stadium,20118.0,False,False,Norfolk,VA,23551,US,America/New_York,36.8889533,-76.3049175,3.147987843,1936.0,2024-09-14,23.6,0.0,27.6,1.1038870663087783,1,False,False
401636364,2024,3,regular,2024-09-14T22:30:00.000Z,False,True,False,False,23476.0,3980,Waldo Stadium,2711,Western Michigan,fbs,Mid-American,59.0,"[14, 21, 14, 10]",0.9989684442331265,1193.0,1193.0,2065,Bethune-Cookman,fcs,SWAC,31.0,"[0, 14, 7, 10]",0.0010315557668735265,,,2.73963378,,,,3980,Waldo Stadium,30200.0,False,False,Kalamazoo,MI,49008,US,America/Detroit,42.2860064,-85.6007573,243.8211212,1939.0,2024-09-14,28.3,0.0,12.3,0.7773509933774835,0,False,False
401628355,2024,3,regular,2024-09-14T22:30:00.000Z,False,True,False,False,32849.0,3630,Allegacy Federal Credit Union Stadium,154,Wake Forest,fbs,ACC,6.0,"[3, 3, 0, 0]",0.007809191942214966,1424.0,1370.0,145,Ole Miss,fbs,SEC,40.0,"[20, 3, 7, 10]",0.992190808057785,1770.0,1824.0,3.3154496636731077,,,,3630,Allegacy Federal Credit Union Stadium,31500.0,False,False,Winston-Salem,NC,27105,US,America/New_York,36.1305507,-80.2545851,283.548584,1968.0,2024-09-14,25.7,0.0,17.1,1.0428253968253969,1,False,False
401628361,2024,3,regular,2024-09-14T23:00:00.000Z,False,True,False,False,101892.0,3910,DKR-Texas Memorial Stadium,251,Texas,fbs,SEC,56.0,"[14, 14, 14, 14]",0.9780104756355286,1991.0,2068.0,2636,UTSA,fbs,American Athletic,7.0,"[0, 7, 0, 0]",0.021989524364471436,1467.0,1390.0,2.25223890795822,,,,3910,DKR-Texas Memorial Stadium,100119.0,False,False,Austin,TX,78712,US,America/Chicago,30.2836813,-97.7325345,160.3089447,1924.0,2024-09-14,34.0,0.0,7.8,1.0177089263776107,1,False,False
401640999,2024,3,regular,2024-09-14T23:00:00.000Z,False,True,False,False,17501.0,3912,Rynearson Stadium,2199,Eastern Michigan,fbs,Mid-American,37.0,"[14, 14, 3, 0, 3, 3]",0.7924458980560303,1298.0,1300.0,55,Jacksonville State,fbs,Conference USA,34.0,"[7, 13, 0, 11, 3, 0]",0.20755410194396973,1374.0,1372.0,10.219832788583032,,,,3912,Rynearson Stadium,30200.0,False,False,Ypsilanti,MI,48197,US,America/Detroit,42.256126,-83.647285,241.248764,1969.0,2024-09-14,24.3,0.0,11.6,0.5795033112582781,0,False,False
401641024,2024,3,regular,2024-09-14T23:00:00.000Z,False,True,False,True,12227.0,3725,"Johnny ""Red"" Floyd Stadium",2393,Middle Tennessee,fbs,Conference USA,21.0,"[0, 0, 14, 7]",0.4053521454334259,1288.0,1215.0,98,Western Kentucky,fbs,Conference USA,49.0,"[14, 7, 21, 7]",0.5946478545665741,1323.0,1396.0,3.0731356880504253,,,,3725,"Johnny ""Red"" Floyd Stadium",30788.0,False,False,Murfreesboro,TN,37132,US,America/Chicago,35.8511463,-86.3681649,191.7279816,1933.0,2024-09-14,23.5,0.0,5.6,0.39713524749902557,0,False,False
401641040,2024,3,regular,2024-09-14T23:00:00.000Z,False,True,False,False,15134.0,3647,Elliott T. Bowers Stadium,2534,Sam Houston,fbs,Conference USA,31.0,"[7, 10, 7, 7]",0.986011266708374,1370.0,1398.0,62,Hawai'i,fbs,Mountain West,13.0,"[0, 3, 10, 0]",0.013988733291625977,1242.0,1214.0,2.9843456114256957,,,,3647,Elliott T. Bowers Stadium,14000.0,False,False,Huntsville,TX,77340,US,America/Chicago,30.713926,-95.5419802,127.6225204,1986.0,2024-09-14,32.9,0.0,3.9,1.081,1,False,False
401628362,2024,3,regular,2024-09-14T23:00:00.000Z,False,True,False,False,14413.0,4246,Center Parc Stadium,2247,Georgia State,fbs,Sun Belt,36.0,"[3, 9, 10, 14]",0.30117449164390564,1370.0,1371.0,238,Vanderbilt,fbs,SEC,32.0,"[0, 10, 0, 22]",0.6988255083560944,1313.0,1312.0,6.593691325558333,,,,4246,Center Parc Stadium,25000.0,False,False,Atlanta,GA,30315,US,America/New_York,33.735267,-84.389949,287,2017.0,2024-09-14,22.5,0.2,17.3,0.57652,0,False,False
401641017,2024,3,regular,2024-09-14T23:00:00.000Z,False,True,False,False,11090.0,3935,CEFCU Stadium,23,San José State,fbs,Mountain West,31.0,"[0, 17, 7, 7]",0.98399418592453,1567.0,1602.0,338,Kennesaw State,fbs,Conference USA,10.0,"[3, 0, 7, 0]",0.01600581407546997,1423.0,1388.0,4.335946622324489,,,,3935,CEFCU Stadium,30456.0,False,False,San Jose,CA,95112,US,America/Los_Angeles,37.3196675,-121.8682962,28.30708694,1933.0,2024-09-14,30.8,0.0,17.8,0.36413186235881273,0,False,False
401643789,2024,3,regular,2024-09-14T23:00:00.000Z,False,True,False,False,23537.0,3815,M. M. Roberts Stadium,2572,Southern Miss,fbs,Sun Belt,24.0,"[14, 7, 0, 3]",0.013851610012352467,1230.0,1187.0,58,South Florida,fbs,American Athletic,49.0,"[14, 14, 14, 7]",0.9861483899876475,1433.0,1476.0,4.910981018121328,,,,3815,M. M. Roberts Stadium,36000.0,False,False,Hattiesburg,MS,39402,US,America/Chicago,31.3289321,-89.3318118,64.52726746,1932.0,2024-09-14,28.1,0.0,8.0,0.6538055555555555,0,False,False
401628354,2024,3,regular,2024-09-14T23:30:00.000Z,False,True,False,True,61663.0,3683,Kroger Field,96,Kentucky,fbs,SEC,12.0,"[3, 3, 3, 3]",0.20705104002487187,1563.0,1583.0,61,Georgia,fbs,SEC,13.0,"[0, 3, 3, 7]",0.7929489599751282,2066.0,2046.0,8.9509868466,,,,3683,Kroger Field,61000.0,False,False,Lexington,KY,40506,US,America/New_York,38.0220905,-84.5053408,307.4248962,1973.0,2024-09-14,27.3,0.0,5.8,1.0108688524590164,1,False,False
401636860,2024,3,regular,2024-09-14T23:30:00.000Z,False,True,False,False,46212.0,4727,McLane Stadium,239,Baylor,fbs,Big 12,31.0,"[3, 3, 17, 8]",0.9136401414871216,1417.0,1507.0,2005,Air Force,fbs,Mountain West,3.0,"[0, 3, 0, 0]",0.08635985851287842,1549.0,1459.0,3.2091531397528774,,,,4727,McLane Stadium,45140.0,False,False,Waco,TX,76704,US,America/Chicago,31.5582015,-97.1156702,117.0538101,2014.0,2024-09-14,35.0,0.0,8.0,1.0237483385024368,1,False,False
401636866,2024,3,regular,2024-09-14T23:30:00.000Z,False,True,False,True,48889.0,3616,Amon G. Carter Stadium,2628,TCU,fbs,Big 12,34.0,"[14, 7, 10, 3]",0.008433595726321992,1578.0,1580.0,2116,UCF,fbs,Big 12,35.0,"[0, 7, 13, 15]",0.991566404273678,1644.0,1642.0,6.913846806,,,,3616,Amon G. Carter Stadium,46000.0,True,False,Fort Worth,TX,76129,US,America/Chicago,32.7096604,-97.3680835,185.4387054,1929.0,2024-09-14,34.8,0.0,10.6,1.062804347826087,1,False,False
401628482,2024,3,regular,2024-09-14T23:30:00.000Z,False,True,False,False,86546.0,3834,"Memorial Stadium (Lincoln, NE)",158,Nebraska,fbs,Big Ten,34.0,"[7, 14, 6, 7]",0.9602840542793274,1596.0,1596.0,2460,Northern Iowa,fcs,MVFC,3.0,"[3, 0, 0, 0]",0.03971594572067261,,,2.769869337986109,,,,3834,"Memorial Stadium (Lincoln, NE)",85458.0,False,False,Lincoln,NE,68588,US,America/Chicago,40.820682,-96.705594,354.9318848,1923.0,2024-09-14,27.9,0.0,13.6,1.0127314002199912,1,False,False
401636861,2024,3,regular,2024-09-14T23:30:00.000Z,False,True,False,False,40099.0,5388,Canvas Stadium,36,Colorado State,fbs,Mountain West,9.0,"[3, 0, 0, 6]",0.23195601999759674,1261.0,1219.0,38,Colorado,fbs,Big 12,28.0,"[0, 14, 7, 7]",0.7680439800024033,1307.0,1349.0,4.3657335371798975,,,,5388,Canvas Stadium,36500.0,False,False,Fort Collins,CO,80521,US,America/Denver,40.570015,-105.088435,1528.4,2017.0,2024-09-14,29.5,0.0,6.0,1.0986027397260274,1,False,False
401628356,2024,3,regular,2024-09-14T23:30:00.000Z,False,True,False,False,47412.0,3693,Davis Wade Stadium,344,Mississippi State,fbs,SEC,17.0,"[0, 3, 7, 7]",0.0015195030719041824,1440.0,1386.0,2649,Toledo,fbs,Mid-American,41.0,"[7, 21, 7, 6]",0.9984804969280958,1524.0,1578.0,2.8171227897501727,,,,3693,Davis Wade Stadium,61337.0,True,False,Starkville,MS,39762,US,America/Chicago,33.4563403,-88.7933652,110.2742081,1914.0,2024-09-14,24.9,0.0,7.7,0.772975528636875,0,False,False
401655632,2024,3,regular,2024-09-14T23:30:00.000Z,False,True,True,False,10631.0,5960,Lanny and Sharon Martin Stadium,77,Northwestern,fbs,Big Ten,31.0,"[7, 7, 10, 7]",0.987991988658905,1508.0,1508.0,2197,Eastern Illinois,fcs,Big South-OVC,7.0,"[0, 7, 0, 0]",0.01200801134109497,,,3.51131850601015,,,,5960,Lanny and Sharon Martin Stadium,12023.0,False,False,Evanston,IL,60208,US,America/Chicago,42.058246,-87.670876,179,1997.0,2024-09-14,25.7,0.0,9.5,0.8842219080096482,,False,False
401628352,2024,3,regular,2024-09-14T23:30:00.000Z,False,True,False,False,88043.0,3785,Jordan-Hare Stadium,2,Auburn,fbs,SEC,45.0,"[14, 3, 14, 14]",1.0,1537.0,1569.0,167,New Mexico,fbs,Mountain West,19.0,"[10, 3, 0, 6]",0.0,1228.0,1196.0,3.8850884808092574,,,,3785,Jordan-Hare Stadium,87451.0,True,False,Auburn,AL,36849,US,America/Chicago,32.6025532,-85.4897479,201.1737976,1939.0,2024-09-14,22.0,1.6,11.0,1.0067695052086312,1,False,False
401628476,2024,3,regular,2024-09-14T23:30:00.000Z,False,True,False,True,47811.0,1056,Rose Bowl,26,UCLA,fbs,Big Ten,13.0,"[0, 7, 3, 3]",0.0025374109391123056,1553.0,1456.0,84,Indiana,fbs,Big Ten,42.0,"[14, 7, 7, 14]",0.9974625890608877,1430.0,1527.0,2.97119558859487,,,,1056,Rose Bowl,88565.0,True,False,Pasadena,CA,90095,US,America/Los_Angeles,34.1613284,-118.1676462,245.1772461,1922.0,2024-09-14,25.5,0.0,13.6,0.5398407948964038,0,False,False
401628360,2024,3,regular,2024-09-14T23:45:00.000Z,False,True,False,False,101915.0,3853,Neyland Stadium,2633,Tennessee,fbs,SEC,71.0,"[37, 28, 3, 3]",0.9935073256492615,1845.0,1964.0,2309,Kent State,fbs,Mid-American,0.0,"[0, 0, 0, 0]",0.006492674350738525,1108.0,989.0,2.0779291542707257,,,,3853,Neyland Stadium,102455.0,True,False,Knoxville,TN,37996,US,America/New_York,35.9550131,-83.9250128,271.9517212,1921.0,2024-09-14,27.5,0.0,20.2,0.994729393392221,1,False,False
401628478,2024,3,regular,2024-09-15T00:00:00.000Z,False,True,False,False,,3923,Scott Stadium,258,Virginia,fbs,ACC,13.0,"[3, 10, 0, 0]",0.045308783650398254,1317.0,1318.0,120,Maryland,fbs,Big Ten,27.0,"[0, 7, 10, 10]",0.9546912163496017,1679.0,1678.0,5.45654209707751,,,,3923,Scott Stadium,61500.0,True,False,Charlottesville,VA,22904,US,America/New_York,38.0311801,-78.5137897,170.4677429,1931.0,2024-09-15,21.6,0.0,10.4,,,True,False
401636862,2024,3,regular,2024-09-15T00:00:00.000Z,False,True,False,False,28146.0,4728,TDECU Stadium,248,Houston,fbs,Big 12,33.0,"[14, 6, 6, 7]",0.9921762347221375,1411.0,1466.0,242,Rice,fbs,American Athletic,7.0,"[0, 0, 0, 7]",0.007823765277862549,1314.0,1259.0,2.749624746329975,,,,4728,TDECU Stadium,40000.0,False,False,Houston,TX,77004,US,America/Chicago,29.7219885,-95.3491623,9.57440567,2014.0,2024-09-15,30.8,0.0,5.1,0.70365,0,False,False
401636871,2024,3,regular,2024-09-15T01:00:00.000Z,False,True,False,False,24513.0,3984,War Memorial Stadium,2751,Wyoming,fbs,Mountain West,14.0,"[0, 7, 0, 7]",0.0,1354.0,1312.0,252,BYU,fbs,Big 12,34.0,"[7, 10, 17, 0]",1.0,1430.0,1472.0,3.678719564365576,,,,3984,War Memorial Stadium,29181.0,False,False,Laramie,WY,82071,US,America/Denver,41.31161,-105.5681384,2200.153564,1950.0,2024-09-15,20.9,0.0,5.9,0.8400328981186388,0,False,False
401641033,2024,3,regular,2024-09-15T02:30:00.000Z,False,True,False,False,39079.0,3660,Valley Children's Stadium,278,Fresno State,fbs,Mountain West,48.0,"[14, 17, 17, 0]",0.9954609870910645,1551.0,1680.0,166,New Mexico State,fbs,Conference USA,0.0,"[0, 0, 0, 0]",0.004539012908935547,1431.0,1302.0,2.2254907252015874,,,,3660,Valley Children's Stadium,41031.0,False,False,Fresno,CA,93740,US,America/Los_Angeles,36.8143527,-119.7580092,102.564064,1980.0,2024-09-15,30.1,0.0,7.2,0.9524262143257537,1,False,False
401635541,2024,3,regular,2024-09-15T02:30:00.000Z,False,True,False,False,35197.0,3831,California Memorial Stadium,25,California,fbs,ACC,31.0,"[7, 0, 14, 10]",0.9842265248298645,1502.0,1540.0,21,San Diego State,fbs,Mountain West,10.0,"[3, 0, 0, 7]",0.015773475170135498,1388.0,1350.0,3.2232261819368255,,,,3831,California Memorial Stadium,62467.0,False,False,Berkeley,CA,94720,US,America/Los_Angeles,37.8710434,-122.2507729,125.3108063,1923.0,2024-09-15,14.5,0.0,14.2,0.5634495013367058,0,False,False
401643790,2024,4,regular,2024-09-19T23:30:00.000Z,False,True,False,True,34133.0,3792,Kidd Brewer Stadium,2026,App State,fbs,Sun Belt,14.0,"[0, 7, 0, 7]",0.003978240303695202,1447.0,1366.0,6,South Alabama,fbs,Sun Belt,48.0,"[14, 14, 13, 7]",0.9960217596963048,1576.0,1657.0,4.057191545935922,,,,3792,Kidd Brewer Stadium,30000.0,False,False,Boone,NC,28608,US,America/New_York,36.2114267,-81.6854278,991.3414307,1962.0,2024-09-19,18.8,0.0,6.4,1.1377666666666666,1,False,False
401634766,2024,4,regular,2024-09-20T23:30:00.000Z,False,True,False,True,39290.0,1964,JMA Wireless Dome,183,Syracuse,fbs,ACC,24.0,"[0, 10, 7, 7]",0.5641607642173767,1386.0,1378.0,24,Stanford,fbs,ACC,26.0,"[7, 6, 7, 6]",0.4358392357826233,1295.0,1303.0,6.915791134482115,,,,1964,JMA Wireless Dome,49057.0,False,True,Syracuse,NY,13244,US,America/New_York,43.0362269,-76.1363161,162.6989746,1980.0,2024-09-20,21.1,0.0,11.2,0.8009050696128993,0,False,False
401628485,2024,4,regular,2024-09-21T00:00:00.000Z,False,True,False,True,86936.0,3834,"Memorial Stadium (Lincoln, NE)",158,Nebraska,fbs,Big Ten,24.0,"[10, 7, 0, 7, 0]",0.6159760355949402,1588.0,1570.0,356,Illinois,fbs,Big Ten,31.0,"[7, 3, 7, 7, 7]",0.3840239644050598,1533.0,1551.0,7.430048519275258,,,,3834,"Memorial Stadium (Lincoln, NE)",85458.0,False,False,Lincoln,NE,68588,US,America/Chicago,40.820682,-96.705594,354.9318848,1923.0,2024-09-21,28.1,0.0,14.3,1.0172950455194365,1,False,False
401643714,2024,4,regular,2024-09-21T02:00:00.000Z,False,True,False,False,24808.0,3820,Gesa Field,265,Washington State,fbs,Pac-12,54.0,"[7, 17, 0, 22, 0, 8]",0.823604166507721,1595.0,1596.0,23,San José State,fbs,Mountain West,52.0,"[10, 7, 21, 8, 0, 6]",0.17639583349227905,1602.0,1601.0,10.322487826799199,,,,3820,Gesa Field,32952.0,False,False,Pullman,WA,99164,US,America/Los_Angeles,46.731831,-117.1604991,773.9526367,1972.0,2024-09-21,15.2,0.0,8.9,0.7528526341344987,0,False,False
401636879,2024,4,regular,2024-09-21T16:00:00.000Z,False,True,False,True,52428.0,3842,Milan Puskar Stadium,277,West Virginia,fbs,Big 12,32.0,"[7, 7, 3, 15]",0.5754549503326416,1541.0,1546.0,2305,Kansas,fbs,Big 12,28.0,"[0, 7, 14, 7]",0.4245450496673584,1603.0,1598.0,6.941278126933258,,,,3842,Milan Puskar Stadium,60000.0,False,False,Morgantown,WV,26507,US,America/New_York,39.6502744,-79.9551873,327.409668,1980.0,2024-09-21,26.0,0.0,7.1,0.8738,0,False,False
401628367,2024,4,regular,2024-09-21T16:00:00.000Z,False,True,False,True,49655.0,3693,Davis Wade Stadium,344,Mississippi State,fbs,SEC,28.0,"[7, 7, 7, 7]",0.273383766412735,1386.0,1355.0,57,Florida,fbs,SEC,45.0,"[7, 21, 7, 10]",0.726616233587265,1485.0,1516.0,4.291553664896677,,,,3693,Davis Wade Stadium,61337.0,True,False,Starkville,MS,39762,US,America/Chicago,33.4563403,-88.7933652,110.2742081,1914.0,2024-09-21,30.4,0.0,5.1,0.8095439946524936,0,False,False
401643791,2024,4,regular,2024-09-21T16:00:00.000Z,False,True,False,False,22534.0,3666,Cajun Field,309,Louisiana,fbs,Sun Belt,33.0,"[7, 6, 13, 7]",0.006313387304544449,1558.0,1543.0,2655,Tulane,fbs,American Athletic,41.0,"[0, 17, 21, 3]",0.9936866126954556,1561.0,1576.0,6.59110307135616,,,,3666,Cajun Field,41426.0,False,False,Lafayette,LA,70506,US,America/Chicago,30.2158434,-92.0417371,3.556508303,1971.0,2024-09-21,29.8,0.0,9.2,0.5439579008352242,0,False,False
401636873,2024,4,regular,2024-09-21T16:00:00.000Z,False,True,False,True,38007.0,3854,Nippert Stadium,2132,Cincinnati,fbs,Big 12,34.0,"[14, 10, 7, 3]",0.9920600652694702,1429.0,1529.0,248,Houston,fbs,Big 12,0.0,"[0, 0, 0, 0]",0.007939934730529785,1466.0,1366.0,1.859134174515357,,,,3854,Nippert Stadium,40000.0,False,False,Cincinnati,OH,45221,US,America/New_York,39.1312495,-84.5161913,230.0660553,1915.0,2024-09-21,27.1,0.0,2.9,0.950175,1,False,False
401645328,2024,4,regular,2024-09-21T16:00:00.000Z,False,True,False,True,26654.0,3841,Michie Stadium,349,Army,fbs,American Athletic,37.0,"[7, 21, 9, 0]",0.9984307056725569,1465.0,1499.0,242,Rice,fbs,American Athletic,14.0,"[0, 0, 7, 7]",0.001569294327443127,1259.0,1225.0,2.632426298283298,,,,3841,Michie Stadium,38000.0,False,False,West Point,NY,10996,US,America/New_York,41.3874924,-73.9640891,99.21277618,1924.0,2024-09-21,22.3,0.0,9.0,0.701421052631579,0,False,False
401635556,2024,4,regular,2024-09-21T16:00:00.000Z,False,True,False,False,50500.0,3787,Kenan Stadium,153,North Carolina,fbs,ACC,50.0,"[14, 7, 17, 12]",0.03307970240712166,1554.0,1519.0,256,James Madison,fbs,Sun Belt,70.0,"[25, 28, 7, 10]",0.9669202975928783,1699.0,1734.0,5.790149590031702,,,,3787,Kenan Stadium,50500.0,False,False,Chapel Hill,NC,27515,US,America/New_York,35.9069294,-79.0478889,127.7569809,1927.0,2024-09-21,26.4,0.0,6.0,1.0,1,False,False
401628488,2024,4,regular,2024-09-21T16:00:00.000Z,False,True,False,False,38006.0,3665,SECU Stadium,120,Maryland,fbs,Big Ten,38.0,"[17, 7, 7, 7]",0.9886807203292847,1698.0,1698.0,222,Villanova,fcs,Coastal Athletic,20.0,"[0, 0, 10, 10]",0.011319279670715332,,,2.0431528856606778,,,,3665,SECU Stadium,51802.0,False,False,College Park,MD,20742,US,America/New_York,38.9903332,-76.9473792,32.68748093,1950.0,2024-09-21,24.9,0.0,9.7,0.7336782363615304,0,False,False
401635552,2024,4,regular,2024-09-21T16:00:00.000Z,False,True,False,True,81500.0,3836,"Memorial Stadium (Clemson, SC)",228,Clemson,fbs,ACC,59.0,"[28, 17, 14, 0]",0.9522562026977539,1757.0,1790.0,152,NC State,fbs,ACC,35.0,"[0, 7, 7, 21]",0.047743797302246094,1511.0,1478.0,2.128813280475961,,,,3836,"Memorial Stadium (Clemson, SC)",81500.0,True,False,Clemson,SC,29634,US,America/New_York,34.6787737,-82.8432428,205.6452179,1942.0,2024-09-21,27.8,0.0,5.2,1.0,1,False,False
401628486,2024,4,regular,2024-09-21T16:00:00.000Z,False,True,False,False,43109.0,3830,"Memorial Stadium (Bloomington, IN)",84,Indiana,fbs,Big Ten,52.0,"[10, 21, 14, 7]",1.0,1527.0,1592.0,2429,Charlotte,fbs,American Athletic,14.0,"[0, 14, 0, 0]",0.0,1187.0,1122.0,2.89408512364107,,,,3830,"Memorial Stadium (Bloomington, IN)",52656.0,False,False,Bloomington,IN,47408,US,America/Indiana/Indianapolis,39.1808959,-86.5256217,231.6500854,1960.0,2024-09-21,28.5,0.0,4.7,0.818691127316925,0,False,False
401628492,2024,4,regular,2024-09-21T16:00:00.000Z,False,True,False,False,103871.0,3861,Ohio Stadium,194,Ohio State,fbs,Big Ten,49.0,"[7, 21, 14, 7]",0.9988671629158615,2014.0,2038.0,276,Marshall,fbs,Sun Belt,14.0,"[7, 7, 0, 0]",0.0011328370841384716,1384.0,1360.0,3.6816411505,,,,3861,Ohio Stadium,102780.0,False,False,Columbus,OH,43210,US,America/New_York,40.0016447,-83.0197266,216.6770325,1922.0,2024-09-21,27.6,0.0,6.5,1.0106149056236622,1,False,False
401628364,2024,4,regular,2024-09-21T16:45:00.000Z,False,True,False,False,61783.0,3683,Kroger Field,96,Kentucky,fbs,SEC,41.0,"[3, 14, 10, 14]",0.9856982231140137,1583.0,1668.0,195,Ohio,fbs,Mid-American,6.0,"[0, 0, 0, 6]",0.014301776885986328,1486.0,1401.0,2.002807128481186,,,,3683,Kroger Field,61000.0,False,False,Lexington,KY,40506,US,America/New_York,38.0220905,-84.5053408,307.4248962,1973.0,2024-09-21,25.0,0.5,0.4,1.0128360655737705,1,False,False
401644735,2024,4,regular,2024-09-21T17:00:00.000Z,False,True,False,True,18011.0,3786,Kelly/Shorts Stadium,2117,Central Michigan,fbs,Mid-American,37.0,"[0, 23, 0, 14]",0.7515473365783691,1173.0,1174.0,2050,Ball State,fbs,Mid-American,34.0,"[10, 7, 7, 10]",0.24845266342163086,1185.0,1184.0,8.058088460054421,,,,3786,Kelly/Shorts Stadium,30255.0,False,False,Mount Pleasant,MI,48859,US,America/Detroit,43.5777313,-84.7709904,240.9007721,1972.0,2024-09-21,26.8,0.0,5.0,0.595306560899025,0,False,False
401643715,2024,4,regular,2024-09-21T18:00:00.000Z,False,True,False,False,11384.0,3806,Lincoln Financial Field,218,Temple,fbs,American Athletic,45.0,"[0, 17, 7, 21]",0.8281865119934082,1092.0,1141.0,328,Utah State,fbs,Mountain West,29.0,"[0, 21, 0, 8]",0.1718134880065918,1242.0,1193.0,6.27985534771323,,,,3806,Lincoln Financial Field,69879.0,False,False,Philadelphia,PA,19122,US,America/New_York,39.9007995,-75.1675414,3.198706865,2003.0,2024-09-21,24.9,0.0,5.8,0.16291017329956067,0,False,False
401644737,2024,4,regular,2024-09-21T18:00:00.000Z,False,True,False,False,15509.0,3912,Rynearson Stadium,2199,Eastern Michigan,fbs,Mid-American,36.0,"[10, 3, 16, 7]",1.0,1303.0,1303.0,2598,Saint Francis,fcs,NEC,0.0,"[0, 0, 0, 0]",0.0,,,2.757676238548781,,,,3912,Rynearson Stadium,30200.0,False,False,Ypsilanti,MI,48197,US,America/Detroit,42.256126,-83.647285,241.248764,1969.0,2024-09-21,27.4,0.0,9.2,0.5135430463576159,0,False,False
401636875,2024,4,regular,2024-09-21T18:00:00.000Z,False,True,False,False,55428.0,3772,Jack Trice Stadium,66,Iowa State,fbs,Big 12,52.0,"[14, 17, 7, 14]",0.9954066276550293,1610.0,1718.0,2032,Arkansas State,fbs,Sun Belt,7.0,"[0, 0, 0, 7]",0.004593372344970703,1421.0,1313.0,2.3695602193065555,,,,3772,Jack Trice Stadium,61500.0,True,False,Ames,IA,50011,US,America/Chicago,42.0139977,-93.6357716,274.9135437,1975.0,2024-09-21,30.0,0.0,20.2,0.9012682926829269,1,False,False
401635558,2024,4,regular,2024-09-21T18:00:00.000Z,False,True,False,False,22104.0,3654,Brooks Stadium (SC),324,Coastal Carolina,fbs,Sun Belt,24.0,"[3, 7, 7, 7]",0.0011874930933117867,1519.0,1448.0,258,Virginia,fbs,ACC,43.0,"[14, 13, 10, 6]",0.9988125069066882,1318.0,1389.0,3.550006693827249,,,,3654,Brooks Stadium (SC),21000.0,False,False,Conway,SC,29528,US,America/New_York,33.7928506,-79.0166946,13.74894905,2003.0,2024-09-21,28.2,0.0,8.0,1.0525714285714285,1,False,False
401641000,2024,4,regular,2024-09-21T19:00:00.000Z,False,True,False,False,21788.0,3662,AmFirst Stadium,55,Jacksonville State,fbs,Conference USA,44.0,"[14, 7, 23, 0]",0.9907800555229187,1372.0,1453.0,2572,Southern Miss,fbs,Sun Belt,7.0,"[0, 7, 0, 0]",0.009219944477081299,1187.0,1106.0,3.1711650523982904,,,,3662,AmFirst Stadium,24000.0,False,False,Jacksonville,AL,36265,US,America/Chicago,33.8201052,-85.76647,198.0679016,1947.0,2024-09-21,32.8,0.0,7.7,0.9078333333333334,1,False,False
401643713,2024,4,regular,2024-09-21T19:00:00.000Z,False,True,False,False,16399.0,3816,Mackay Stadium,2440,Nevada,fbs,Mountain West,49.0,"[14, 7, 14, 14]",0.9938949942588806,1220.0,1220.0,331,Eastern Washington,fcs,Big Sky,16.0,"[0, 3, 0, 13]",0.006105005741119385,,,2.918452961385513,,,,3816,Mackay Stadium,27000.0,False,False,Reno,NV,89557,US,America/Los_Angeles,39.5469459,-119.8175435,1406.57605,1966.0,2024-09-21,20.1,0.0,4.2,0.6073703703703703,0,False,False
401628494,2024,4,regular,2024-09-21T19:30:00.000Z,False,True,False,False,65632.0,3799,Lane Stadium,259,Virginia Tech,fbs,ACC,23.0,"[0, 7, 0, 16]",0.0,1626.0,1614.0,164,Rutgers,fbs,Big Ten,26.0,"[14, 2, 7, 3]",1.0,1511.0,1523.0,5.706352177935635,,,,3799,Lane Stadium,65632.0,True,False,Blacksburg,VA,24061,US,America/New_York,37.2199873,-80.4180643,632.2631226,1965.0,2024-09-21,27.7,0.0,9.8,1.0,1,False,False
401628979,2024,4,regular,2024-09-21T19:30:00.000Z,False,True,False,False,77622.0,3855,Notre Dame Stadium,87,Notre Dame,fbs,FBS Independents,28.0,"[0, 14, 7, 7]",0.8538546562194824,1992.0,2000.0,193,Miami (OH),fbs,Mid-American,3.0,"[0, 3, 0, 0]",0.14614534378051758,1458.0,1450.0,3.9821329822911538,,,,3855,Notre Dame Stadium,80795.0,False,False,Notre Dame,IN,46556,US,America/Indiana/Indianapolis,41.698378,-86.2339425,222.645401,1930.0,2024-09-21,29.1,0.0,6.4,0.9607277678074139,1,False,False
401635554,2024,4,regular,2024-09-21T19:30:00.000Z,False,True,False,True,50727.0,3873,L&N Federal Credit Union Stadium,97,Louisville,fbs,ACC,31.0,"[7, 10, 7, 7]",0.6945644021034241,1700.0,1711.0,59,Georgia Tech,fbs,ACC,19.0,"[7, 7, 3, 2]",0.3054355978965759,1556.0,1545.0,4.210164828138383,,,,3873,L&N Federal Credit Union Stadium,60000.0,False,False,Louisville,KY,40292,US,America/Kentucky/Louisville,38.2057621,-85.7588141,138.5615997,1998.0,2024-09-21,30.8,0.0,1.8,0.84545,0,False,False
401644736,2024,4,regular,2024-09-21T19:30:00.000Z,False,True,False,True,18688.0,3764,Huskie Stadium,2459,Northern Illinois,fbs,Mid-American,20.0,"[7, 7, 0, 6, 0]",0.8238315582275391,1476.0,1464.0,2084,Buffalo,fbs,Mid-American,23.0,"[0, 3, 7, 10, 3]",0.17616844177246094,1360.0,1372.0,6.307420576315963,,,,3764,Huskie Stadium,23595.0,False,False,DeKalb,IL,60115,US,America/Chicago,41.9339586,-88.7778357,267.4530029,1965.0,2024-09-21,31.4,0.0,17.4,0.7920322102140284,0,False,False
401628489,2024,4,regular,2024-09-21T19:30:00.000Z,False,True,False,True,110702.0,3558,Michigan Stadium,130,Michigan,fbs,Big Ten,27.0,"[7, 7, 6, 7]",0.9074043035507202,1911.0,1910.0,30,USC,fbs,Big Ten,24.0,"[0, 3, 14, 7]",0.09259569644927979,1768.0,1769.0,5.5009964542679,,,,3558,Michigan Stadium,107601.0,False,False,Ann Arbor,MI,48109,US,America/Detroit,42.2658365,-83.7486956,255.5500031,1927.0,2024-09-21,28.0,0.0,9.2,1.0288194347636175,1,False,False
401645330,2024,4,regular,2024-09-21T19:30:00.000Z,False,True,False,False,20973.0,3604,Alamodome,2636,UTSA,fbs,American Athletic,45.0,"[10, 21, 7, 7]",0.9927331805229187,1366.0,1366.0,2277,Houston Christian,fcs,Southland,7.0,"[0, 7, 0, 0]",0.007266819477081299,,,2.4317269517375233,,,,3604,Alamodome,36582.0,False,True,San Antonio,TX,78299,US,America/Chicago,29.4169834,-98.4788143,201.5526886,1993.0,2024-09-21,32.6,0.0,13.8,0.573314744956536,0,False,False
401636877,2024,4,regular,2024-09-21T19:30:00.000Z,False,True,False,True,58795.0,3784,Jones AT&T Stadium,2641,Texas Tech,fbs,Big 12,30.0,"[14, 3, 7, 6]",0.9260770678520203,1623.0,1628.0,9,Arizona State,fbs,Big 12,22.0,"[0, 10, 6, 6]",0.07392293214797974,1511.0,1506.0,3.4628401533085724,,,,3784,Jones AT&T Stadium,60454.0,False,False,Lubbock,TX,79409,US,America/Chicago,33.5910518,-101.8728824,980.7632446,1947.0,2024-09-21,30.6,0.1,24.6,0.9725576471366659,1,False,False
401645329,2024,4,regular,2024-09-21T19:30:00.000Z,False,True,False,True,31268.0,3852,Navy-Marine Corps Memorial Stadium,2426,Navy,fbs,American Athletic,56.0,"[7, 21, 7, 21]",1.0,1409.0,1451.0,235,Memphis,fbs,American Athletic,44.0,"[14, 3, 13, 14]",0.0,1639.0,1597.0,5.220624905310474,,,,3852,Navy-Marine Corps Memorial Stadium,34000.0,False,False,Annapolis,MD,21402,US,America/New_York,38.9846985,-76.5076335,10.74990082,1959.0,2024-09-21,25.3,0.1,11.0,0.9196470588235294,1,False,False
401628365,2024,4,regular,2024-09-21T19:30:00.000Z,False,True,False,False,100315.0,3958,Tiger Stadium (LA),99,LSU,fbs,SEC,34.0,"[7, 10, 7, 10]",0.9904523491859436,1798.0,1805.0,26,UCLA,fbs,Big Ten,17.0,"[10, 7, 0, 0]",0.009547650814056396,1456.0,1449.0,3.8979996016107856,,,,3958,Tiger Stadium (LA),102321.0,True,False,Baton Rouge,LA,70803,US,America/Chicago,30.412035,-91.1838163,7.640734673,1924.0,2024-09-21,31.8,0.0,6.8,0.9803950313229933,1,False,False
401634247,2024,4,regular,2024-09-21T19:30:00.000Z,False,True,False,False,48437.0,3752,Acrisure Stadium,221,Pittsburgh,fbs,ACC,73.0,"[21, 21, 10, 21]",0.9907395243644714,1488.0,1488.0,2754,Youngstown State,fcs,MVFC,17.0,"[0, 10, 7, 0]",0.009260475635528564,,,1.8742891515214448,,,,3752,Acrisure Stadium,68400.0,True,False,Pittsburgh,PA,15260,US,America/New_York,40.4467648,-80.0157603,220.5887146,2001.0,2024-09-21,25.0,0.4,11.7,0.7081432748538011,0,False,False
401628363,2024,4,regular,2024-09-21T19:30:00.000Z,False,True,False,True,88043.0,3785,Jordan-Hare Stadium,2,Auburn,fbs,SEC,14.0,"[0, 0, 7, 7]",0.25290098786354065,1569.0,1537.0,8,Arkansas,fbs,SEC,24.0,"[0, 7, 7, 10]",0.7470990121364594,1451.0,1483.0,6.433586929726095,,,,3785,Jordan-Hare Stadium,87451.0,True,False,Auburn,AL,36849,US,America/Chicago,32.6025532,-85.4897479,201.1737976,1939.0,2024-09-21,29.9,0.0,1.9,1.0067695052086312,1,False,False
401628493,2024,4,regular,2024-09-21T19:30:00.000Z,False,True,False,False,109526.0,3632,Beaver Stadium,213,Penn State,fbs,Big Ten,56.0,"[7, 21, 14, 14]",0.971174955368042,1848.0,1905.0,2309,Kent State,fbs,Mid-American,0.0,"[0, 0, 0, 0]",0.028825044631958008,989.0,932.0,2.2329938890864844,,,,3632,Beaver Stadium,106572.0,True,False,University Park,PA,16802,US,America/New_York,40.8121958,-77.8561023,354.1551514,1960.0,2024-09-21,27.2,0.0,7.2,1.0277183500356566,1,False,False
401629042,2024,4,regular,2024-09-21T19:30:00.000Z,False,True,False,False,10847.0,3985,Warren McGuirk Alumni Stadium,113,Massachusetts,fbs,FBS Independents,35.0,"[7, 14, 7, 7]",0.8933273553848267,1057.0,1057.0,2115,Central Connecticut,fcs,NEC,31.0,"[0, 21, 7, 3]",0.10667264461517334,,,5.5633250465661686,,,,3985,Warren McGuirk Alumni Stadium,17000.0,False,False,Hadley,MA,1003 ,US,America/New_York,42.3773244,-72.5360595,46.58664703,1965.0,2024-09-21,18.4,0.0,8.9,0.6380588235294118,0,False,False
401636876,2024,4,regular,2024-09-21T20:00:00.000Z,False,True,False,True,52202.0,3646,Boone Pickens Stadium,197,Oklahoma State,fbs,Big 12,19.0,"[3, 0, 0, 16]",0.11634741723537445,1595.0,1593.0,254,Utah,fbs,Big 12,22.0,"[0, 10, 3, 9]",0.8836525827646255,1631.0,1633.0,5.74390961391896,,,,3646,Boone Pickens Stadium,55509.0,False,False,Stillwater,OK,74078,US,America/Chicago,36.125673,-97.066513,276.4808655,1919.0,2024-09-21,35.4,0.0,15.3,0.9404240753751644,1,False,False
401635553,2024,4,regular,2024-09-21T20:00:00.000Z,False,True,False,False,15209.0,3725,"Johnny ""Red"" Floyd Stadium",2393,Middle Tennessee,fbs,Conference USA,17.0,"[10, 0, 7, 0]",0.006224454380571842,1215.0,1182.0,150,Duke,fbs,ACC,45.0,"[28, 7, 3, 7]",0.9937755456194282,1590.0,1623.0,3.9169447592458373,,,,3725,"Johnny ""Red"" Floyd Stadium",30788.0,False,False,Murfreesboro,TN,37132,US,America/Chicago,35.8511463,-86.3681649,191.7279816,1933.0,2024-09-21,27.9,1.4,11.7,0.49399116538911264,0,False,False
401628368,2024,4,regular,2024-09-21T20:15:00.000Z,False,True,False,True,62621.0,3838,Memorial Stadium,142,Missouri,fbs,SEC,30.0,"[7, 3, 10, 0, 10]",0.29799962043762207,1795.0,1790.0,238,Vanderbilt,fbs,SEC,27.0,"[7, 6, 7, 0, 7]",0.7020003795623779,1312.0,1317.0,8.600016469755994,,,,3838,Memorial Stadium,71168.0,False,False,Columbia,MO,65211,US,America/Chicago,38.9358491,-92.3332009,212.6865692,1927.0,2024-09-21,29.3,0.0,4.8,0.8799038893884892,0,False,False
401635557,2024,4,regular,2024-09-21T21:00:00.000Z,False,True,False,False,33168.0,3735,Gerald J. Ford Stadium,2567,SMU,fbs,ACC,66.0,"[17, 24, 18, 7]",1.0,1648.0,1700.0,2628,TCU,fbs,Big 12,42.0,"[0, 21, 7, 14]",0.0,1580.0,1528.0,3.8417505414631985,,,,3735,Gerald J. Ford Stadium,32000.0,False,False,University Park,TX,75275,US,America/Chicago,32.8377223,-96.7827859,169.4058075,2000.0,2024-09-21,34.8,0.0,16.9,1.0365,1,False,False
401641028,2024,4,regular,2024-09-21T21:00:00.000Z,False,True,False,False,29151.0,5388,Canvas Stadium,36,Colorado State,fbs,Mountain West,27.0,"[7, 7, 10, 3]",0.9478221535682678,1219.0,1236.0,2638,UTEP,fbs,Conference USA,17.0,"[0, 3, 7, 7]",0.05217784643173218,1223.0,1206.0,3.049458807369073,,,,5388,Canvas Stadium,36500.0,False,False,Fort Collins,CO,80521,US,America/Denver,40.570015,-105.088435,1528.4,2017.0,2024-09-21,20.9,0.0,12.3,0.7986575342465754,0,False,False
401640991,2024,4,regular,2024-09-21T22:00:00.000Z,False,True,False,False,24076.0,3992,Williams Stadium (VA),2335,Liberty,fbs,Conference USA,35.0,"[0, 7, 14, 14]",0.8958510756492615,1582.0,1589.0,151,East Carolina,fbs,American Athletic,24.0,"[14, 3, 7, 0]",0.10414892435073853,1414.0,1407.0,6.54999306032067,,,,3992,Williams Stadium (VA),25000.0,False,False,Lynchburg,VA,24502,US,America/New_York,37.3544305,-79.1750239,272.9237061,1989.0,2024-09-21,21.3,7.6,3.8,0.96304,1,False,False
401628625,2024,4,regular,2024-09-21T22:00:00.000Z,False,True,True,False,17922.0,2031,Pitbull Stadium,2229,Florida International,fbs,Conference USA,42.0,"[14, 14, 7, 7]",0.9125432372093201,1239.0,1239.0,2405,Monmouth,fcs,Coastal Athletic,45.0,"[7, 14, 14, 10]",0.08745676279067993,,,7.04810153009533,,,,2031,Pitbull Stadium,20000.0,False,False,Miami,FL,33199,US,America/New_York,25.7525,-80.37778,6,1995.0,2024-09-21,27.9,1.2,5.4,0.8961,,False,False
401628491,2024,4,regular,2024-09-21T23:00:00.000Z,False,True,False,True,69788.0,3765,Husky Stadium,264,Washington,fbs,Big Ten,24.0,"[7, 10, 0, 7]",0.9771302938461304,1745.0,1766.0,77,Northwestern,fbs,Big Ten,5.0,"[0, 2, 3, 0]",0.02286970615386963,1514.0,1493.0,2.738652224446903,,,,3765,Husky Stadium,70138.0,False,False,Seattle,WA,98195,US,America/Los_Angeles,47.6503235,-122.3015746,11.65622807,1920.0,2024-09-21,19.5,0.0,13.4,0.9950098377484388,1,False,False
401641008,2024,4,regular,2024-09-21T23:00:00.000Z,False,True,False,False,18152.0,3776,Joe Aillet Stadium,2348,Louisiana Tech,fbs,Conference USA,20.0,"[0, 7, 0, 13, 0]",0.28851819038391113,1247.0,1239.0,202,Tulsa,fbs,American Athletic,23.0,"[7, 3, 7, 3, 3]",0.7114818096160889,1185.0,1193.0,7.719292005155993,,,,3776,Joe Aillet Stadium,28019.0,False,False,Ruston,LA,71272,US,America/Chicago,32.5321487,-92.6560019,72.87982941,1968.0,2024-09-21,32.0,0.0,6.6,0.6478461044291374,0,False,False
401641034,2024,4,regular,2024-09-21T23:00:00.000Z,False,True,False,True,,3647,Elliott T. Bowers Stadium,2534,Sam Houston,fbs,Conference USA,31.0,"[14, 7, 0, 10]",0.007016222904642351,1398.0,1435.0,166,New Mexico State,fbs,Conference USA,11.0,"[3, 0, 0, 8]",0.9929837770953577,1302.0,1265.0,3.8631946019,,,,3647,Elliott T. Bowers Stadium,14000.0,False,False,Huntsville,TX,77340,US,America/Chicago,30.713926,-95.5419802,127.6225204,1986.0,2024-09-21,33.6,0.0,12.1,,,True,False
401643716,2024,4,regular,2024-09-21T23:00:00.000Z,False,True,False,False,27049.0,3825,DATCU Stadium,249,North Texas,fbs,American Athletic,44.0,"[7, 20, 14, 3]",0.9589176177978516,1336.0,1403.0,2751,Wyoming,fbs,Mountain West,17.0,"[3, 14, 0, 0]",0.04108238220214844,1312.0,1245.0,3.135620328767114,,,,3825,DATCU Stadium,30850.0,False,False,Denton,TX,76210,US,America/Chicago,33.203899,-97.159245,198.6871948,2011.0,2024-09-21,33.8,0.0,16.8,0.8767909238249595,0,False,False
401641037,2024,4,regular,2024-09-21T23:00:00.000Z,False,True,False,False,19127.0,3796,Houchens Industries-L.T. Smith Stadium,98,Western Kentucky,fbs,Conference USA,26.0,"[0, 7, 5, 14]",0.7308276891708374,1396.0,1409.0,2649,Toledo,fbs,Mid-American,21.0,"[0, 14, 7, 0]",0.2691723108291626,1578.0,1565.0,7.8801446889050455,,,,3796,Houchens Industries-L.T. Smith Stadium,22113.0,False,False,Bowling Green,KY,42101,US,America/Chicago,36.9847901,-86.4594041,154.4346619,1968.0,2024-09-21,28.5,0.0,7.4,0.8649663094107538,0,False,False
401636374,2024,4,regular,2024-09-21T23:00:00.000Z,False,True,False,False,29024.0,3975,Veterans Memorial Stadium (AL),2653,Troy,fbs,Sun Belt,34.0,"[7, 7, 7, 13]",0.9955223798751831,1538.0,1538.0,50,Florida A&M,fcs,SWAC,12.0,"[6, 3, 3, 0]",0.0044776201248168945,,,5.124597050664124,,,,3975,Veterans Memorial Stadium (AL),30000.0,False,False,Troy,AL,36082,US,America/Chicago,31.7995565,-85.9518328,154.7746277,1950.0,2024-09-21,28.0,0.0,7.0,0.9674666666666667,1,False,False
401635555,2024,4,regular,2024-09-21T23:00:00.000Z,False,True,False,False,58616.0,3886,Raymond James Stadium,58,South Florida,fbs,American Athletic,15.0,"[9, 6, 0, 0]",0.0,1476.0,1413.0,2390,Miami,fbs,ACC,50.0,"[14, 8, 14, 14]",1.0,1774.0,1837.0,5.66321325576855,,,,3886,Raymond James Stadium,65828.0,True,False,Tampa,FL,33620,US,America/New_York,27.9758691,-82.5033344,11.07972908,1998.0,2024-09-21,27.5,0.0,16.2,0.8904417573069211,0,False,False
401629031,2024,4,regular,2024-09-21T23:00:00.000Z,False,True,False,False,20144.0,3892,Pratt & Whitney Stadium,41,UConn,fbs,FBS Independents,48.0,"[3, 14, 10, 21]",0.9857614636421204,1169.0,1297.0,2226,Florida Atlantic,fbs,American Athletic,14.0,"[0, 0, 7, 7]",0.014238536357879639,1403.0,1275.0,2.0760775895125123,,,,3892,Pratt & Whitney Stadium,40000.0,True,False,East Hartford,CT,6118 ,US,America/New_York,41.7595675,-72.6187728,6.515614986,2003.0,2024-09-21,15.9,0.0,11.1,0.5036,0,False,False
401635551,2024,4,regular,2024-09-21T23:00:00.000Z,False,True,False,True,55107.0,3697,Doak Campbell Stadium,52,Florida State,fbs,ACC,14.0,"[7, 0, 0, 7]",0.5811159610748291,1596.0,1599.0,25,California,fbs,ACC,9.0,"[0, 6, 3, 0]",0.4188840389251709,1540.0,1537.0,5.638096189838385,,,,3697,Doak Campbell Stadium,67277.0,True,False,Tallahassee,FL,32306,US,America/New_York,30.4381692,-84.3044032,19.55942535,1950.0,2024-09-21,27.6,0.0,5.4,0.8191060838027855,0,False,False
401628369,2024,4,regular,2024-09-21T23:30:00.000Z,False,True,False,True,84701.0,3835,"Memorial Stadium (Norman, OK)",201,Oklahoma,fbs,SEC,15.0,"[3, 0, 0, 12]",0.04081159085035324,1848.0,1837.0,2633,Tennessee,fbs,SEC,25.0,"[10, 9, 3, 3]",0.9591884091496468,1964.0,1975.0,4.829868566330654,,,,3835,"Memorial Stadium (Norman, OK)",86112.0,True,False,Norman,OK,73019,US,America/Chicago,35.2058537,-97.4423145,355.0962524,1925.0,2024-09-21,34.4,0.0,13.5,0.9836143626904497,1,False,False
401628370,2024,4,regular,2024-09-21T23:30:00.000Z,False,True,False,False,78704.0,3994,Williams-Brice Stadium,2579,South Carolina,fbs,SEC,50.0,"[15, 7, 7, 21]",0.9921769499778748,1642.0,1699.0,2006,Akron,fbs,Mid-American,7.0,"[0, 7, 0, 0]",0.007823050022125244,1110.0,1053.0,2.489517887205231,,,,3994,Williams-Brice Stadium,80250.0,True,False,Columbia,SC,29208,US,America/New_York,33.9730239,-81.0191726,60.54548645,1934.0,2024-09-21,27.1,0.0,3.7,0.9807352024922118,1,False,False
401628487,2024,4,regular,2024-09-21T23:30:00.000Z,False,True,False,True,52048.0,3953,Huntington Bank Stadium,135,Minnesota,fbs,Big Ten,14.0,"[0, 14, 0, 0]",0.0,1537.0,1502.0,2294,Iowa,fbs,Big Ten,31.0,"[7, 0, 17, 7]",1.0,1591.0,1626.0,4.427280280439658,,,,3953,Huntington Bank Stadium,50850.0,False,False,Minneapolis,MN,55488,US,America/Chicago,44.976525,-93.2245462,254.3902283,2009.0,2024-09-21,24.8,0.0,18.7,1.0235594886922321,1,False,False
401628372,2024,4,regular,2024-09-21T23:30:00.000Z,False,True,False,False,99523.0,3795,Kyle Field,245,Texas A&M,fbs,SEC,26.0,"[7, 6, 7, 6]",0.7209299206733704,1689.0,1685.0,189,Bowling Green,fbs,Mid-American,20.0,"[0, 3, 14, 3]",0.27907007932662964,1444.0,1448.0,5.004361087392084,,,,3795,Kyle Field,102733.0,True,False,College Station,TX,77843,US,America/Chicago,30.6098891,-96.3403828,108.824585,1927.0,2024-09-21,35.8,0.0,17.3,0.9687539544255497,1,False,False
401628366,2024,4,regular,2024-09-21T23:45:00.000Z,False,True,False,False,67505.0,3974,Vaught-Hemingway Stadium,145,Ole Miss,fbs,SEC,52.0,"[17, 7, 14, 14]",0.9887562394142151,1824.0,1879.0,290,Georgia Southern,fbs,Sun Belt,13.0,"[0, 7, 3, 3]",0.011243760585784912,1379.0,1324.0,2.44474715686388,,,,3974,Vaught-Hemingway Stadium,64038.0,True,False,Oxford,MS,38677,US,America/Chicago,34.3619837,-89.5342076,146.8517151,1915.0,2024-09-21,29.5,0.0,3.7,1.0541397295355883,1,False,False
401628371,2024,4,regular,2024-09-22T00:00:00.000Z,False,True,False,False,102850.0,3910,DKR-Texas Memorial Stadium,251,Texas,fbs,SEC,51.0,"[21, 7, 9, 14]",0.992832601070404,2068.0,2107.0,2433,UL Monroe,fbs,Sun Belt,3.0,"[0, 3, 0, 0]",0.007167398929595947,1249.0,1210.0,2.236391702671336,,,,3910,DKR-Texas Memorial Stadium,100119.0,False,False,Austin,TX,78712,US,America/Chicago,30.2836813,-97.7325345,160.3089447,1924.0,2024-09-22,33.6,0.0,13.6,1.027277539727724,1,False,False
401636874,2024,4,regular,2024-09-22T00:00:00.000Z,False,True,False,True,52794.0,3726,Folsom Field,38,Colorado,fbs,Big 12,38.0,"[7, 10, 7, 7, 7]",0.21607506275177002,1349.0,1368.0,239,Baylor,fbs,Big 12,31.0,"[3, 21, 0, 7, 0]",0.78392493724823,1507.0,1488.0,8.46437222447611,,,,3726,Folsom Field,50183.0,True,False,Boulder,CO,80309,US,America/Denver,40.0094746,-105.266905,1634.041138,1924.0,2024-09-22,18.1,0.0,11.5,1.0520295717673316,1,False,False
401628490,2024,4,regular,2024-09-22T00:00:00.000Z,False,True,False,False,44500.0,3615,"Alumni Stadium (Chestnut Hill, MA)",103,Boston College,fbs,ACC,23.0,"[0, 6, 10, 7]",0.9297201633453369,1470.0,1472.0,127,Michigan State,fbs,Big Ten,19.0,"[3, 10, 3, 3]",0.07027983665466309,1425.0,1423.0,6.324382094153756,,,,3615,"Alumni Stadium (Chestnut Hill, MA)",44500.0,False,False,Chestnut Hill,MA,2467 ,US,America/New_York,42.335104,-71.1664413,39.82634354,1957.0,2024-09-22,14.8,1.5,16.6,1.0,1,False,False
401643711,2024,4,regular,2024-09-22T00:30:00.000Z,False,True,False,True,18019.0,3971,University Stadium (NM),167,New Mexico,fbs,Mountain West,21.0,"[3, 7, 0, 11]",0.011443939991295338,1196.0,1201.0,278,Fresno State,fbs,Mountain West,38.0,"[8, 17, 3, 10]",0.9885560600087047,1680.0,1675.0,3.3265878162078084,,,,3971,University Stadium (NM),39224.0,False,False,Albuquerque,NM,87131,US,America/Denver,35.0669479,-106.6283225,1554.471924,1960.0,2024-09-22,24.2,0.0,26.9,0.45938710993269427,0,False,False
401643717,2024,4,regular,2024-09-22T00:30:00.000Z,False,True,False,False,34340.0,3893,Reser Stadium,204,Oregon State,fbs,Pac-12,38.0,"[7, 10, 7, 14]",0.9467328190803528,1604.0,1619.0,2509,Purdue,fbs,Big Ten,21.0,"[0, 7, 0, 14]",0.05326718091964722,1358.0,1343.0,2.77119307074766,,,,3893,Reser Stadium,43363.0,False,False,Corvallis,OR,97331,US,America/Los_Angeles,44.5594559,-123.2814341,66.90744781,1953.0,2024-09-22,24.0,0.0,15.0,0.7919193782717986,0,False,False
401637162,2024,4,regular,2024-09-22T01:45:00.000Z,False,True,False,False,36972.0,3653,Albertsons Stadium,68,Boise State,fbs,Mountain West,56.0,"[7, 21, 14, 14]",0.9875921010971069,1636.0,1636.0,2502,Portland State,fcs,Big Sky,14.0,"[7, 0, 0, 7]",0.012407898902893066,,,2.753746520858333,,,,3653,Albertsons Stadium,36387.0,False,False,Boise,ID,83725,US,America/Boise,43.6028839,-116.1958882,823.2221069,1970.0,2024-09-22,21.0,0.0,8.2,1.0160771704180065,1,False,False
401636872,2024,4,regular,2024-09-22T02:30:00.000Z,False,True,False,True,64201.0,3801,LaVell Edwards Stadium,252,BYU,fbs,Big 12,38.0,"[0, 17, 14, 7]",0.924456775188446,1472.0,1600.0,2306,Kansas State,fbs,Big 12,9.0,"[3, 3, 3, 0]",0.07554322481155396,1842.0,1714.0,2.7061728878384272,,,,3801,LaVell Edwards Stadium,63470.0,True,False,Provo,UT,84602,US,America/Denver,40.2575347,-111.6545247,1412.097046,1964.0,2024-09-22,15.9,0.0,5.6,1.0115172522451552,1,False,False
401643712,2024,4,regular,2024-09-22T03:59:00.000Z,False,True,False,False,11402.0,7220,Clarence T.C. Ching Athletics Complex,62,Hawai'i,fbs,Mountain West,36.0,"[15, 7, 7, 7]",0.9305852651596069,1211.0,1211.0,2460,Northern Iowa,fcs,MVFC,7.0,"[0, 7, 0, 0]",0.06941473484039307,,,2.250193814642325,,,,7220,Clarence T.C. Ching Athletics Complex,15194.0,False,False,Honolulu,HI,96822,US,Pacific/Honolulu,21.294294,-157.819338,20,2015.0,2024-09-22,26.5,0.0,19.7,0.7504278004475451,0,False,False
401645331,2024,5,regular,2024-09-26T23:30:00.000Z,False,True,False,True,13255.0,3806,Lincoln Financial Field,218,Temple,fbs,American Athletic,14.0,"[0, 0, 6, 8]",0.020534375682473183,1141.0,1106.0,349,Army,fbs,American Athletic,42.0,"[7, 7, 14, 14]",0.9794656243175268,1499.0,1534.0,3.3827349029229423,,,,3806,Lincoln Financial Field,69879.0,False,False,Philadelphia,PA,19122,US,America/New_York,39.9007995,-75.1675414,3.198706865,2003.0,2024-09-26,24.1,0.0,7.4,0.18968502697519998,0,False,False
401634767,2024,5,regular,2024-09-27T23:30:00.000Z,False,True,False,True,59539.0,3948,Hard Rock Stadium,2390,Miami,fbs,ACC,38.0,"[14, 3, 7, 14]",0.6991567611694336,1837.0,1834.0,259,Virginia Tech,fbs,ACC,34.0,"[7, 17, 3, 7]",0.3008432388305664,1614.0,1617.0,6.633167407077739,,,,3948,Hard Rock Stadium,64767.0,False,False,Miami Gardens,FL,33299,US,America/New_York,25.9579665,-80.2388604,2.624486446,1987.0,2024-09-27,28.3,0.0,10.4,0.9192798801858971,1,False,False
401628501,2024,5,regular,2024-09-28T00:00:00.000Z,False,True,False,True,54079.0,6577,SHI Stadium,164,Rutgers,fbs,Big Ten,21.0,"[0, 14, 0, 7]",0.2600826323032379,1523.0,1527.0,264,Washington,fbs,Big Ten,18.0,"[3, 0, 7, 8]",0.7399173676967621,1766.0,1762.0,4.468477902526276,,,,6577,SHI Stadium,52454.0,False,False,Piscataway,NJ,08854,US,America/New_York,40.513611,-74.465278,19,1994.0,2024-09-28,17.8,1.0,12.3,1.0309795249170701,1,False,False
401635565,2024,5,regular,2024-09-28T16:00:00.000Z,False,True,False,False,43455.0,1964,JMA Wireless Dome,183,Syracuse,fbs,ACC,42.0,"[14, 14, 7, 7]",0.9520706534385681,1379.0,1379.0,107,Holy Cross,fcs,Patriot,14.0,"[0, 14, 0, 0]",0.047929346561431885,,,2.7421823435284316,,,,1964,JMA Wireless Dome,49057.0,False,True,Syracuse,NY,13244,US,America/New_York,43.0362269,-76.1363161,162.6989746,1980.0,2024-09-28,24.1,0.0,4.7,0.8858063069490593,0,False,False
401645332,2024,5,regular,2024-09-28T16:00:00.000Z,False,True,False,True,21536.0,7221,Protective Stadium,5,UAB,fbs,American Athletic,18.0,"[0, 3, 7, 8]",0.037269655615091324,1265.0,1226.0,2426,Navy,fbs,American Athletic,41.0,"[7, 14, 10, 10]",0.9627303443849087,1451.0,1490.0,2.452073276988878,,,,7221,Protective Stadium,45000.0,False,False,Birmingham,AL,35203,US,America/Chicago,33.5206824,-86.8024326,187,2021.0,2024-09-28,20.5,0.1,20.2,0.47857777777777777,0,False,False
401628377,2024,5,regular,2024-09-28T16:00:00.000Z,False,True,False,True,,3974,Vaught-Hemingway Stadium,145,Ole Miss,fbs,SEC,17.0,"[7, 0, 10, 0]",0.5076055341165858,1879.0,1861.0,96,Kentucky,fbs,SEC,20.0,"[3, 7, 3, 7]",0.4923944658834142,1668.0,1686.0,8.5683895645,,,,3974,Vaught-Hemingway Stadium,64038.0,True,False,Oxford,MS,38677,US,America/Chicago,34.3619837,-89.5342076,146.8517151,1915.0,2024-09-28,20.1,0.0,13.5,,,True,False
401635560,2024,5,regular,2024-09-28T16:00:00.000Z,False,True,False,False,41403.0,3615,"Alumni Stadium (Chestnut Hill, MA)",103,Boston College,fbs,ACC,21.0,"[0, 7, 0, 14]",0.6856840252876282,1472.0,1471.0,98,Western Kentucky,fbs,Conference USA,20.0,"[7, 10, 3, 0]",0.3143159747123718,1409.0,1410.0,5.86963118204976,,,,3615,"Alumni Stadium (Chestnut Hill, MA)",44500.0,False,False,Chestnut Hill,MA,2467 ,US,America/New_York,42.335104,-71.1664413,39.82634354,1957.0,2024-09-28,19.1,0.0,14.2,0.9304044943820224,1,False,False
401628499,2024,5,regular,2024-09-28T16:00:00.000Z,False,True,False,True,61441.0,3907,Ross-Ade Stadium,2509,Purdue,fbs,Big Ten,10.0,"[0, 0, 3, 7]",0.007497810628081133,1343.0,1322.0,158,Nebraska,fbs,Big Ten,28.0,"[0, 0, 7, 21]",0.9925021893719189,1570.0,1591.0,4.3493917902,,,,3907,Ross-Ade Stadium,57282.0,True,False,West Lafayette,IN,47907,US,America/Indiana/Indianapolis,40.4352253,-86.9186843,197.5337677,1924.0,2024-09-28,23.4,0.1,21.2,1.072605705108062,1,False,False
401629032,2024,5,regular,2024-09-28T16:00:00.000Z,False,True,False,False,20347.0,3892,Pratt & Whitney Stadium,41,UConn,fbs,FBS Independents,47.0,"[10, 13, 14, 10]",0.9923335909843445,1297.0,1441.0,2084,Buffalo,fbs,Mid-American,3.0,"[0, 3, 0, 0]",0.007666409015655518,1372.0,1228.0,2.006999417015906,,,,3892,Pratt & Whitney Stadium,40000.0,True,False,East Hartford,CT,6118 ,US,America/New_York,41.7595675,-72.6187728,6.515614986,2003.0,2024-09-28,22.3,0.0,11.2,0.508675,0,False,False
401645337,2024,5,regular,2024-09-28T16:00:00.000Z,False,True,False,True,20783.0,4729,Yulman Stadium,2655,Tulane,fbs,American Athletic,45.0,"[14, 17, 0, 14]",0.9921887516975403,1576.0,1653.0,58,South Florida,fbs,American Athletic,10.0,"[0, 7, 3, 0]",0.007811248302459717,1413.0,1336.0,2.0047079637740195,,,,4729,Yulman Stadium,30000.0,False,False,New Orleans,LA,70118,US,America/Chicago,29.944616,-90.116692,0.0000000000000000000000000000000000000118,2014.0,2024-09-28,27.8,0.0,12.0,0.6927666666666666,0,False,False
401636880,2024,5,regular,2024-09-28T16:00:00.000Z,False,True,False,True,39583.0,4727,McLane Stadium,239,Baylor,fbs,Big 12,28.0,"[7, 7, 7, 7]",0.20479287207126617,1488.0,1485.0,252,BYU,fbs,Big 12,34.0,"[21, 10, 3, 0]",0.7952071279287338,1600.0,1603.0,4.791392082381215,,,,4727,McLane Stadium,45140.0,False,False,Waco,TX,76704,US,America/Chicago,31.5582015,-97.1156702,117.0538101,2014.0,2024-09-28,26.8,0.0,10.8,0.876894107221976,0,False,False
401636883,2024,5,regular,2024-09-28T16:00:00.000Z,False,True,False,True,,3636,Bill Snyder Family Stadium,2306,Kansas State,fbs,Big 12,42.0,"[7, 14, 14, 7]",0.9877654314041138,1714.0,1754.0,197,Oklahoma State,fbs,Big 12,20.0,"[3, 10, 0, 7]",0.01223456859588623,1593.0,1553.0,4.122338278189445,,,,3636,Bill Snyder Family Stadium,50000.0,False,False,Manhattan,KS,66502,US,America/Chicago,39.2020096,-96.5938395,328.0574646,1968.0,2024-09-28,24.1,0.0,13.4,,,True,False
401628496,2024,5,regular,2024-09-28T16:00:00.000Z,False,True,False,True,48323.0,3830,"Memorial Stadium (Bloomington, IN)",84,Indiana,fbs,Big Ten,42.0,"[0, 14, 14, 14]",0.9862840175628662,1592.0,1628.0,120,Maryland,fbs,Big Ten,28.0,"[0, 7, 14, 7]",0.013715982437133789,1678.0,1642.0,6.342837825588786,,,,3830,"Memorial Stadium (Bloomington, IN)",52656.0,False,False,Bloomington,IN,47408,US,America/Indiana/Indianapolis,39.1808959,-86.5256217,231.6500854,1960.0,2024-09-28,19.2,0.2,17.4,0.9177111820115467,1,False,False
401628497,2024,5,regular,2024-09-28T16:00:00.000Z,False,True,False,True,110340.0,3558,Michigan Stadium,130,Michigan,fbs,Big Ten,27.0,"[7, 14, 3, 3]",0.7718184590339661,1910.0,1906.0,135,Minnesota,fbs,Big Ten,24.0,"[0, 3, 0, 21]",0.22818154096603394,1502.0,1506.0,3.932367913630144,,,,3558,Michigan Stadium,107601.0,False,False,Ann Arbor,MI,48109,US,America/Detroit,42.2658365,-83.7486956,255.5500031,1927.0,2024-09-28,20.7,0.3,19.4,1.0254551537625114,1,False,False
401635564,2024,5,regular,2024-09-28T16:00:00.000Z,False,True,False,False,56919.0,3670,Carter-Finley Stadium,152,NC State,fbs,ACC,24.0,"[7, 10, 7, 0]",0.30551138520240784,1478.0,1487.0,2459,Northern Illinois,fbs,Mid-American,17.0,"[7, 7, 0, 3]",0.6944886147975922,1464.0,1455.0,3.456801072905933,,,,3670,Carter-Finley Stadium,58000.0,True,False,Raleigh,NC,27695,US,America/New_York,35.8008001,-78.7195655,117.0089951,1966.0,2024-09-28,26.3,0.0,12.9,0.9813620689655173,1,False,False
401643793,2024,5,regular,2024-09-28T17:30:00.000Z,False,True,False,False,25786.0,3651,Bridgeforth Stadium,256,James Madison,fbs,Sun Belt,63.0,"[22, 7, 20, 14]",0.9847715497016907,1734.0,1830.0,2050,Ball State,fbs,Mid-American,7.0,"[7, 0, 0, 0]",0.015228450298309326,1184.0,1088.0,2.648229197201901,,,,3651,Bridgeforth Stadium,24877.0,False,False,Harrisonburg,VA,22807,US,America/New_York,38.4352919,-78.8729349,399.303009,1975.0,2024-09-28,24.8,0.0,14.9,1.0365397756964265,1,False,False
401641041,2024,5,regular,2024-09-28T19:00:00.000Z,False,True,True,False,27225.0,3891,NRG Stadium,2534,Sam Houston,fbs,Conference USA,40.0,"[0, 21, 13, 6]",0.5947272777557373,1435.0,1439.0,326,Texas State,fbs,Sun Belt,39.0,"[22, 10, 7, 0]",0.4052727222442627,1538.0,1534.0,6.155988386079404,,,,3891,NRG Stadium,71995.0,True,True,Houston,TX,77054,US,America/Chicago,29.684722,-95.410833,15.19169617,2002.0,2024-09-28,31.9,0.0,12.6,0.37815126050420167,,False,False
401644739,2024,5,regular,2024-09-28T19:30:00.000Z,False,True,False,True,10899.0,3696,Dix Stadium,2309,Kent State,fbs,Mid-American,33.0,"[7, 7, 7, 12]",0.019632194191217422,932.0,922.0,2199,Eastern Michigan,fbs,Mid-American,52.0,"[7, 14, 17, 14]",0.9803678058087826,1300.0,1310.0,5.958633177679434,,,,3696,Dix Stadium,25319.0,False,False,Kent,OH,44242,US,America/New_York,41.1390935,-81.31346,321.3641663,1969.0,2024-09-28,22.1,0.1,6.3,0.4304672380425767,0,False,False
401629043,2024,5,regular,2024-09-28T19:30:00.000Z,False,True,False,False,9542.0,3996,Yager Stadium,193,Miami (OH),fbs,Mid-American,23.0,"[7, 3, 7, 3, 3]",0.31067949533462524,1450.0,1446.0,113,Massachusetts,fbs,FBS Independents,20.0,"[7, 3, 0, 10, 0]",0.6893205046653748,1063.0,1067.0,5.882854451126603,,,,3996,Yager Stadium,24286.0,False,False,Oxford,OH,45056,US,America/New_York,39.5197009,-84.7330255,242.2643585,1983.0,2024-09-28,19.4,0.8,13.2,0.39290125998517667,0,False,False
401628502,2024,5,regular,2024-09-28T19:30:00.000Z,False,True,False,True,74118.0,477,Los Angeles Memorial Coliseum,30,USC,fbs,Big Ten,38.0,"[7, 3, 14, 14]",0.8885719180107117,1769.0,1786.0,275,Wisconsin,fbs,Big Ten,21.0,"[7, 14, 0, 0]",0.11142808198928833,1553.0,1536.0,4.893055804158604,,,,477,Los Angeles Memorial Coliseum,77500.0,True,False,Los Angeles,CA,90089,US,America/Los_Angeles,34.014167,-118.287778,42.50374222,1923.0,2024-09-28,23.2,0.0,12.0,0.9563612903225807,1,False,False
401635659,2024,5,regular,2024-09-28T19:30:00.000Z,False,True,False,False,31061.0,3630,Allegacy Federal Credit Union Stadium,154,Wake Forest,fbs,ACC,38.0,"[3, 14, 14, 7]",0.20382629334926605,1370.0,1376.0,309,Louisiana,fbs,Sun Belt,41.0,"[14, 7, 10, 10]",0.796173706650734,1543.0,1537.0,6.702318198251937,,,,3630,Allegacy Federal Credit Union Stadium,31500.0,False,False,Winston-Salem,NC,27105,US,America/New_York,36.1305507,-80.2545851,283.548584,1968.0,2024-09-28,25.1,0.0,14.0,0.9860634920634921,1,False,False
401644738,2024,5,regular,2024-09-28T19:30:00.000Z,False,True,False,True,21265.0,3876,Peden Stadium,195,Ohio,fbs,Mid-American,30.0,"[0, 14, 2, 14]",0.9968971610069275,1401.0,1414.0,2006,Akron,fbs,Mid-American,10.0,"[3, 7, 0, 0]",0.0031028389930725098,1053.0,1040.0,4.774582767571226,,,,3876,Peden Stadium,24000.0,False,False,Athens,OH,45701,US,America/New_York,39.3212794,-82.1034315,194.230896,1929.0,2024-09-28,21.4,0.0,5.6,0.8860416666666666,0,False,False
401643794,2024,5,regular,2024-09-28T19:30:00.000Z,False,True,False,False,18723.0,3775,Joan C. Edwards Stadium,276,Marshall,fbs,Sun Belt,27.0,"[7, 10, 3, 7]",0.9485005736351013,1360.0,1362.0,2711,Western Michigan,fbs,Mid-American,20.0,"[3, 0, 14, 3]",0.05149942636489868,1222.0,1220.0,4.335581187180763,,,,3775,Joan C. Edwards Stadium,38016.0,False,False,Huntington,WV,25755,US,America/New_York,38.4247042,-82.4214412,163.7328186,1991.0,2024-09-28,21.0,0.0,8.0,0.4925031565656566,0,False,False
401643792,2024,5,regular,2024-09-28T19:30:00.000Z,False,True,False,True,18808.0,4246,Center Parc Stadium,2247,Georgia State,fbs,Sun Belt,21.0,"[7, 0, 14, 0]",0.10591637343168259,1371.0,1325.0,290,Georgia Southern,fbs,Sun Belt,38.0,"[14, 10, 7, 7]",0.8940836265683174,1324.0,1370.0,5.357708257158071,,,,4246,Center Parc Stadium,25000.0,False,False,Atlanta,GA,30315,US,America/New_York,33.735267,-84.389949,287,2017.0,2024-09-28,24.8,0.0,21.7,0.75232,0,False,False
401643721,2024,5,regular,2024-09-28T19:30:00.000Z,False,True,False,False,27072.0,3786,Kelly/Shorts Stadium,2117,Central Michigan,fbs,Mid-American,22.0,"[10, 3, 6, 3]",0.14117607474327087,1174.0,1180.0,21,San Diego State,fbs,Mountain West,21.0,"[7, 14, 0, 0]",0.8588239252567291,1350.0,1344.0,6.85704964976188,,,,3786,Kelly/Shorts Stadium,30255.0,False,False,Mount Pleasant,MI,48859,US,America/Detroit,43.5777313,-84.7709904,240.9007721,1972.0,2024-09-28,24.3,0.0,21.8,0.8947942488844819,0,False,False
401628375,2024,5,regular,2024-09-28T19:30:00.000Z,False,True,False,True,88043.0,3785,Jordan-Hare Stadium,2,Auburn,fbs,SEC,21.0,"[0, 14, 0, 7]",0.18792657554149628,1537.0,1547.0,201,Oklahoma,fbs,SEC,27.0,"[7, 0, 3, 17]",0.8120734244585037,1837.0,1827.0,5.241636323770405,,,,3785,Jordan-Hare Stadium,87451.0,True,False,Auburn,AL,36849,US,America/Chicago,32.6025532,-85.4897479,201.1737976,1939.0,2024-09-28,25.5,0.0,18.3,1.0067695052086312,1,False,False
401636885,2024,5,regular,2024-09-28T19:30:00.000Z,False,True,False,True,45702.0,3652,FBC Mortgage Stadium,2116,UCF,fbs,Big 12,21.0,"[7, 7, 7, 0]",0.11495345830917358,1642.0,1531.0,38,Colorado,fbs,Big 12,48.0,"[14, 13, 14, 7]",0.8850465416908264,1368.0,1479.0,4.71159698637873,,,,3652,FBC Mortgage Stadium,44206.0,True,False,Orlando,FL,32816,US,America/New_York,28.6079765,-81.1927233,20.94113731,2007.0,2024-09-28,29.1,0.3,14.5,1.033841559969235,1,False,False
401628980,2024,5,regular,2024-09-28T19:30:00.000Z,False,True,False,False,77622.0,3855,Notre Dame Stadium,87,Notre Dame,fbs,FBS Independents,31.0,"[21, 3, 0, 7]",1.0,2000.0,1994.0,97,Louisville,fbs,ACC,24.0,"[7, 7, 0, 10]",0.0,1711.0,1717.0,3.806097270133003,,,,3855,Notre Dame Stadium,80795.0,False,False,Notre Dame,IN,46556,US,America/Indiana/Indianapolis,41.698378,-86.2339425,222.645401,1930.0,2024-09-28,23.7,0.0,18.9,0.9607277678074139,1,False,False
401628373,2024,5,regular,2024-09-28T19:30:00.000Z,False,True,True,True,60928.0,3687,AT&T Stadium,245,Texas A&M,fbs,SEC,21.0,"[7, 7, 0, 7]",0.32543280720710754,1685.0,1683.0,8,Arkansas,fbs,SEC,17.0,"[14, 0, 0, 3]",0.6745671927928925,1483.0,1485.0,6.964203930175432,,,,3687,AT&T Stadium,100000.0,False,True,Arlington,TX,76011,US,America/Chicago,32.747778,-97.092778,172.5047302,2009.0,2024-09-28,29.5,0.0,15.0,0.60928,,False,False
401643720,2024,5,regular,2024-09-28T19:30:00.000Z,False,True,False,True,24638.0,6501,Allegiant Stadium,2439,UNLV,fbs,Mountain West,59.0,"[14, 7, 10, 28]",0.995891809463501,1544.0,1701.0,278,Fresno State,fbs,Mountain West,14.0,"[0, 0, 7, 7]",0.0041081905364990234,1675.0,1518.0,2.537252966951226,,,,6501,Allegiant Stadium,65000.0,False,True,Las Vegas,NV,89118,US,America/Los_Angeles,36.09075,-115.183722,666,2020.0,2024-09-28,35.6,0.0,3.7,0.37904615384615387,0,False,False
401636882,2024,5,regular,2024-09-28T19:30:00.000Z,False,True,True,True,47928.0,3622,GEHA Field at Arrowhead Stadium,2305,Kansas,fbs,Big 12,27.0,"[14, 3, 7, 3]",0.18418282270431519,1598.0,1575.0,2628,TCU,fbs,Big 12,38.0,"[7, 14, 7, 10]",0.8158171772956848,1528.0,1551.0,6.578286282897454,,,,3622,GEHA Field at Arrowhead Stadium,76416.0,True,False,Kansas City,MO,64129,US,America/Chicago,39.048889,-94.483889,256.798584,1972.0,2024-09-28,26.3,0.0,19.3,0.6271984924623115,,False,False
401635562,2024,5,regular,2024-09-28T20:00:00.000Z,False,True,False,True,35018.0,3982,Wallace Wade Stadium,150,Duke,fbs,ACC,21.0,"[0, 0, 7, 14]",0.7672407031059265,1623.0,1621.0,153,North Carolina,fbs,ACC,20.0,"[10, 7, 3, 0]",0.2327592968940735,1519.0,1521.0,5.668896176963781,,,,3982,Wallace Wade Stadium,40004.0,True,False,Durham,NC,27708,US,America/New_York,35.9953688,-78.9417564,103.0028152,1929.0,2024-09-28,27.1,0.0,12.9,0.8753624637536246,0,False,False
401645334,2024,5,regular,2024-09-28T20:00:00.000Z,False,True,False,True,41851.0,3699,Dowdy-Ficklen Stadium,151,East Carolina,fbs,American Athletic,30.0,"[3, 7, 14, 6]",0.9182283282279968,1407.0,1423.0,2636,UTSA,fbs,American Athletic,20.0,"[10, 3, 0, 7]",0.08177167177200317,1390.0,1374.0,5.574780443874977,,,,3699,Dowdy-Ficklen Stadium,50000.0,True,False,Greenville,NC,27858,US,America/New_York,35.5968486,-77.364564,19.0564537,1963.0,2024-09-28,28.7,0.0,14.6,0.83702,0,False,False
401628378,2024,5,regular,2024-09-28T20:15:00.000Z,False,True,False,True,101388.0,3910,DKR-Texas Memorial Stadium,251,Texas,fbs,SEC,35.0,"[7, 7, 7, 14]",0.9928284883499146,2107.0,2091.0,344,Mississippi State,fbs,SEC,13.0,"[0, 6, 0, 7]",0.007171511650085449,1355.0,1371.0,2.975920800201398,,,,3910,DKR-Texas Memorial Stadium,100119.0,False,False,Austin,TX,78712,US,America/Chicago,30.2836813,-97.7325345,160.3089447,1924.0,2024-09-28,32.3,0.0,12.6,1.0126749168489497,1,False,False
401643795,2024,5,regular,2024-09-28T21:00:00.000Z,False,True,False,False,19140.0,3700,Doyt L. Perry Stadium,189,Bowling Green,fbs,Mid-American,27.0,"[7, 7, 7, 6]",0.24286724627017975,1448.0,1439.0,295,Old Dominion,fbs,Sun Belt,30.0,"[14, 3, 0, 13]",0.7571327537298203,1368.0,1377.0,7.260718089857533,,,,3700,Doyt L. Perry Stadium,24000.0,False,False,Bowling Green,OH,43403,US,America/New_York,41.3780114,-83.6225,205.9057465,1966.0,2024-09-28,22.2,0.0,17.6,0.7975,0,False,False
401640981,2024,5,regular,2024-09-28T22:00:00.000Z,False,True,True,True,12425.0,2031,Pitbull Stadium,2229,Florida International,fbs,Conference USA,17.0,"[7, 0, 7, 3]",0.3868897259235382,1241.0,1257.0,2348,Louisiana Tech,fbs,Conference USA,10.0,"[0, 0, 10, 0]",0.6131102740764618,1239.0,1223.0,3.924646095485344,,,,2031,Pitbull Stadium,20000.0,False,False,Miami,FL,33199,US,America/New_York,25.7525,-80.37778,6,1995.0,2024-09-28,30.4,0.1,10.8,0.62125,,False,False
401645335,2024,5,regular,2024-09-28T22:00:00.000Z,False,True,False,False,21151.0,3715,FAU Stadium,2226,Florida Atlantic,fbs,American Athletic,41.0,"[10, 7, 10, 14]",0.9910696744918823,1295.0,1295.0,2681,Wagner,fcs,NEC,10.0,"[0, 10, 0, 0]",0.008930325508117676,,,2.262692577993847,,,,3715,FAU Stadium,29419.0,False,False,Boca Raton,FL,33499,US,America/New_York,26.3763763,-80.1015759,3.613628864,2011.0,2024-09-28,28.5,0.3,9.8,0.7189571365444101,0,False,False
401641018,2024,5,regular,2024-09-28T22:00:00.000Z,False,True,False,False,,4899,Fifth Third Stadium,338,Kennesaw State,fbs,Conference USA,13.0,"[0, 10, 0, 3]",0.08904422074556351,1384.0,1384.0,2630,UT Martin,fcs,Big South-OVC,24.0,"[0, 10, 14, 0]",0.9109557792544365,,,5.140738484242076,,,,4899,Fifth Third Stadium,11040.0,True,False,Kennesaw,GA,30144,US,America/New_York,34.0289318,-84.5676234,296.9589844,2010.0,2024-09-28,22.4,0.2,10.5,,,True,False
401635561,2024,5,regular,2024-09-28T23:00:00.000Z,False,True,False,True,80295.0,3836,"Memorial Stadium (Clemson, SC)",228,Clemson,fbs,ACC,40.0,"[10, 7, 10, 13]",0.9117518067359924,1790.0,1805.0,24,Stanford,fbs,ACC,14.0,"[0, 7, 0, 7]",0.08824819326400757,1303.0,1288.0,2.449033875396446,,,,3836,"Memorial Stadium (Clemson, SC)",81500.0,True,False,Clemson,SC,29634,US,America/New_York,34.6787737,-82.8432428,205.6452179,1942.0,2024-09-28,22.6,0.0,6.6,0.9852147239263803,1,False,False
401645333,2024,5,regular,2024-09-28T23:00:00.000Z,False,True,False,True,17455.0,3895,Rice Stadium,242,Rice,fbs,American Athletic,20.0,"[0, 10, 0, 10]",0.6797924041748047,1225.0,1219.0,2429,Charlotte,fbs,American Athletic,21.0,"[0, 0, 14, 7]",0.3202075958251953,1122.0,1128.0,7.392244364159925,,,,3895,Rice Stadium,47000.0,False,False,Houston,TX,77251,US,America/Chicago,29.7163297,-95.4093261,7.148301601,1950.0,2024-09-28,31.5,0.0,9.0,0.37138297872340426,0,False,False
401645336,2024,5,regular,2024-09-28T23:00:00.000Z,False,True,False,True,18529.0,3825,DATCU Stadium,249,North Texas,fbs,American Athletic,52.0,"[0, 24, 21, 7]",1.0,1403.0,1464.0,202,Tulsa,fbs,American Athletic,20.0,"[0, 3, 0, 17]",0.0,1193.0,1132.0,3.643862437707139,,,,3825,DATCU Stadium,30850.0,False,False,Denton,TX,76210,US,America/Chicago,33.203899,-97.159245,198.6871948,2011.0,2024-09-28,30.6,0.0,17.1,0.6006158833063209,0,False,False
401643796,2024,5,regular,2024-09-28T23:00:00.000Z,False,True,False,True,21253.0,3975,Veterans Memorial Stadium (AL),2653,Troy,fbs,Sun Belt,9.0,"[3, 3, 0, 3]",0.525316059589386,1534.0,1504.0,2433,UL Monroe,fbs,Sun Belt,13.0,"[3, 0, 3, 7]",0.474683940410614,1210.0,1240.0,4.500055975736567,,,,3975,Veterans Memorial Stadium (AL),30000.0,False,False,Troy,AL,36082,US,America/Chicago,31.7995565,-85.9518328,154.7746277,1950.0,2024-09-28,25.7,0.0,13.7,0.7084333333333334,0,False,False
401636881,2024,5,regular,2024-09-28T23:00:00.000Z,False,True,False,True,25138.0,4728,TDECU Stadium,248,Houston,fbs,Big 12,0.0,"[0, 0, 0, 0]",0.01589883863925934,1366.0,1352.0,66,Iowa State,fbs,Big 12,20.0,"[3, 0, 7, 10]",0.9841011613607407,1718.0,1732.0,3.3323357311680826,,,,4728,TDECU Stadium,40000.0,False,False,Houston,TX,77004,US,America/Chicago,29.7219885,-95.3491623,9.57440567,2014.0,2024-09-28,31.1,0.0,6.0,0.62845,0,False,False
401628374,2024,5,regular,2024-09-28T23:30:00.000Z,False,True,False,True,100077.0,3657,Bryant-Denny Stadium,333,Alabama,fbs,SEC,41.0,"[21, 9, 3, 8]",0.9645187854766846,2046.0,2056.0,61,Georgia,fbs,SEC,34.0,"[0, 7, 8, 19]",0.03548121452331543,2046.0,2036.0,5.455698136787349,,,,3657,Bryant-Denny Stadium,101821.0,True,False,Tuscaloosa,AL,35487,US,America/Chicago,33.2082752,-87.5503836,70.05136108,1929.0,2024-09-28,23.6,0.0,8.4,0.9828719026526944,1,False,False
401628498,2024,5,regular,2024-09-28T23:30:00.000Z,False,True,False,True,71114.0,3936,Spartan Stadium,127,Michigan State,fbs,Big Ten,7.0,"[0, 7, 0, 0]",0.03653306886553764,1423.0,1407.0,194,Ohio State,fbs,Big Ten,38.0,"[3, 21, 14, 0]",0.9634669311344624,2038.0,2054.0,3.35399564726513,,,,3936,Spartan Stadium,75005.0,True,False,East Lansing,MI,48824,US,America/Detroit,42.7281474,-84.4848526,254.8794861,1923.0,2024-09-28,20.2,0.0,16.0,0.9481234584361042,1,False,False
401641025,2024,5,regular,2024-09-28T23:30:00.000Z,False,True,False,False,25266.0,3805,Simmons Bank Liberty Stadium,235,Memphis,fbs,American Athletic,24.0,"[0, 14, 10, 0]",0.9820258617401123,1597.0,1598.0,2393,Middle Tennessee,fbs,Conference USA,7.0,"[0, 0, 7, 0]",0.017974138259887695,1182.0,1181.0,3.5069624612126535,,,,3805,Simmons Bank Liberty Stadium,58325.0,False,False,Memphis,TN,38152,US,America/Chicago,35.1209429,-89.977147,90.62445831,1965.0,2024-09-28,21.9,0.0,6.8,0.4331933133304758,0,False,False
401628495,2024,5,regular,2024-09-28T23:30:00.000Z,False,True,False,True,109911.0,3632,Beaver Stadium,213,Penn State,fbs,Big Ten,21.0,"[7, 0, 7, 7]",0.998822808265686,1905.0,1905.0,356,Illinois,fbs,Big Ten,7.0,"[7, 0, 0, 0]",0.0011771917343139648,1551.0,1551.0,4.203267884989727,,,,3632,Beaver Stadium,106572.0,True,False,University Park,PA,16802,US,America/New_York,40.8121958,-77.8561023,354.1551514,1960.0,2024-09-28,19.3,0.2,10.3,1.0313309312014414,1,False,False
401628376,2024,5,regular,2024-09-28T23:45:00.000Z,False,True,False,False,102143.0,3958,Tiger Stadium (LA),99,LSU,fbs,SEC,42.0,"[21, 14, 0, 7]",0.8056033849716187,1805.0,1874.0,6,South Alabama,fbs,Sun Belt,10.0,"[0, 3, 7, 0]",0.19439661502838135,1657.0,1588.0,1.597189385976028,,,,3958,Tiger Stadium (LA),102321.0,True,False,Baton Rouge,LA,70803,US,America/Chicago,30.412035,-91.1838163,7.640734673,1924.0,2024-09-28,29.1,0.0,8.9,0.9982603766577731,1,False,False
401641035,2024,5,regular,2024-09-29T00:00:00.000Z,False,True,False,False,21062.0,3601,Aggie Memorial Stadium,166,New Mexico State,fbs,Conference USA,40.0,"[7, 3, 7, 23]",0.04136263442755955,1265.0,1238.0,167,New Mexico,fbs,Mountain West,50.0,"[7, 14, 9, 20]",0.9586373655724405,1201.0,1228.0,3.8931490083,,,,3601,Aggie Memorial Stadium,28853.0,False,False,Las Cruces,NM,88003,US,America/Denver,32.2796202,-106.7411148,1208.201294,1978.0,2024-09-29,32.5,0.0,19.7,0.7299760856756663,0,False,False
401643718,2024,5,regular,2024-09-29T00:00:00.000Z,False,True,False,True,23068.0,3984,War Memorial Stadium,2751,Wyoming,fbs,Mountain West,31.0,"[7, 0, 14, 10]",0.9572429656982422,1245.0,1286.0,2005,Air Force,fbs,Mountain West,19.0,"[0, 13, 0, 6]",0.04275703430175781,1459.0,1418.0,4.323679796710635,,,,3984,War Memorial Stadium,29181.0,False,False,Laramie,WY,82071,US,America/Denver,41.31161,-105.5681384,2200.153564,1950.0,2024-09-29,23.4,0.0,27.9,0.7905143757924677,0,False,False
401635563,2024,5,regular,2024-09-29T00:00:00.000Z,False,True,False,True,34879.0,3735,Gerald J. Ford Stadium,2567,SMU,fbs,ACC,42.0,"[7, 7, 14, 14]",0.9965049624443054,1700.0,1755.0,52,Florida State,fbs,ACC,16.0,"[7, 2, 7, 0]",0.00349503755569458,1599.0,1544.0,4.281181150530368,,,,3735,Gerald J. Ford Stadium,32000.0,False,False,University Park,TX,75275,US,America/Chicago,32.8377223,-96.7827859,169.4058075,2000.0,2024-09-29,27.8,0.0,12.3,1.08996875,1,False,False
401636884,2024,5,regular,2024-09-29T00:00:00.000Z,False,True,False,True,60229.0,3784,Jones AT&T Stadium,2641,Texas Tech,fbs,Big 12,44.0,"[10, 14, 10, 10]",0.8620567321777344,1628.0,1628.0,2132,Cincinnati,fbs,Big 12,41.0,"[14, 10, 3, 14]",0.13794326782226562,1529.0,1529.0,5.918366187474399,,,,3784,Jones AT&T Stadium,60454.0,False,False,Lubbock,TX,79409,US,America/Chicago,33.5910518,-101.8728824,980.7632446,1947.0,2024-09-29,28.5,0.0,13.8,0.9962781619082277,1,False,False
401643719,2024,5,regular,2024-09-29T02:00:00.000Z,False,True,False,False,37711.0,3653,Albertsons Stadium,68,Boise State,fbs,Mountain West,45.0,"[7, 10, 7, 21]",0.9958304166793823,1631.0,1677.0,265,Washington State,fbs,Pac-12,24.0,"[7, 3, 0, 14]",0.004169583320617676,1596.0,1550.0,4.616660796431069,,,,3653,Albertsons Stadium,36387.0,False,False,Boise,ID,83725,US,America/Boise,43.6028839,-116.1958882,823.2221069,1970.0,2024-09-29,23.7,0.0,8.7,1.0363866215956248,1,False,False
401636886,2024,5,regular,2024-09-29T02:15:00.000Z,False,True,False,True,52898.0,587,Rice-Eccles Stadium,254,Utah,fbs,Big 12,10.0,"[0, 3, 0, 7]",0.12156488746404648,1633.0,1607.0,12,Arizona,fbs,Big 12,23.0,"[3, 7, 6, 7]",0.8784351125359535,1668.0,1694.0,4.4245995859632625,,,,587,Rice-Eccles Stadium,51444.0,False,False,Salt Lake City,UT,84112,US,America/Denver,40.7599724,-111.8488255,1411.543579,1998.0,2024-09-29,25.1,0.0,8.0,1.0282637430992925,1,False,False
401628500,2024,5,regular,2024-09-29T03:00:00.000Z,False,True,False,True,43051.0,1056,Rose Bowl,26,UCLA,fbs,Big Ten,13.0,"[3, 7, 3, 0]",0.035428863018751144,1449.0,1449.0,2483,Oregon,fbs,Big Ten,34.0,"[7, 21, 0, 6]",0.9645711369812489,1974.0,1974.0,2.9419494294997683,,,,1056,Rose Bowl,88565.0,True,False,Pasadena,CA,90095,US,America/Los_Angeles,34.1613284,-118.1676462,245.1772461,1922.0,2024-09-29,19.1,0.0,2.7,0.4860949585050528,0,False,False
401643797,2024,6,regular,2024-10-03T23:00:00.000Z,False,True,False,True,20349.0,3975,Veterans Memorial Stadium (AL),2653,Troy,fbs,Sun Belt,17.0,"[0, 10, 7, 0]",0.009403584524989128,1504.0,1454.0,326,Texas State,fbs,Sun Belt,38.0,"[14, 14, 10, 0]",0.9905964154750109,1534.0,1584.0,3.514585454987595,,,,3975,Veterans Memorial Stadium (AL),30000.0,False,False,Troy,AL,36082,US,America/Chicago,31.7995565,-85.9518328,154.7746277,1950.0,2024-10-03,25.9,0.0,7.1,0.6783,0,False,False
401641029,2024,6,regular,2024-10-04T01:00:00.000Z,False,True,False,True,14454.0,3946,Sun Bowl,2638,UTEP,fbs,Conference USA,21.0,"[0, 7, 7, 7]",0.007471051998436451,1206.0,1181.0,2534,Sam Houston,fbs,Conference USA,41.0,"[7, 10, 21, 3]",0.9925289480015635,1439.0,1464.0,4.59150709163615,,,,3946,Sun Bowl,51500.0,False,False,El Paso,TX,79968,US,America/Denver,31.7733353,-106.507957,1183.697876,1963.0,2024-10-04,28.7,0.0,6.5,0.2806601941747573,0,False,False
401641001,2024,6,regular,2024-10-04T23:00:00.000Z,False,True,False,True,10029.0,4899,Fifth Third Stadium,338,Kennesaw State,fbs,Conference USA,24.0,"[3, 14, 0, 7]",0.015530594624578953,1388.0,1281.0,55,Jacksonville State,fbs,Conference USA,63.0,"[7, 14, 21, 21]",0.984469405375421,1453.0,1560.0,4.883545820424374,,,,4899,Fifth Third Stadium,11040.0,True,False,Kennesaw,GA,30144,US,America/New_York,34.0289318,-84.5676234,296.9589844,2010.0,2024-10-04,23.3,0.0,4.3,0.9084239130434782,1,False,False
401636891,2024,6,regular,2024-10-04T23:30:00.000Z,False,True,False,True,44211.0,3616,Amon G. Carter Stadium,2628,TCU,fbs,Big 12,19.0,"[0, 6, 6, 7]",0.0,1551.0,1508.0,248,Houston,fbs,Big 12,30.0,"[7, 17, 0, 6]",1.0,1352.0,1395.0,3.8256060690240603,,,,3616,Amon G. Carter Stadium,46000.0,True,False,Fort Worth,TX,76129,US,America/Chicago,32.7096604,-97.3680835,185.4387054,1929.0,2024-10-04,31.6,0.0,17.2,0.9611086956521739,1,False,False
401634779,2024,6,regular,2024-10-05T01:00:00.000Z,False,True,False,False,31329.0,6501,Allegiant Stadium,2439,UNLV,fbs,Mountain West,41.0,"[0, 21, 10, 7, 3]",0.9868842959403992,1701.0,1675.0,183,Syracuse,fbs,ACC,44.0,"[14, 3, 14, 7, 6]",0.01311570405960083,1378.0,1404.0,6.934600265892131,,,,6501,Allegiant Stadium,65000.0,False,True,Las Vegas,NV,89118,US,America/Los_Angeles,36.09075,-115.183722,666,2020.0,2024-10-05,36.4,0.0,18.3,0.4819846153846154,0,False,False
401628506,2024,6,regular,2024-10-05T01:00:00.000Z,False,True,False,True,59802.0,3626,Autzen Stadium,2483,Oregon,fbs,Big Ten,31.0,"[7, 14, 3, 7]",0.963258683681488,1974.0,1971.0,127,Michigan State,fbs,Big Ten,10.0,"[0, 0, 0, 10]",0.03674131631851196,1407.0,1410.0,3.202566472285447,,,,3626,Autzen Stadium,54000.0,False,False,Eugene,OR,97401,US,America/Los_Angeles,44.0582712,-123.0684883,127.4198303,1967.0,2024-10-05,12.9,0.0,6.0,1.1074444444444445,1,False,False
401628383,2024,6,regular,2024-10-05T16:00:00.000Z,False,True,False,True,97049.0,3795,Kyle Field,245,Texas A&M,fbs,SEC,41.0,"[10, 14, 10, 7]",0.9771588444709778,1683.0,1781.0,142,Missouri,fbs,SEC,10.0,"[0, 0, 7, 3]",0.022841155529022217,1790.0,1692.0,2.6072692092656373,,,,3795,Kyle Field,102733.0,True,False,College Station,TX,77843,US,America/Chicago,30.6098891,-96.3403828,108.824585,1927.0,2024-10-05,29.7,0.0,15.6,0.9446721112008799,1,False,False
401645339,2024,6,regular,2024-10-05T16:00:00.000Z,False,True,False,True,,3674,Chapman Stadium,202,Tulsa,fbs,American Athletic,7.0,"[7, 0, 0, 0]",0.0028981929644942284,1132.0,1060.0,349,Army,fbs,American Athletic,49.0,"[7, 14, 21, 7]",0.9971018070355058,1534.0,1606.0,2.9758932277024117,,,,3674,Chapman Stadium,30000.0,False,False,Tulsa,OK,74194,US,America/Chicago,36.1489175,-95.9437853,235.5928345,1930.0,2024-10-05,26.5,0.0,12.6,,,True,False
401635638,2024,6,regular,2024-10-05T16:00:00.000Z,False,True,False,True,56919.0,3670,Carter-Finley Stadium,152,NC State,fbs,ACC,30.0,"[3, 13, 7, 7]",0.3928472399711609,1487.0,1473.0,154,Wake Forest,fbs,ACC,34.0,"[10, 7, 3, 14]",0.6071527600288391,1376.0,1390.0,6.599172766224135,,,,3670,Carter-Finley Stadium,58000.0,True,False,Raleigh,NC,27695,US,America/New_York,35.8008001,-78.7195655,117.0089951,1966.0,2024-10-05,25.7,0.0,11.6,0.9813620689655173,1,False,False
401635567,2024,6,regular,2024-10-05T16:00:00.000Z,False,True,False,True,38285.0,3923,Scott Stadium,258,Virginia,fbs,ACC,24.0,"[0, 6, 0, 18]",0.9774066805839539,1389.0,1412.0,103,Boston College,fbs,ACC,14.0,"[7, 7, 0, 0]",0.022593319416046143,1471.0,1448.0,4.599998551357442,,,,3923,Scott Stadium,61500.0,True,False,Charlottesville,VA,22904,US,America/New_York,38.0311801,-78.5137897,170.4677429,1931.0,2024-10-05,25.0,0.0,10.8,0.6225203252032521,0,False,False
401635571,2024,6,regular,2024-10-05T16:00:00.000Z,False,True,False,True,50254.0,3873,L&N Federal Credit Union Stadium,97,Louisville,fbs,ACC,27.0,"[10, 3, 14, 0]",0.0943855345249176,1717.0,1707.0,2567,SMU,fbs,ACC,34.0,"[14, 10, 3, 7]",0.9056144654750824,1755.0,1765.0,6.538803670743081,,,,3873,L&N Federal Credit Union Stadium,60000.0,False,False,Louisville,KY,40292,US,America/Kentucky/Louisville,38.2057621,-85.7588141,138.5615997,1998.0,2024-10-05,23.2,0.0,5.3,0.8375666666666667,0,False,False
401635572,2024,6,regular,2024-10-05T16:00:00.000Z,False,True,False,True,46033.0,3787,Kenan Stadium,153,North Carolina,fbs,ACC,24.0,"[7, 10, 7, 0]",0.0413968488574028,1521.0,1497.0,221,Pittsburgh,fbs,ACC,34.0,"[3, 14, 7, 10]",0.9586031511425972,1488.0,1512.0,7.067075991557994,,,,3787,Kenan Stadium,50500.0,False,False,Chapel Hill,NC,27515,US,America/New_York,35.9069294,-79.0478889,127.7569809,1927.0,2024-10-05,25.6,0.0,11.9,0.9115445544554456,1,False,False
401643722,2024,6,regular,2024-10-05T16:00:00.000Z,False,True,False,False,39441.0,3713,Falcon Stadium,2005,Air Force,fbs,Mountain West,7.0,"[0, 7, 0, 0]",0.07330261170864105,1418.0,1353.0,2426,Navy,fbs,American Athletic,34.0,"[14, 7, 6, 7]",0.926697388291359,1490.0,1555.0,3.6482887489039553,,,,3713,Falcon Stadium,46692.0,False,False,Colorado Springs,CO,80840,US,America/Denver,38.9969701,-104.8436165,2024.875732,1962.0,2024-10-05,23.0,0.0,1.5,0.8447057311745053,0,False,False
401628510,2024,6,regular,2024-10-05T16:00:00.000Z,False,True,False,True,110047.0,3632,Beaver Stadium,213,Penn State,fbs,Big Ten,27.0,"[0, 14, 10, 3]",0.9934830069541931,1905.0,1901.0,26,UCLA,fbs,Big Ten,11.0,"[0, 3, 0, 8]",0.006516993045806885,1449.0,1453.0,3.031364543107889,,,,3632,Beaver Stadium,106572.0,True,False,University Park,PA,16802,US,America/New_York,40.8121958,-77.8561023,354.1551514,1960.0,2024-10-05,18.0,0.0,8.9,1.0326070637690952,1,False,False
401628509,2024,6,regular,2024-10-05T16:00:00.000Z,False,True,False,True,76091.0,347,Camp Randall Stadium,275,Wisconsin,fbs,Big Ten,52.0,"[14, 7, 21, 10]",0.988965630531311,1536.0,1644.0,2509,Purdue,fbs,Big Ten,6.0,"[0, 6, 0, 0]",0.011034369468688965,1322.0,1214.0,2.51004429737512,,,,347,Camp Randall Stadium,80321.0,False,False,Madison,WI,53711,US,America/Chicago,43.06994,-89.4126943,263.604126,1917.0,2024-10-05,19.4,0.0,20.3,0.9473363130439113,1,False,False
401629044,2024,6,regular,2024-10-05T16:00:00.000Z,False,True,False,False,12466.0,3764,Huskie Stadium,2459,Northern Illinois,fbs,Mid-American,34.0,"[7, 0, 6, 21]",0.9888418912887573,1455.0,1452.0,113,Massachusetts,fbs,FBS Independents,20.0,"[7, 6, 0, 7]",0.011158108711242676,1067.0,1070.0,4.927837725355851,,,,3764,Huskie Stadium,23595.0,False,False,DeKalb,IL,60115,US,America/Chicago,41.9339586,-88.7778357,267.4530029,1965.0,2024-10-05,21.2,0.0,23.8,0.5283322737868192,0,False,False
401645338,2024,6,regular,2024-10-05T17:00:00.000Z,False,True,False,True,19724.0,7221,Protective Stadium,5,UAB,fbs,American Athletic,20.0,"[6, 0, 0, 14]",0.0,1226.0,1128.0,2655,Tulane,fbs,American Athletic,71.0,"[20, 17, 20, 14]",1.0,1653.0,1751.0,3.0937907943431444,,,,7221,Protective Stadium,45000.0,False,False,Birmingham,AL,35203,US,America/Chicago,33.5206824,-86.8024326,187,2021.0,2024-10-05,27.6,0.0,10.7,0.4383111111111111,0,False,False
401644741,2024,6,regular,2024-10-05T18:00:00.000Z,False,True,False,True,10342.0,3919,Scheumann Stadium,2050,Ball State,fbs,Mid-American,42.0,"[14, 7, 14, 7]",0.3125140368938446,1088.0,1091.0,2711,Western Michigan,fbs,Mid-American,45.0,"[21, 0, 10, 14]",0.6874859631061554,1220.0,1217.0,7.657498887229761,,,,3919,Scheumann Stadium,22500.0,False,False,Muncie,IN,47306,US,America/Indiana/Indianapolis,40.2159422,-85.4161148,285.481781,1967.0,2024-10-05,23.8,0.0,15.4,0.45964444444444447,0,False,False
401645340,2024,6,regular,2024-10-05T19:30:00.000Z,False,True,False,True,17102.0,4418,Jerry Richardson Stadium,2429,Charlotte,fbs,American Athletic,55.0,"[14, 17, 3, 21]",0.9722815155982971,1128.0,1253.0,151,East Carolina,fbs,American Athletic,24.0,"[3, 7, 7, 7]",0.02771848440170288,1423.0,1298.0,2.80882516722376,,,,4418,Jerry Richardson Stadium,15300.0,False,False,Charlotte,NC,28223,US,America/New_York,35.3105033,-80.7401194,190.365509,2013.0,2024-10-05,26.6,0.0,9.6,1.1177777777777778,1,False,False
401644684,2024,6,regular,2024-10-05T19:30:00.000Z,False,True,False,True,25027.0,3739,Glass Bowl,2649,Toledo,fbs,Mid-American,30.0,"[14, 6, 3, 7]",0.3547420799732208,1565.0,1574.0,193,Miami (OH),fbs,Mid-American,20.0,"[3, 3, 7, 7]",0.6452579200267792,1446.0,1437.0,2.6837314610309235,,,,3739,Glass Bowl,26038.0,False,False,Toledo,OH,43606,US,America/New_York,41.6574777,-83.6135652,181.4839783,1937.0,2024-10-05,21.3,0.0,13.1,0.9611721330363315,1,False,False
401643799,2024,6,regular,2024-10-05T19:30:00.000Z,False,True,False,True,28023.0,3775,Joan C. Edwards Stadium,276,Marshall,fbs,Sun Belt,52.0,"[7, 21, 10, 14]",0.9953216314315796,1362.0,1394.0,2026,App State,fbs,Sun Belt,37.0,"[3, 14, 7, 13]",0.00467836856842041,1366.0,1334.0,3.31941412942144,,,,3775,Joan C. Edwards Stadium,38016.0,False,False,Huntington,WV,25755,US,America/New_York,38.4247042,-82.4214412,163.7328186,1991.0,2024-10-05,25.7,0.0,3.7,0.7371369949494949,0,False,False
401635573,2024,6,regular,2024-10-05T19:30:00.000Z,False,True,False,True,36277.0,3940,Stanford Stadium,24,Stanford,fbs,ACC,7.0,"[0, 0, 7, 0]",0.024959133937954903,1288.0,1261.0,259,Virginia Tech,fbs,ACC,31.0,"[7, 7, 7, 10]",0.9750408660620451,1617.0,1644.0,3.371701277291301,,,,3940,Stanford Stadium,50424.0,True,False,Stanford,CA,94305,US,America/Los_Angeles,37.4345556,-122.1611271,18.38425636,2006.0,2024-10-05,33.6,0.0,5.2,0.7194391559574805,0,False,False
401629033,2024,6,regular,2024-10-05T19:30:00.000Z,False,True,False,False,28921.0,3892,Pratt & Whitney Stadium,41,UConn,fbs,FBS Independents,29.0,"[3, 6, 7, 13]",0.5503116250038147,1441.0,1434.0,218,Temple,fbs,American Athletic,20.0,"[0, 7, 6, 7]",0.4496883749961853,1106.0,1113.0,7.622746685912569,,,,3892,Pratt & Whitney Stadium,40000.0,True,False,East Hartford,CT,6118 ,US,America/New_York,41.7595675,-72.6187728,6.515614986,2003.0,2024-10-05,23.5,0.0,12.7,0.723025,0,False,False
401644740,2024,6,regular,2024-10-05T19:30:00.000Z,False,True,False,True,9337.0,3768,InfoCision Stadium,2006,Akron,fbs,Mid-American,20.0,"[10, 0, 0, 10]",0.3126498758792877,1040.0,1055.0,189,Bowling Green,fbs,Mid-American,27.0,"[7, 10, 0, 10]",0.6873501241207123,1439.0,1424.0,6.1988609029428385,,,,3768,InfoCision Stadium,30000.0,False,False,Akron,OH,44399,US,America/New_York,41.0725534,-81.5083408,321.2875061,2009.0,2024-10-05,21.0,0.0,2.3,0.3112333333333333,0,False,False
401628503,2024,6,regular,2024-10-05T19:30:00.000Z,False,True,True,True,12023.0,5960,Lanny and Sharon Martin Stadium,77,Northwestern,fbs,Big Ten,24.0,"[0, 10, 7, 7]",0.01249872986227274,1493.0,1473.0,84,Indiana,fbs,Big Ten,41.0,"[7, 10, 7, 17]",0.9875012701377273,1628.0,1648.0,5.446352020835115,,,,5960,Lanny and Sharon Martin Stadium,12023.0,False,False,Evanston,IL,60208,US,America/Chicago,42.058246,-87.670876,179,1997.0,2024-10-05,24.5,0.0,23.6,1.0,,False,False
401628382,2024,6,regular,2024-10-05T19:30:00.000Z,False,True,False,True,79837.0,3994,Williams-Brice Stadium,2579,South Carolina,fbs,SEC,3.0,"[0, 3, 0, 0]",0.016977276653051376,1699.0,1654.0,145,Ole Miss,fbs,SEC,27.0,"[14, 10, 3, 0]",0.9830227233469486,1861.0,1906.0,5.508233788647158,,,,3994,Williams-Brice Stadium,80250.0,True,False,Columbia,SC,29208,US,America/New_York,33.9730239,-81.0191726,60.54548645,1934.0,2024-10-05,28.3,0.0,11.8,0.9948535825545172,1,False,False
401628381,2024,6,regular,2024-10-05T19:30:00.000Z,False,True,False,True,93033.0,3917,Sanford Stadium,61,Georgia,fbs,SEC,31.0,"[7, 7, 7, 10]",0.987847089767456,2036.0,2033.0,2,Auburn,fbs,SEC,13.0,"[3, 0, 7, 3]",0.012152910232543945,1547.0,1550.0,3.4510686910910553,,,,3917,Sanford Stadium,92746.0,True,False,Athens,GA,30602,US,America/New_York,33.9498197,-83.3733813,186.1120758,1929.0,2024-10-05,27.9,0.0,9.7,1.003094473077006,1,False,False
401628504,2024,6,regular,2024-10-05T19:30:00.000Z,False,True,False,True,105135.0,3861,Ohio Stadium,194,Ohio State,fbs,Big Ten,35.0,"[7, 0, 21, 7]",0.9984027844674853,2054.0,2080.0,2294,Iowa,fbs,Big Ten,7.0,"[0, 0, 0, 7]",0.0015972155325146842,1626.0,1600.0,3.5455149433,,,,3861,Ohio Stadium,102780.0,False,False,Columbus,OH,43210,US,America/New_York,40.0016447,-83.0197266,216.6770325,1922.0,2024-10-05,23.1,0.0,7.0,1.022913018096906,1,False,False
401628508,2024,6,regular,2024-10-05T20:00:00.000Z,False,True,False,True,87464.0,3834,"Memorial Stadium (Lincoln, NE)",158,Nebraska,fbs,Big Ten,14.0,"[7, 7, 0, 0]",0.6832271218299866,1591.0,1597.0,164,Rutgers,fbs,Big Ten,7.0,"[0, 0, 0, 7]",0.3167728781700134,1527.0,1521.0,2.805150725976728,,,,3834,"Memorial Stadium (Lincoln, NE)",85458.0,False,False,Lincoln,NE,68588,US,America/Chicago,40.820682,-96.705594,354.9318848,1923.0,2024-10-05,33.9,0.0,29.5,1.0234735191556086,1,False,False
401636890,2024,6,regular,2024-10-05T20:00:00.000Z,False,True,False,True,52202.0,3646,Boone Pickens Stadium,197,Oklahoma State,fbs,Big 12,14.0,"[0, 7, 0, 7]",0.03586244583129883,1553.0,1489.0,277,West Virginia,fbs,Big 12,38.0,"[10, 21, 0, 7]",0.9641375541687012,1546.0,1610.0,2.3982952073111408,,,,3646,Boone Pickens Stadium,55509.0,False,False,Stillwater,OK,74078,US,America/Chicago,36.125673,-97.066513,276.4808655,1919.0,2024-10-05,30.8,0.0,16.2,0.9404240753751644,1,False,False
401628384,2024,6,regular,2024-10-05T20:15:00.000Z,False,True,False,True,28934.0,3973,FirstBank Stadium,238,Vanderbilt,fbs,SEC,40.0,"[13, 10, 7, 10]",0.8807790275067171,1317.0,1359.0,333,Alabama,fbs,SEC,35.0,"[7, 7, 14, 7]",0.1192209724932829,2056.0,2014.0,7.6288286297,,,,3973,FirstBank Stadium,40351.0,False,False,Nashville,TN,37212,US,America/Chicago,36.1440455,-86.8088942,159.9194641,1922.0,2024-10-05,28.5,0.0,4.3,0.7170578176501202,0,False,False
401643724,2024,6,regular,2024-10-05T22:30:00.000Z,False,True,False,False,46433.0,3893,Reser Stadium,204,Oregon State,fbs,Pac-12,39.0,"[0, 14, 0, 10, 7, 8]",0.25760453939437866,1619.0,1609.0,36,Colorado State,fbs,Mountain West,31.0,"[7, 3, 0, 14, 7, 0]",0.7423954606056213,1236.0,1246.0,9.144433733912097,,,,3893,Reser Stadium,43363.0,False,False,Corvallis,OR,97331,US,America/Los_Angeles,44.5594559,-123.2814341,66.90744781,1953.0,2024-10-05,20.3,0.0,9.4,1.070797684662039,1,False,False
401643798,2024,6,regular,2024-10-05T23:00:00.000Z,False,True,False,True,18552.0,3654,Brooks Stadium (SC),324,Coastal Carolina,fbs,Sun Belt,45.0,"[7, 14, 14, 10]",0.9837321639060974,1448.0,1456.0,295,Old Dominion,fbs,Sun Belt,37.0,"[7, 10, 7, 13]",0.016267836093902588,1377.0,1369.0,5.103882293881193,,,,3654,Brooks Stadium (SC),21000.0,False,False,Conway,SC,29528,US,America/New_York,33.7928506,-79.0166946,13.74894905,2003.0,2024-10-05,22.9,0.0,6.1,0.8834285714285715,0,False,False
401643802,2024,6,regular,2024-10-05T23:00:00.000Z,False,True,False,True,24041.0,3815,M. M. Roberts Stadium,2572,Southern Miss,fbs,Sun Belt,13.0,"[0, 13, 0, 0]",0.08284809267446264,1106.0,1120.0,309,Louisiana,fbs,Sun Belt,23.0,"[3, 14, 3, 3]",0.9171519073255374,1537.0,1523.0,3.8168976361,,,,3815,M. M. Roberts Stadium,36000.0,False,False,Hattiesburg,MS,39402,US,America/Chicago,31.3289321,-89.3318118,64.52726746,1932.0,2024-10-05,27.9,0.0,5.6,0.6678055555555555,0,False,False
401643723,2024,6,regular,2024-10-05T23:00:00.000Z,False,True,False,True,37210.0,3653,Albertsons Stadium,68,Boise State,fbs,Mountain West,62.0,"[14, 35, 6, 7]",0.983163595199585,1677.0,1708.0,328,Utah State,fbs,Mountain West,30.0,"[3, 14, 7, 6]",0.01683640480041504,1193.0,1162.0,2.649008775781136,,,,3653,Albertsons Stadium,36387.0,False,False,Boise,ID,83725,US,America/Boise,43.6028839,-116.1958882,823.2221069,1970.0,2024-10-05,20.9,0.0,10.7,1.0226179679555885,1,False,False
401635569,2024,6,regular,2024-10-05T23:00:00.000Z,False,True,False,True,55107.0,3697,Doak Campbell Stadium,52,Florida State,fbs,ACC,13.0,"[0, 7, 0, 6]",0.046038009226322174,1544.0,1532.0,228,Clemson,fbs,ACC,29.0,"[17, 6, 0, 6]",0.9539619907736778,1805.0,1817.0,3.255671376623969,,,,3697,Doak Campbell Stadium,67277.0,True,False,Tallahassee,FL,32306,US,America/New_York,30.4381692,-84.3044032,19.55942535,1950.0,2024-10-05,24.8,0.1,12.8,0.8191060838027855,0,False,False
401643800,2024,6,regular,2024-10-05T23:00:00.000Z,False,True,False,True,21427.0,3625,Centennial Bank Stadium,2032,Arkansas State,fbs,Sun Belt,18.0,"[3, 3, 3, 9]",0.4255731403827667,1313.0,1317.0,6,South Alabama,fbs,Sun Belt,16.0,"[0, 3, 7, 6]",0.5744268596172333,1588.0,1584.0,6.176001129045938,,,,3625,Centennial Bank Stadium,30382.0,False,False,Jonesboro,AR,72404,US,America/Chicago,35.8488977,-90.6677436,89.52690887,1974.0,2024-10-05,26.8,0.0,4.3,0.7052531103943124,0,False,False
401643801,2024,6,regular,2024-10-05T23:00:00.000Z,False,True,False,True,19976.0,3817,Malone Stadium,2433,UL Monroe,fbs,Sun Belt,21.0,"[0, 14, 0, 7]",0.8283641338348389,1240.0,1247.0,256,James Madison,fbs,Sun Belt,19.0,"[10, 3, 0, 6]",0.17163586616516113,1830.0,1823.0,5.5957588210483475,,,,3817,Malone Stadium,27617.0,False,False,Monroe,LA,71209,US,America/Chicago,32.5308089,-92.0660602,22.998209,1978.0,2024-10-05,29.6,0.0,7.8,0.7233225911576203,0,False,False
401636889,2024,6,regular,2024-10-05T23:30:00.000Z,False,True,False,True,61500.0,3772,Jack Trice Stadium,66,Iowa State,fbs,Big 12,43.0,"[3, 16, 14, 10]",0.9558457732200623,1732.0,1760.0,239,Baylor,fbs,Big 12,21.0,"[7, 7, 7, 0]",0.044154226779937744,1485.0,1457.0,4.545177904250398,,,,3772,Jack Trice Stadium,61500.0,True,False,Ames,IA,50011,US,America/Chicago,42.0139977,-93.6357716,274.9135437,1975.0,2024-10-05,28.8,0.0,14.8,1.0,1,False,False
401643726,2024,6,regular,2024-10-05T23:30:00.000Z,False,True,False,True,17099.0,3935,CEFCU Stadium,23,San José State,fbs,Mountain West,35.0,"[7, 14, 7, 7]",0.47346362471580505,1601.0,1594.0,2440,Nevada,fbs,Mountain West,31.0,"[7, 14, 7, 3]",0.526536375284195,1228.0,1235.0,6.5600845700806465,,,,3935,CEFCU Stadium,30456.0,False,False,San Jose,CA,95112,US,America/Los_Angeles,37.3196675,-121.8682962,28.30708694,1933.0,2024-10-05,38.2,0.0,16.8,0.5614328867874967,0,False,False
401628505,2024,6,regular,2024-10-05T23:30:00.000Z,False,True,False,True,72132.0,3765,Husky Stadium,264,Washington,fbs,Big Ten,27.0,"[7, 7, 0, 13]",0.9672155976295471,1762.0,1790.0,130,Michigan,fbs,Big Ten,17.0,"[0, 10, 7, 0]",0.03278440237045288,1906.0,1878.0,4.9286993290478875,,,,3765,Husky Stadium,70138.0,False,False,Seattle,WA,98195,US,America/Los_Angeles,47.6503235,-122.3015746,11.65622807,1920.0,2024-10-05,16.5,0.0,16.2,1.0284296672274658,1,False,False
401628507,2024,6,regular,2024-10-05T23:30:00.000Z,False,True,False,True,50913.0,3953,Huntington Bank Stadium,135,Minnesota,fbs,Big Ten,24.0,"[3, 7, 0, 14]",0.5733951926231384,1506.0,1533.0,30,USC,fbs,Big Ten,17.0,"[0, 10, 7, 0]",0.4266048073768616,1786.0,1759.0,4.678179540982626,,,,3953,Huntington Bank Stadium,50850.0,False,False,Minneapolis,MN,55488,US,America/Chicago,44.976525,-93.2245462,254.3902283,2009.0,2024-10-05,24.0,0.0,23.0,1.0012389380530973,1,False,False
401628379,2024,6,regular,2024-10-05T23:30:00.000Z,False,True,False,True,75573.0,3887,Razorback Stadium,8,Arkansas,fbs,SEC,19.0,"[3, 0, 7, 9]",0.7092388868331909,1485.0,1513.0,2633,Tennessee,fbs,SEC,14.0,"[0, 0, 14, 0]",0.2907611131668091,1975.0,1947.0,6.621208239819063,,,,3887,Razorback Stadium,80000.0,False,False,Fayetteville,AR,72702,US,America/Chicago,36.0680662,-94.1789534,403.7972412,1938.0,2024-10-05,27.9,0.0,7.1,0.9446625,1,False,False
401628380,2024,6,regular,2024-10-05T23:45:00.000Z,False,True,False,False,90369.0,3634,Ben Hill Griffin Stadium,57,Florida,fbs,SEC,24.0,"[7, 17, 0, 0]",0.9724757075309753,1516.0,1537.0,2116,UCF,fbs,Big 12,13.0,"[3, 0, 3, 7]",0.027524292469024658,1531.0,1510.0,2.3992846496751765,,,,3634,Ben Hill Griffin Stadium,88548.0,True,False,Gainesville,FL,32653,US,America/New_York,29.6499357,-82.3485788,44.97250748,1930.0,2024-10-05,23.0,0.7,9.7,1.0205651172245562,1,False,False
401635570,2024,6,regular,2024-10-06T00:00:00.000Z,False,True,False,True,37287.0,721,Bobby Dodd Stadium,59,Georgia Tech,fbs,ACC,24.0,"[7, 3, 0, 14]",0.894904613494873,1545.0,1568.0,150,Duke,fbs,ACC,14.0,"[0, 7, 7, 0]",0.10509538650512695,1621.0,1598.0,4.220935481536408,,,,721,Bobby Dodd Stadium,55000.0,False,False,Atlanta,GA,30332,US,America/New_York,33.7724449,-84.3928054,279.300415,1913.0,2024-10-06,23.2,0.0,6.7,0.6779454545454545,0,False,False
401636888,2024,6,regular,2024-10-06T00:00:00.000Z,False,True,False,True,54639.0,3947,Mountain America Stadium,9,Arizona State,fbs,Big 12,35.0,"[7, 7, 0, 21]",0.9970276951789856,1506.0,1511.0,2305,Kansas,fbs,Big 12,31.0,"[7, 7, 3, 14]",0.0029723048210144043,1575.0,1570.0,8.605481945861555,,,,3947,Mountain America Stadium,65870.0,True,False,Tempe,AZ,85287,US,America/Phoenix,33.4264471,-111.9325005,360.1569519,1958.0,2024-10-06,40.9,0.0,8.7,0.8294974950660392,0,False,False
401643725,2024,6,regular,2024-10-06T00:00:00.000Z,False,True,False,True,31307.0,7311,Snapdragon Stadium,21,San Diego State,fbs,Mountain West,27.0,"[3, 14, 3, 7]",0.8427420258522034,1344.0,1343.0,62,Hawai'i,fbs,Mountain West,24.0,"[3, 7, 7, 7]",0.15725797414779663,1214.0,1215.0,6.965947193157232,,,,7311,Snapdragon Stadium,35000.0,True,False,San Diego,CA,92093,US,America/Los_Angeles,32.784444,-117.122833,62,2022.0,2024-10-06,23.5,0.0,13.1,0.8944857142857143,0,False,False
401635568,2024,6,regular,2024-10-06T02:30:00.000Z,False,True,False,True,52428.0,3831,California Memorial Stadium,25,California,fbs,ACC,38.0,"[7, 14, 14, 3]",0.5155603885650635,1537.0,1549.0,2390,Miami,fbs,ACC,39.0,"[7, 3, 8, 21]",0.4844396114349365,1834.0,1822.0,5.2899739485667805,,,,3831,California Memorial Stadium,62467.0,False,False,Berkeley,CA,94720,US,America/Los_Angeles,37.8710434,-122.2507729,125.3108063,1923.0,2024-10-06,32.5,0.0,3.2,0.8392911457249428,0,False,False
401636887,2024,6,regular,2024-10-06T03:00:00.000Z,False,True,False,True,45773.0,3619,Arizona Stadium,12,Arizona,fbs,Big 12,22.0,"[3, 0, 13, 6]",0.021289873868227005,1694.0,1678.0,2641,Texas Tech,fbs,Big 12,28.0,"[7, 11, 0, 10]",0.978710126131773,1628.0,1644.0,6.574064411063272,,,,3619,Arizona Stadium,50782.0,False,False,Tucson,AZ,85721,US,America/Phoenix,32.2288054,-110.9488677,742.1530151,1928.0,2024-10-06,33.6,0.0,16.9,0.9013626875664605,1,False,False
401640982,2024,7,regular,2024-10-08T23:00:00.000Z,False,True,False,True,16343.0,3992,Williams Stadium (VA),2335,Liberty,fbs,Conference USA,31.0,"[3, 14, 0, 7, 7]",0.9849969744682312,1589.0,1581.0,2229,Florida International,fbs,Conference USA,24.0,"[3, 7, 0, 14, 0]",0.015003025531768799,1257.0,1265.0,5.575549214423984,,,,3992,Williams Stadium (VA),25000.0,False,False,Lynchburg,VA,24502,US,America/New_York,37.3544305,-79.1750239,272.9237061,1989.0,2024-10-08,15.3,0.0,5.6,0.65372,0,False,False
401641002,2024,7,regular,2024-10-09T23:30:00.000Z,False,True,False,True,16555.0,3662,AmFirst Stadium,55,Jacksonville State,fbs,Conference USA,54.0,"[7, 26, 14, 7]",0.986560583114624,1560.0,1637.0,166,New Mexico State,fbs,Conference USA,13.0,"[3, 3, 0, 7]",0.013439416885375977,1238.0,1161.0,3.2356494590579663,,,,3662,AmFirst Stadium,24000.0,False,False,Jacksonville,AL,36265,US,America/Chicago,33.8201052,-85.76647,198.0679016,1947.0,2024-10-09,22.3,0.0,9.4,0.6897916666666667,0,False,False
401643803,2024,7,regular,2024-10-10T23:30:00.000Z,False,True,False,True,25622.0,3651,Bridgeforth Stadium,256,James Madison,fbs,Sun Belt,39.0,"[7, 22, 7, 3]",0.9913663268089294,1823.0,1866.0,324,Coastal Carolina,fbs,Sun Belt,7.0,"[7, 0, 0, 0]",0.008633673191070557,1456.0,1413.0,2.8990087695057847,,,,3651,Bridgeforth Stadium,24877.0,False,False,Harrisonburg,VA,22807,US,America/New_York,38.4352919,-78.8729349,399.303009,1975.0,2024-10-10,11.9,0.0,9.0,1.0299473409173132,1,False,False
401641030,2024,7,regular,2024-10-11T00:00:00.000Z,False,True,False,True,12723.0,3796,Houchens Industries-L.T. Smith Stadium,98,Western Kentucky,fbs,Conference USA,44.0,"[14, 13, 7, 10]",0.9953188300132751,1410.0,1454.0,2638,UTEP,fbs,Conference USA,17.0,"[7, 0, 10, 0]",0.0046811699867248535,1181.0,1137.0,3.3952132096036083,,,,3796,Houchens Industries-L.T. Smith Stadium,22113.0,False,False,Bowling Green,KY,42101,US,America/Chicago,36.9847901,-86.4594041,154.4346619,1968.0,2024-10-11,18.5,0.0,11.1,0.5753629086962421,0,False,False
401641009,2024,7,regular,2024-10-11T00:00:00.000Z,False,True,False,True,15072.0,3776,Joe Aillet Stadium,2348,Louisiana Tech,fbs,Conference USA,48.0,"[20, 14, 14, 0]",0.9903640151023865,1223.0,1288.0,2393,Middle Tennessee,fbs,Conference USA,21.0,"[14, 0, 7, 0]",0.009635984897613525,1181.0,1116.0,3.8041596957293153,,,,3776,Joe Aillet Stadium,28019.0,False,False,Ruston,LA,71272,US,America/Chicago,32.5321487,-92.6560019,72.87982941,1968.0,2024-10-11,20.7,0.0,9.6,0.5379206966701167,0,False,False
401628513,2024,7,regular,2024-10-12T00:00:00.000Z,False,True,False,True,39371.0,3665,SECU Stadium,120,Maryland,fbs,Big Ten,10.0,"[0, 7, 0, 3]",0.02032030187547207,1642.0,1546.0,77,Northwestern,fbs,Big Ten,37.0,"[7, 10, 0, 20]",0.9796796981245279,1473.0,1569.0,3.888886765537353,,,,3665,SECU Stadium,51802.0,False,False,College Park,MD,20742,US,America/New_York,38.9903332,-76.9473792,32.68748093,1950.0,2024-10-12,13.8,0.0,8.6,0.7600285703254701,0,False,False
401643733,2024,7,regular,2024-10-12T01:00:00.000Z,False,True,False,True,20295.0,3905,Maverik Stadium,328,Utah State,fbs,Mountain West,34.0,"[7, 0, 14, 13]",0.0319853313267231,1162.0,1172.0,2439,UNLV,fbs,Mountain West,50.0,"[14, 27, 6, 3]",0.9680146686732769,1675.0,1665.0,3.5288577413424003,,,,3905,Maverik Stadium,25513.0,False,False,Logan,UT,84322,US,America/Denver,41.7517394,-111.8116007,1427.914429,1968.0,2024-10-12,21.8,0.0,4.5,0.7954768157409948,0,False,False
401636892,2024,7,regular,2024-10-12T02:30:00.000Z,False,True,False,True,45310.0,3947,Mountain America Stadium,9,Arizona State,fbs,Big 12,27.0,"[6, 7, 7, 7]",0.7982373237609863,1511.0,1529.0,254,Utah,fbs,Big 12,19.0,"[6, 3, 7, 3]",0.20176267623901367,1607.0,1589.0,4.449459880157044,,,,3947,Mountain America Stadium,65870.0,True,False,Tempe,AZ,85287,US,America/Phoenix,33.4264471,-111.9325005,360.1569519,1958.0,2024-10-12,35.0,0.0,14.1,0.6878700470623956,0,False,False
401628389,2024,7,regular,2024-10-12T16:00:00.000Z,False,True,False,False,16102.0,3985,Warren McGuirk Alumni Stadium,113,Massachusetts,fbs,FBS Independents,3.0,"[0, 3, 0, 0]",0.004559297114610672,1070.0,1025.0,142,Missouri,fbs,SEC,45.0,"[14, 10, 21, 0]",0.9954407028853893,1692.0,1737.0,2.964388205224502,,,,3985,Warren McGuirk Alumni Stadium,17000.0,False,False,Hadley,MA,1003 ,US,America/New_York,42.3773244,-72.5360595,46.58664703,1965.0,2024-10-12,18.5,0.0,18.8,0.9471764705882353,1,False,False
401628512,2024,7,regular,2024-10-12T16:00:00.000Z,False,True,False,True,69250.0,3793,Kinnick Stadium,2294,Iowa,fbs,Big Ten,40.0,"[7, 13, 3, 17]",0.9860123991966248,1600.0,1683.0,264,Washington,fbs,Big Ten,16.0,"[0, 10, 0, 6]",0.013987600803375244,1790.0,1707.0,3.105873547623971,,,,3793,Kinnick Stadium,69250.0,False,False,Iowa City,IA,52242,US,America/Chicago,41.6586045,-91.5510829,220.6357727,1929.0,2024-10-12,21.0,0.0,13.6,1.0,1,False,False
401635576,2024,7,regular,2024-10-12T16:00:00.000Z,False,True,False,True,31553.0,3630,Allegacy Federal Credit Union Stadium,154,Wake Forest,fbs,ACC,14.0,"[7, 7, 0, 0]",0.02057635225355625,1390.0,1343.0,228,Clemson,fbs,ACC,49.0,"[0, 28, 14, 7]",0.9794236477464437,1817.0,1864.0,4.084976603226811,,,,3630,Allegacy Federal Credit Union Stadium,31500.0,False,False,Winston-Salem,NC,27105,US,America/New_York,36.1305507,-80.2545851,283.548584,1968.0,2024-10-12,20.6,0.0,6.2,1.0016825396825397,1,False,False
401628517,2024,7,regular,2024-10-12T16:00:00.000Z,False,True,False,True,50111.0,6577,SHI Stadium,164,Rutgers,fbs,Big Ten,7.0,"[0, 0, 0, 7]",0.0006891470402479172,1521.0,1436.0,275,Wisconsin,fbs,Big Ten,42.0,"[14, 0, 14, 14]",0.9993108529597521,1644.0,1729.0,3.5733833096011014,,,,6577,SHI Stadium,52454.0,False,False,Piscataway,NJ,08854,US,America/New_York,40.513611,-74.465278,19,1994.0,2024-10-12,22.8,0.0,16.6,0.9553322911503412,1,False,False
401635577,2024,7,regular,2024-10-12T16:00:00.000Z,False,True,False,True,44482.0,3787,Kenan Stadium,153,North Carolina,fbs,ACC,34.0,"[7, 7, 10, 10]",0.07532638311386108,1497.0,1489.0,59,Georgia Tech,fbs,ACC,41.0,"[7, 13, 7, 14]",0.9246736168861389,1568.0,1576.0,6.737118202591687,,,,3787,Kenan Stadium,50500.0,False,False,Chapel Hill,NC,27515,US,America/New_York,35.9069294,-79.0478889,127.7569809,1927.0,2024-10-12,21.8,0.0,6.9,0.8808316831683168,0,False,False
401645342,2024,7,regular,2024-10-12T16:00:00.000Z,False,True,False,True,29002.0,3841,Michie Stadium,349,Army,fbs,American Athletic,44.0,"[20, 14, 7, 3]",1.0,1606.0,1643.0,5,UAB,fbs,American Athletic,10.0,"[3, 0, 0, 7]",0.0,1128.0,1091.0,4.139247461329194,,,,3841,Michie Stadium,38000.0,False,False,West Point,NY,10996,US,America/New_York,41.3874924,-73.9640891,99.21277618,1924.0,2024-10-12,19.1,0.0,17.3,0.7632105263157895,0,False,False
401644745,2024,7,regular,2024-10-12T16:00:00.000Z,False,True,False,True,13996.0,3965,UB Stadium,2084,Buffalo,fbs,Mid-American,30.0,"[7, 0, 14, 9]",1.0,1228.0,1294.0,2649,Toledo,fbs,Mid-American,15.0,"[0, 0, 7, 8]",0.0,1574.0,1508.0,3.6172234545022257,,,,3965,UB Stadium,30270.0,False,False,Amherst,NY,14260,US,America/New_York,42.9991334,-78.7775113,181.5759735,1993.0,2024-10-12,13.8,0.0,7.6,0.4623719854641559,0,False,False
401644743,2024,7,regular,2024-10-12T16:00:00.000Z,False,True,False,True,7322.0,3696,Dix Stadium,2309,Kent State,fbs,Mid-American,35.0,"[0, 7, 7, 21]",0.2648608386516571,922.0,928.0,2050,Ball State,fbs,Mid-American,37.0,"[10, 10, 7, 10]",0.7351391613483429,1091.0,1085.0,5.165950219142929,,,,3696,Dix Stadium,25319.0,False,False,Kent,OH,44242,US,America/New_York,41.1390935,-81.31346,321.3641663,1969.0,2024-10-12,17.2,0.0,5.0,0.2891899364113907,0,False,False
401628385,2024,7,regular,2024-10-12T16:00:00.000Z,False,True,False,True,100077.0,3657,Bryant-Denny Stadium,333,Alabama,fbs,SEC,27.0,"[7, 7, 0, 13]",0.7796367406845093,2014.0,2010.0,2579,South Carolina,fbs,SEC,25.0,"[0, 12, 7, 6]",0.22036325931549072,1654.0,1658.0,5.932774080878053,,,,3657,Bryant-Denny Stadium,101821.0,True,False,Tuscaloosa,AL,35487,US,America/Chicago,33.2082752,-87.5503836,70.05136108,1929.0,2024-10-12,23.2,0.0,2.8,0.9828719026526944,1,False,False
401644685,2024,7,regular,2024-10-12T18:00:00.000Z,False,True,False,True,16903.0,3912,Rynearson Stadium,2199,Eastern Michigan,fbs,Mid-American,14.0,"[7, 0, 7, 0]",0.00043657608330249786,1310.0,1261.0,193,Miami (OH),fbs,Mid-American,38.0,"[7, 14, 0, 17]",0.9995634239166975,1437.0,1486.0,3.968206402911867,,,,3912,Rynearson Stadium,30200.0,False,False,Ypsilanti,MI,48197,US,America/Detroit,42.256126,-83.647285,241.248764,1969.0,2024-10-12,17.9,0.0,10.6,0.5597019867549669,0,False,False
401628981,2024,7,regular,2024-10-12T19:30:00.000Z,False,True,False,False,77622.0,3855,Notre Dame Stadium,87,Notre Dame,fbs,FBS Independents,49.0,"[7, 14, 21, 7]",0.9925447702407837,1994.0,2026.0,24,Stanford,fbs,ACC,7.0,"[7, 0, 0, 0]",0.007455229759216309,1261.0,1229.0,3.303728214444246,,,,3855,Notre Dame Stadium,80795.0,False,False,Notre Dame,IN,46556,US,America/Indiana/Indianapolis,41.698378,-86.2339425,222.645401,1930.0,2024-10-12,18.3,0.0,10.9,0.9607277678074139,1,False,False
401643805,2024,7,regular,2024-10-12T19:30:00.000Z,False,True,False,True,12280.0,4246,Center Parc Stadium,2247,Georgia State,fbs,Sun Belt,14.0,"[0, 7, 0, 7]",0.036089297384023666,1325.0,1315.0,295,Old Dominion,fbs,Sun Belt,21.0,"[7, 0, 7, 7]",0.9639107026159763,1369.0,1379.0,5.21277551699668,,,,4246,Center Parc Stadium,25000.0,False,False,Atlanta,GA,30315,US,America/New_York,33.735267,-84.389949,287,2017.0,2024-10-12,24.0,0.0,11.7,0.4912,0,False,False
401644744,2024,7,regular,2024-10-12T19:30:00.000Z,False,True,False,True,9559.0,3700,Doyt L. Perry Stadium,189,Bowling Green,fbs,Mid-American,7.0,"[7, 0, 0, 0]",0.0,1424.0,1406.0,2459,Northern Illinois,fbs,Mid-American,17.0,"[3, 3, 0, 11]",1.0,1452.0,1470.0,4.748623967988504,,,,3700,Doyt L. Perry Stadium,24000.0,False,False,Bowling Green,OH,43403,US,America/New_York,41.3780114,-83.6225,205.9057465,1966.0,2024-10-12,19.1,0.0,14.8,0.39829166666666665,0,False,False
401643729,2024,7,regular,2024-10-12T19:30:00.000Z,False,True,False,True,27280.0,5388,Canvas Stadium,36,Colorado State,fbs,Mountain West,31.0,"[7, 7, 7, 10]",0.6033872365951538,1246.0,1277.0,23,San José State,fbs,Mountain West,24.0,"[7, 7, 0, 10]",0.3966127634048462,1594.0,1563.0,4.906817659178243,,,,5388,Canvas Stadium,36500.0,False,False,Fort Collins,CO,80521,US,America/Denver,40.570015,-105.088435,1528.4,2017.0,2024-10-12,24.2,0.0,19.2,0.7473972602739726,0,False,False
401643732,2024,7,regular,2024-10-12T19:30:00.000Z,False,True,False,True,23155.0,3984,War Memorial Stadium,2751,Wyoming,fbs,Mountain West,24.0,"[7, 7, 3, 7]",0.013665717095136642,1286.0,1285.0,21,San Diego State,fbs,Mountain West,27.0,"[10, 7, 0, 10]",0.9863342829048634,1343.0,1344.0,7.082121173816998,,,,3984,War Memorial Stadium,29181.0,False,False,Laramie,WY,82071,US,America/Denver,41.31161,-105.5681384,2200.153564,1950.0,2024-10-12,18.9,0.0,3.3,0.7934957677941126,0,False,False
401635578,2024,7,regular,2024-10-12T19:30:00.000Z,False,True,False,True,32688.0,3923,Scott Stadium,258,Virginia,fbs,ACC,20.0,"[7, 0, 6, 7]",8.440273813903332e-05,1412.0,1424.0,97,Louisville,fbs,ACC,24.0,"[0, 7, 10, 7]",0.999915597261861,1707.0,1695.0,6.2372014527850155,,,,3923,Scott Stadium,61500.0,True,False,Charlottesville,VA,22904,US,America/New_York,38.0311801,-78.5137897,170.4677429,1931.0,2024-10-12,25.9,0.0,0.7,0.5315121951219512,0,False,False
401645341,2024,7,regular,2024-10-12T19:30:00.000Z,False,True,True,True,3365.0,4013,Camping World Stadium,58,South Florida,fbs,American Athletic,3.0,"[0, 3, 0, 0]",0.08807849884033203,1336.0,1325.0,235,Memphis,fbs,American Athletic,21.0,"[14, 0, 0, 7]",0.911921501159668,1598.0,1609.0,3.6054851226920706,,,,4013,Camping World Stadium,65000.0,False,False,Orlando,FL,32805,US,America/New_York,28.539167,-81.402778,31.37226868,1946.0,2024-10-12,27.3,0.0,6.9,0.05176923076923077,,False,False
401628390,2024,7,regular,2024-10-12T19:30:00.000Z,False,True,True,True,92100.0,499,Cotton Bowl,201,Oklahoma,fbs,SEC,3.0,"[3, 0, 0, 0]",0.08741511404514313,1827.0,1780.0,251,Texas,fbs,SEC,34.0,"[0, 21, 3, 10]",0.9125848859548569,2091.0,2138.0,3.7599673638575815,,Allstate Red River Rivalry,,499,Cotton Bowl,92100.0,False,False,Dallas,TX,75210,US,America/Chicago,32.779722,-96.759722,133.2241211,1930.0,2024-10-12,33.0,0.0,24.4,1.0,,False,False
401628511,2024,7,regular,2024-10-12T19:30:00.000Z,False,True,False,True,55815.0,3832,"Memorial Stadium (Champaign, IL)",356,Illinois,fbs,Big Ten,50.0,"[10, 14, 3, 16, 7]",0.49779996275901794,1551.0,1541.0,2509,Purdue,fbs,Big Ten,49.0,"[0, 3, 17, 23, 6]",0.5022000372409821,1214.0,1224.0,5.179256788410114,,,,3832,"Memorial Stadium (Champaign, IL)",60670.0,False,False,Champaign,IL,61820,US,America/Chicago,40.0993268,-88.2359569,223.2471619,1923.0,2024-10-12,26.5,0.0,12.5,0.9199769243448163,1,False,False
401644742,2024,7,regular,2024-10-12T19:30:00.000Z,False,True,False,True,19507.0,3980,Waldo Stadium,2711,Western Michigan,fbs,Mid-American,34.0,"[0, 24, 7, 3]",0.9201413989067078,1217.0,1223.0,2006,Akron,fbs,Mid-American,24.0,"[10, 7, 7, 0]",0.07985860109329224,1055.0,1049.0,5.7925044164193915,,,,3980,Waldo Stadium,30200.0,False,False,Kalamazoo,MI,49008,US,America/Detroit,42.2860064,-85.6007573,243.8211212,1939.0,2024-10-12,19.7,0.0,10.5,0.6459271523178808,0,False,False
401636895,2024,7,regular,2024-10-12T19:30:00.000Z,False,True,False,True,42611.0,3652,FBC Mortgage Stadium,2116,UCF,fbs,Big 12,13.0,"[0, 3, 7, 3]",0.5972757339477539,1510.0,1501.0,2132,Cincinnati,fbs,Big 12,19.0,"[3, 7, 3, 6]",0.4027242660522461,1529.0,1538.0,5.835677390572894,,,,3652,FBC Mortgage Stadium,44206.0,True,False,Orlando,FL,32816,US,America/New_York,28.6079765,-81.1927233,20.94113731,2007.0,2024-10-12,27.5,0.0,8.8,0.963918925032801,1,False,False
401628516,2024,7,regular,2024-10-12T19:30:00.000Z,False,True,False,True,75250.0,477,Los Angeles Memorial Coliseum,30,USC,fbs,Big Ten,30.0,"[7, 13, 3, 7, 0]",0.845148503780365,1759.0,1763.0,213,Penn State,fbs,Big Ten,33.0,"[3, 3, 14, 10, 3]",0.154851496219635,1901.0,1897.0,7.435288652766232,,,,477,Los Angeles Memorial Coliseum,77500.0,True,False,Los Angeles,CA,90089,US,America/Los_Angeles,34.014167,-118.287778,42.50374222,1923.0,2024-10-12,25.0,0.0,8.8,0.9709677419354839,1,False,False
401635575,2024,7,regular,2024-10-12T19:30:00.000Z,False,True,False,True,49773.0,3752,Acrisure Stadium,221,Pittsburgh,fbs,ACC,17.0,"[7, 10, 0, 0]",0.39359039068222046,1512.0,1513.0,25,California,fbs,ACC,15.0,"[6, 3, 0, 6]",0.6064096093177795,1549.0,1548.0,4.797974682802336,,,,3752,Acrisure Stadium,68400.0,True,False,Pittsburgh,PA,15260,US,America/New_York,40.4467648,-80.0157603,220.5887146,2001.0,2024-10-12,20.7,0.0,7.2,0.7276754385964912,0,False,False
401644746,2024,7,regular,2024-10-12T20:00:00.000Z,False,True,False,True,22437.0,3786,Kelly/Shorts Stadium,2117,Central Michigan,fbs,Mid-American,25.0,"[0, 0, 8, 17]",0.5244964957237244,1180.0,1189.0,195,Ohio,fbs,Mid-American,27.0,"[3, 21, 0, 3]",0.47550350427627563,1414.0,1405.0,5.5026236644584126,,,,3786,Kelly/Shorts Stadium,30255.0,False,False,Mount Pleasant,MI,48859,US,America/Detroit,43.5777313,-84.7709904,240.9007721,1972.0,2024-10-12,16.6,0.0,11.9,0.7415964303420922,0,False,False
401636893,2024,7,regular,2024-10-12T20:00:00.000Z,False,True,False,True,64420.0,3801,LaVell Edwards Stadium,252,BYU,fbs,Big 12,41.0,"[0, 14, 13, 14]",0.9801632761955261,1603.0,1665.0,12,Arizona,fbs,Big 12,19.0,"[7, 0, 3, 9]",0.019836723804473877,1678.0,1616.0,3.951878786589223,,,,3801,LaVell Edwards Stadium,63470.0,True,False,Provo,UT,84602,US,America/Denver,40.2575347,-111.6545247,1412.097046,1964.0,2024-10-12,25.1,0.0,8.3,1.0149677012761935,1,False,False
401628386,2024,7,regular,2024-10-12T20:15:00.000Z,False,True,False,True,93033.0,3917,Sanford Stadium,61,Georgia,fbs,SEC,41.0,"[10, 17, 7, 7]",0.8298102617263794,2033.0,2009.0,344,Mississippi State,fbs,SEC,31.0,"[3, 7, 14, 7]",0.1701897382736206,1371.0,1395.0,3.8188502034135348,,,,3917,Sanford Stadium,92746.0,True,False,Athens,GA,30602,US,America/New_York,33.9498197,-83.3733813,186.1120758,1929.0,2024-10-12,24.9,0.0,5.2,1.003094473077006,1,False,False
401643807,2024,7,regular,2024-10-12T21:00:00.000Z,False,True,False,True,22645.0,3817,Malone Stadium,2433,UL Monroe,fbs,Sun Belt,38.0,"[7, 7, 3, 21]",1.0,1247.0,1272.0,2572,Southern Miss,fbs,Sun Belt,21.0,"[3, 3, 8, 7]",0.0,1120.0,1095.0,4.119005874457292,,,,3817,Malone Stadium,27617.0,False,False,Monroe,LA,71209,US,America/Chicago,32.5308089,-92.0660602,22.998209,1978.0,2024-10-12,30.0,0.0,5.6,0.8199659629938082,0,False,False
401643808,2024,7,regular,2024-10-12T23:00:00.000Z,False,True,False,True,28000.0,3644,Bobcat Stadium (TX),326,Texas State,fbs,Sun Belt,41.0,"[14, 3, 14, 10]",0.9880865812301636,1584.0,1639.0,2032,Arkansas State,fbs,Sun Belt,9.0,"[3, 6, 0, 0]",0.011913418769836426,1317.0,1262.0,3.1800871571036144,,,,3644,Bobcat Stadium (TX),30000.0,False,False,San Marcos,TX,78666,US,America/Chicago,29.8910008,-97.9255735,177.8676453,1981.0,2024-10-12,32.2,0.0,15.7,0.9333333333333333,1,False,False
401645344,2024,7,regular,2024-10-12T23:00:00.000Z,False,True,False,True,18660.0,3895,Rice Stadium,242,Rice,fbs,American Athletic,29.0,"[0, 9, 14, 6]",0.8926241993904114,1219.0,1222.0,2636,UTSA,fbs,American Athletic,27.0,"[0, 10, 3, 14]",0.10737580060958862,1374.0,1371.0,7.833819706575591,,,,3895,Rice Stadium,47000.0,False,False,Houston,TX,77251,US,America/Chicago,29.7163297,-95.4093261,7.148301601,1950.0,2024-10-12,30.2,0.0,8.6,0.39702127659574465,0,False,False
401643730,2024,7,regular,2024-10-12T23:00:00.000Z,False,True,False,False,41031.0,3660,Valley Children's Stadium,278,Fresno State,fbs,Mountain West,17.0,"[7, 0, 7, 3]",0.40267405483796054,1518.0,1505.0,265,Washington State,fbs,Pac-12,25.0,"[13, 0, 3, 9]",0.5973259451620394,1550.0,1563.0,5.9016419656,,,,3660,Valley Children's Stadium,41031.0,False,False,Fresno,CA,93740,US,America/Los_Angeles,36.8143527,-119.7580092,102.564064,1980.0,2024-10-12,30.0,0.0,13.3,1.0,1,False,False
401643727,2024,7,regular,2024-10-12T23:00:00.000Z,False,True,False,True,15561.0,3971,University Stadium (NM),167,New Mexico,fbs,Mountain West,52.0,"[7, 21, 17, 7]",0.9362213015556335,1228.0,1271.0,2005,Air Force,fbs,Mountain West,37.0,"[3, 14, 0, 20]",0.06377869844436646,1353.0,1310.0,3.502879105672355,,,,3971,University Stadium (NM),39224.0,False,False,Albuquerque,NM,87131,US,America/Denver,35.0669479,-106.6283225,1554.471924,1960.0,2024-10-12,29.6,0.0,8.8,0.39672139506424636,0,False,False
401628391,2024,7,regular,2024-10-12T23:00:00.000Z,False,True,False,True,101915.0,3853,Neyland Stadium,2633,Tennessee,fbs,SEC,23.0,"[0, 0, 10, 7, 6]",0.8346436619758606,1947.0,1936.0,57,Florida,fbs,SEC,17.0,"[3, 0, 7, 7, 0]",0.1653563380241394,1537.0,1548.0,6.810202313184021,,,,3853,Neyland Stadium,102455.0,True,False,Knoxville,TN,37996,US,America/New_York,35.9550131,-83.9250128,271.9517212,1921.0,2024-10-12,17.1,0.0,7.9,0.994729393392221,1,False,False
401645343,2024,7,regular,2024-10-12T23:00:00.000Z,False,True,False,True,14576.0,3715,FAU Stadium,2226,Florida Atlantic,fbs,American Athletic,37.0,"[7, 20, 7, 3]",0.9890259504318237,1275.0,1280.0,249,North Texas,fbs,American Athletic,41.0,"[14, 3, 10, 14]",0.01097404956817627,1464.0,1459.0,7.340358695286385,,,,3715,FAU Stadium,29419.0,False,False,Boca Raton,FL,33499,US,America/New_York,26.3763763,-80.1015759,3.613628864,2011.0,2024-10-12,25.0,0.1,11.4,0.4954621163193854,0,False,False
401643731,2024,7,regular,2024-10-12T23:30:00.000Z,False,True,False,False,21541.0,3816,Mackay Stadium,2440,Nevada,fbs,Mountain West,42.0,"[7, 7, 7, 21]",0.9812478423118591,1235.0,1257.0,204,Oregon State,fbs,Pac-12,37.0,"[7, 10, 7, 13]",0.01875215768814087,1609.0,1587.0,6.365450160254874,,,,3816,Mackay Stadium,27000.0,False,False,Reno,NV,89557,US,America/Los_Angeles,39.5469459,-119.8175435,1406.57605,1966.0,2024-10-12,23.1,0.0,12.5,0.7978148148148149,0,False,False
401628388,2024,7,regular,2024-10-12T23:30:00.000Z,False,True,False,True,102212.0,3958,Tiger Stadium (LA),99,LSU,fbs,SEC,29.0,"[0, 13, 3, 7, 6]",0.2957136631011963,1874.0,1875.0,145,Ole Miss,fbs,SEC,26.0,"[0, 17, 3, 3, 3]",0.7042863368988037,1906.0,1905.0,10.014421124674865,,,,3958,Tiger Stadium (LA),102321.0,True,False,Baton Rouge,LA,70803,US,America/Chicago,30.412035,-91.1838163,7.640734673,1924.0,2024-10-12,27.0,0.0,4.8,0.9989347250320071,1,False,False
401643806,2024,7,regular,2024-10-12T23:30:00.000Z,False,True,False,True,14058.0,3666,Cajun Field,309,Louisiana,fbs,Sun Belt,34.0,"[3, 14, 3, 14]",0.9915509819984436,1523.0,1527.0,2026,App State,fbs,Sun Belt,24.0,"[0, 14, 3, 7]",0.008449018001556396,1334.0,1330.0,5.458345709162929,,,,3666,Cajun Field,41426.0,False,False,Lafayette,LA,70506,US,America/Chicago,30.2158434,-92.0417371,3.556508303,1971.0,2024-10-12,26.4,0.0,4.8,0.33935209771641,0,False,False
401628515,2024,7,regular,2024-10-12T23:30:00.000Z,False,True,False,True,60129.0,3626,Autzen Stadium,2483,Oregon,fbs,Big Ten,32.0,"[6, 16, 0, 10]",0.5034250020980835,1971.0,1975.0,194,Ohio State,fbs,Big Ten,31.0,"[7, 14, 7, 3]",0.4965749979019165,2080.0,2076.0,7.863148217991516,,,,3626,Autzen Stadium,54000.0,False,False,Eugene,OR,97401,US,America/Los_Angeles,44.0582712,-123.0684883,127.4198303,1967.0,2024-10-12,23.3,0.0,6.6,1.1135,1,False,False
401628387,2024,7,regular,2024-10-12T23:45:00.000Z,False,True,False,True,62120.0,3683,Kroger Field,96,Kentucky,fbs,SEC,13.0,"[0, 7, 0, 6]",0.5447068810462952,1686.0,1645.0,238,Vanderbilt,fbs,SEC,20.0,"[7, 7, 3, 3]",0.45529311895370483,1359.0,1400.0,3.8199529623202917,,,,3683,Kroger Field,61000.0,False,False,Lexington,KY,40506,US,America/New_York,38.0220905,-84.5053408,307.4248962,1973.0,2024-10-12,19.4,0.0,10.6,1.018360655737705,1,False,False
401636896,2024,7,regular,2024-10-13T00:00:00.000Z,False,True,False,True,55202.0,3842,Milan Puskar Stadium,277,West Virginia,fbs,Big 12,16.0,"[7, 3, 0, 6]",0.06028786301612854,1610.0,1597.0,66,Iowa State,fbs,Big 12,28.0,"[0, 14, 0, 14]",0.9397121369838715,1760.0,1773.0,4.8661659701257,,,,3842,Milan Puskar Stadium,60000.0,False,False,Morgantown,WV,26507,US,America/New_York,39.6502744,-79.9551873,327.409668,1980.0,2024-10-13,15.8,0.0,12.2,0.9200333333333334,1,False,False
401635574,2024,7,regular,2024-10-13T00:00:00.000Z,False,True,False,True,56919.0,3670,Carter-Finley Stadium,152,NC State,fbs,ACC,17.0,"[0, 7, 0, 10]",0.7724953293800354,1473.0,1454.0,183,Syracuse,fbs,ACC,24.0,"[3, 7, 7, 7]",0.2275046706199646,1404.0,1423.0,4.593175310001405,,,,3670,Carter-Finley Stadium,58000.0,True,False,Raleigh,NC,27695,US,America/New_York,35.8008001,-78.7195655,117.0089951,1966.0,2024-10-13,17.4,0.0,13.1,0.9813620689655173,1,False,False
401643804,2024,7,regular,2024-10-13T00:00:00.000Z,False,True,False,True,24048.0,3608,Allen E. Paulson Stadium,290,Georgia Southern,fbs,Sun Belt,24.0,"[3, 0, 0, 21]",0.6515949964523315,1370.0,1371.0,276,Marshall,fbs,Sun Belt,23.0,"[6, 10, 7, 0]",0.34840500354766846,1394.0,1393.0,5.256480778244205,,,,3608,Allen E. Paulson Stadium,25000.0,False,False,Statesboro,GA,30460,US,America/New_York,32.4122471,-81.7849296,61.25376892,1984.0,2024-10-13,20.6,0.0,1.8,0.96192,1,False,False
401628514,2024,7,regular,2024-10-13T01:00:00.000Z,False,True,False,True,42012.0,1056,Rose Bowl,26,UCLA,fbs,Big Ten,17.0,"[7, 3, 0, 7]",0.29411017894744873,1453.0,1452.0,135,Minnesota,fbs,Big Ten,21.0,"[0, 0, 14, 7]",0.7058898210525513,1533.0,1534.0,5.011058792371055,,,,1056,Rose Bowl,88565.0,True,False,Pasadena,CA,90095,US,America/Los_Angeles,34.1613284,-118.1676462,245.1772461,1922.0,2024-10-13,21.6,0.0,4.7,0.47436346186416756,0,False,False
401636894,2024,7,regular,2024-10-13T02:15:00.000Z,False,True,False,True,53972.0,3726,Folsom Field,38,Colorado,fbs,Big 12,28.0,"[7, 0, 7, 14]",0.5851468443870544,1479.0,1490.0,2306,Kansas State,fbs,Big 12,31.0,"[7, 7, 10, 7]",0.41485315561294556,1754.0,1743.0,6.2557581438811125,,,,3726,Folsom Field,50183.0,True,False,Boulder,CO,80309,US,America/Denver,40.0094746,-105.266905,1634.041138,1924.0,2024-10-13,16.4,0.0,9.6,1.0755036566167826,1,False,False
401643728,2024,7,regular,2024-10-13T03:00:00.000Z,False,True,False,True,15194.0,7220,Clarence T.C. Ching Athletics Complex,62,Hawai'i,fbs,Mountain West,7.0,"[0, 7, 0, 0]",0.004177841357886791,1215.0,1212.0,68,Boise State,fbs,Mountain West,28.0,"[10, 3, 0, 15]",0.9958221586421132,1708.0,1711.0,4.112858612745802,,,,7220,Clarence T.C. Ching Athletics Complex,15194.0,False,False,Honolulu,HI,96822,US,Pacific/Honolulu,21.294294,-157.819338,20,2015.0,2024-10-13,26.6,0.0,14.5,1.0,1,False,False
401643809,2024,8,regular,2024-10-15T23:30:00.000Z,False,True,False,True,25450.0,6526,Hancock Whitney Stadium,6,South Alabama,fbs,Sun Belt,25.0,"[3, 16, 6, 0]",1.0,1584.0,1606.0,2653,Troy,fbs,Sun Belt,9.0,"[0, 3, 0, 6]",0.0,1454.0,1432.0,3.272192294240801,,,,6526,Hancock Whitney Stadium,25450.0,False,False,Mobile,AL,36688,US,America/Chicago,30.696904,-88.192013,45,2020.0,2024-10-15,23.8,0.0,4.6,1.0,1,False,False
401641019,2024,8,regular,2024-10-16T00:00:00.000Z,False,True,False,True,10200.0,3725,"Johnny ""Red"" Floyd Stadium",2393,Middle Tennessee,fbs,Conference USA,14.0,"[7, 0, 7, 0]",0.6059287786483765,1116.0,1142.0,338,Kennesaw State,fbs,Conference USA,5.0,"[2, 0, 0, 3]",0.39407122135162354,1281.0,1255.0,3.9708541209811847,,,,3725,"Johnny ""Red"" Floyd Stadium",30788.0,False,False,Murfreesboro,TN,37132,US,America/Chicago,35.8511463,-86.3681649,191.7279816,1933.0,2024-10-16,9.1,0.0,6.2,0.3312979082759517,0,False,False
401641010,2024,8,regular,2024-10-16T01:00:00.000Z,False,True,False,True,9671.0,3601,Aggie Memorial Stadium,166,New Mexico State,fbs,Conference USA,33.0,"[0, 10, 7, 7, 3, 6]",0.6458162069320679,1161.0,1164.0,2348,Louisiana Tech,fbs,Conference USA,30.0,"[0, 14, 0, 10, 3, 3]",0.35418379306793213,1288.0,1285.0,8.600416261731684,,,,3601,Aggie Memorial Stadium,28853.0,False,False,Las Cruces,NM,88003,US,America/Denver,32.2796202,-106.7411148,1208.201294,1978.0,2024-10-16,26.6,0.0,11.3,0.33518178352337713,0,False,False
401641038,2024,8,regular,2024-10-16T23:00:00.000Z,False,True,False,True,8914.0,3647,Elliott T. Bowers Stadium,2534,Sam Houston,fbs,Conference USA,14.0,"[0, 14, 0, 0]",0.0,1464.0,1422.0,98,Western Kentucky,fbs,Conference USA,31.0,"[7, 10, 0, 14]",1.0,1454.0,1496.0,5.3110775467852465,,,,3647,Elliott T. Bowers Stadium,14000.0,False,False,Huntsville,TX,77340,US,America/Chicago,30.713926,-95.5419802,127.6225204,1986.0,2024-10-16,20.8,0.0,13.1,0.6367142857142857,0,False,False
401640983,2024,8,regular,2024-10-17T01:00:00.000Z,False,True,False,True,11373.0,3946,Sun Bowl,2638,UTEP,fbs,Conference USA,30.0,"[3, 14, 3, 10]",0.840137779712677,1137.0,1161.0,2229,Florida International,fbs,Conference USA,21.0,"[7, 7, 7, 0]",0.159862220287323,1265.0,1241.0,5.450209147901211,,,,3946,Sun Bowl,51500.0,False,False,El Paso,TX,79968,US,America/Denver,31.7733353,-106.507957,1183.697876,1963.0,2024-10-17,20.4,0.0,23.6,0.22083495145631069,0,False,False
401643810,2024,8,regular,2024-10-17T23:00:00.000Z,False,True,False,True,20703.0,3775,Joan C. Edwards Stadium,276,Marshall,fbs,Sun Belt,35.0,"[11, 14, 0, 10]",0.9758923649787903,1393.0,1417.0,2247,Georgia State,fbs,Sun Belt,20.0,"[0, 10, 7, 3]",0.024107635021209717,1315.0,1291.0,3.292274188249841,,,,3775,Joan C. Edwards Stadium,38016.0,False,False,Huntington,WV,25755,US,America/New_York,38.4247042,-82.4214412,163.7328186,1991.0,2024-10-17,10.3,0.0,5.8,0.54458648989899,0,False,False
401634768,2024,8,regular,2024-10-17T23:30:00.000Z,False,True,False,True,65632.0,3799,Lane Stadium,259,Virginia Tech,fbs,ACC,42.0,"[14, 14, 0, 14]",0.9866065382957458,1644.0,1674.0,103,Boston College,fbs,ACC,21.0,"[0, 0, 21, 0]",0.01339346170425415,1448.0,1418.0,2.427537921731776,,,,3799,Lane Stadium,65632.0,True,False,Blacksburg,VA,24061,US,America/New_York,37.2199873,-80.4180643,632.2631226,1965.0,2024-10-17,8.6,0.0,9.7,1.0,1,False,False
401634769,2024,8,regular,2024-10-18T23:00:00.000Z,False,True,False,True,30735.0,3982,Wallace Wade Stadium,150,Duke,fbs,ACC,23.0,"[7, 10, 3, 3]",0.9367383122444153,1598.0,1604.0,52,Florida State,fbs,ACC,16.0,"[3, 3, 7, 3]",0.06326168775558472,1532.0,1526.0,3.8709997525693565,,,,3982,Wallace Wade Stadium,40004.0,True,False,Durham,NC,27708,US,America/New_York,35.9953688,-78.9417564,103.0028152,1929.0,2024-10-18,13.6,0.0,9.2,0.7682981701829817,0,False,False
401628523,2024,8,regular,2024-10-19T00:00:00.000Z,False,True,False,True,57463.0,3907,Ross-Ade Stadium,2509,Purdue,fbs,Big Ten,0.0,"[0, 0, 0, 0]",0.014711744152009487,1224.0,1212.0,2483,Oregon,fbs,Big Ten,35.0,"[14, 7, 0, 14]",0.9852882558479905,1975.0,1987.0,3.239203073613974,,,,3907,Ross-Ade Stadium,57282.0,True,False,West Lafayette,IN,47907,US,America/Indiana/Indianapolis,40.4352253,-86.9186843,197.5337677,1924.0,2024-10-19,11.6,0.0,8.9,1.0031598058727,1,False,False
401636898,2024,8,regular,2024-10-19T02:15:00.000Z,False,True,False,True,62841.0,3801,LaVell Edwards Stadium,252,BYU,fbs,Big 12,38.0,"[7, 7, 14, 10]",0.7566320300102234,1665.0,1664.0,197,Oklahoma State,fbs,Big 12,35.0,"[7, 14, 0, 14]",0.2433679699897766,1489.0,1490.0,6.999418650820871,,,,3801,LaVell Edwards Stadium,63470.0,True,False,Provo,UT,84602,US,America/Denver,40.2575347,-111.6545247,1412.097046,1964.0,2024-10-19,6.3,0.0,4.0,0.9900898062076572,1,False,False
401643735,2024,8,regular,2024-10-19T02:30:00.000Z,False,True,False,True,18319.0,3816,Mackay Stadium,2440,Nevada,fbs,Mountain West,21.0,"[7, 14, 0, 0]",0.07479968667030334,1257.0,1267.0,278,Fresno State,fbs,Mountain West,24.0,"[3, 14, 7, 0]",0.9252003133296967,1505.0,1495.0,6.196437684814096,,,,3816,Mackay Stadium,27000.0,False,False,Reno,NV,89557,US,America/Los_Angeles,39.5469459,-119.8175435,1406.57605,1966.0,2024-10-19,8.2,0.0,3.7,0.6784814814814815,0,False,False
401636899,2024,8,regular,2024-10-19T16:00:00.000Z,False,True,False,True,38007.0,3854,Nippert Stadium,2132,Cincinnati,fbs,Big 12,24.0,"[10, 14, 0, 0]",0.9564058780670166,1538.0,1554.0,9,Arizona State,fbs,Big 12,14.0,"[7, 0, 7, 0]",0.0435941219329834,1529.0,1513.0,3.5215348421712895,,,,3854,Nippert Stadium,40000.0,False,False,Cincinnati,OH,45221,US,America/New_York,39.1312495,-84.5161913,230.0660553,1915.0,2024-10-19,16.1,0.0,1.4,0.950175,1,False,False
401628522,2024,8,regular,2024-10-19T16:00:00.000Z,False,True,True,True,12023.0,5960,Lanny and Sharon Martin Stadium,77,Northwestern,fbs,Big Ten,3.0,"[0, 0, 3, 0]",0.00952816940844059,1569.0,1543.0,275,Wisconsin,fbs,Big Ten,23.0,"[0, 14, 7, 2]",0.9904718305915594,1729.0,1755.0,3.3153925420781714,,,,5960,Lanny and Sharon Martin Stadium,12023.0,False,False,Evanston,IL,60208,US,America/Chicago,42.058246,-87.670876,179,1997.0,2024-10-19,15.6,0.0,9.9,1.0,,False,False
401628519,2024,8,regular,2024-10-19T16:00:00.000Z,False,True,False,True,53082.0,3830,"Memorial Stadium (Bloomington, IN)",84,Indiana,fbs,Big Ten,56.0,"[7, 21, 14, 14]",0.9864884614944458,1648.0,1791.0,158,Nebraska,fbs,Big Ten,7.0,"[0, 7, 0, 0]",0.0135115385055542,1597.0,1454.0,2.70777878082143,,,,3830,"Memorial Stadium (Bloomington, IN)",52656.0,False,False,Bloomington,IN,47408,US,America/Indiana/Indianapolis,39.1808959,-86.5256217,231.6500854,1960.0,2024-10-19,17.3,0.0,1.1,1.0080902461257977,1,False,False
401645346,2024,8,regular,2024-10-19T16:00:00.000Z,False,True,False,True,23044.0,3841,Michie Stadium,349,Army,fbs,American Athletic,45.0,"[7, 17, 14, 7]",1.0,1643.0,1649.0,151,East Carolina,fbs,American Athletic,28.0,"[0, 0, 7, 21]",0.0,1298.0,1292.0,1.8072816939293999,,,,3841,Michie Stadium,38000.0,False,False,West Point,NY,10996,US,America/New_York,41.3874924,-73.9640891,99.21277618,1924.0,2024-10-19,16.4,0.0,5.2,0.606421052631579,0,False,False
401629034,2024,8,regular,2024-10-19T16:00:00.000Z,False,True,False,False,30122.0,3892,Pratt & Whitney Stadium,41,UConn,fbs,FBS Independents,20.0,"[3, 3, 7, 7]",0.19086980819702148,1434.0,1424.0,154,Wake Forest,fbs,ACC,23.0,"[3, 10, 7, 3]",0.8091301918029785,1343.0,1353.0,5.400494261464476,,,,3892,Pratt & Whitney Stadium,40000.0,True,False,East Hartford,CT,6118 ,US,America/New_York,41.7595675,-72.6187728,6.515614986,2003.0,2024-10-19,17.4,0.0,0.2,0.75305,0,False,False
401643811,2024,8,regular,2024-10-19T16:00:00.000Z,False,True,False,True,17812.0,3654,Brooks Stadium (SC),324,Coastal Carolina,fbs,Sun Belt,24.0,"[0, 14, 3, 7]",0.03764825621181366,1413.0,1402.0,309,Louisiana,fbs,Sun Belt,34.0,"[7, 10, 0, 17]",0.9623517437881863,1527.0,1538.0,6.4922501001,,,,3654,Brooks Stadium (SC),21000.0,False,False,Conway,SC,29528,US,America/New_York,33.7928506,-79.0166946,13.74894905,2003.0,2024-10-19,18.8,0.0,15.6,0.8481904761904762,0,False,False
401635588,2024,8,regular,2024-10-19T16:00:00.000Z,False,True,False,True,80100.0,3836,"Memorial Stadium (Clemson, SC)",228,Clemson,fbs,ACC,48.0,"[3, 14, 21, 10]",0.9713402986526489,1864.0,1863.0,258,Virginia,fbs,ACC,31.0,"[3, 7, 0, 21]",0.028659701347351074,1424.0,1425.0,4.398025565166455,,,,3836,"Memorial Stadium (Clemson, SC)",81500.0,True,False,Clemson,SC,29634,US,America/New_York,34.6787737,-82.8432428,205.6452179,1942.0,2024-10-19,17.7,0.0,11.3,0.9828220858895705,1,False,False
401628524,2024,8,regular,2024-10-19T16:00:00.000Z,False,True,False,True,53726.0,6577,SHI Stadium,164,Rutgers,fbs,Big Ten,32.0,"[7, 3, 9, 13]",0.2262929528951645,1436.0,1432.0,26,UCLA,fbs,Big Ten,35.0,"[7, 14, 7, 7]",0.7737070471048355,1452.0,1456.0,5.6914151695824335,,,,6577,SHI Stadium,52454.0,False,False,Piscataway,NJ,08854,US,America/New_York,40.513611,-74.465278,19,1994.0,2024-10-19,19.3,0.0,1.5,1.0242498188889313,1,False,False
401628395,2024,8,regular,2024-10-19T16:00:00.000Z,False,True,False,True,62621.0,3838,Memorial Stadium,142,Missouri,fbs,SEC,21.0,"[3, 0, 3, 15]",0.35122549533843994,1737.0,1735.0,2,Auburn,fbs,SEC,17.0,"[0, 3, 14, 0]",0.6487745046615601,1550.0,1552.0,6.958922973553182,,,,3838,Memorial Stadium,71168.0,False,False,Columbia,MO,65211,US,America/Chicago,38.9358491,-92.3332009,212.6865692,1927.0,2024-10-19,16.9,0.0,5.4,0.8799038893884892,0,False,False
401635589,2024,8,regular,2024-10-19T16:00:00.000Z,False,True,False,True,59115.0,3873,L&N Federal Credit Union Stadium,97,Louisville,fbs,ACC,45.0,"[7, 10, 14, 14]",0.43441691994667053,1695.0,1691.0,2390,Miami,fbs,ACC,52.0,"[10, 14, 14, 14]",0.5655830800533295,1822.0,1826.0,7.676636998140976,,,,3873,L&N Federal Credit Union Stadium,60000.0,False,False,Louisville,KY,40292,US,America/Kentucky/Louisville,38.2057621,-85.7588141,138.5615997,1998.0,2024-10-19,14.8,0.0,1.4,0.98525,1,False,False
401628396,2024,8,regular,2024-10-19T16:45:00.000Z,False,True,False,True,83331.0,3835,"Memorial Stadium (Norman, OK)",201,Oklahoma,fbs,SEC,9.0,"[0, 3, 6, 0]",0.15115189282518085,1780.0,1694.0,2579,South Carolina,fbs,SEC,35.0,"[21, 11, 0, 3]",0.8488481071748192,1658.0,1744.0,1.9556014898,,,,3835,"Memorial Stadium (Norman, OK)",86112.0,True,False,Norman,OK,73019,US,America/Chicago,35.2058537,-97.4423145,355.0962524,1925.0,2024-10-19,19.8,0.0,12.6,0.9677048494983278,1,False,False
401645351,2024,8,regular,2024-10-19T18:00:00.000Z,False,True,False,True,18721.0,3806,Lincoln Financial Field,218,Temple,fbs,American Athletic,20.0,"[3, 14, 0, 3]",0.9404991269111633,1113.0,1126.0,202,Tulsa,fbs,American Athletic,10.0,"[0, 0, 10, 0]",0.05950087308883667,1060.0,1047.0,3.382527914711326,,,,3806,Lincoln Financial Field,69879.0,False,False,Philadelphia,PA,19122,US,America/New_York,39.9007995,-75.1675414,3.198706865,2003.0,2024-10-19,21.2,0.0,2.2,0.2679059517165386,0,False,False
401644750,2024,8,regular,2024-10-19T18:00:00.000Z,False,True,False,True,17974.0,3912,Rynearson Stadium,2199,Eastern Michigan,fbs,Mid-American,38.0,"[10, 6, 0, 22]",0.8311103582382202,1261.0,1262.0,2117,Central Michigan,fbs,Mid-American,34.0,"[0, 14, 13, 7]",0.16888964176177979,1189.0,1188.0,5.890326306878259,,,,3912,Rynearson Stadium,30200.0,False,False,Ypsilanti,MI,48197,US,America/Detroit,42.256126,-83.647285,241.248764,1969.0,2024-10-19,18.8,0.0,7.9,0.5951655629139073,0,False,False
401644686,2024,8,regular,2024-10-19T19:30:00.000Z,False,True,False,True,17021.0,3996,Yager Stadium,193,Miami (OH),fbs,Mid-American,30.0,"[3, 13, 14, 0]",0.9695755839347839,1486.0,1497.0,195,Ohio,fbs,Mid-American,20.0,"[0, 0, 6, 14]",0.030424416065216064,1405.0,1394.0,2.6801207401442384,,,,3996,Yager Stadium,24286.0,False,False,Oxford,OH,45056,US,America/New_York,39.5197009,-84.7330255,242.2643585,1983.0,2024-10-19,19.0,0.0,5.1,0.7008564605122293,0,False,False
401644748,2024,8,regular,2024-10-19T19:30:00.000Z,False,True,False,True,20858.0,3700,Doyt L. Perry Stadium,189,Bowling Green,fbs,Mid-American,27.0,"[10, 10, 0, 7]",0.9956725835800171,1406.0,1410.0,2309,Kent State,fbs,Mid-American,6.0,"[3, 3, 0, 0]",0.00432741641998291,928.0,924.0,3.554507312152441,,,,3700,Doyt L. Perry Stadium,24000.0,False,False,Bowling Green,OH,43403,US,America/New_York,41.3780114,-83.6225,205.9057465,1966.0,2024-10-19,20.3,0.0,6.9,0.8690833333333333,0,False,False
401645348,2024,8,regular,2024-10-19T19:30:00.000Z,False,True,False,True,20802.0,3604,Alamodome,2636,UTSA,fbs,American Athletic,38.0,"[3, 14, 7, 14]",0.7265111804008484,1371.0,1391.0,2226,Florida Atlantic,fbs,American Athletic,24.0,"[7, 10, 7, 0]",0.2734888195991516,1280.0,1260.0,6.823454332688041,,,,3604,Alamodome,36582.0,False,True,San Antonio,TX,78299,US,America/Chicago,29.4169834,-98.4788143,201.5526886,1993.0,2024-10-19,29.4,0.0,19.7,0.5686403149089716,0,False,False
401644749,2024,8,regular,2024-10-19T19:30:00.000Z,False,True,False,True,18487.0,3965,UB Stadium,2084,Buffalo,fbs,Mid-American,41.0,"[10, 7, 7, 17]",0.5770455002784729,1294.0,1275.0,2711,Western Michigan,fbs,Mid-American,48.0,"[7, 21, 7, 13]",0.4229544997215271,1223.0,1242.0,6.95619988524523,,,,3965,UB Stadium,30270.0,False,False,Amherst,NY,14260,US,America/New_York,42.9991334,-78.7775113,181.5759735,1993.0,2024-10-19,17.5,0.0,12.1,0.6107367030062768,0,False,False
401628982,2024,8,regular,2024-10-19T19:30:00.000Z,False,True,True,False,59021.0,5348,Mercedes-Benz Stadium,59,Georgia Tech,fbs,ACC,13.0,"[7, 0, 0, 6]",0.0,1576.0,1581.0,87,Notre Dame,fbs,FBS Independents,31.0,"[0, 14, 7, 10]",1.0,2026.0,2021.0,3.8865438625289945,,,,5348,Mercedes-Benz Stadium,75000.0,False,True,Atlanta,GA,30313,US,America/New_York,33.755578,-84.400881,307.9,2017.0,2024-10-19,20.5,0.0,12.1,0.7869466666666667,,False,False
401635587,2024,8,regular,2024-10-19T19:30:00.000Z,False,True,False,True,35303.0,3831,California Memorial Stadium,25,California,fbs,ACC,23.0,"[7, 6, 10, 0]",0.1323164850473404,1548.0,1542.0,152,NC State,fbs,ACC,24.0,"[3, 7, 0, 14]",0.8676835149526596,1454.0,1460.0,5.85613016014124,,,,3831,California Memorial Stadium,62467.0,False,False,Berkeley,CA,94720,US,America/Los_Angeles,37.8710434,-122.2507729,125.3108063,1923.0,2024-10-19,22.5,0.0,18.2,0.5651463972977733,0,False,False
401636901,2024,8,regular,2024-10-19T19:30:00.000Z,False,True,True,True,38619.0,3622,GEHA Field at Arrowhead Stadium,2305,Kansas,fbs,Big 12,42.0,"[14, 14, 0, 14]",0.9880543351173401,1570.0,1631.0,248,Houston,fbs,Big 12,14.0,"[0, 14, 0, 0]",0.011945664882659912,1395.0,1334.0,2.8249255834118068,,,,3622,GEHA Field at Arrowhead Stadium,76416.0,True,False,Kansas City,MO,64129,US,America/Chicago,39.048889,-94.483889,256.798584,1972.0,2024-10-19,23.0,0.0,11.8,0.5053784547738693,,False,False
401643736,2024,8,regular,2024-10-19T19:30:00.000Z,False,True,False,False,25112.0,3820,Gesa Field,265,Washington State,fbs,Pac-12,42.0,"[7, 14, 7, 14]",0.9816960692405701,1563.0,1608.0,62,Hawai'i,fbs,Mountain West,10.0,"[3, 0, 7, 0]",0.01830393075942993,1212.0,1167.0,2.9640863034941414,,,,3820,Gesa Field,32952.0,False,False,Pullman,WA,99164,US,America/Los_Angeles,46.731831,-117.1604991,773.9526367,1972.0,2024-10-19,16.5,0.0,11.4,0.7620781743141539,0,False,False
401628518,2024,8,regular,2024-10-19T19:30:00.000Z,False,True,False,True,60670.0,3832,"Memorial Stadium (Champaign, IL)",356,Illinois,fbs,Big Ten,21.0,"[3, 10, 8, 0]",0.9921573996543884,1541.0,1602.0,130,Michigan,fbs,Big Ten,7.0,"[0, 7, 0, 0]",0.007842600345611572,1878.0,1817.0,3.2928315169700695,,,,3832,"Memorial Stadium (Champaign, IL)",60670.0,False,False,Champaign,IL,61820,US,America/Chicago,40.0993268,-88.2359569,223.2471619,1923.0,2024-10-19,20.1,0.0,8.4,1.0,1,False,False
401645350,2024,8,regular,2024-10-19T19:30:00.000Z,False,True,False,True,22897.0,4729,Yulman Stadium,2655,Tulane,fbs,American Athletic,24.0,"[3, 7, 0, 14]",0.9935743808746338,1751.0,1738.0,242,Rice,fbs,American Athletic,10.0,"[0, 7, 3, 0]",0.006425619125366211,1222.0,1235.0,5.058264463347478,,,,4729,Yulman Stadium,30000.0,False,False,New Orleans,LA,70118,US,America/Chicago,29.944616,-90.116692,0.0000000000000000000000000000000000000118,2014.0,2024-10-19,24.1,0.0,20.6,0.7632333333333333,0,False,False
401628397,2024,8,regular,2024-10-19T19:30:00.000Z,False,True,False,True,101915.0,3853,Neyland Stadium,2633,Tennessee,fbs,SEC,24.0,"[0, 0, 14, 10]",0.9950047135353088,1936.0,1950.0,333,Alabama,fbs,SEC,17.0,"[0, 7, 3, 7]",0.004995286464691162,2010.0,1996.0,6.986754327403018,,,,3853,Neyland Stadium,102455.0,True,False,Knoxville,TN,37996,US,America/New_York,35.9550131,-83.9250128,271.9517212,1921.0,2024-10-19,20.9,0.0,5.3,0.994729393392221,1,False,False
401643813,2024,8,regular,2024-10-19T19:30:00.000Z,False,True,False,True,19129.0,3918,S.B. Ballard Stadium,295,Old Dominion,fbs,Sun Belt,24.0,"[7, 7, 0, 10]",0.9074426670592894,1379.0,1416.0,326,Texas State,fbs,Sun Belt,14.0,"[0, 0, 7, 7]",0.09255733294071056,1639.0,1602.0,6.364009365,,,,3918,S.B. Ballard Stadium,20118.0,False,False,Norfolk,VA,23551,US,America/New_York,36.8889533,-76.3049175,3.147987843,1936.0,2024-10-19,19.2,0.0,16.0,0.9508400437419227,1,False,False
401645345,2024,8,regular,2024-10-19T19:30:00.000Z,False,True,False,True,28154.0,3886,Raymond James Stadium,58,South Florida,fbs,American Athletic,35.0,"[0, 7, 13, 15]",0.9628206491470337,1325.0,1326.0,5,UAB,fbs,American Athletic,25.0,"[3, 6, 10, 6]",0.03717935085296631,1091.0,1090.0,7.974299090802465,,,,3886,Raymond James Stadium,65828.0,True,False,Tampa,FL,33620,US,America/New_York,27.9758691,-82.5033344,11.07972908,1998.0,2024-10-19,27.3,0.0,26.0,0.42769034453424076,0,False,False
401644751,2024,8,regular,2024-10-19T19:30:00.000Z,False,True,False,True,18350.0,3764,Huskie Stadium,2459,Northern Illinois,fbs,Mid-American,6.0,"[3, 3, 0, 0]",0.46659237146377563,1470.0,1460.0,2649,Toledo,fbs,Mid-American,13.0,"[0, 7, 3, 3]",0.5334076285362244,1508.0,1518.0,5.654923866645938,,,,3764,Huskie Stadium,23595.0,False,False,DeKalb,IL,60115,US,America/Chicago,41.9339586,-88.7778357,267.4530029,1965.0,2024-10-19,20.8,0.0,14.3,0.7777071413435049,0,False,False
401645347,2024,8,regular,2024-10-19T19:30:00.000Z,False,True,False,True,35094.0,3852,Navy-Marine Corps Memorial Stadium,2426,Navy,fbs,American Athletic,51.0,"[24, 14, 13, 0]",0.9756401181221008,1555.0,1612.0,2429,Charlotte,fbs,American Athletic,17.0,"[0, 10, 7, 0]",0.02435988187789917,1253.0,1196.0,2.112060176236047,,,,3852,Navy-Marine Corps Memorial Stadium,34000.0,False,False,Annapolis,MD,21402,US,America/New_York,38.9846985,-76.5076335,10.74990082,1959.0,2024-10-19,20.0,0.0,4.8,1.0321764705882353,1,False,False
401636897,2024,8,regular,2024-10-19T20:00:00.000Z,False,True,False,True,50724.0,3619,Arizona Stadium,12,Arizona,fbs,Big 12,7.0,"[7, 0, 0, 0]",0.0,1616.0,1526.0,38,Colorado,fbs,Big 12,34.0,"[14, 14, 3, 3]",1.0,1490.0,1580.0,3.4283520459791763,,,,3619,Arizona Stadium,50782.0,False,False,Tucson,AZ,85721,US,America/Phoenix,32.2288054,-110.9488677,742.1530151,1928.0,2024-10-19,18.8,0.0,1.3,0.9988578630223307,1,False,False
401636902,2024,8,regular,2024-10-19T20:00:00.000Z,False,True,False,True,60229.0,3784,Jones AT&T Stadium,2641,Texas Tech,fbs,Big 12,35.0,"[7, 7, 7, 14]",0.004952083341777325,1644.0,1556.0,239,Baylor,fbs,Big 12,59.0,"[7, 17, 14, 21]",0.9950479166582227,1457.0,1545.0,4.976409905154393,,,,3784,Jones AT&T Stadium,60454.0,False,False,Lubbock,TX,79409,US,America/Chicago,33.5910518,-101.8728824,980.7632446,1947.0,2024-10-19,20.1,0.1,31.5,0.9962781619082277,1,False,False
401643737,2024,8,regular,2024-10-19T20:00:00.000Z,False,True,False,True,14584.0,3905,Maverik Stadium,328,Utah State,fbs,Mountain West,45.0,"[14, 10, 14, 7]",0.9988764389108926,1172.0,1170.0,167,New Mexico,fbs,Mountain West,50.0,"[0, 15, 14, 21]",0.0011235610891073833,1271.0,1273.0,1.661834419,,,,3905,Maverik Stadium,25513.0,False,False,Logan,UT,84322,US,America/Denver,41.7517394,-111.8116007,1427.914429,1968.0,2024-10-19,13.2,0.0,7.8,0.5716301493356328,0,False,False
401643738,2024,8,regular,2024-10-19T20:00:00.000Z,False,True,False,True,17101.0,3935,CEFCU Stadium,23,San José State,fbs,Mountain West,24.0,"[7, 7, 3, 7]",0.9138110876083374,1563.0,1561.0,2751,Wyoming,fbs,Mountain West,14.0,"[0, 0, 7, 7]",0.0861889123916626,1285.0,1287.0,3.2445338597032163,,,,3935,CEFCU Stadium,30456.0,False,False,San Jose,CA,95112,US,America/Los_Angeles,37.3196675,-121.8682962,28.30708694,1933.0,2024-10-19,23.0,0.0,5.3,0.5614985552928815,0,False,False
401628521,2024,8,regular,2024-10-19T20:00:00.000Z,False,True,False,True,43013.0,3665,SECU Stadium,120,Maryland,fbs,Big Ten,29.0,"[0, 7, 7, 15]",0.3784219026565552,1546.0,1553.0,30,USC,fbs,Big Ten,28.0,"[7, 14, 0, 7]",0.6215780973434448,1763.0,1756.0,7.155283535151233,,,,3665,SECU Stadium,51802.0,False,False,College Park,MD,20742,US,America/New_York,38.9903332,-76.9473792,32.68748093,1950.0,2024-10-19,20.5,0.0,2.4,0.8303347361105748,0,False,False
401643812,2024,8,regular,2024-10-19T20:00:00.000Z,False,True,False,True,20153.0,3608,Allen E. Paulson Stadium,290,Georgia Southern,fbs,Sun Belt,28.0,"[7, 14, 7, 0]",0.7774406671524048,1371.0,1449.0,256,James Madison,fbs,Sun Belt,14.0,"[0, 0, 7, 7]",0.22255933284759521,1866.0,1788.0,3.3272118078267137,,,,3608,Allen E. Paulson Stadium,25000.0,False,False,Statesboro,GA,30460,US,America/New_York,32.4122471,-81.7849296,61.25376892,1984.0,2024-10-19,22.5,0.0,16.1,0.80612,0,False,False
401628394,2024,8,regular,2024-10-19T20:15:00.000Z,False,True,False,True,50127.0,3693,Davis Wade Stadium,344,Mississippi State,fbs,SEC,24.0,"[7, 10, 0, 7]",0.008897795341908932,1395.0,1405.0,245,Texas A&M,fbs,SEC,34.0,"[7, 14, 10, 3]",0.9911022046580911,1781.0,1771.0,5.55105020302855,,,,3693,Davis Wade Stadium,61337.0,True,False,Starkville,MS,39762,US,America/Chicago,33.4563403,-88.7933652,110.2742081,1914.0,2024-10-19,22.4,0.0,5.2,0.8172391867877464,0,False,False
401628399,2024,8,regular,2024-10-19T23:00:00.000Z,False,True,False,False,27884.0,3973,FirstBank Stadium,238,Vanderbilt,fbs,SEC,24.0,"[3, 11, 0, 10]",0.9042891884815737,1400.0,1396.0,2050,Ball State,fbs,Mid-American,14.0,"[7, 0, 7, 0]",0.09571081151842631,1085.0,1089.0,7.2337044479,,,,3973,FirstBank Stadium,40351.0,False,False,Nashville,TN,37212,US,America/Chicago,36.1440455,-86.8088942,159.9194641,1922.0,2024-10-19,14.5,0.0,9.0,0.6910361577160418,0,False,False
401628392,2024,8,regular,2024-10-19T23:00:00.000Z,False,True,False,True,75893.0,3887,Razorback Stadium,8,Arkansas,fbs,SEC,10.0,"[0, 7, 3, 0]",0.0,1513.0,1490.0,99,LSU,fbs,SEC,34.0,"[10, 6, 8, 10]",1.0,1875.0,1898.0,3.8338395747864134,,,,3887,Razorback Stadium,80000.0,False,False,Fayetteville,AR,72702,US,America/Chicago,36.0680662,-94.1789534,403.7972412,1938.0,2024-10-19,20.6,0.0,8.8,0.9486625,1,False,False
401643814,2024,8,regular,2024-10-19T23:00:00.000Z,False,True,False,True,24542.0,3815,M. M. Roberts Stadium,2572,Southern Miss,fbs,Sun Belt,28.0,"[7, 14, 0, 7]",0.051819369196891785,1095.0,1074.0,2032,Arkansas State,fbs,Sun Belt,44.0,"[21, 7, 13, 3]",0.9481806308031082,1262.0,1283.0,5.045361051060517,,,,3815,M. M. Roberts Stadium,36000.0,False,False,Hattiesburg,MS,39402,US,America/Chicago,31.3289321,-89.3318118,64.52726746,1932.0,2024-10-19,21.4,0.0,9.1,0.6817222222222222,0,False,False
401628520,2024,8,regular,2024-10-19T23:30:00.000Z,False,True,False,True,69682.0,3936,Spartan Stadium,127,Michigan State,fbs,Big Ten,32.0,"[6, 6, 7, 13]",0.9808642864227295,1410.0,1456.0,2294,Iowa,fbs,Big Ten,20.0,"[0, 0, 14, 6]",0.019135713577270508,1683.0,1637.0,3.686659810334258,,,,3936,Spartan Stadium,75005.0,True,False,East Lansing,MI,48824,US,America/Detroit,42.7281474,-84.4848526,254.8794861,1923.0,2024-10-19,14.4,0.0,10.1,0.9290313979068062,1,False,False
401636904,2024,8,regular,2024-10-19T23:30:00.000Z,False,True,False,True,54327.0,3842,Milan Puskar Stadium,277,West Virginia,fbs,Big 12,18.0,"[3, 7, 0, 8]",0.002744939411059022,1597.0,1541.0,2306,Kansas State,fbs,Big 12,45.0,"[10, 7, 14, 14]",0.997255060588941,1743.0,1799.0,4.3488724142883255,,,,3842,Milan Puskar Stadium,60000.0,False,False,Morgantown,WV,26507,US,America/New_York,39.6502744,-79.9551873,327.409668,1980.0,2024-10-19,12.8,0.0,6.7,0.90545,1,False,False
401645349,2024,8,regular,2024-10-19T23:30:00.000Z,False,True,False,True,24110.0,3805,Simmons Bank Liberty Stadium,235,Memphis,fbs,American Athletic,52.0,"[14, 14, 7, 17]",0.9536851644515991,1609.0,1612.0,249,North Texas,fbs,American Athletic,44.0,"[21, 3, 7, 13]",0.04631483554840088,1459.0,1456.0,7.4754561410521765,,,,3805,Simmons Bank Liberty Stadium,58325.0,False,False,Memphis,TN,38152,US,America/Chicago,35.1209429,-89.977147,90.62445831,1965.0,2024-10-19,19.0,0.0,6.4,0.4133733390484355,0,False,False
401628398,2024,8,regular,2024-10-19T23:30:00.000Z,False,True,False,True,105215.0,3910,DKR-Texas Memorial Stadium,251,Texas,fbs,SEC,15.0,"[0, 0, 15, 0]",0.3337695300579071,2138.0,2089.0,61,Georgia,fbs,SEC,30.0,"[7, 16, 0, 7]",0.6662304699420929,2009.0,2058.0,4.350208777361713,,,,3910,DKR-Texas Memorial Stadium,100119.0,False,False,Austin,TX,78712,US,America/Chicago,30.2836813,-97.7325345,160.3089447,1924.0,2024-10-19,27.8,0.0,16.8,1.0508994296786824,1,False,False
401636900,2024,8,regular,2024-10-19T23:30:00.000Z,False,True,False,True,61500.0,3772,Jack Trice Stadium,66,Iowa State,fbs,Big 12,38.0,"[14, 0, 13, 11]",0.09694363921880722,1773.0,1771.0,2116,UCF,fbs,Big 12,35.0,"[7, 14, 7, 7]",0.9030563607811928,1501.0,1503.0,8.103253061192863,,,,3772,Jack Trice Stadium,61500.0,True,False,Ames,IA,50011,US,America/Chicago,42.0139977,-93.6357716,274.9135437,1975.0,2024-10-19,20.1,0.0,14.6,1.0,1,False,False
401628393,2024,8,regular,2024-10-19T23:45:00.000Z,False,True,False,True,,3634,Ben Hill Griffin Stadium,57,Florida,fbs,SEC,48.0,"[3, 24, 7, 14]",0.9885360598564148,1548.0,1634.0,96,Kentucky,fbs,SEC,20.0,"[0, 13, 7, 0]",0.011463940143585205,1645.0,1559.0,3.1844642939609034,,,,3634,Ben Hill Griffin Stadium,88548.0,True,False,Gainesville,FL,32653,US,America/New_York,29.6499357,-82.3485788,44.97250748,1930.0,2024-10-19,20.9,0.0,15.8,,,True,False
401643734,2024,8,regular,2024-10-20T00:00:00.000Z,False,True,False,True,27598.0,3713,Falcon Stadium,2005,Air Force,fbs,Mountain West,13.0,"[0, 0, 0, 13]",0.036323752254247665,1310.0,1292.0,36,Colorado State,fbs,Mountain West,21.0,"[0, 14, 7, 0]",0.9636762477457523,1277.0,1295.0,3.8664348374018416,,,,3713,Falcon Stadium,46692.0,False,False,Colorado Springs,CO,80840,US,America/Denver,38.9969701,-104.8436165,2024.875732,1962.0,2024-10-20,8.8,0.0,13.7,0.5910648505097232,0,False,False
401635590,2024,8,regular,2024-10-20T00:00:00.000Z,False,True,False,True,19117.0,3940,Stanford Stadium,24,Stanford,fbs,ACC,10.0,"[0, 7, 3, 0]",0.2712072432041168,1229.0,1208.0,2567,SMU,fbs,ACC,40.0,"[21, 10, 0, 9]",0.7287927567958832,1765.0,1786.0,4.0477402139248335,,,,3940,Stanford Stadium,50424.0,True,False,Stanford,CA,94305,US,America/Los_Angeles,37.4345556,-122.1611271,18.38425636,2006.0,2024-10-20,25.1,0.0,6.3,0.3791250198318261,0,False,False
401643739,2024,8,regular,2024-10-20T02:00:00.000Z,False,True,False,False,35195.0,3893,Reser Stadium,204,Oregon State,fbs,Pac-12,25.0,"[3, 14, 0, 8]",0.008156177587807178,1587.0,1578.0,2439,UNLV,fbs,Mountain West,33.0,"[3, 13, 7, 10]",0.9918438224121928,1665.0,1674.0,4.828604315834429,,,,3893,Reser Stadium,43363.0,False,False,Corvallis,OR,97331,US,America/Los_Angeles,44.5594559,-123.2814341,66.90744781,1953.0,2024-10-20,16.1,0.0,8.9,0.8116366487558517,0,False,False
401636903,2024,8,regular,2024-10-20T02:30:00.000Z,False,True,False,True,53299.0,587,Rice-Eccles Stadium,254,Utah,fbs,Big 12,7.0,"[0, 0, 7, 0]",0.06246717646718025,1589.0,1572.0,2628,TCU,fbs,Big 12,13.0,"[0, 10, 3, 0]",0.9375328235328197,1508.0,1525.0,4.9222024427525914,,,,587,Rice-Eccles Stadium,51444.0,False,False,Salt Lake City,UT,84112,US,America/Denver,40.7599724,-111.8488255,1411.543579,1998.0,2024-10-20,7.2,0.0,3.8,1.0360586268563876,1,False,False
401640984,2024,9,regular,2024-10-22T23:30:00.000Z,False,True,True,True,10625.0,2031,Pitbull Stadium,2229,Florida International,fbs,Conference USA,7.0,"[0, 0, 0, 7]",0.4008624255657196,1241.0,1248.0,2534,Sam Houston,fbs,Conference USA,10.0,"[0, 0, 7, 3]",0.5991375744342804,1422.0,1415.0,4.370862026824527,,,,2031,Pitbull Stadium,20000.0,False,False,Miami,FL,33199,US,America/New_York,25.7525,-80.37778,6,1995.0,2024-10-22,25.2,0.0,18.9,0.53125,,False,False
401641011,2024,9,regular,2024-10-23T00:00:00.000Z,False,True,False,True,15168.0,3776,Joe Aillet Stadium,2348,Louisiana Tech,fbs,Conference USA,14.0,"[0, 7, 0, 7]",0.5261403918266296,1285.0,1284.0,2638,UTEP,fbs,Conference USA,10.0,"[7, 0, 3, 0]",0.47385960817337036,1161.0,1162.0,6.062660627315135,,,,3776,Joe Aillet Stadium,28019.0,False,False,Ruston,LA,71272,US,America/Chicago,32.5321487,-92.6560019,72.87982941,1968.0,2024-10-23,20.5,0.0,7.6,0.5413469431457225,0,False,False
401640993,2024,9,regular,2024-10-23T23:00:00.000Z,False,True,False,True,8209.0,4899,Fifth Third Stadium,338,Kennesaw State,fbs,Conference USA,27.0,"[7, 7, 7, 6]",0.8931236267089844,1255.0,1261.0,2335,Liberty,fbs,Conference USA,24.0,"[7, 7, 3, 7]",0.10687637329101562,1581.0,1575.0,5.463549571815046,,,,4899,Fifth Third Stadium,11040.0,True,False,Kennesaw,GA,30144,US,America/New_York,34.0289318,-84.5676234,296.9589844,2010.0,2024-10-23,20.2,0.0,7.2,0.7435688405797102,0,False,False
401641003,2024,9,regular,2024-10-23T23:30:00.000Z,False,True,False,True,17988.0,3662,AmFirst Stadium,55,Jacksonville State,fbs,Conference USA,42.0,"[14, 0, 21, 7]",0.9147096276283264,1637.0,1642.0,2393,Middle Tennessee,fbs,Conference USA,20.0,"[10, 0, 3, 7]",0.08529037237167358,1142.0,1137.0,3.7580919765213023,,,,3662,AmFirst Stadium,24000.0,False,False,Jacksonville,AL,36265,US,America/Chicago,33.8201052,-85.76647,198.0679016,1947.0,2024-10-23,20.9,0.0,6.0,0.7495,0,False,False
401643815,2024,9,regular,2024-10-24T23:00:00.000Z,False,True,False,True,18281.0,3918,S.B. Ballard Stadium,295,Old Dominion,fbs,Sun Belt,47.0,"[13, 17, 14, 3]",0.9953979849815369,1416.0,1494.0,290,Georgia Southern,fbs,Sun Belt,19.0,"[0, 7, 6, 6]",0.004602015018463135,1449.0,1371.0,2.680605598327148,,,,3918,S.B. Ballard Stadium,20118.0,False,False,Norfolk,VA,23551,US,America/New_York,36.8889533,-76.3049175,3.147987843,1936.0,2024-10-24,16.6,0.0,10.7,0.908688736454916,1,False,False
401634770,2024,9,regular,2024-10-24T23:30:00.000Z,False,True,False,True,47266.0,3752,Acrisure Stadium,221,Pittsburgh,fbs,ACC,41.0,"[17, 14, 0, 10]",0.9981264472007751,1513.0,1576.0,183,Syracuse,fbs,ACC,13.0,"[0, 0, 6, 7]",0.0018735527992248535,1423.0,1360.0,2.134847606448981,,,,3752,Acrisure Stadium,68400.0,True,False,Pittsburgh,PA,15260,US,America/New_York,40.4467648,-80.0157603,220.5887146,2001.0,2024-10-24,12.5,0.0,1.9,0.6910233918128655,0,False,False
401634771,2024,9,regular,2024-10-25T23:30:00.000Z,False,True,False,True,42887.0,3615,"Alumni Stadium (Chestnut Hill, MA)",103,Boston College,fbs,ACC,27.0,"[7, 13, 7, 0]",0.36637356877326965,1418.0,1428.0,97,Louisville,fbs,ACC,31.0,"[0, 7, 10, 14]",0.6336264312267303,1691.0,1681.0,5.73443917987525,,,,3615,"Alumni Stadium (Chestnut Hill, MA)",44500.0,False,False,Chestnut Hill,MA,2467 ,US,America/New_York,42.335104,-71.1664413,39.82634354,1957.0,2024-10-25,10.3,0.0,9.3,0.963752808988764,1,False,False
401643740,2024,9,regular,2024-10-26T02:30:00.000Z,False,True,False,True,42228.0,6501,Allegiant Stadium,2439,UNLV,fbs,Mountain West,24.0,"[10, 0, 14, 0]",0.6578167644895134,1674.0,1668.0,68,Boise State,fbs,Mountain West,29.0,"[3, 17, 3, 6]",0.34218323551048657,1711.0,1717.0,6.3665972191,,,,6501,Allegiant Stadium,65000.0,False,True,Las Vegas,NV,89118,US,America/Los_Angeles,36.09075,-115.183722,666,2020.0,2024-10-26,23.7,0.0,11.2,0.6496615384615385,0,False,False
401628532,2024,9,regular,2024-10-26T03:00:00.000Z,False,True,False,True,63404.0,477,Los Angeles Memorial Coliseum,30,USC,fbs,Big Ten,42.0,"[14, 14, 14, 0]",0.9954424500465393,1756.0,1776.0,164,Rutgers,fbs,Big Ten,20.0,"[3, 9, 8, 0]",0.004557549953460693,1432.0,1412.0,2.833277906387177,,,,477,Los Angeles Memorial Coliseum,77500.0,True,False,Los Angeles,CA,90089,US,America/Los_Angeles,34.014167,-118.287778,42.50374222,1923.0,2024-10-26,16.8,0.0,8.2,0.818116129032258,0,False,False
401635597,2024,9,regular,2024-10-26T16:00:00.000Z,False,True,False,True,65633.0,3799,Lane Stadium,259,Virginia Tech,fbs,ACC,21.0,"[0, 14, 7, 0]",0.8615702986717224,1674.0,1697.0,59,Georgia Tech,fbs,ACC,6.0,"[3, 3, 0, 0]",0.1384297013282776,1581.0,1558.0,3.885755240419359,,,,3799,Lane Stadium,65632.0,True,False,Blacksburg,VA,24061,US,America/New_York,37.2199873,-80.4180643,632.2631226,1965.0,2024-10-26,18.8,0.0,12.9,1.0000152364700146,1,False,False
401628526,2024,9,regular,2024-10-26T16:00:00.000Z,False,True,False,True,53082.0,3830,"Memorial Stadium (Bloomington, IN)",84,Indiana,fbs,Big Ten,31.0,"[7, 10, 7, 7]",0.9245380163192749,1791.0,1812.0,264,Washington,fbs,Big Ten,17.0,"[0, 7, 7, 3]",0.0754619836807251,1707.0,1686.0,3.7298396708999006,,,,3830,"Memorial Stadium (Bloomington, IN)",52656.0,False,False,Bloomington,IN,47408,US,America/Indiana/Indianapolis,39.1808959,-86.5256217,231.6500854,1960.0,2024-10-26,14.8,0.0,13.4,1.0080902461257977,1,False,False
401628983,2024,9,regular,2024-10-26T16:00:00.000Z,False,True,True,False,76112.0,3839,MetLife Stadium,2426,Navy,fbs,American Athletic,14.0,"[0, 7, 7, 0]",0.0583665706217289,1612.0,1564.0,87,Notre Dame,fbs,FBS Independents,51.0,"[14, 17, 13, 7]",0.9416334293782711,2021.0,2069.0,3.2948967211317486,,,,3839,MetLife Stadium,82500.0,False,False,East Rutherford,NJ,7073 ,US,America/New_York,40.813611,-74.074444,1.68149209,2010.0,2024-10-26,17.5,0.0,22.1,0.9225696969696969,,False,False
401635598,2024,9,regular,2024-10-26T16:00:00.000Z,False,True,False,True,44550.0,3923,Scott Stadium,258,Virginia,fbs,ACC,14.0,"[3, 3, 0, 8]",0.0019394317641854286,1425.0,1359.0,153,North Carolina,fbs,ACC,41.0,"[7, 17, 14, 3]",0.9980605682358146,1489.0,1555.0,3.7115022843794714,,,,3923,Scott Stadium,61500.0,True,False,Charlottesville,VA,22904,US,America/New_York,38.0311801,-78.5137897,170.4677429,1931.0,2024-10-26,21.5,0.0,11.3,0.724390243902439,0,False,False
401644755,2024,9,regular,2024-10-26T16:00:00.000Z,False,True,False,True,16048.0,3876,Peden Stadium,195,Ohio,fbs,Mid-American,47.0,"[3, 21, 9, 14]",0.98528653383255,1394.0,1463.0,2084,Buffalo,fbs,Mid-American,16.0,"[0, 10, 6, 0]",0.014713466167449951,1275.0,1206.0,3.440412121223079,,,,3876,Peden Stadium,24000.0,False,False,Athens,OH,45701,US,America/New_York,39.3212794,-82.1034315,194.230896,1929.0,2024-10-26,15.1,0.0,11.0,0.6686666666666666,0,False,False
401645354,2024,9,regular,2024-10-26T16:00:00.000Z,False,True,False,True,23138.0,3825,DATCU Stadium,249,North Texas,fbs,American Athletic,37.0,"[3, 14, 7, 13]",0.03623753413558006,1456.0,1462.0,2655,Tulane,fbs,American Athletic,45.0,"[21, 10, 14, 0]",0.9637624658644199,1738.0,1732.0,4.429286316382255,,,,3825,DATCU Stadium,30850.0,False,False,Denton,TX,76210,US,America/Chicago,33.203899,-97.159245,198.6871948,2011.0,2024-10-26,22.7,0.0,14.5,0.7500162074554295,0,False,False
401645353,2024,9,regular,2024-10-26T16:00:00.000Z,False,True,False,True,25478.0,3805,Simmons Bank Liberty Stadium,235,Memphis,fbs,American Athletic,33.0,"[0, 7, 14, 12]",0.6314959526062012,1612.0,1601.0,2429,Charlotte,fbs,American Athletic,28.0,"[7, 0, 0, 21]",0.36850404739379883,1196.0,1207.0,7.099446363986192,,,,3805,Simmons Bank Liberty Stadium,58325.0,False,False,Memphis,TN,38152,US,America/Chicago,35.1209429,-89.977147,90.62445831,1965.0,2024-10-26,21.7,0.0,16.4,0.43682811830261464,0,False,False
401628402,2024,9,regular,2024-10-26T16:00:00.000Z,False,True,False,True,67926.0,3974,Vaught-Hemingway Stadium,145,Ole Miss,fbs,SEC,26.0,"[7, 3, 13, 3]",0.9788252711296082,1905.0,1911.0,201,Oklahoma,fbs,SEC,14.0,"[7, 7, 0, 0]",0.021174728870391846,1694.0,1688.0,4.50648850376662,,,,3974,Vaught-Hemingway Stadium,64038.0,True,False,Oxford,MS,38677,US,America/Chicago,34.3619837,-89.5342076,146.8517151,1915.0,2024-10-26,23.9,0.0,8.3,1.0607139510915393,1,False,False
401628530,2024,9,regular,2024-10-26T16:00:00.000Z,False,True,False,True,104830.0,3861,Ohio Stadium,194,Ohio State,fbs,Big Ten,21.0,"[7, 7, 0, 7]",0.9222075939178467,2076.0,2063.0,158,Nebraska,fbs,Big Ten,17.0,"[0, 6, 3, 8]",0.07779240608215332,1454.0,1467.0,5.056567931514018,,,,3861,Ohio Stadium,102780.0,False,False,Columbus,OH,43210,US,America/New_York,40.0016447,-83.0197266,216.6770325,1922.0,2024-10-26,13.6,0.0,9.6,1.0199455146915741,1,False,False
401628403,2024,9,regular,2024-10-26T16:45:00.000Z,False,True,False,True,49303.0,3693,Davis Wade Stadium,344,Mississippi State,fbs,SEC,25.0,"[7, 3, 15, 0]",0.0,1405.0,1322.0,8,Arkansas,fbs,SEC,58.0,"[17, 14, 10, 17]",1.0,1490.0,1573.0,3.582759494031044,,,,3693,Davis Wade Stadium,61337.0,True,False,Starkville,MS,39762,US,America/Chicago,33.4563403,-88.7933652,110.2742081,1914.0,2024-10-26,25.1,0.0,6.1,0.8038052072973898,0,False,False
401643816,2024,9,regular,2024-10-26T17:00:00.000Z,False,True,False,True,33783.0,3792,Kidd Brewer Stadium,2026,App State,fbs,Sun Belt,33.0,"[2, 16, 7, 8]",1.0,1330.0,1337.0,2247,Georgia State,fbs,Sun Belt,26.0,"[0, 16, 7, 3]",0.0,1291.0,1284.0,6.175118715623405,,,,3792,Kidd Brewer Stadium,30000.0,False,False,Boone,NC,28608,US,America/New_York,36.2114267,-81.6854278,991.3414307,1962.0,2024-10-26,19.0,0.9,14.8,1.1261,1,False,False
401644687,2024,9,regular,2024-10-26T18:00:00.000Z,False,True,False,True,10661.0,3996,Yager Stadium,193,Miami (OH),fbs,Mid-American,46.0,"[3, 13, 10, 20]",0.9908604025840759,1497.0,1569.0,2117,Central Michigan,fbs,Mid-American,7.0,"[7, 0, 0, 0]",0.009139597415924072,1188.0,1116.0,3.5626283030138493,,,,3996,Yager Stadium,24286.0,False,False,Oxford,OH,45056,US,America/New_York,39.5197009,-84.7330255,242.2643585,1983.0,2024-10-26,15.3,0.0,15.1,0.4389771885036647,0,False,False
401645352,2024,9,regular,2024-10-26T18:00:00.000Z,False,True,False,True,33744.0,3699,Dowdy-Ficklen Stadium,151,East Carolina,fbs,American Athletic,56.0,"[13, 14, 29, 0]",1.0,1292.0,1328.0,218,Temple,fbs,American Athletic,34.0,"[14, 7, 7, 6]",0.0,1126.0,1090.0,4.914125950658528,,,,3699,Dowdy-Ficklen Stadium,50000.0,True,False,Greenville,NC,27858,US,America/New_York,35.5968486,-77.364564,19.0564537,1963.0,2024-10-26,25.0,0.0,8.7,0.67488,0,False,False
401628400,2024,9,regular,2024-10-26T19:30:00.000Z,False,True,False,True,100077.0,3657,Bryant-Denny Stadium,333,Alabama,fbs,SEC,34.0,"[3, 10, 14, 7]",0.9217037558555603,1996.0,2058.0,142,Missouri,fbs,SEC,0.0,"[0, 0, 0, 0]",0.0782962441444397,1735.0,1673.0,2.7240010291755583,,,,3657,Bryant-Denny Stadium,101821.0,True,False,Tuscaloosa,AL,35487,US,America/Chicago,33.2082752,-87.5503836,70.05136108,1929.0,2024-10-26,28.8,0.0,6.9,0.9828719026526944,1,False,False
401635599,2024,9,regular,2024-10-26T19:30:00.000Z,False,True,False,True,23471.0,3940,Stanford Stadium,24,Stanford,fbs,ACC,24.0,"[0, 17, 0, 7]",0.20814034342765808,1208.0,1212.0,154,Wake Forest,fbs,ACC,27.0,"[14, 10, 0, 3]",0.7918596565723419,1353.0,1349.0,6.332700759681029,,,,3940,Stanford Stadium,50424.0,True,False,Stanford,CA,94305,US,America/Los_Angeles,37.4345556,-122.1611271,18.38425636,2006.0,2024-10-26,23.4,0.0,4.1,0.4654727907345708,0,False,False
401636906,2024,9,regular,2024-10-26T19:30:00.000Z,False,True,False,True,44987.0,4727,McLane Stadium,239,Baylor,fbs,Big 12,38.0,"[3, 14, 7, 14]",0.9991186261177063,1545.0,1558.0,197,Oklahoma State,fbs,Big 12,28.0,"[3, 14, 3, 8]",0.0008813738822937012,1490.0,1477.0,5.355524893847398,,,,4727,McLane Stadium,45140.0,False,False,Waco,TX,76704,US,America/Chicago,31.5582015,-97.1156702,117.0538101,2014.0,2024-10-26,30.7,0.0,6.4,0.9966105449712007,1,False,False
401636911,2024,9,regular,2024-10-26T19:30:00.000Z,False,True,False,True,42144.0,3652,FBC Mortgage Stadium,2116,UCF,fbs,Big 12,24.0,"[0, 10, 0, 14]",0.007266920059919357,1503.0,1489.0,252,BYU,fbs,Big 12,37.0,"[7, 17, 10, 3]",0.9927330799400806,1664.0,1678.0,3.679114012173504,,,,3652,FBC Mortgage Stadium,44206.0,True,False,Orlando,FL,32816,US,America/New_York,28.6079765,-81.1927233,20.94113731,2007.0,2024-10-26,27.4,0.0,15.6,0.953354748224223,1,False,False
401636910,2024,9,regular,2024-10-26T19:30:00.000Z,False,True,False,True,42144.0,3616,Amon G. Carter Stadium,2628,TCU,fbs,Big 12,35.0,"[14, 0, 7, 14]",0.346099853515625,1525.0,1527.0,2641,Texas Tech,fbs,Big 12,34.0,"[3, 14, 14, 3]",0.653900146484375,1556.0,1554.0,6.063593280346528,,,,3616,Amon G. Carter Stadium,46000.0,True,False,Fort Worth,TX,76129,US,America/Chicago,32.7096604,-97.3680835,185.4387054,1929.0,2024-10-26,28.2,0.0,13.2,0.9161739130434783,1,False,False
401645308,2024,9,regular,2024-10-26T19:30:00.000Z,False,True,False,False,14374.0,3985,Warren McGuirk Alumni Stadium,113,Massachusetts,fbs,FBS Independents,35.0,"[7, 14, 0, 14]",0.9525712132453918,986.0,986.0,2681,Wagner,fcs,NEC,7.0,"[0, 0, 7, 0]",0.047428786754608154,,,2.255712112623948,,,,3985,Warren McGuirk Alumni Stadium,17000.0,False,False,Hadley,MA,1003 ,US,America/New_York,42.3773244,-72.5360595,46.58664703,1965.0,2024-10-26,15.1,0.0,18.4,0.8455294117647059,0,False,False
401644754,2024,9,regular,2024-10-26T19:30:00.000Z,False,True,False,True,29697.0,3739,Glass Bowl,2649,Toledo,fbs,Mid-American,26.0,"[7, 13, 6, 0]",0.0017360690981149673,1518.0,1472.0,189,Bowling Green,fbs,Mid-American,41.0,"[14, 14, 3, 10]",0.998263930901885,1410.0,1456.0,5.322220181025405,,,,3739,Glass Bowl,26038.0,False,False,Toledo,OH,43606,US,America/New_York,41.6574777,-83.6135652,181.4839783,1937.0,2024-10-26,13.5,0.0,15.3,1.1405253859743452,1,False,False
401644753,2024,9,regular,2024-10-26T19:30:00.000Z,False,True,False,True,15318.0,3919,Scheumann Stadium,2050,Ball State,fbs,Mid-American,25.0,"[7, 12, 0, 6]",0.958755373954773,1089.0,1094.0,2459,Northern Illinois,fbs,Mid-American,23.0,"[7, 7, 0, 9]",0.04124462604522705,1460.0,1455.0,6.495835801520888,,,,3919,Scheumann Stadium,22500.0,False,False,Muncie,IN,47306,US,America/Indiana/Indianapolis,40.2159422,-85.4161148,285.481781,1967.0,2024-10-26,14.9,0.0,14.9,0.6808,0,False,False
401644752,2024,9,regular,2024-10-26T19:30:00.000Z,False,True,False,True,4277.0,3768,InfoCision Stadium,2006,Akron,fbs,Mid-American,25.0,"[8, 10, 0, 7]",0.8456786274909973,1049.0,1059.0,2199,Eastern Michigan,fbs,Mid-American,21.0,"[0, 0, 14, 7]",0.15432137250900269,1262.0,1252.0,5.118649271685231,,,,3768,InfoCision Stadium,30000.0,False,False,Akron,OH,44399,US,America/New_York,41.0725534,-81.5083408,321.2875061,2009.0,2024-10-26,12.5,0.0,18.1,0.14256666666666667,0,False,False
401643817,2024,9,regular,2024-10-26T19:30:00.000Z,False,True,False,True,25399.0,3651,Bridgeforth Stadium,256,James Madison,fbs,Sun Belt,32.0,"[0, 17, 8, 7]",1.0,1788.0,1766.0,2572,Southern Miss,fbs,Sun Belt,15.0,"[3, 6, 6, 0]",0.0,1074.0,1096.0,4.295523738194905,,,,3651,Bridgeforth Stadium,24877.0,False,False,Harrisonburg,VA,22807,US,America/New_York,38.4352919,-78.8729349,399.303009,1975.0,2024-10-26,18.8,0.0,9.3,1.020983237528641,1,False,False
401628527,2024,9,regular,2024-10-26T19:30:00.000Z,False,True,False,True,69250.0,3793,Kinnick Stadium,2294,Iowa,fbs,Big Ten,40.0,"[3, 9, 28, 0]",1.0,1637.0,1693.0,77,Northwestern,fbs,Big Ten,14.0,"[0, 7, 0, 7]",0.0,1543.0,1487.0,4.0583559696859774,,,,3793,Kinnick Stadium,69250.0,False,False,Iowa City,IA,52242,US,America/Chicago,41.6586045,-91.5510829,220.6357727,1929.0,2024-10-26,14.9,0.0,10.9,1.0,1,False,False
401629035,2024,9,regular,2024-10-26T19:30:00.000Z,False,True,False,False,23711.0,3892,Pratt & Whitney Stadium,41,UConn,fbs,FBS Independents,17.0,"[0, 0, 7, 10]",0.8282886743545532,1424.0,1423.0,242,Rice,fbs,American Athletic,10.0,"[3, 0, 0, 7]",0.17171132564544678,1235.0,1236.0,4.909096802623582,,,,3892,Pratt & Whitney Stadium,40000.0,True,False,East Hartford,CT,6118 ,US,America/New_York,41.7595675,-72.6187728,6.515614986,2003.0,2024-10-26,16.6,0.0,20.2,0.592775,0,False,False
401645355,2024,9,regular,2024-10-26T19:30:00.000Z,False,True,False,True,17439.0,3674,Chapman Stadium,202,Tulsa,fbs,American Athletic,46.0,"[0, 7, 17, 22]",0.7328147292137146,1047.0,1057.0,2636,UTSA,fbs,American Athletic,45.0,"[14, 21, 7, 3]",0.2671852707862854,1391.0,1381.0,6.671301551029746,,,,3674,Chapman Stadium,30000.0,False,False,Tulsa,OK,74194,US,America/Chicago,36.1489175,-95.9437853,235.5928345,1930.0,2024-10-26,21.9,0.0,13.8,0.5813,0,False,False
401628528,2024,9,regular,2024-10-26T19:30:00.000Z,False,True,False,True,48696.0,3953,Huntington Bank Stadium,135,Minnesota,fbs,Big Ten,48.0,"[21, 13, 7, 7]",0.9913734793663025,1534.0,1599.0,120,Maryland,fbs,Big Ten,23.0,"[0, 10, 0, 13]",0.00862652063369751,1553.0,1488.0,2.5634685294998962,,,,3953,Huntington Bank Stadium,50850.0,False,False,Minneapolis,MN,55488,US,America/Chicago,44.976525,-93.2245462,254.3902283,2009.0,2024-10-26,14.1,0.0,8.4,0.9576401179941003,1,False,False
401644756,2024,9,regular,2024-10-26T19:30:00.000Z,False,True,False,True,23537.0,3980,Waldo Stadium,2711,Western Michigan,fbs,Mid-American,52.0,"[14, 24, 7, 7]",0.9937936067581177,1242.0,1288.0,2309,Kent State,fbs,Mid-American,21.0,"[0, 7, 0, 14]",0.006206393241882324,924.0,878.0,2.4775332880371095,,,,3980,Waldo Stadium,30200.0,False,False,Kalamazoo,MI,49008,US,America/Detroit,42.2860064,-85.6007573,243.8211212,1939.0,2024-10-26,12.5,0.0,12.6,0.7793708609271524,0,False,False
401628525,2024,9,regular,2024-10-26T19:30:00.000Z,False,True,False,True,59830.0,3626,Autzen Stadium,2483,Oregon,fbs,Big Ten,38.0,"[14, 21, 0, 3]",0.9915086627006531,1987.0,2020.0,356,Illinois,fbs,Big Ten,9.0,"[3, 0, 6, 0]",0.008491337299346924,1602.0,1569.0,2.4308420092151564,,,,3626,Autzen Stadium,54000.0,False,False,Eugene,OR,97401,US,America/Los_Angeles,44.0582712,-123.0684883,127.4198303,1967.0,2024-10-26,21.0,0.0,8.9,1.107962962962963,1,False,False
401635594,2024,9,regular,2024-10-26T20:00:00.000Z,False,True,False,False,33090.0,3831,California Memorial Stadium,25,California,fbs,ACC,44.0,"[14, 17, 10, 3]",0.9847278594970703,1542.0,1653.0,204,Oregon State,fbs,Pac-12,7.0,"[0, 0, 0, 7]",0.015272140502929688,1578.0,1467.0,2.275637894676169,,,,3831,California Memorial Stadium,62467.0,False,False,Berkeley,CA,94720,US,America/Los_Angeles,37.8710434,-122.2507729,125.3108063,1923.0,2024-10-26,23.9,0.0,5.6,0.5297196919973746,0,False,False
401628405,2024,9,regular,2024-10-26T20:15:00.000Z,False,True,False,True,28934.0,3973,FirstBank Stadium,238,Vanderbilt,fbs,SEC,24.0,"[7, 3, 7, 7]",0.12812569737434387,1396.0,1428.0,251,Texas,fbs,SEC,27.0,"[14, 7, 3, 3]",0.8718743026256561,2089.0,2057.0,4.903072463361272,,,,3973,FirstBank Stadium,40351.0,False,False,Nashville,TN,37212,US,America/Chicago,36.1440455,-86.8088942,159.9194641,1922.0,2024-10-26,20.7,0.0,14.5,0.7170578176501202,0,False,False
401643819,2024,9,regular,2024-10-26T21:00:00.000Z,False,True,False,True,16746.0,6526,Hancock Whitney Stadium,6,South Alabama,fbs,Sun Belt,46.0,"[7, 5, 20, 14]",0.9900234341621399,1606.0,1644.0,2433,UL Monroe,fbs,Sun Belt,17.0,"[7, 10, 0, 0]",0.009976565837860107,1272.0,1234.0,4.680718169323662,,,,6526,Hancock Whitney Stadium,25450.0,False,False,Mobile,AL,36688,US,America/Chicago,30.696904,-88.192013,45,2020.0,2024-10-26,30.0,0.0,6.6,0.6579960707269156,0,False,False
401643741,2024,9,regular,2024-10-26T21:00:00.000Z,False,True,False,True,36980.0,5388,Canvas Stadium,36,Colorado State,fbs,Mountain West,17.0,"[0, 17, 0, 0]",0.7964233160018921,1295.0,1313.0,167,New Mexico,fbs,Mountain West,6.0,"[0, 3, 3, 0]",0.2035766839981079,1273.0,1255.0,3.3476666867524676,,,,5388,Canvas Stadium,36500.0,False,False,Fort Collins,CO,80521,US,America/Denver,40.570015,-105.088435,1528.4,2017.0,2024-10-26,19.9,0.0,5.6,1.0131506849315068,1,False,False
401643745,2024,9,regular,2024-10-26T23:00:00.000Z,False,True,False,True,17724.0,3984,War Memorial Stadium,2751,Wyoming,fbs,Mountain West,25.0,"[3, 7, 6, 9]",0.39173105359077454,1287.0,1278.0,328,Utah State,fbs,Mountain West,27.0,"[7, 10, 0, 10]",0.6082689464092255,1170.0,1179.0,7.6449284691670645,,,,3984,War Memorial Stadium,29181.0,False,False,Laramie,WY,82071,US,America/Denver,41.31161,-105.5681384,2200.153564,1950.0,2024-10-26,13.5,0.0,15.8,0.6073815153695898,0,False,False
401643818,2024,9,regular,2024-10-26T23:00:00.000Z,False,True,False,True,17162.0,3625,Centennial Bank Stadium,2032,Arkansas State,fbs,Sun Belt,34.0,"[13, 10, 3, 8]",0.4746299088001251,1283.0,1286.0,2653,Troy,fbs,Sun Belt,31.0,"[0, 3, 21, 7]",0.5253700911998749,1432.0,1429.0,5.435176444959132,,,,3625,Centennial Bank Stadium,30382.0,False,False,Jonesboro,AR,72404,US,America/Chicago,35.8488977,-90.6677436,89.52690887,1974.0,2024-10-26,19.5,0.0,13.0,0.5648739385162267,0,False,False
401636905,2024,9,regular,2024-10-26T23:00:00.000Z,False,True,False,True,49888.0,3619,Arizona Stadium,12,Arizona,fbs,Big 12,26.0,"[0, 7, 6, 13]",0.28679966926574707,1526.0,1518.0,277,West Virginia,fbs,Big 12,31.0,"[10, 7, 7, 7]",0.7132003307342529,1541.0,1549.0,4.518043074678402,,,,3619,Arizona Stadium,50782.0,False,False,Tucson,AZ,85721,US,America/Phoenix,32.2288054,-110.9488677,742.1530151,1928.0,2024-10-26,36.5,0.0,10.0,0.9823953369304084,1,False,False
401636908,2024,9,regular,2024-10-26T23:00:00.000Z,False,True,False,True,28251.0,4728,TDECU Stadium,248,Houston,fbs,Big 12,17.0,"[0, 7, 0, 10]",0.5616101622581482,1334.0,1338.0,254,Utah,fbs,Big 12,14.0,"[7, 0, 7, 0]",0.4383898377418518,1572.0,1568.0,5.9040531125440525,,,,4728,TDECU Stadium,40000.0,False,False,Houston,TX,77004,US,America/Chicago,29.7219885,-95.3491623,9.57440567,2014.0,2024-10-26,27.7,0.0,12.7,0.706275,0,False,False
401635596,2024,9,regular,2024-10-26T23:00:00.000Z,False,True,False,True,66200.0,3948,Hard Rock Stadium,2390,Miami,fbs,ACC,36.0,"[7, 10, 6, 13]",0.9931332468986511,1826.0,1848.0,52,Florida State,fbs,ACC,14.0,"[0, 7, 0, 7]",0.006866753101348877,1526.0,1504.0,3.433825428896072,,,,3948,Hard Rock Stadium,64767.0,False,False,Miami Gardens,FL,33299,US,America/New_York,25.9579665,-80.2388604,2.624486446,1987.0,2024-10-26,24.0,0.0,11.8,1.0221254651288465,1,False,False
401628404,2024,9,regular,2024-10-26T23:30:00.000Z,False,True,False,True,108852.0,3795,Kyle Field,245,Texas A&M,fbs,SEC,38.0,"[7, 0, 14, 17]",0.9708772301673889,1771.0,1814.0,99,LSU,fbs,SEC,23.0,"[10, 7, 0, 6]",0.029122769832611084,1898.0,1855.0,6.148302054512559,,,,3795,Kyle Field,102733.0,True,False,College Station,TX,77843,US,America/Chicago,30.6098891,-96.3403828,108.824585,1927.0,2024-10-26,31.4,0.0,1.5,1.0595621660031342,1,False,False
401628529,2024,9,regular,2024-10-26T23:30:00.000Z,False,True,False,True,110849.0,3558,Michigan Stadium,130,Michigan,fbs,Big Ten,24.0,"[0, 9, 7, 8]",0.7940862774848938,1817.0,1808.0,127,Michigan State,fbs,Big Ten,17.0,"[7, 0, 3, 7]",0.2059137225151062,1456.0,1465.0,4.483565449869636,,,,3558,Michigan Stadium,107601.0,False,False,Ann Arbor,MI,48109,US,America/Detroit,42.2658365,-83.7486956,255.5500031,1927.0,2024-10-26,6.1,0.0,9.9,1.0301855930706965,1,False,False
401628531,2024,9,regular,2024-10-26T23:30:00.000Z,False,True,False,True,76403.0,347,Camp Randall Stadium,275,Wisconsin,fbs,Big Ten,13.0,"[3, 7, 3, 0]",0.08754079043865204,1755.0,1734.0,213,Penn State,fbs,Big Ten,28.0,"[0, 7, 7, 14]",0.912459209561348,1897.0,1918.0,6.345095632845743,,,,347,Camp Randall Stadium,80321.0,False,False,Madison,WI,53711,US,America/Chicago,43.06994,-89.4126943,263.604126,1917.0,2024-10-26,10.9,0.0,4.7,0.9512207268335803,1,False,False
401628401,2024,9,regular,2024-10-26T23:45:00.000Z,False,True,False,True,60605.0,3683,Kroger Field,96,Kentucky,fbs,SEC,10.0,"[10, 0, 0, 0]",0.05316650867462158,1559.0,1526.0,2,Auburn,fbs,SEC,24.0,"[0, 10, 7, 7]",0.9468334913253784,1552.0,1585.0,3.807051391040596,,,,3683,Kroger Field,61000.0,False,False,Lexington,KY,40506,US,America/New_York,38.0220905,-84.5053408,307.4248962,1973.0,2024-10-26,12.3,0.0,11.5,0.9935245901639345,1,False,False
401635595,2024,9,regular,2024-10-27T00:00:00.000Z,False,True,False,True,30241.0,3982,Wallace Wade Stadium,150,Duke,fbs,ACC,27.0,"[7, 0, 6, 8, 6]",0.8280710577964783,1604.0,1611.0,2567,SMU,fbs,ACC,28.0,"[0, 14, 7, 0, 7]",0.17192894220352173,1786.0,1779.0,8.955365777255066,,,,3982,Wallace Wade Stadium,40004.0,True,False,Durham,NC,27708,US,America/New_York,35.9953688,-78.9417564,103.0028152,1929.0,2024-10-27,18.7,0.0,11.9,0.755949405059494,0,False,False
401643742,2024,9,regular,2024-10-27T00:00:00.000Z,False,True,False,True,41343.0,3660,Valley Children's Stadium,278,Fresno State,fbs,Mountain West,33.0,"[3, 17, 7, 6]",1.0,1495.0,1559.0,23,San José State,fbs,Mountain West,10.0,"[7, 0, 0, 3]",0.0,1561.0,1497.0,3.6010194088145857,,,,3660,Valley Children's Stadium,41031.0,False,False,Fresno,CA,93740,US,America/Los_Angeles,36.8143527,-119.7580092,102.564064,1980.0,2024-10-27,25.9,0.0,6.9,1.0076040067266214,1,False,False
401636909,2024,9,regular,2024-10-27T00:00:00.000Z,False,True,False,True,52074.0,3636,Bill Snyder Family Stadium,2306,Kansas State,fbs,Big 12,29.0,"[0, 16, 7, 6]",0.953384280204773,1799.0,1797.0,2305,Kansas,fbs,Big 12,27.0,"[7, 7, 13, 0]",0.04661571979522705,1631.0,1633.0,7.37618899217119,,,,3636,Bill Snyder Family Stadium,50000.0,False,False,Manhattan,KS,66502,US,America/Chicago,39.2020096,-96.5938395,328.0574646,1968.0,2024-10-27,13.2,0.0,11.1,1.04148,1,False,False
401636907,2024,9,regular,2024-10-27T02:15:00.000Z,False,True,False,True,53202.0,3726,Folsom Field,38,Colorado,fbs,Big 12,34.0,"[14, 10, 7, 3]",0.9759601950645447,1580.0,1598.0,2132,Cincinnati,fbs,Big 12,23.0,"[7, 7, 0, 9]",0.024039804935455322,1554.0,1536.0,3.9199531064695603,,,,3726,Folsom Field,50183.0,True,False,Boulder,CO,80309,US,America/Denver,40.0094746,-105.266905,1634.041138,1924.0,2024-10-27,12.2,0.0,4.0,1.0601598150768188,1,False,False
401643744,2024,9,regular,2024-10-27T02:30:00.000Z,False,True,False,False,26937.0,7311,Snapdragon Stadium,21,San Diego State,fbs,Mountain West,26.0,"[6, 6, 7, 7]",0.08906947821378708,1344.0,1355.0,265,Washington State,fbs,Pac-12,29.0,"[7, 7, 0, 15]",0.9109305217862129,1608.0,1597.0,7.208744426166772,,,,7311,Snapdragon Stadium,35000.0,True,False,San Diego,CA,92093,US,America/Los_Angeles,32.784444,-117.122833,62,2022.0,2024-10-27,18.9,0.0,5.2,0.7696285714285714,0,False,False
401643743,2024,9,regular,2024-10-27T03:59:00.000Z,False,True,False,True,12006.0,7220,Clarence T.C. Ching Athletics Complex,62,Hawai'i,fbs,Mountain West,34.0,"[14, 3, 7, 10]",0.9959653615951538,1167.0,1228.0,2440,Nevada,fbs,Mountain West,13.0,"[0, 0, 7, 6]",0.004034638404846191,1267.0,1206.0,2.2102626018970066,,,,7220,Clarence T.C. Ching Athletics Complex,15194.0,False,False,Honolulu,HI,96822,US,Pacific/Honolulu,21.294294,-157.819338,20,2015.0,2024-10-27,25.2,0.2,15.9,0.7901803343425036,0,False,False
401640985,2024,10,regular,2024-10-29T23:00:00.000Z,False,True,True,True,9103.0,2031,Pitbull Stadium,2229,Florida International,fbs,Conference USA,34.0,"[0, 7, 13, 14]",1.0,1248.0,1297.0,166,New Mexico State,fbs,Conference USA,13.0,"[0, 6, 0, 7]",0.0,1164.0,1115.0,3.667916315186768,,,,2031,Pitbull Stadium,20000.0,False,False,Miami,FL,33199,US,America/New_York,25.7525,-80.37778,6,1995.0,2024-10-29,25.4,0.0,16.5,0.45515,,False,False
401643820,2024,10,regular,2024-10-29T23:30:00.000Z,False,True,False,True,16831.0,3644,Bobcat Stadium (TX),326,Texas State,fbs,Sun Belt,17.0,"[6, 0, 8, 3]",0.2351609617471695,1602.0,1586.0,309,Louisiana,fbs,Sun Belt,23.0,"[7, 7, 3, 6]",0.7648390382528305,1538.0,1554.0,5.83142085409525,,,,3644,Bobcat Stadium (TX),30000.0,False,False,San Marcos,TX,78666,US,America/Chicago,29.8910008,-97.9255735,177.8676453,1981.0,2024-10-29,28.9,0.0,28.0,0.5610333333333334,0,False,False
401641012,2024,10,regular,2024-10-30T00:00:00.000Z,False,True,False,True,9128.0,3647,Elliott T. Bowers Stadium,2534,Sam Houston,fbs,Conference USA,9.0,"[2, 0, 7, 0]",0.714531421661377,1415.0,1416.0,2348,Louisiana Tech,fbs,Conference USA,3.0,"[3, 0, 0, 0]",0.28546857833862305,1284.0,1283.0,4.5651586288576365,,,,3647,Elliott T. Bowers Stadium,14000.0,False,False,Huntsville,TX,77340,US,America/Chicago,30.713926,-95.5419802,127.6225204,1986.0,2024-10-30,25.3,0.0,18.2,0.652,0,False,False
401640994,2024,10,regular,2024-10-30T23:00:00.000Z,False,True,False,True,18069.0,3992,Williams Stadium (VA),2335,Liberty,fbs,Conference USA,21.0,"[7, 7, 0, 7]",0.011588090099394321,1575.0,1560.0,55,Jacksonville State,fbs,Conference USA,31.0,"[7, 7, 10, 7]",0.9884119099006057,1642.0,1657.0,6.156632346638025,,,,3992,Williams Stadium (VA),25000.0,False,False,Lynchburg,VA,24502,US,America/New_York,37.3544305,-79.1750239,272.9237061,1989.0,2024-10-30,18.7,0.0,12.4,0.72276,0,False,False
401641020,2024,10,regular,2024-10-30T23:30:00.000Z,False,True,False,True,14547.0,3796,Houchens Industries-L.T. Smith Stadium,98,Western Kentucky,fbs,Conference USA,31.0,"[21, 3, 0, 7]",0.9927964806556702,1496.0,1512.0,338,Kennesaw State,fbs,Conference USA,14.0,"[7, 0, 0, 7]",0.007203519344329834,1261.0,1245.0,2.9656071851762587,,,,3796,Houchens Industries-L.T. Smith Stadium,22113.0,False,False,Bowling Green,KY,42101,US,America/Chicago,36.9847901,-86.4594041,154.4346619,1968.0,2024-10-30,20.9,0.0,10.8,0.6578483245149912,0,False,False
401645356,2024,10,regular,2024-10-31T23:30:00.000Z,False,True,False,True,12268.0,4418,Jerry Richardson Stadium,2429,Charlotte,fbs,American Athletic,3.0,"[0, 3, 0, 0]",0.005793973803520203,1207.0,1182.0,2655,Tulane,fbs,American Athletic,34.0,"[3, 7, 10, 14]",0.9942060261964798,1732.0,1757.0,3.2096889745517068,,,,4418,Jerry Richardson Stadium,15300.0,False,False,Charlotte,NC,28223,US,America/New_York,35.3105033,-80.7401194,190.365509,2013.0,2024-10-31,20.9,0.0,12.4,0.8018300653594771,0,False,False
401629036,2024,10,regular,2024-11-01T23:00:00.000Z,False,True,False,False,22028.0,3892,Pratt & Whitney Stadium,41,UConn,fbs,FBS Independents,34.0,"[10, 3, 7, 14]",0.9898902773857117,1423.0,1425.0,2247,Georgia State,fbs,Sun Belt,27.0,"[0, 10, 3, 14]",0.01010972261428833,1284.0,1282.0,3.981907283892783,,,,3892,Pratt & Whitney Stadium,40000.0,True,False,East Hartford,CT,6118 ,US,America/New_York,41.7595675,-72.6187728,6.515614986,2003.0,2024-11-01,14.5,0.0,15.8,0.5507,0,False,False
401645357,2024,10,regular,2024-11-01T23:30:00.000Z,False,True,False,True,20111.0,3715,FAU Stadium,2226,Florida Atlantic,fbs,American Athletic,21.0,"[7, 7, 7, 0]",0.0018254781607538462,1260.0,1207.0,58,South Florida,fbs,American Athletic,44.0,"[0, 7, 24, 13]",0.9981745218392462,1326.0,1379.0,6.177527721032722,,,,3715,FAU Stadium,29419.0,False,False,Boca Raton,FL,33499,US,America/New_York,26.3763763,-80.1015759,3.613628864,2011.0,2024-11-01,25.3,0.0,18.8,0.6836058329650906,0,False,False
401643747,2024,10,regular,2024-11-02T00:00:00.000Z,False,True,False,True,36838.0,3653,Albertsons Stadium,68,Boise State,fbs,Mountain West,56.0,"[21, 14, 7, 14]",0.9970995187759399,1717.0,1761.0,21,San Diego State,fbs,Mountain West,24.0,"[0, 10, 0, 14]",0.0029004812240600586,1355.0,1311.0,2.450384884905396,,,,3653,Albertsons Stadium,36387.0,False,False,Boise,ID,83725,US,America/Boise,43.6028839,-116.1958882,823.2221069,1970.0,2024-11-02,12.8,0.0,22.3,1.0123945365102922,1,False,False
401635604,2024,10,regular,2024-11-02T16:00:00.000Z,False,True,False,True,38454.0,1964,JMA Wireless Dome,183,Syracuse,fbs,ACC,38.0,"[0, 3, 15, 13, 7]",0.19811497628688812,1360.0,1391.0,259,Virginia Tech,fbs,ACC,31.0,"[14, 0, 7, 10, 0]",0.8018850237131119,1697.0,1666.0,5.848225410628227,,,,1964,JMA Wireless Dome,49057.0,False,True,Syracuse,NY,13244,US,America/New_York,43.0362269,-76.1363161,162.6989746,1980.0,2024-11-02,5.3,0.2,10.7,0.7838636687934444,0,False,False
401628538,2024,10,regular,2024-11-02T16:00:00.000Z,False,True,False,True,61141.0,3907,Ross-Ade Stadium,2509,Purdue,fbs,Big Ten,20.0,"[3, 7, 3, 7, 0]",0.07691793143749237,1212.0,1220.0,77,Northwestern,fbs,Big Ten,26.0,"[10, 7, 0, 3, 6]",0.9230820685625076,1487.0,1479.0,7.667213991707471,,,,3907,Ross-Ade Stadium,57282.0,True,False,West Lafayette,IN,47907,US,America/Indiana/Indianapolis,40.4352253,-86.9186843,197.5337677,1924.0,2024-11-02,10.8,0.0,9.3,1.0673684578052443,1,False,False
401628410,2024,10,regular,2024-11-02T16:00:00.000Z,False,True,False,False,82831.0,3835,"Memorial Stadium (Norman, OK)",201,Oklahoma,fbs,SEC,59.0,"[7, 28, 14, 10]",0.9941574335098267,1682.0,1682.0,311,Maine,fcs,Coastal Athletic,14.0,"[7, 0, 0, 7]",0.00584256649017334,,,2.8021941362466065,,,,3835,"Memorial Stadium (Norman, OK)",86112.0,True,False,Norman,OK,73019,US,America/Chicago,35.2058537,-97.4423145,355.0962524,1925.0,2024-11-02,19.7,0.0,18.9,0.9618984578223708,1,False,False
401628533,2024,10,regular,2024-11-02T16:00:00.000Z,False,True,False,True,58088.0,3832,"Memorial Stadium (Champaign, IL)",356,Illinois,fbs,Big Ten,17.0,"[0, 10, 0, 7]",0.21511277556419373,1569.0,1556.0,135,Minnesota,fbs,Big Ten,25.0,"[3, 10, 3, 9]",0.7848872244358063,1599.0,1612.0,6.328111491613599,,,,3832,"Memorial Stadium (Champaign, IL)",60670.0,False,False,Champaign,IL,61820,US,America/Chicago,40.0993268,-88.2359569,223.2471619,1923.0,2024-11-02,10.7,0.0,10.7,0.9574418987967694,1,False,False
401635601,2024,10,regular,2024-11-02T16:00:00.000Z,False,True,False,True,60189.0,3948,Hard Rock Stadium,2390,Miami,fbs,ACC,53.0,"[14, 3, 15, 21]",0.9826810359954834,1848.0,1877.0,150,Duke,fbs,ACC,31.0,"[7, 14, 7, 3]",0.0173189640045166,1611.0,1582.0,6.166394966042118,,,,3948,Hard Rock Stadium,64767.0,False,False,Miami Gardens,FL,33299,US,America/New_York,25.9579665,-80.2388604,2.624486446,1987.0,2024-11-02,24.6,1.1,15.5,0.9293158552966788,1,False,False
401645359,2024,10,regular,2024-11-02T16:00:00.000Z,False,True,False,True,17198.0,3604,Alamodome,2636,UTSA,fbs,American Athletic,44.0,"[14, 10, 10, 10]",0.9894375205039978,1381.0,1408.0,235,Memphis,fbs,American Athletic,36.0,"[10, 14, 0, 12]",0.010562479496002197,1601.0,1574.0,5.674827280077521,,,,3604,Alamodome,36582.0,False,True,San Antonio,TX,78299,US,America/Chicago,29.4169834,-98.4788143,201.5526886,1993.0,2024-11-02,24.3,0.1,17.8,0.4701219178831119,0,False,False
401628539,2024,10,regular,2024-11-02T16:00:00.000Z,False,True,False,True,111030.0,3632,Beaver Stadium,213,Penn State,fbs,Big Ten,13.0,"[10, 0, 3, 0]",0.16422392427921295,1918.0,1916.0,194,Ohio State,fbs,Big Ten,20.0,"[7, 7, 3, 3]",0.835776075720787,2063.0,2065.0,4.860483080617873,,,,3632,Beaver Stadium,106572.0,True,False,University Park,PA,16802,US,America/New_York,40.8121958,-77.8561023,354.1551514,1960.0,2024-11-02,10.0,0.0,9.3,1.041830874901475,1,False,False
401628406,2024,10,regular,2024-11-02T16:00:00.000Z,False,True,False,True,72894.0,3887,Razorback Stadium,8,Arkansas,fbs,SEC,31.0,"[3, 7, 14, 7]",0.07439258694648743,1573.0,1524.0,145,Ole Miss,fbs,SEC,63.0,"[7, 28, 21, 7]",0.9256074130535126,1911.0,1960.0,4.1063445756722805,,,,3887,Razorback Stadium,80000.0,False,False,Fayetteville,AR,72702,US,America/Chicago,36.0680662,-94.1789534,403.7972412,1938.0,2024-11-02,18.9,0.0,17.1,0.911175,1,False,False
401644757,2024,10,regular,2024-11-02T16:00:00.000Z,False,True,False,True,4610.0,3768,InfoCision Stadium,2006,Akron,fbs,Mid-American,30.0,"[7, 0, 0, 23]",0.0,1059.0,1048.0,2084,Buffalo,fbs,Mid-American,41.0,"[14, 10, 14, 3]",1.0,1206.0,1217.0,4.879553385883938,,,,3768,InfoCision Stadium,30000.0,False,False,Akron,OH,44399,US,America/New_York,41.0725534,-81.5083408,321.2875061,2009.0,2024-11-02,11.1,0.0,0.9,0.15366666666666667,0,False,False
401644758,2024,10,regular,2024-11-02T16:00:00.000Z,False,True,False,True,13044.0,3912,Rynearson Stadium,2199,Eastern Michigan,fbs,Mid-American,28.0,"[7, 3, 9, 9]",0.4525200128555298,1252.0,1261.0,2649,Toledo,fbs,Mid-American,29.0,"[0, 7, 0, 22]",0.5474799871444702,1472.0,1463.0,6.203814989111249,,,,3912,Rynearson Stadium,30200.0,False,False,Ypsilanti,MI,48197,US,America/Detroit,42.256126,-83.647285,241.248764,1969.0,2024-11-02,9.4,0.0,2.4,0.4319205298013245,0,False,False
401635516,2024,10,regular,2024-11-02T16:00:00.000Z,False,True,False,True,56919.0,3670,Carter-Finley Stadium,152,NC State,fbs,ACC,59.0,"[14, 17, 21, 7]",0.9803693294525146,1460.0,1514.0,24,Stanford,fbs,ACC,28.0,"[7, 7, 7, 7]",0.01963067054748535,1212.0,1158.0,3.308469134963688,,,,3670,Carter-Finley Stadium,58000.0,True,False,Raleigh,NC,27695,US,America/New_York,35.8008001,-78.7195655,117.0089951,1966.0,2024-11-02,19.0,0.0,11.8,0.9813620689655173,1,False,False
401643746,2024,10,regular,2024-11-02T16:00:00.000Z,False,True,False,False,30046.0,3841,Michie Stadium,349,Army,fbs,American Athletic,20.0,"[3, 3, 7, 7]",0.9585425853729248,1649.0,1654.0,2005,Air Force,fbs,Mountain West,3.0,"[0, 3, 0, 0]",0.041457414627075195,1292.0,1287.0,3.1865616903686504,,,,3841,Michie Stadium,38000.0,False,False,West Point,NY,10996,US,America/New_York,41.3874924,-73.9640891,99.21277618,1924.0,2024-11-02,12.0,0.0,14.4,0.7906842105263158,0,False,False
401628407,2024,10,regular,2024-11-02T16:45:00.000Z,False,True,False,True,88043.0,3785,Jordan-Hare Stadium,2,Auburn,fbs,SEC,7.0,"[0, 7, 0, 0]",0.5273105502128601,1585.0,1550.0,238,Vanderbilt,fbs,SEC,17.0,"[7, 0, 3, 7]",0.4726894497871399,1428.0,1463.0,4.866180279550277,,,,3785,Jordan-Hare Stadium,87451.0,True,False,Auburn,AL,36849,US,America/Chicago,32.6025532,-85.4897479,201.1737976,1939.0,2024-11-02,24.0,0.0,7.8,1.0067695052086312,1,False,False
401645358,2024,10,regular,2024-11-02T18:30:00.000Z,False,True,False,True,17944.0,7221,Protective Stadium,5,UAB,fbs,American Athletic,59.0,"[21, 24, 14, 0]",1.0,1090.0,1195.0,202,Tulsa,fbs,American Athletic,21.0,"[0, 7, 7, 7]",0.0,1057.0,952.0,3.4391453524152045,,,,7221,Protective Stadium,45000.0,False,False,Birmingham,AL,35203,US,America/Chicago,33.5206824,-86.8024326,187,2021.0,2024-11-02,24.3,0.0,5.9,0.39875555555555553,0,False,False
401643821,2024,10,regular,2024-11-02T18:30:00.000Z,False,True,False,True,34954.0,3792,Kidd Brewer Stadium,2026,App State,fbs,Sun Belt,28.0,"[7, 7, 7, 7]",0.9052767753601074,1337.0,1359.0,295,Old Dominion,fbs,Sun Belt,20.0,"[3, 14, 3, 0]",0.09472322463989258,1494.0,1472.0,5.052457299850726,,,,3792,Kidd Brewer Stadium,30000.0,False,False,Boone,NC,28608,US,America/New_York,36.2114267,-81.6854278,991.3414307,1962.0,2024-11-02,12.1,0.0,6.3,1.1651333333333334,1,False,False
401643822,2024,10,regular,2024-11-02T19:30:00.000Z,False,True,False,True,21478.0,3775,Joan C. Edwards Stadium,276,Marshall,fbs,Sun Belt,28.0,"[7, 7, 0, 14]",0.6684921979904175,1417.0,1415.0,2433,UL Monroe,fbs,Sun Belt,23.0,"[7, 7, 0, 9]",0.3315078020095825,1234.0,1236.0,5.233381523300132,,,,3775,Joan C. Edwards Stadium,38016.0,False,False,Huntington,WV,25755,US,America/New_York,38.4247042,-82.4214412,163.7328186,1991.0,2024-11-02,17.3,0.0,5.9,0.5649726430976431,0,False,False
401641026,2024,10,regular,2024-11-02T19:30:00.000Z,False,True,False,True,14775.0,3946,Sun Bowl,2638,UTEP,fbs,Conference USA,13.0,"[3, 7, 3, 0]",0.5200823545455933,1162.0,1147.0,2393,Middle Tennessee,fbs,Conference USA,20.0,"[3, 7, 3, 7]",0.47991764545440674,1137.0,1152.0,4.804823095507587,,,,3946,Sun Bowl,51500.0,False,False,El Paso,TX,79968,US,America/Denver,31.7733353,-106.507957,1183.697876,1963.0,2024-11-02,22.8,0.0,15.8,0.28689320388349515,0,False,False
401635602,2024,10,regular,2024-11-02T19:30:00.000Z,False,True,False,True,55107.0,3697,Doak Campbell Stadium,52,Florida State,fbs,ACC,11.0,"[3, 0, 8, 0]",0.005841361358761787,1504.0,1447.0,153,North Carolina,fbs,ACC,35.0,"[0, 14, 14, 7]",0.9941586386412382,1555.0,1612.0,3.522912846803519,,,,3697,Doak Campbell Stadium,67277.0,True,False,Tallahassee,FL,32306,US,America/New_York,30.4381692,-84.3044032,19.55942535,1950.0,2024-11-02,28.4,0.0,9.0,0.8191060838027855,0,False,False
401628534,2024,10,regular,2024-11-02T19:30:00.000Z,False,True,False,True,68423.0,3936,Spartan Stadium,127,Michigan State,fbs,Big Ten,10.0,"[10, 0, 0, 0]",0.006686651147902012,1465.0,1402.0,84,Indiana,fbs,Big Ten,47.0,"[0, 21, 12, 14]",0.993313348852098,1812.0,1875.0,3.9259097028497667,,,,3936,Spartan Stadium,75005.0,True,False,East Lansing,MI,48824,US,America/Detroit,42.7281474,-84.4848526,254.8794861,1923.0,2024-11-02,10.9,0.0,1.9,0.9122458502766482,1,False,False
401636914,2024,10,regular,2024-11-02T19:30:00.000Z,False,True,False,True,61500.0,3772,Jack Trice Stadium,66,Iowa State,fbs,Big 12,22.0,"[3, 10, 0, 9]",0.6836656928062439,1771.0,1759.0,2641,Texas Tech,fbs,Big 12,23.0,"[10, 0, 7, 6]",0.3163343071937561,1554.0,1566.0,7.0710129573159435,,,,3772,Jack Trice Stadium,61500.0,True,False,Ames,IA,50011,US,America/Chicago,42.0139977,-93.6357716,274.9135437,1975.0,2024-11-02,12.9,0.0,13.6,1.0,1,False,False
401636916,2024,10,regular,2024-11-02T19:30:00.000Z,False,True,False,True,42110.0,3652,FBC Mortgage Stadium,2116,UCF,fbs,Big 12,56.0,"[14, 21, 14, 7]",0.9734269976615906,1489.0,1625.0,12,Arizona,fbs,Big 12,12.0,"[0, 6, 6, 0]",0.026573002338409424,1518.0,1382.0,2.687398572208911,,,,3652,FBC Mortgage Stadium,44206.0,True,False,Orlando,FL,32816,US,America/New_York,28.6079765,-81.1927233,20.94113731,2007.0,2024-11-02,26.1,0.1,17.5,0.9525856218612858,1,False,False
401636915,2024,10,regular,2024-11-02T19:30:00.000Z,False,True,False,True,52202.0,3646,Boone Pickens Stadium,197,Oklahoma State,fbs,Big 12,21.0,"[0, 14, 0, 7]",0.009705759584903717,1477.0,1427.0,9,Arizona State,fbs,Big 12,42.0,"[7, 14, 7, 14]",0.9902942404150963,1513.0,1563.0,4.804736047054614,,,,3646,Boone Pickens Stadium,55509.0,False,False,Stillwater,OK,74078,US,America/Chicago,36.125673,-97.066513,276.4808655,1919.0,2024-11-02,21.7,0.0,16.0,0.9404240753751644,1,False,False
401636913,2024,10,regular,2024-11-02T19:30:00.000Z,False,True,False,True,23085.0,4728,TDECU Stadium,248,Houston,fbs,Big 12,24.0,"[0, 10, 0, 14]",0.9561502933502197,1338.0,1364.0,2306,Kansas State,fbs,Big 12,19.0,"[3, 13, 3, 0]",0.04384970664978027,1797.0,1771.0,5.861245109673602,,,,4728,TDECU Stadium,40000.0,False,False,Houston,TX,77004,US,America/Chicago,29.7219885,-95.3491623,9.57440567,2014.0,2024-11-02,26.3,0.5,19.4,0.577125,0,False,False
401628537,2024,10,regular,2024-11-02T19:30:00.000Z,False,True,False,True,87453.0,3834,"Memorial Stadium (Lincoln, NE)",158,Nebraska,fbs,Big Ten,20.0,"[0, 7, 7, 6]",0.07497121393680573,1467.0,1453.0,26,UCLA,fbs,Big Ten,27.0,"[3, 10, 14, 0]",0.9250287860631943,1456.0,1470.0,4.7542760354638665,,,,3834,"Memorial Stadium (Lincoln, NE)",85458.0,False,False,Lincoln,NE,68588,US,America/Chicago,40.820682,-96.705594,354.9318848,1923.0,2024-11-02,12.9,0.3,13.5,1.023344800954855,1,False,False
401628536,2024,10,regular,2024-11-02T19:30:00.000Z,False,True,False,True,110576.0,3558,Michigan Stadium,130,Michigan,fbs,Big Ten,17.0,"[7, 3, 7, 0]",0.10128606110811234,1808.0,1778.0,2483,Oregon,fbs,Big Ten,38.0,"[7, 21, 3, 7]",0.8987139388918877,2020.0,2050.0,3.8779406947745665,,,,3558,Michigan Stadium,107601.0,False,False,Ann Arbor,MI,48109,US,America/Detroit,42.2658365,-83.7486956,255.5500031,1927.0,2024-11-02,11.3,0.0,3.9,1.0276484419289784,1,False,False
401628408,2024,10,regular,2024-11-02T19:30:00.000Z,False,True,True,True,76307.0,3712,EverBank Stadium,61,Georgia,fbs,SEC,34.0,"[3, 3, 14, 14]",0.8569247722625732,2058.0,2057.0,57,Florida,fbs,SEC,20.0,"[0, 13, 0, 7]",0.14307522773742676,1634.0,1635.0,7.074802369900887,,,,3712,EverBank Stadium,67858.0,True,False,Jacksonville,FL,32022,US,America/New_York,30.323889,-81.6375,1.336527586,1995.0,2024-11-02,25.1,0.1,20.1,1.1245100061893956,,False,False
401645360,2024,10,regular,2024-11-02T20:00:00.000Z,False,True,False,True,21253.0,3895,Rice Stadium,242,Rice,fbs,American Athletic,24.0,"[14, 3, 7, 0]",0.933373212814331,1236.0,1296.0,2426,Navy,fbs,American Athletic,10.0,"[0, 7, 0, 3]",0.06662678718566895,1564.0,1504.0,2.8035960498783488,,,,3895,Rice Stadium,47000.0,False,False,Houston,TX,77251,US,America/Chicago,29.7163297,-95.4093261,7.148301601,1950.0,2024-11-02,24.9,3.0,19.7,0.4521914893617021,0,False,False
401643824,2024,10,regular,2024-11-02T20:00:00.000Z,False,True,False,True,24223.0,3975,Veterans Memorial Stadium (AL),2653,Troy,fbs,Sun Belt,38.0,"[7, 21, 7, 3]",1.0,1429.0,1455.0,324,Coastal Carolina,fbs,Sun Belt,24.0,"[7, 0, 17, 0]",0.0,1402.0,1376.0,3.5175536293160845,,,,3975,Veterans Memorial Stadium (AL),30000.0,False,False,Troy,AL,36082,US,America/Chicago,31.7995565,-85.9518328,154.7746277,1950.0,2024-11-02,26.8,0.0,9.5,0.8074333333333333,0,False,False
401643750,2024,10,regular,2024-11-02T20:00:00.000Z,False,True,False,True,15046.0,3971,University Stadium (NM),167,New Mexico,fbs,Mountain West,45.0,"[13, 22, 10, 0]",0.2683567404747009,1255.0,1250.0,2751,Wyoming,fbs,Mountain West,49.0,"[14, 21, 0, 14]",0.7316432595252991,1278.0,1283.0,7.343661416480424,,,,3971,University Stadium (NM),39224.0,False,False,Albuquerque,NM,87131,US,America/Denver,35.0669479,-106.6283225,1554.471924,1960.0,2024-11-02,19.9,0.0,14.0,0.3835916785641444,0,False,False
401628409,2024,10,regular,2024-11-02T20:15:00.000Z,False,True,False,False,48617.0,3693,Davis Wade Stadium,344,Mississippi State,fbs,SEC,45.0,"[0, 21, 14, 10]",0.8929276466369629,1322.0,1353.0,113,Massachusetts,fbs,FBS Independents,20.0,"[10, 0, 0, 10]",0.10707235336303711,1025.0,994.0,3.7830127805831117,,,,3693,Davis Wade Stadium,61337.0,True,False,Starkville,MS,39762,US,America/Chicago,33.4563403,-88.7933652,110.2742081,1914.0,2024-11-02,26.1,0.0,8.1,0.7926210933042046,0,False,False
401643749,2024,10,regular,2024-11-02T23:00:00.000Z,False,True,False,True,41575.0,3660,Valley Children's Stadium,278,Fresno State,fbs,Mountain West,20.0,"[7, 6, 7, 0]",0.8474671244621277,1559.0,1540.0,62,Hawai'i,fbs,Mountain West,21.0,"[7, 0, 0, 14]",0.15253287553787231,1228.0,1247.0,6.068856142364836,,,,3660,Valley Children's Stadium,41031.0,False,False,Fresno,CA,93740,US,America/Los_Angeles,36.8143527,-119.7580092,102.564064,1980.0,2024-11-02,20.4,0.0,13.1,1.0132582681387243,1,False,False
401628411,2024,10,regular,2024-11-02T23:30:00.000Z,False,True,False,True,80298.0,3994,Williams-Brice Stadium,2579,South Carolina,fbs,SEC,44.0,"[14, 6, 10, 14]",0.9189313650131226,1744.0,1812.0,245,Texas A&M,fbs,SEC,20.0,"[3, 17, 0, 0]",0.08106863498687744,1814.0,1746.0,4.371877774814291,,,,3994,Williams-Brice Stadium,80250.0,True,False,Columbia,SC,29208,US,America/New_York,33.9730239,-81.0191726,60.54548645,1934.0,2024-11-02,22.0,0.3,3.4,1.0005981308411216,1,False,False
401628540,2024,10,regular,2024-11-02T23:30:00.000Z,False,True,False,True,71251.0,3765,Husky Stadium,264,Washington,fbs,Big Ten,26.0,"[10, 10, 0, 6]",0.7126648426055908,1686.0,1695.0,30,USC,fbs,Big Ten,21.0,"[0, 7, 14, 0]",0.2873351573944092,1776.0,1767.0,5.546024447983016,,,,3765,Husky Stadium,70138.0,False,False,Seattle,WA,98195,US,America/Los_Angeles,47.6503235,-122.3015746,11.65622807,1920.0,2024-11-02,11.8,0.0,18.2,1.0158687159599646,1,False,False
401628535,2024,10,regular,2024-11-02T23:30:00.000Z,False,True,False,True,69250.0,3793,Kinnick Stadium,2294,Iowa,fbs,Big Ten,42.0,"[0, 14, 14, 14]",0.9891756176948547,1693.0,1786.0,275,Wisconsin,fbs,Big Ten,10.0,"[3, 0, 0, 7]",0.010824382305145264,1734.0,1641.0,3.032425102181227,,,,3793,Kinnick Stadium,69250.0,False,False,Iowa City,IA,52242,US,America/Chicago,41.6586045,-91.5510829,220.6357727,1929.0,2024-11-02,12.8,0.0,14.9,1.0,1,False,False
401635600,2024,10,regular,2024-11-02T23:30:00.000Z,False,True,False,True,80446.0,3836,"Memorial Stadium (Clemson, SC)",228,Clemson,fbs,ACC,21.0,"[7, 0, 0, 14]",0.32669517397880554,1863.0,1819.0,97,Louisville,fbs,ACC,33.0,"[3, 14, 9, 7]",0.6733048260211945,1681.0,1725.0,4.880672018932013,,,,3836,"Memorial Stadium (Clemson, SC)",81500.0,True,False,Clemson,SC,29634,US,America/New_York,34.6787737,-82.8432428,205.6452179,1942.0,2024-11-02,19.9,0.0,9.4,0.9870674846625767,1,False,False
401643823,2024,10,regular,2024-11-02T23:30:00.000Z,False,True,False,True,19667.0,6526,Hancock Whitney Stadium,6,South Alabama,fbs,Sun Belt,30.0,"[3, 10, 17, 0]",0.6029072999954224,1644.0,1618.0,290,Georgia Southern,fbs,Sun Belt,34.0,"[7, 7, 0, 20]",0.39709270000457764,1371.0,1397.0,6.897640434028847,,,,6526,Hancock Whitney Stadium,25450.0,False,False,Mobile,AL,36688,US,America/Chicago,30.696904,-88.192013,45,2020.0,2024-11-02,24.9,0.0,10.1,0.7727701375245579,0,False,False
401628412,2024,10,regular,2024-11-02T23:45:00.000Z,False,True,False,True,101915.0,3853,Neyland Stadium,2633,Tennessee,fbs,SEC,28.0,"[0, 7, 14, 7]",0.9791595339775085,1950.0,1939.0,96,Kentucky,fbs,SEC,18.0,"[7, 3, 0, 8]",0.020840466022491455,1526.0,1537.0,5.698385150253387,,,,3853,Neyland Stadium,102455.0,True,False,Knoxville,TN,37996,US,America/New_York,35.9550131,-83.9250128,271.9517212,1921.0,2024-11-02,16.1,0.0,8.6,0.994729393392221,1,False,False
401635627,2024,10,regular,2024-11-03T00:00:00.000Z,False,True,False,True,34648.0,3735,Gerald J. Ford Stadium,2567,SMU,fbs,ACC,48.0,"[7, 24, 3, 14]",0.9928063154220581,1779.0,1814.0,221,Pittsburgh,fbs,ACC,25.0,"[3, 0, 8, 14]",0.0071936845779418945,1576.0,1541.0,2.9127401147276983,,,,3735,Gerald J. Ford Stadium,32000.0,False,False,University Park,TX,75275,US,America/Chicago,32.8377223,-96.7827859,169.4058075,2000.0,2024-11-03,22.6,0.0,22.9,1.08275,1,False,False
401643748,2024,10,regular,2024-11-03T00:00:00.000Z,False,True,False,True,16019.0,3816,Mackay Stadium,2440,Nevada,fbs,Mountain West,21.0,"[0, 0, 7, 14]",0.1572398543357849,1206.0,1176.0,36,Colorado State,fbs,Mountain West,38.0,"[14, 3, 11, 10]",0.8427601456642151,1313.0,1343.0,3.8495639379842133,,,,3816,Mackay Stadium,27000.0,False,False,Reno,NV,89557,US,America/Los_Angeles,39.5469459,-119.8175435,1406.57605,1966.0,2024-11-03,10.3,0.0,18.0,0.5932962962962963,0,False,False
401636912,2024,10,regular,2024-11-03T00:00:00.000Z,False,True,False,True,44171.0,4727,McLane Stadium,239,Baylor,fbs,Big 12,37.0,"[7, 6, 7, 17]",0.43434377789501794,1558.0,1559.0,2628,TCU,fbs,Big 12,34.0,"[7, 10, 10, 7]",0.5656562221049821,1527.0,1526.0,8.663106695,,,,4727,McLane Stadium,45140.0,False,False,Waco,TX,76704,US,America/Chicago,31.5582015,-97.1156702,117.0538101,2014.0,2024-11-03,24.9,0.0,21.8,0.9785334514842712,1,False,False
401644760,2024,11,regular,2024-11-06T00:30:00.000Z,False,True,False,True,7832.0,3786,Kelly/Shorts Stadium,2117,Central Michigan,fbs,Mid-American,13.0,"[0, 7, 0, 6]",0.0788438618183136,1116.0,1123.0,189,Bowling Green,fbs,Mid-American,23.0,"[3, 6, 7, 7]",0.9211561381816864,1456.0,1449.0,4.298725467982059,,,,3786,Kelly/Shorts Stadium,30255.0,False,False,Mount Pleasant,MI,48859,US,America/Detroit,43.5777313,-84.7709904,240.9007721,1972.0,2024-11-06,17.7,0.6,21.3,0.25886630309039826,0,False,False
401644688,2024,11,regular,2024-11-06T01:00:00.000Z,False,True,False,True,6412.0,3919,Scheumann Stadium,2050,Ball State,fbs,Mid-American,21.0,"[7, 6, 8, 0]",0.09923596680164337,1094.0,1115.0,193,Miami (OH),fbs,Mid-American,27.0,"[7, 14, 0, 6]",0.9007640331983566,1569.0,1548.0,5.072698714033837,,,,3919,Scheumann Stadium,22500.0,False,False,Muncie,IN,47306,US,America/Indiana/Indianapolis,40.2159422,-85.4161148,285.481781,1967.0,2024-11-06,19.6,0.1,26.1,0.2849777777777778,0,False,False
401644762,2024,11,regular,2024-11-07T00:00:00.000Z,False,True,False,True,10346.0,3980,Waldo Stadium,2711,Western Michigan,fbs,Mid-American,28.0,"[7, 7, 7, 7]",0.019617818295955658,1288.0,1272.0,2459,Northern Illinois,fbs,Mid-American,42.0,"[0, 21, 21, 0]",0.9803821817040443,1455.0,1471.0,4.920891555805441,,,,3980,Waldo Stadium,30200.0,False,False,Kalamazoo,MI,49008,US,America/Detroit,42.2860064,-85.6007573,243.8211212,1939.0,2024-11-07,10.8,0.0,6.2,0.34258278145695364,0,False,False
401644761,2024,11,regular,2024-11-07T00:00:00.000Z,False,True,False,True,5662.0,3696,Dix Stadium,2309,Kent State,fbs,Mid-American,0.0,"[0, 0, 0, 0]",0.0019642135594040155,878.0,831.0,195,Ohio,fbs,Mid-American,41.0,"[10, 10, 14, 7]",0.998035786440596,1463.0,1510.0,2.9994586920806343,,,,3696,Dix Stadium,25319.0,False,False,Kent,OH,44242,US,America/New_York,41.1390935,-81.31346,321.3641663,1969.0,2024-11-07,15.2,0.0,6.8,0.2236265255341838,0,False,False
401643825,2024,11,regular,2024-11-08T01:00:00.000Z,False,True,False,True,19415.0,3654,Brooks Stadium (SC),324,Coastal Carolina,fbs,Sun Belt,38.0,"[14, 3, 14, 7]",0.9853019118309021,1376.0,1403.0,2026,App State,fbs,Sun Belt,24.0,"[0, 10, 0, 14]",0.0146980881690979,1359.0,1332.0,2.7128332628103915,,,,3654,Brooks Stadium (SC),21000.0,False,False,Conway,SC,29528,US,America/New_York,33.7928506,-79.0166946,13.74894905,2003.0,2024-11-08,20.7,0.0,4.3,0.9245238095238095,1,False,False
401645361,2024,11,regular,2024-11-08T01:00:00.000Z,False,True,False,True,30573.0,3699,Dowdy-Ficklen Stadium,151,East Carolina,fbs,American Athletic,49.0,"[21, 14, 7, 7]",0.989633321762085,1328.0,1410.0,2226,Florida Atlantic,fbs,American Athletic,14.0,"[0, 7, 0, 7]",0.010366678237915039,1207.0,1125.0,2.290036594726945,,,,3699,Dowdy-Ficklen Stadium,50000.0,True,False,Greenville,NC,27858,US,America/New_York,35.5968486,-77.364564,19.0564537,1963.0,2024-11-08,20.6,0.0,8.7,0.61146,0,False,False
401634773,2024,11,regular,2024-11-09T01:00:00.000Z,False,True,False,True,28455.0,3630,Allegacy Federal Credit Union Stadium,154,Wake Forest,fbs,ACC,36.0,"[7, 7, 7, 15]",0.08052637428045273,1349.0,1353.0,25,California,fbs,ACC,46.0,"[10, 19, 7, 10]",0.9194736257195473,1653.0,1649.0,6.764454071066815,,,,3630,Allegacy Federal Credit Union Stadium,31500.0,False,False,Winston-Salem,NC,27105,US,America/New_York,36.1305507,-80.2545851,283.548584,1968.0,2024-11-09,19.6,0.0,13.3,0.9033333333333333,1,False,False
401628542,2024,11,regular,2024-11-09T02:00:00.000Z,False,True,False,True,53467.0,1056,Rose Bowl,26,UCLA,fbs,Big Ten,20.0,"[0, 17, 0, 3]",0.7959715723991394,1470.0,1476.0,2294,Iowa,fbs,Big Ten,17.0,"[10, 0, 0, 7]",0.2040284276008606,1786.0,1780.0,5.237328950971543,,,,1056,Rose Bowl,88565.0,True,False,Pasadena,CA,90095,US,America/Los_Angeles,34.1613284,-118.1676462,245.1772461,1922.0,2024-11-09,16.7,0.0,4.9,0.6037034946084796,0,False,False
401645362,2024,11,regular,2024-11-09T02:00:00.000Z,False,True,False,True,23692.0,3805,Simmons Bank Liberty Stadium,235,Memphis,fbs,American Athletic,27.0,"[0, 17, 0, 10]",0.4616771340370178,1574.0,1569.0,242,Rice,fbs,American Athletic,20.0,"[6, 7, 0, 7]",0.5383228659629822,1296.0,1301.0,5.092991023986161,,,,3805,Simmons Bank Liberty Stadium,58325.0,False,False,Memphis,TN,38152,US,America/Chicago,35.1209429,-89.977147,90.62445831,1965.0,2024-11-09,17.3,0.0,15.1,0.4062066009429919,0,False,False
401643754,2024,11,regular,2024-11-09T03:30:00.000Z,False,True,False,True,21832.0,7311,Snapdragon Stadium,21,San Diego State,fbs,Mountain West,16.0,"[3, 10, 3, 0]",0.33644676208496094,1311.0,1298.0,167,New Mexico,fbs,Mountain West,21.0,"[14, 0, 0, 7]",0.6635532379150391,1250.0,1263.0,5.732582994127503,,,,7311,Snapdragon Stadium,35000.0,True,False,San Diego,CA,92093,US,America/Los_Angeles,32.784444,-117.122833,62,2022.0,2024-11-09,15.6,0.0,7.6,0.6237714285714285,0,False,False
401636918,2024,11,regular,2024-11-09T17:00:00.000Z,False,True,False,True,38007.0,3854,Nippert Stadium,2132,Cincinnati,fbs,Big 12,24.0,"[7, 0, 7, 10]",0.3638865053653717,1536.0,1524.0,277,West Virginia,fbs,Big 12,31.0,"[0, 17, 7, 7]",0.6361134946346283,1549.0,1561.0,4.949353077761328,,,,3854,Nippert Stadium,40000.0,False,False,Cincinnati,OH,45221,US,America/New_York,39.1312495,-84.5161913,230.0660553,1915.0,2024-11-09,13.7,0.0,14.0,0.950175,1,False,False
401635606,2024,11,regular,2024-11-09T17:00:00.000Z,False,True,False,True,44500.0,3615,"Alumni Stadium (Chestnut Hill, MA)",103,Boston College,fbs,ACC,37.0,"[7, 7, 16, 7]",0.984311580657959,1428.0,1433.0,183,Syracuse,fbs,ACC,31.0,"[0, 14, 7, 10]",0.015688419342041016,1391.0,1386.0,5.818692236052835,,,,3615,"Alumni Stadium (Chestnut Hill, MA)",44500.0,False,False,Chestnut Hill,MA,2467 ,US,America/New_York,42.335104,-71.1664413,39.82634354,1957.0,2024-11-09,8.8,0.0,22.2,1.0,1,False,False
401645363,2024,11,regular,2024-11-09T17:00:00.000Z,False,True,False,True,34091.0,3886,Raymond James Stadium,58,South Florida,fbs,American Athletic,7.0,"[0, 0, 0, 7]",0.0,1379.0,1339.0,2426,Navy,fbs,American Athletic,28.0,"[14, 7, 0, 7]",1.0,1504.0,1544.0,3.4064884581414354,,,,3886,Raymond James Stadium,65828.0,True,False,Tampa,FL,33620,US,America/New_York,27.9758691,-82.5033344,11.07972908,1998.0,2024-11-09,28.2,0.0,16.7,0.517879929513277,0,False,False
401635609,2024,11,regular,2024-11-09T17:00:00.000Z,False,True,False,True,47358.0,721,Bobby Dodd Stadium,59,Georgia Tech,fbs,ACC,28.0,"[7, 7, 7, 7]",0.9464443325996399,1558.0,1577.0,2390,Miami,fbs,ACC,23.0,"[10, 0, 6, 7]",0.05355566740036011,1877.0,1858.0,4.196556885753501,,,,721,Bobby Dodd Stadium,55000.0,False,False,Atlanta,GA,30332,US,America/New_York,33.7724449,-84.3928054,279.300415,1913.0,2024-11-09,19.4,0.1,18.3,0.8610545454545454,0,False,False
401628544,2024,11,regular,2024-11-09T17:00:00.000Z,False,True,False,True,44120.0,6577,SHI Stadium,164,Rutgers,fbs,Big Ten,26.0,"[7, 7, 0, 12]",0.8420133590698242,1412.0,1434.0,135,Minnesota,fbs,Big Ten,19.0,"[9, 0, 7, 3]",0.15798664093017578,1612.0,1590.0,6.209530180999019,,,,6577,SHI Stadium,52454.0,False,False,Piscataway,NJ,08854,US,America/New_York,40.513611,-74.465278,19,1994.0,2024-11-09,11.9,0.0,11.6,0.8411179319022382,0,False,False
401628417,2024,11,regular,2024-11-09T17:00:00.000Z,False,True,False,True,103375.0,3910,DKR-Texas Memorial Stadium,251,Texas,fbs,SEC,49.0,"[14, 21, 7, 7]",0.9840566515922546,2057.0,2094.0,57,Florida,fbs,SEC,17.0,"[0, 0, 10, 7]",0.01594334840774536,1635.0,1598.0,2.7076229642444436,,,,3910,DKR-Texas Memorial Stadium,100119.0,False,False,Austin,TX,78712,US,America/Chicago,30.2836813,-97.7325345,160.3089447,1924.0,2024-11-09,19.8,0.0,15.1,1.0325212996534125,1,False,False
401643828,2024,11,regular,2024-11-09T17:00:00.000Z,False,True,False,True,13720.0,3817,Malone Stadium,2433,UL Monroe,fbs,Sun Belt,17.0,"[0, 0, 14, 3]",0.0,1236.0,1220.0,326,Texas State,fbs,Sun Belt,38.0,"[14, 14, 0, 10]",1.0,1586.0,1602.0,4.335981193553452,,,,3817,Malone Stadium,27617.0,False,False,Monroe,LA,71209,US,America/Chicago,32.5308089,-92.0660602,22.998209,1978.0,2024-11-09,23.3,0.2,15.5,0.49679545207661946,0,False,False
401628545,2024,11,regular,2024-11-09T17:00:00.000Z,False,True,False,True,103463.0,3861,Ohio Stadium,194,Ohio State,fbs,Big Ten,45.0,"[7, 14, 17, 7]",0.9925447702407837,2065.0,2093.0,2509,Purdue,fbs,Big Ten,0.0,"[0, 0, 0, 0]",0.007455229759216309,1220.0,1192.0,2.070666937290162,,,,3861,Ohio Stadium,102780.0,False,False,Columbus,OH,43210,US,America/New_York,40.0016447,-83.0197266,216.6770325,1922.0,2024-11-09,12.2,0.0,12.8,1.0066452617240709,1,False,False
401640995,2024,11,regular,2024-11-09T18:00:00.000Z,False,True,False,True,13500.0,3725,"Johnny ""Red"" Floyd Stadium",2393,Middle Tennessee,fbs,Conference USA,17.0,"[7, 0, 0, 10]",0.03358956053853035,1152.0,1144.0,2335,Liberty,fbs,Conference USA,37.0,"[7, 20, 3, 7]",0.9664104394614697,1560.0,1568.0,4.006155846955029,,,,3725,"Johnny ""Red"" Floyd Stadium",30788.0,False,False,Murfreesboro,TN,37132,US,America/Chicago,35.8511463,-86.3681649,191.7279816,1933.0,2024-11-09,24.6,0.0,5.2,0.4384825256593478,0,False,False
401629037,2024,11,regular,2024-11-09T19:30:00.000Z,False,True,False,False,18351.0,7221,Protective Stadium,5,UAB,fbs,American Athletic,23.0,"[3, 17, 3, 0]",0.0,1195.0,1197.0,41,UConn,fbs,FBS Independents,31.0,"[3, 0, 7, 21]",1.0,1425.0,1423.0,5.725143772232433,,,,7221,Protective Stadium,45000.0,False,False,Birmingham,AL,35203,US,America/Chicago,33.5206824,-86.8024326,187,2021.0,2024-11-09,25.8,0.1,16.0,0.4078,0,False,False
401643829,2024,11,regular,2024-11-09T20:00:00.000Z,False,True,False,True,20502.0,3815,M. M. Roberts Stadium,2572,Southern Miss,fbs,Sun Belt,3.0,"[0, 3, 0, 0]",0.0,1096.0,1039.0,276,Marshall,fbs,Sun Belt,37.0,"[3, 14, 17, 3]",1.0,1415.0,1472.0,4.5202759303067195,,,,3815,M. M. Roberts Stadium,36000.0,False,False,Hattiesburg,MS,39402,US,America/Chicago,31.3289321,-89.3318118,64.52726746,1932.0,2024-11-09,29.8,0.0,16.2,0.5695,0,False,False
401635607,2024,11,regular,2024-11-09T20:30:00.000Z,False,True,False,True,65632.0,3799,Lane Stadium,259,Virginia Tech,fbs,ACC,14.0,"[0, 7, 0, 7]",0.05578821152448654,1666.0,1658.0,228,Clemson,fbs,ACC,24.0,"[0, 0, 14, 10]",0.9442117884755135,1819.0,1827.0,4.747879883851768,,,,3799,Lane Stadium,65632.0,True,False,Blacksburg,VA,24061,US,America/New_York,37.2199873,-80.4180643,632.2631226,1965.0,2024-11-09,15.4,0.0,10.6,1.0,1,False,False
401643826,2024,11,regular,2024-11-09T20:30:00.000Z,False,True,False,True,25709.0,3651,Bridgeforth Stadium,256,James Madison,fbs,Sun Belt,38.0,"[14, 14, 10, 0]",0.9870517253875732,1766.0,1794.0,2247,Georgia State,fbs,Sun Belt,7.0,"[0, 7, 0, 0]",0.012948274612426758,1282.0,1254.0,2.912088059362898,,,,3651,Bridgeforth Stadium,24877.0,False,False,Harrisonburg,VA,22807,US,America/New_York,38.4352919,-78.8729349,399.303009,1975.0,2024-11-09,13.6,0.0,0.6,1.0334445471720866,1,False,False
401643755,2024,11,regular,2024-11-09T20:30:00.000Z,False,True,False,False,37187.0,3893,Reser Stadium,204,Oregon State,fbs,Pac-12,13.0,"[0, 10, 3, 0]",0.11076812446117401,1467.0,1446.0,23,San José State,fbs,Mountain West,24.0,"[0, 10, 0, 14]",0.889231875538826,1497.0,1518.0,6.9531628349288495,,,,3893,Reser Stadium,43363.0,False,False,Corvallis,OR,97331,US,America/Los_Angeles,44.5594559,-123.2814341,66.90744781,1953.0,2024-11-09,12.5,0.0,2.3,0.8575744298134355,0,False,False
401628414,2024,11,regular,2024-11-09T20:30:00.000Z,False,True,False,True,68126.0,3974,Vaught-Hemingway Stadium,145,Ole Miss,fbs,SEC,28.0,"[10, 6, 6, 6]",0.9801396131515503,1960.0,2010.0,61,Georgia,fbs,SEC,10.0,"[7, 0, 3, 0]",0.019860386848449707,2057.0,2007.0,3.6730757093012345,,,,3974,Vaught-Hemingway Stadium,64038.0,True,False,Oxford,MS,38677,US,America/Chicago,34.3619837,-89.5342076,146.8517151,1915.0,2024-11-09,21.9,0.5,9.3,1.0638370967238202,1,False,False
401628541,2024,11,regular,2024-11-09T20:30:00.000Z,False,True,False,True,53082.0,3830,"Memorial Stadium (Bloomington, IN)",84,Indiana,fbs,Big Ten,20.0,"[7, 10, 0, 3]",0.4176797866821289,1875.0,1876.0,130,Michigan,fbs,Big Ten,15.0,"[3, 0, 6, 6]",0.5823202133178711,1778.0,1777.0,3.557968252059709,,,,3830,"Memorial Stadium (Bloomington, IN)",52656.0,False,False,Bloomington,IN,47408,US,America/Indiana/Indianapolis,39.1808959,-86.5256217,231.6500854,1960.0,2024-11-09,15.8,0.0,12.0,1.0080902461257977,1,False,False
401635608,2024,11,regular,2024-11-09T20:30:00.000Z,False,True,False,True,56919.0,3670,Carter-Finley Stadium,152,NC State,fbs,ACC,19.0,"[0, 9, 3, 7]",0.008452389389276505,1514.0,1499.0,150,Duke,fbs,ACC,29.0,"[12, 0, 7, 10]",0.9915476106107235,1582.0,1597.0,5.086037529480641,,,,3670,Carter-Finley Stadium,58000.0,True,False,Raleigh,NC,27695,US,America/New_York,35.8008001,-78.7195655,117.0089951,1966.0,2024-11-09,17.3,0.0,12.1,0.9813620689655173,1,False,False
401636919,2024,11,regular,2024-11-09T20:30:00.000Z,False,True,True,True,51109.0,3622,GEHA Field at Arrowhead Stadium,2305,Kansas,fbs,Big 12,45.0,"[14, 17, 7, 7]",0.9645452499389648,1633.0,1664.0,66,Iowa State,fbs,Big 12,36.0,"[7, 6, 7, 16]",0.035454750061035156,1759.0,1728.0,3.5466658518556486,,,,3622,GEHA Field at Arrowhead Stadium,76416.0,True,False,Kansas City,MO,64129,US,America/Chicago,39.048889,-94.483889,256.798584,1972.0,2024-11-09,16.2,0.2,18.1,0.6688259003350083,,False,False
401629045,2024,11,regular,2024-11-09T20:30:00.000Z,False,True,False,True,28519.0,3825,DATCU Stadium,249,North Texas,fbs,American Athletic,3.0,"[3, 0, 0, 0]",0.14506089687347412,1462.0,1455.0,349,Army,fbs,American Athletic,14.0,"[7, 0, 0, 7]",0.8549391031265259,1654.0,1661.0,3.740931562565803,,,,3825,DATCU Stadium,30850.0,False,False,Denton,TX,76210,US,America/Chicago,33.203899,-97.159245,198.6871948,2011.0,2024-11-09,20.8,0.0,8.4,0.9244408427876823,1,False,False
401641021,2024,11,regular,2024-11-09T21:00:00.000Z,False,True,False,True,14728.0,3946,Sun Bowl,2638,UTEP,fbs,Conference USA,43.0,"[7, 7, 7, 7, 7, 8]",0.9805501103401184,1147.0,1165.0,338,Kennesaw State,fbs,Conference USA,35.0,"[7, 0, 14, 7, 7, 0]",0.019449889659881592,1245.0,1227.0,7.522709172950741,,,,3946,Sun Bowl,51500.0,False,False,El Paso,TX,79968,US,America/Denver,31.7733353,-106.507957,1183.697876,1963.0,2024-11-09,14.9,0.0,7.7,0.28598058252427183,0,False,False
401636921,2024,11,regular,2024-11-09T21:00:00.000Z,False,True,False,True,60229.0,3784,Jones AT&T Stadium,2641,Texas Tech,fbs,Big 12,27.0,"[13, 0, 7, 7]",0.2288302481174469,1566.0,1537.0,38,Colorado,fbs,Big 12,41.0,"[0, 10, 21, 10]",0.7711697518825531,1598.0,1627.0,6.0061020927037045,,,,3784,Jones AT&T Stadium,60454.0,False,False,Lubbock,TX,79409,US,America/Chicago,33.5910518,-101.8728824,980.7632446,1947.0,2024-11-09,17.4,0.0,21.2,0.9962781619082277,1,False,False
401645364,2024,11,regular,2024-11-09T21:00:00.000Z,False,True,False,True,30000.0,4729,Yulman Stadium,2655,Tulane,fbs,American Athletic,52.0,"[7, 21, 14, 10]",0.9935848712921143,1757.0,1807.0,218,Temple,fbs,American Athletic,6.0,"[0, 0, 0, 6]",0.006415128707885742,1090.0,1040.0,2.0949126866221155,,,,4729,Yulman Stadium,30000.0,False,False,New Orleans,LA,70118,US,America/Chicago,29.944616,-90.116692,0.0000000000000000000000000000000000000118,2014.0,2024-11-09,27.3,0.1,22.4,1.0,1,False,False
401628418,2024,11,regular,2024-11-09T21:15:00.000Z,False,True,False,True,28934.0,3973,FirstBank Stadium,238,Vanderbilt,fbs,SEC,7.0,"[0, 0, 7, 0]",0.005490208975970745,1463.0,1446.0,2579,South Carolina,fbs,SEC,28.0,"[0, 7, 14, 7]",0.9945097910240293,1812.0,1829.0,3.8673046644945916,,,,3973,FirstBank Stadium,40351.0,False,False,Nashville,TN,37212,US,America/Chicago,36.1440455,-86.8088942,159.9194641,1922.0,2024-11-09,19.4,0.0,3.8,0.7170578176501202,0,False,False
401641004,2024,11,regular,2024-11-09T21:30:00.000Z,False,True,False,True,16345.0,3776,Joe Aillet Stadium,2348,Louisiana Tech,fbs,Conference USA,37.0,"[7, 14, 9, 7, 0]",0.9360070824623108,1283.0,1297.0,55,Jacksonville State,fbs,Conference USA,44.0,"[7, 21, 0, 9, 7]",0.06399291753768921,1657.0,1643.0,8.017644628510453,,,,3776,Joe Aillet Stadium,28019.0,False,False,Ruston,LA,71272,US,America/Chicago,32.5321487,-92.6560019,72.87982941,1968.0,2024-11-09,22.3,1.7,7.3,0.5833541525393483,0,False,False
401643827,2024,11,regular,2024-11-09T22:00:00.000Z,False,True,False,True,16451.0,3666,Cajun Field,309,Louisiana,fbs,Sun Belt,55.0,"[10, 21, 17, 7]",0.9592593908309937,1554.0,1621.0,2032,Arkansas State,fbs,Sun Belt,19.0,"[0, 6, 6, 7]",0.04074060916900635,1286.0,1219.0,1.9155071452309809,,,,3666,Cajun Field,41426.0,False,False,Lafayette,LA,70506,US,America/Chicago,30.2158434,-92.0417371,3.556508303,1971.0,2024-11-09,26.3,0.6,11.2,0.3971177521363395,0,False,False
401641036,2024,11,regular,2024-11-09T23:00:00.000Z,False,True,False,True,12710.0,3601,Aggie Memorial Stadium,166,New Mexico State,fbs,Conference USA,28.0,"[7, 0, 14, 7]",0.06958532333374023,1115.0,1121.0,98,Western Kentucky,fbs,Conference USA,41.0,"[14, 10, 7, 10]",0.9304146766662598,1512.0,1506.0,4.935904961781535,,,,3601,Aggie Memorial Stadium,28853.0,False,False,Las Cruces,NM,88003,US,America/Denver,32.2796202,-106.7411148,1208.201294,1978.0,2024-11-09,15.2,0.0,3.5,0.4405087859148096,0,False,False
401636920,2024,11,regular,2024-11-10T00:00:00.000Z,False,True,False,True,45348.0,3616,Amon G. Carter Stadium,2628,TCU,fbs,Big 12,38.0,"[10, 14, 7, 7]",0.9064395427703857,1526.0,1578.0,197,Oklahoma State,fbs,Big 12,13.0,"[0, 0, 6, 7]",0.09356045722961426,1427.0,1375.0,3.101668597329723,,,,3616,Amon G. Carter Stadium,46000.0,True,False,Fort Worth,TX,76129,US,America/Chicago,32.7096604,-97.3680835,185.4387054,1929.0,2024-11-10,16.7,0.0,7.1,0.9858260869565217,1,False,False
401636917,2024,11,regular,2024-11-10T00:00:00.000Z,False,True,False,True,44940.0,3947,Mountain America Stadium,9,Arizona State,fbs,Big 12,35.0,"[7, 14, 7, 7]",0.03374087065458298,1563.0,1568.0,2116,UCF,fbs,Big 12,31.0,"[7, 10, 7, 7]",0.966259129345417,1625.0,1620.0,7.0504533673603,,,,3947,Mountain America Stadium,65870.0,True,False,Tempe,AZ,85287,US,America/Phoenix,33.4264471,-111.9325005,360.1569519,1958.0,2024-11-10,22.0,0.0,8.9,0.6822529224229543,0,False,False
401628416,2024,11,regular,2024-11-10T00:00:00.000Z,False,True,False,True,101915.0,3853,Neyland Stadium,2633,Tennessee,fbs,SEC,33.0,"[7, 13, 10, 3]",0.9013736844062805,1939.0,1930.0,344,Mississippi State,fbs,SEC,14.0,"[0, 7, 7, 0]",0.09862631559371948,1353.0,1362.0,3.5992308326049636,,,,3853,Neyland Stadium,102455.0,True,False,Knoxville,TN,37996,US,America/New_York,35.9550131,-83.9250128,271.9517212,1921.0,2024-11-10,18.0,0.0,7.8,0.994729393392221,1,False,False
401628543,2024,11,regular,2024-11-10T00:00:00.000Z,False,True,False,True,59245.0,3626,Autzen Stadium,2483,Oregon,fbs,Big Ten,39.0,"[7, 14, 8, 10]",0.983059823513031,2050.0,2047.0,120,Maryland,fbs,Big Ten,18.0,"[3, 7, 0, 8]",0.016940176486968994,1488.0,1491.0,3.4341120328594306,,,,3626,Autzen Stadium,54000.0,False,False,Eugene,OR,97401,US,America/Los_Angeles,44.0582712,-123.0684883,127.4198303,1967.0,2024-11-10,12.5,0.0,4.5,1.0971296296296296,1,False,False
401628984,2024,11,regular,2024-11-10T00:30:00.000Z,False,True,False,False,77622.0,3855,Notre Dame Stadium,87,Notre Dame,fbs,FBS Independents,52.0,"[7, 14, 10, 21]",0.961488664150238,2069.0,2133.0,52,Florida State,fbs,ACC,3.0,"[3, 0, 0, 0]",0.03851133584976196,1447.0,1383.0,2.5071287390928783,,,,3855,Notre Dame Stadium,80795.0,False,False,Notre Dame,IN,46556,US,America/Indiana/Indianapolis,41.698378,-86.2339425,222.645401,1930.0,2024-11-10,10.6,0.0,19.2,0.9607277678074139,1,False,False
401628413,2024,11,regular,2024-11-10T00:30:00.000Z,False,True,False,True,102283.0,3958,Tiger Stadium (LA),99,LSU,fbs,SEC,13.0,"[3, 3, 0, 7]",0.0,1855.0,1800.0,333,Alabama,fbs,SEC,42.0,"[14, 7, 7, 14]",1.0,2058.0,2113.0,3.2314681889553802,,,,3958,Tiger Stadium (LA),102321.0,True,False,Baton Rouge,LA,70803,US,America/Chicago,30.412035,-91.1838163,7.640734673,1924.0,2024-11-10,24.4,0.0,18.7,0.9996286197359291,1,False,False
401628415,2024,11,regular,2024-11-10T00:45:00.000Z,False,True,False,True,62621.0,3838,Memorial Stadium,142,Missouri,fbs,SEC,30.0,"[0, 3, 7, 20]",0.9700127840042114,1673.0,1683.0,201,Oklahoma,fbs,SEC,23.0,"[0, 9, 0, 14]",0.029987215995788574,1688.0,1678.0,6.5294130720775945,,,,3838,Memorial Stadium,71168.0,False,False,Columbia,MO,65211,US,America/Chicago,38.9358491,-92.3332009,212.6865692,1927.0,2024-11-10,13.5,0.0,12.2,0.8799038893884892,0,False,False
401635610,2024,11,regular,2024-11-10T01:00:00.000Z,False,True,False,True,56693.0,3752,Acrisure Stadium,221,Pittsburgh,fbs,ACC,19.0,"[0, 13, 0, 6]",0.33498746156692505,1541.0,1519.0,258,Virginia,fbs,ACC,24.0,"[0, 7, 14, 3]",0.665012538433075,1359.0,1381.0,6.285908291028621,,,,3752,Acrisure Stadium,68400.0,True,False,Pittsburgh,PA,15260,US,America/New_York,40.4467648,-80.0157603,220.5887146,2001.0,2024-11-10,8.8,0.0,10.5,0.8288450292397661,0,False,False
401643752,2024,11,regular,2024-11-10T01:00:00.000Z,False,True,False,True,37143.0,3653,Albertsons Stadium,68,Boise State,fbs,Mountain West,28.0,"[14, 0, 7, 7]",0.9336748123168945,1761.0,1741.0,2440,Nevada,fbs,Mountain West,21.0,"[7, 7, 0, 7]",0.06632518768310547,1176.0,1196.0,3.9524291350627228,,,,3653,Albertsons Stadium,36387.0,False,False,Boise,ID,83725,US,America/Boise,43.6028839,-116.1958882,823.2221069,1970.0,2024-11-10,6.0,0.0,9.2,1.0207766510017313,1,False,False
401628546,2024,11,regular,2024-11-10T01:00:00.000Z,False,True,False,True,110233.0,3632,Beaver Stadium,213,Penn State,fbs,Big Ten,35.0,"[7, 21, 0, 7]",0.9886565208435059,1916.0,1967.0,264,Washington,fbs,Big Ten,6.0,"[0, 0, 3, 3]",0.01134347915649414,1695.0,1644.0,2.254180776434667,,,,3632,Beaver Stadium,106572.0,True,False,University Park,PA,16802,US,America/New_York,40.8121958,-77.8561023,354.1551514,1960.0,2024-11-10,4.1,0.0,8.3,1.0343523627219158,1,False,False
401643753,2024,11,regular,2024-11-10T02:00:00.000Z,False,True,False,True,12691.0,7220,Clarence T.C. Ching Athletics Complex,62,Hawai'i,fbs,Mountain West,27.0,"[7, 3, 10, 7]",0.052156463265419006,1247.0,1265.0,2439,UNLV,fbs,Mountain West,29.0,"[12, 0, 10, 7]",0.947843536734581,1668.0,1650.0,6.899657009464809,,,,7220,Clarence T.C. Ching Athletics Complex,15194.0,False,False,Honolulu,HI,96822,US,Pacific/Honolulu,21.294294,-157.819338,20,2015.0,2024-11-10,26.3,0.1,24.4,0.8352639199684085,0,False,False
401643751,2024,11,regular,2024-11-10T02:45:00.000Z,False,True,False,True,14794.0,3713,Falcon Stadium,2005,Air Force,fbs,Mountain West,36.0,"[7, 10, 9, 10]",0.9903101325035095,1287.0,1316.0,278,Fresno State,fbs,Mountain West,28.0,"[7, 14, 0, 7]",0.009689867496490479,1540.0,1511.0,5.360165094674511,,,,3713,Falcon Stadium,46692.0,False,False,Colorado Springs,CO,80840,US,America/Denver,38.9969701,-104.8436165,2024.875732,1962.0,2024-11-10,-2.5,0.0,3.6,0.31684228561637967,0,False,False
401636922,2024,11,regular,2024-11-10T03:15:00.000Z,False,True,False,True,54383.0,587,Rice-Eccles Stadium,254,Utah,fbs,Big 12,21.0,"[0, 21, 0, 0]",0.7878780364990234,1568.0,1572.0,252,BYU,fbs,Big 12,22.0,"[3, 7, 3, 9]",0.21212196350097656,1678.0,1674.0,5.725567163015939,,,,587,Rice-Eccles Stadium,51444.0,False,False,Salt Lake City,UT,84112,US,America/Denver,40.7599724,-111.8488255,1411.543579,1998.0,2024-11-10,2.4,0.0,4.4,1.057130083197263,1,False,False
401643756,2024,11,regular,2024-11-10T03:30:00.000Z,False,True,False,False,20011.0,3820,Gesa Field,265,Washington State,fbs,Pac-12,49.0,"[7, 14, 14, 14]",0.9887107014656067,1597.0,1606.0,328,Utah State,fbs,Mountain West,28.0,"[7, 0, 7, 14]",0.01128929853439331,1179.0,1170.0,2.7070863321101766,,,,3820,Gesa Field,32952.0,False,False,Pullman,WA,99164,US,America/Los_Angeles,46.731831,-117.1604991,773.9526367,1972.0,2024-11-10,5.6,0.0,3.9,0.6072772517601359,0,False,False
401644763,2024,12,regular,2024-11-13T00:00:00.000Z,False,True,False,True,12708.0,3965,UB Stadium,2084,Buffalo,fbs,Mid-American,51.0,"[7, 17, 7, 14, 6]",0.6031242609024048,1217.0,1217.0,2050,Ball State,fbs,Mid-American,48.0,"[7, 21, 7, 10, 3]",0.3968757390975952,1115.0,1115.0,8.024189777437115,,,,3965,UB Stadium,30270.0,False,False,Amherst,NY,14260,US,America/New_York,42.9991334,-78.7775113,181.5759735,1993.0,2024-11-13,2.4,0.0,4.9,0.41982160555004955,0,False,False
401644765,2024,12,regular,2024-11-13T00:00:00.000Z,False,True,False,True,14661.0,3739,Glass Bowl,2649,Toledo,fbs,Mid-American,37.0,"[7, 20, 7, 3]",0.9873344302177429,1463.0,1495.0,2117,Central Michigan,fbs,Mid-American,10.0,"[3, 0, 0, 7]",0.01266556978225708,1123.0,1091.0,2.9983125258226258,,,,3739,Glass Bowl,26038.0,False,False,Toledo,OH,43606,US,America/New_York,41.6574777,-83.6135652,181.4839783,1937.0,2024-11-13,4.8,0.0,6.3,0.5630616790844151,0,False,False
401644764,2024,12,regular,2024-11-13T00:00:00.000Z,False,True,False,True,1156.0,3700,Doyt L. Perry Stadium,189,Bowling Green,fbs,Mid-American,31.0,"[3, 14, 14, 0]",0.9908657670021057,1449.0,1472.0,2711,Western Michigan,fbs,Mid-American,13.0,"[0, 7, 6, 0]",0.009134232997894287,1272.0,1249.0,3.5183895347971648,,,,3700,Doyt L. Perry Stadium,24000.0,False,False,Bowling Green,OH,43403,US,America/New_York,41.3780114,-83.6225,205.9057465,1966.0,2024-11-13,4.2,0.0,10.0,0.04816666666666667,0,False,False
401644766,2024,12,regular,2024-11-14T00:00:00.000Z,False,True,False,True,6795.0,3764,Huskie Stadium,2459,Northern Illinois,fbs,Mid-American,29.0,"[17, 6, 0, 6]",1.0,1471.0,1464.0,2006,Akron,fbs,Mid-American,16.0,"[6, 10, 0, 0]",0.0,1048.0,1055.0,3.8803958567107646,,,,3764,Huskie Stadium,23595.0,False,False,DeKalb,IL,60115,US,America/Chicago,41.9339586,-88.7778357,267.4530029,1965.0,2024-11-14,9.6,0.0,19.1,0.28798474253019707,0,False,False
401644767,2024,12,regular,2024-11-14T00:00:00.000Z,False,True,False,True,14133.0,3876,Peden Stadium,195,Ohio,fbs,Mid-American,35.0,"[0, 14, 7, 14]",0.992637574672699,1510.0,1546.0,2199,Eastern Michigan,fbs,Mid-American,10.0,"[0, 7, 0, 3]",0.007362425327301025,1261.0,1225.0,4.563829030956917,,,,3876,Peden Stadium,24000.0,False,False,Athens,OH,45701,US,America/New_York,39.3212794,-82.1034315,194.230896,1929.0,2024-11-14,11.6,0.0,10.8,0.588875,0,False,False
401644689,2024,12,regular,2024-11-14T00:00:00.000Z,False,True,False,True,5328.0,3996,Yager Stadium,193,Miami (OH),fbs,Mid-American,34.0,"[10, 7, 14, 3]",,1548.0,1544.0,2309,Kent State,fbs,Mid-American,7.0,"[7, 0, 0, 0]",,831.0,835.0,,,,,3996,Yager Stadium,24286.0,False,False,Oxford,OH,45056,US,America/New_York,39.5197009,-84.7330255,242.2643585,1983.0,2024-11-14,12.3,0.0,17.3,0.21938565428642015,0,False,False
401645365,2024,12,regular,2024-11-15T00:30:00.000Z,False,True,False,True,17979.0,3674,Chapman Stadium,202,Tulsa,fbs,American Athletic,31.0,"[3, 14, 7, 7]",0.05817333236336708,952.0,971.0,151,East Carolina,fbs,American Athletic,38.0,"[7, 10, 7, 14]",0.9418266676366329,1410.0,1391.0,7.659156769468611,,,,3674,Chapman Stadium,30000.0,False,False,Tulsa,OK,74194,US,America/Chicago,36.1489175,-95.9437853,235.5928345,1930.0,2024-11-15,12.8,0.0,7.0,0.5993,0,False,False
401643759,2024,12,regular,2024-11-16T01:00:00.000Z,False,True,False,True,36720.0,5388,Canvas Stadium,36,Colorado State,fbs,Mountain West,24.0,"[14, 3, 7, 0]",0.9907070994377136,1343.0,1366.0,2751,Wyoming,fbs,Mountain West,10.0,"[0, 3, 7, 0]",0.009292900562286377,1283.0,1260.0,2.4404590155335266,,,,5388,Canvas Stadium,36500.0,False,False,Fort Collins,CO,80521,US,America/Denver,40.570015,-105.088435,1528.4,2017.0,2024-11-16,5.3,0.0,1.2,1.006027397260274,1,False,False
401645366,2024,12,regular,2024-11-16T01:00:00.000Z,False,True,False,True,21350.0,3604,Alamodome,2636,UTSA,fbs,American Athletic,48.0,"[14, 13, 3, 18]",0.9740085601806641,1408.0,1463.0,249,North Texas,fbs,American Athletic,27.0,"[0, 7, 13, 7]",0.025991439819335938,1455.0,1400.0,3.298597258798221,,,,3604,Alamodome,36582.0,False,True,San Antonio,TX,78299,US,America/Chicago,29.4169834,-98.4788143,201.5526886,1993.0,2024-11-16,20.3,0.0,8.7,0.5836203597397627,0,False,False
401628553,2024,12,regular,2024-11-16T02:00:00.000Z,False,True,False,True,68811.0,3765,Husky Stadium,264,Washington,fbs,Big Ten,31.0,"[7, 7, 3, 14]",0.5107772946357727,1644.0,1654.0,26,UCLA,fbs,Big Ten,19.0,"[0, 10, 3, 6]",0.4892227053642273,1476.0,1466.0,4.397378392583857,,,,3765,Husky Stadium,70138.0,False,False,Seattle,WA,98195,US,America/Los_Angeles,47.6503235,-122.3015746,11.65622807,1920.0,2024-11-16,7.1,0.0,0.4,0.9810801562633665,1,False,False
401636923,2024,12,regular,2024-11-16T03:15:00.000Z,False,True,False,True,38538.0,3619,Arizona Stadium,12,Arizona,fbs,Big 12,27.0,"[7, 3, 17, 0]",0.7833019495010376,1382.0,1440.0,248,Houston,fbs,Big 12,3.0,"[0, 3, 0, 0]",0.2166980504989624,1364.0,1306.0,2.989002931254109,,,,3619,Arizona Stadium,50782.0,False,False,Tucson,AZ,85721,US,America/Phoenix,32.2288054,-110.9488677,742.1530151,1928.0,2024-11-16,16.9,0.0,12.3,0.7588909456106494,0,False,False
401641013,2024,12,regular,2024-11-16T17:00:00.000Z,False,True,False,True,13312.0,3796,Houchens Industries-L.T. Smith Stadium,98,Western Kentucky,fbs,Conference USA,7.0,"[0, 7, 0, 0]",0.45485857129096985,1506.0,1482.0,2348,Louisiana Tech,fbs,Conference USA,12.0,"[3, 6, 0, 3]",0.5451414287090302,1297.0,1321.0,4.040177810951153,,,,3796,Houchens Industries-L.T. Smith Stadium,22113.0,False,False,Bowling Green,KY,42101,US,America/Chicago,36.9847901,-86.4594041,154.4346619,1968.0,2024-11-16,13.9,0.0,12.3,0.6019988242210464,0,False,False
401636925,2024,12,regular,2024-11-16T17:00:00.000Z,False,True,False,True,54646.0,3726,Folsom Field,38,Colorado,fbs,Big 12,49.0,"[14, 7, 7, 21]",0.9381392002105713,1627.0,1684.0,254,Utah,fbs,Big 12,24.0,"[3, 6, 7, 8]",0.06186079978942871,1572.0,1515.0,3.5986710956290917,,,,3726,Folsom Field,50183.0,True,False,Boulder,CO,80309,US,America/Denver,40.0094746,-105.266905,1634.041138,1924.0,2024-11-16,8.6,0.0,2.6,1.0889344997309847,1,False,False
401628550,2024,12,regular,2024-11-16T17:00:00.000Z,False,True,True,True,38147.0,4250,Wrigley Field,77,Northwestern,fbs,Big Ten,7.0,"[0, 7, 0, 0]",0.015133490785956383,1479.0,1486.0,194,Ohio State,fbs,Big Ten,31.0,"[0, 21, 10, 0]",0.9848665092140436,2093.0,2086.0,3.275728726439794,,,,4250,Wrigley Field,0.0,,False,Chicago,IL,60654,US,,41.8755616,-87.6244212,,,2024-11-16,9.8,0.0,15.4,,,False,True
401629046,2024,12,regular,2024-11-16T17:00:00.000Z,False,True,False,False,9115.0,3985,Warren McGuirk Alumni Stadium,113,Massachusetts,fbs,FBS Independents,34.0,"[7, 13, 0, 8, 6]",0.2587684094905853,994.0,1017.0,2335,Liberty,fbs,Conference USA,35.0,"[0, 7, 7, 14, 7]",0.7412315905094147,1568.0,1545.0,6.031051648660567,,,,3985,Warren McGuirk Alumni Stadium,17000.0,False,False,Hadley,MA,1003 ,US,America/New_York,42.3773244,-72.5360595,46.58664703,1965.0,2024-11-16,13.3,0.0,18.0,0.5361764705882353,0,False,False
401628419,2024,12,regular,2024-11-16T17:00:00.000Z,False,True,False,True,74929.0,3887,Razorback Stadium,8,Arkansas,fbs,SEC,10.0,"[0, 0, 7, 3]",0.08316595107316971,1524.0,1547.0,251,Texas,fbs,SEC,20.0,"[7, 3, 3, 7]",0.9168340489268303,2094.0,2071.0,4.4377816556590295,,,,3887,Razorback Stadium,80000.0,False,False,Fayetteville,AR,72702,US,America/Chicago,36.0680662,-94.1789534,403.7972412,1938.0,2024-11-16,14.9,0.0,15.0,0.9366125,1,False,False
401645370,2024,12,regular,2024-11-16T17:00:00.000Z,False,True,False,True,38914.0,3852,Navy-Marine Corps Memorial Stadium,2426,Navy,fbs,American Athletic,0.0,"[0, 0, 0, 0]",0.007091894745826721,1544.0,1477.0,2655,Tulane,fbs,American Athletic,35.0,"[7, 7, 7, 14]",0.9929081052541733,1807.0,1874.0,2.5402487844033095,,,,3852,Navy-Marine Corps Memorial Stadium,34000.0,False,False,Annapolis,MD,21402,US,America/New_York,38.9846985,-76.5076335,10.74990082,1959.0,2024-11-16,15.0,0.0,21.4,1.1445294117647058,1,False,False
401635582,2024,12,regular,2024-11-16T17:00:00.000Z,False,True,False,True,58667.0,3752,Acrisure Stadium,221,Pittsburgh,fbs,ACC,20.0,"[7, 0, 0, 13]",0.29278257489204407,1519.0,1531.0,228,Clemson,fbs,ACC,24.0,"[7, 10, 0, 7]",0.7072174251079559,1827.0,1815.0,8.447491259663193,,,,3752,Acrisure Stadium,68400.0,True,False,Pittsburgh,PA,15260,US,America/New_York,40.4467648,-80.0157603,220.5887146,2001.0,2024-11-16,10.2,0.0,13.4,0.8577046783625731,0,False,False
401628426,2024,12,regular,2024-11-16T17:45:00.000Z,False,True,False,False,88043.0,3785,Jordan-Hare Stadium,2,Auburn,fbs,SEC,48.0,"[10, 14, 14, 10]",0.9928672313690186,1550.0,1604.0,2433,UL Monroe,fbs,Sun Belt,14.0,"[0, 0, 7, 7]",0.007132768630981445,1220.0,1166.0,1.6541832310807754,,,,3785,Jordan-Hare Stadium,87451.0,True,False,Auburn,AL,36849,US,America/Chicago,32.6025532,-85.4897479,201.1737976,1939.0,2024-11-16,18.4,0.0,4.2,1.0067695052086312,1,False,False
401643832,2024,12,regular,2024-11-16T18:00:00.000Z,False,True,False,True,24175.0,3775,Joan C. Edwards Stadium,276,Marshall,fbs,Sun Belt,31.0,"[3, 14, 7, 7]",0.9655942916870117,1472.0,1489.0,324,Coastal Carolina,fbs,Sun Belt,19.0,"[7, 0, 0, 12]",0.03440570831298828,1403.0,1386.0,3.971071956949464,,,,3775,Joan C. Edwards Stadium,38016.0,False,False,Huntington,WV,25755,US,America/New_York,38.4247042,-82.4214412,163.7328186,1991.0,2024-11-16,13.1,0.0,5.2,0.6359164562289562,0,False,False
401628422,2024,12,regular,2024-11-16T18:30:00.000Z,False,True,False,False,48370.0,3683,Kroger Field,96,Kentucky,fbs,SEC,48.0,"[14, 10, 10, 14]",0.9877020716667175,1527.0,1527.0,93,Murray State,fcs,MVFC,6.0,"[0, 0, 3, 3]",0.01229792833328247,,,2.375985203105853,,,,3683,Kroger Field,61000.0,False,False,Lexington,KY,40506,US,America/New_York,38.0220905,-84.5053408,307.4248962,1973.0,2024-11-16,11.8,0.0,8.7,0.7929508196721311,0,False,False
401645369,2024,12,regular,2024-11-16T19:00:00.000Z,False,True,False,True,12291.0,3806,Lincoln Financial Field,218,Temple,fbs,American Athletic,18.0,"[3, 0, 3, 9, 3]",0.6021506786346436,1040.0,1042.0,2226,Florida Atlantic,fbs,American Athletic,15.0,"[0, 7, 0, 8, 0]",0.39784932136535645,1125.0,1123.0,6.296938715983375,,,,3806,Lincoln Financial Field,69879.0,False,False,Philadelphia,PA,19122,US,America/New_York,39.9007995,-75.1675414,3.198706865,2003.0,2024-11-16,16.3,0.0,19.1,0.17588975228609455,0,False,False
401628425,2024,12,regular,2024-11-16T19:00:00.000Z,False,True,False,False,100077.0,3657,Bryant-Denny Stadium,333,Alabama,fbs,SEC,52.0,"[14, 17, 7, 14]",0.990824282169342,2130.0,2130.0,2382,Mercer,fcs,Southern,7.0,"[0, 7, 0, 0]",0.009175717830657959,,,2.210549656090027,,,,3657,Bryant-Denny Stadium,101821.0,True,False,Tuscaloosa,AL,35487,US,America/Chicago,33.2082752,-87.5503836,70.05136108,1929.0,2024-11-16,19.1,0.0,1.4,0.9828719026526944,1,False,False
401640986,2024,12,regular,2024-11-16T19:00:00.000Z,False,True,False,True,17688.0,3662,AmFirst Stadium,55,Jacksonville State,fbs,Conference USA,34.0,"[3, 17, 0, 14]",0.9359528422355652,1643.0,1640.0,2229,Florida International,fbs,Conference USA,31.0,"[3, 14, 7, 7]",0.06404715776443481,1297.0,1300.0,7.484719132951689,,,,3662,AmFirst Stadium,24000.0,False,False,Jacksonville,AL,36265,US,America/Chicago,33.8201052,-85.76647,198.0679016,1947.0,2024-11-16,18.0,0.0,4.4,0.737,0,False,False
401628547,2024,12,regular,2024-11-16T19:30:00.000Z,False,True,False,True,52660.0,3832,"Memorial Stadium (Champaign, IL)",356,Illinois,fbs,Big Ten,38.0,"[14, 7, 3, 14]",0.99127197265625,1556.0,1593.0,127,Michigan State,fbs,Big Ten,16.0,"[6, 3, 7, 0]",0.00872802734375,1402.0,1365.0,3.9335955194653955,,,,3832,"Memorial Stadium (Champaign, IL)",60670.0,False,False,Champaign,IL,61820,US,America/Chicago,40.0993268,-88.2359569,223.2471619,1923.0,2024-11-16,11.4,0.0,16.1,0.8679742871270809,0,False,False
401635581,2024,12,regular,2024-11-16T20:00:00.000Z,False,True,False,True,33493.0,3831,California Memorial Stadium,25,California,fbs,ACC,25.0,"[0, 7, 7, 11]",0.17002426087856293,1649.0,1610.0,183,Syracuse,fbs,ACC,33.0,"[6, 21, 3, 3]",0.8299757391214371,1386.0,1425.0,4.8873771385319476,,,,3831,California Memorial Stadium,62467.0,False,False,Berkeley,CA,94720,US,America/Los_Angeles,37.8710434,-122.2507729,125.3108063,1923.0,2024-11-16,13.6,0.0,9.6,0.5361710983399235,0,False,False
401643760,2024,12,regular,2024-11-16T20:00:00.000Z,False,True,False,True,,3905,Maverik Stadium,328,Utah State,fbs,Mountain West,55.0,"[17, 7, 21, 10]",0.982502818107605,1170.0,1321.0,62,Hawai'i,fbs,Mountain West,10.0,"[0, 3, 0, 7]",0.01749718189239502,1265.0,1114.0,2.1374518319933893,,,,3905,Maverik Stadium,25513.0,False,False,Logan,UT,84322,US,America/Denver,41.7517394,-111.8116007,1427.914429,1968.0,2024-11-16,1.7,0.0,1.7,,,True,False
401641022,2024,12,regular,2024-11-16T20:00:00.000Z,False,True,False,True,7736.0,4899,Fifth Third Stadium,338,Kennesaw State,fbs,Conference USA,17.0,"[0, 3, 7, 7, 0]",0.5700892210006714,1227.0,1230.0,2534,Sam Houston,fbs,Conference USA,23.0,"[0, 3, 7, 7, 6]",0.4299107789993286,1416.0,1413.0,5.869494169814326,,,,4899,Fifth Third Stadium,11040.0,True,False,Kennesaw,GA,30144,US,America/New_York,34.0289318,-84.5676234,296.9589844,2010.0,2024-11-16,17.9,0.0,6.2,0.7007246376811594,0,False,False
401628985,2024,12,regular,2024-11-16T20:30:00.000Z,False,True,False,False,77622.0,3855,Notre Dame Stadium,87,Notre Dame,fbs,FBS Independents,35.0,"[7, 21, 7, 0]",0.9839110970497131,2133.0,2115.0,258,Virginia,fbs,ACC,14.0,"[0, 0, 7, 7]",0.016088902950286865,1381.0,1399.0,2.6804055780137226,,,,3855,Notre Dame Stadium,80795.0,False,False,Notre Dame,IN,46556,US,America/Indiana/Indianapolis,41.698378,-86.2339425,222.645401,1930.0,2024-11-16,11.2,0.0,15.7,0.9607277678074139,1,False,False
401635517,2024,12,regular,2024-11-16T20:30:00.000Z,False,True,False,True,18685.0,3940,Stanford Stadium,24,Stanford,fbs,ACC,38.0,"[10, 3, 8, 17]",0.8145387172698975,1158.0,1168.0,97,Louisville,fbs,ACC,35.0,"[7, 14, 7, 7]",0.18546128273010254,1725.0,1715.0,5.764665266658283,,,,3940,Stanford Stadium,50424.0,True,False,Stanford,CA,94305,US,America/Los_Angeles,37.4345556,-122.1611271,18.38425636,2006.0,2024-11-16,13.5,0.0,7.3,0.3705576709503411,0,False,False
401635580,2024,12,regular,2024-11-16T20:30:00.000Z,False,True,False,True,34438.0,3735,Gerald J. Ford Stadium,2567,SMU,fbs,ACC,38.0,"[10, 10, 11, 7]",0.9798381328582764,1814.0,1806.0,103,Boston College,fbs,ACC,28.0,"[0, 14, 7, 7]",0.020161867141723633,1433.0,1441.0,5.301375495397462,,,,3735,Gerald J. Ford Stadium,32000.0,False,False,University Park,TX,75275,US,America/Chicago,32.8377223,-96.7827859,169.4058075,2000.0,2024-11-16,22.1,0.0,15.2,1.0761875,1,False,False
401628420,2024,12,regular,2024-11-16T20:30:00.000Z,False,True,False,True,90067.0,3634,Ben Hill Griffin Stadium,57,Florida,fbs,SEC,27.0,"[7, 3, 3, 14]",0.959041953086853,1598.0,1634.0,99,LSU,fbs,SEC,16.0,"[0, 10, 3, 3]",0.04095804691314697,1800.0,1764.0,5.33315691554045,,,,3634,Ben Hill Griffin Stadium,88548.0,True,False,Gainesville,FL,32653,US,America/New_York,29.6499357,-82.3485788,44.97250748,1930.0,2024-11-16,24.0,0.0,8.6,1.0171545376518951,1,False,False
401628552,2024,12,regular,2024-11-16T20:30:00.000Z,False,True,False,True,58346.0,3907,Ross-Ade Stadium,2509,Purdue,fbs,Big Ten,10.0,"[0, 3, 0, 7]",0.000837622019717758,1192.0,1172.0,213,Penn State,fbs,Big Ten,49.0,"[14, 7, 21, 7]",0.9991623779802823,1967.0,1987.0,1.8035917166,,,,3907,Ross-Ade Stadium,57282.0,True,False,West Lafayette,IN,47907,US,America/Indiana/Indianapolis,40.4352253,-86.9186843,197.5337677,1924.0,2024-11-16,12.7,0.0,14.0,1.0185747704339931,1,False,False
401645368,2024,12,regular,2024-11-16T20:30:00.000Z,False,True,False,True,15030.0,4418,Jerry Richardson Stadium,2429,Charlotte,fbs,American Athletic,24.0,"[7, 3, 7, 7]",0.03342616185545921,1182.0,1101.0,58,South Florida,fbs,American Athletic,59.0,"[7, 7, 31, 14]",0.9665738381445408,1339.0,1420.0,5.271316672734322,,,,4418,Jerry Richardson Stadium,15300.0,False,False,Charlotte,NC,28223,US,America/New_York,35.3105033,-80.7401194,190.365509,2013.0,2024-11-16,16.3,0.0,2.3,0.9823529411764705,1,False,False
401643757,2024,12,regular,2024-11-16T20:30:00.000Z,False,True,False,False,21385.0,3713,Falcon Stadium,2005,Air Force,fbs,Mountain West,28.0,"[7, 7, 0, 14]",0.993308961391449,1316.0,1406.0,204,Oregon State,fbs,Pac-12,0.0,"[0, 0, 0, 0]",0.006691038608551025,1446.0,1356.0,1.8552075852714331,,,,3713,Falcon Stadium,46692.0,False,False,Colorado Springs,CO,80840,US,America/Denver,38.9969701,-104.8436165,2024.875732,1962.0,2024-11-16,6.6,0.0,8.0,0.45800137068448554,0,False,False
401636929,2024,12,regular,2024-11-16T21:00:00.000Z,False,True,False,True,52376.0,3842,Milan Puskar Stadium,277,West Virginia,fbs,Big 12,35.0,"[7, 21, 0, 7]",0.0,1561.0,1529.0,239,Baylor,fbs,Big 12,49.0,"[14, 21, 0, 14]",1.0,1559.0,1591.0,6.470057922278158,,,,3842,Milan Puskar Stadium,60000.0,False,False,Morgantown,WV,26507,US,America/New_York,39.6502744,-79.9551873,327.409668,1980.0,2024-11-16,11.4,0.0,7.7,0.8729333333333333,0,False,False
401643833,2024,12,regular,2024-11-16T21:00:00.000Z,False,True,False,True,21984.0,3918,S.B. Ballard Stadium,295,Old Dominion,fbs,Sun Belt,32.0,"[7, 17, 0, 8]",0.41225598505539546,1472.0,1486.0,256,James Madison,fbs,Sun Belt,35.0,"[7, 14, 7, 7]",0.5877440149446045,1794.0,1780.0,8.3624957585,,,,3918,S.B. Ballard Stadium,20118.0,False,False,Norfolk,VA,23551,US,America/New_York,36.8889533,-76.3049175,3.147987843,1936.0,2024-11-16,14.8,0.0,10.7,1.092752758723531,1,False,False
401643830,2024,12,regular,2024-11-16T21:00:00.000Z,False,True,False,True,21762.0,3608,Allen E. Paulson Stadium,290,Georgia Southern,fbs,Sun Belt,20.0,"[7, 3, 7, 3]",0.0,1397.0,1386.0,2653,Troy,fbs,Sun Belt,28.0,"[0, 7, 7, 14]",1.0,1455.0,1466.0,5.32145550117369,,,,3608,Allen E. Paulson Stadium,25000.0,False,False,Statesboro,GA,30460,US,America/New_York,32.4122471,-81.7849296,61.25376892,1984.0,2024-11-16,19.2,0.0,3.0,0.87048,0,False,False
401628549,2024,12,regular,2024-11-16T21:00:00.000Z,False,True,False,True,75304.0,477,Los Angeles Memorial Coliseum,30,USC,fbs,Big Ten,28.0,"[7, 7, 7, 7]",0.995826166219086,1767.0,1761.0,158,Nebraska,fbs,Big Ten,20.0,"[7, 7, 6, 0]",0.00417383378091396,1453.0,1459.0,7.8481713683,,,,477,Los Angeles Memorial Coliseum,77500.0,True,False,Los Angeles,CA,90089,US,America/Los_Angeles,34.014167,-118.287778,42.50374222,1923.0,2024-11-16,19.4,0.0,7.4,0.9716645161290323,1,False,False
401628423,2024,12,regular,2024-11-16T21:15:00.000Z,False,True,False,True,79361.0,3994,Williams-Brice Stadium,2579,South Carolina,fbs,SEC,34.0,"[7, 14, 0, 13]",0.17378149926662445,1829.0,1828.0,142,Missouri,fbs,SEC,30.0,"[6, 0, 6, 18]",0.8262185007333755,1683.0,1684.0,5.160145911289666,,,,3994,Williams-Brice Stadium,80250.0,True,False,Columbia,SC,29208,US,America/New_York,33.9730239,-81.0191726,60.54548645,1934.0,2024-11-16,18.0,0.0,4.2,0.9889221183800623,1,False,False
401643831,2024,12,regular,2024-11-16T22:00:00.000Z,False,True,False,True,14047.0,4246,Center Parc Stadium,2247,Georgia State,fbs,Sun Belt,20.0,"[7, 0, 7, 6]",0.030450697988271713,1254.0,1238.0,2032,Arkansas State,fbs,Sun Belt,27.0,"[7, 0, 10, 10]",0.9695493020117283,1219.0,1235.0,6.351785663818993,,,,4246,Center Parc Stadium,25000.0,False,False,Atlanta,GA,30315,US,America/New_York,33.735267,-84.389949,287,2017.0,2024-11-16,17.3,0.0,0.4,0.56188,0,False,False
401628548,2024,12,regular,2024-11-16T23:00:00.000Z,False,True,False,True,31433.0,3665,SECU Stadium,120,Maryland,fbs,Big Ten,17.0,"[3, 7, 7, 0]",0.06721833348274231,1491.0,1453.0,164,Rutgers,fbs,Big Ten,31.0,"[0, 14, 7, 10]",0.9327816665172577,1434.0,1472.0,5.984811442880731,,,,3665,SECU Stadium,51802.0,False,False,College Park,MD,20742,US,America/New_York,38.9903332,-76.9473792,32.68748093,1950.0,2024-11-16,11.4,0.0,10.9,0.6067912435813289,0,False,False
401643758,2024,12,regular,2024-11-17T00:00:00.000Z,False,True,False,True,20517.0,3935,CEFCU Stadium,23,San José State,fbs,Mountain West,21.0,"[7, 7, 7, 0]",0.16972799599170685,1518.0,1489.0,68,Boise State,fbs,Mountain West,42.0,"[0, 14, 14, 14]",0.8302720040082932,1741.0,1770.0,4.752790814634451,,,,3935,CEFCU Stadium,30456.0,False,False,San Jose,CA,95112,US,America/Los_Angeles,37.3196675,-121.8682962,28.30708694,1933.0,2024-11-17,13.1,0.0,8.4,0.6736603624901497,0,False,False
401643834,2024,12,regular,2024-11-17T00:00:00.000Z,False,True,False,True,16063.0,3666,Cajun Field,309,Louisiana,fbs,Sun Belt,22.0,"[0, 3, 3, 16]",0.42303532361984253,1621.0,1618.0,6,South Alabama,fbs,Sun Belt,24.0,"[7, 17, 0, 0]",0.5769646763801575,1618.0,1621.0,3.605417965941981,,,,3666,Cajun Field,41426.0,False,False,Lafayette,LA,70506,US,America/Chicago,30.2158434,-92.0417371,3.556508303,1971.0,2024-11-17,21.0,0.0,8.0,0.38775165355091007,0,False,False
401643835,2024,12,regular,2024-11-17T00:00:00.000Z,False,True,False,True,22618.0,3644,Bobcat Stadium (TX),326,Texas State,fbs,Sun Belt,58.0,"[21, 13, 17, 7]",0.9452369213104248,1602.0,1693.0,2572,Southern Miss,fbs,Sun Belt,3.0,"[0, 3, 0, 0]",0.054763078689575195,1039.0,948.0,2.1976323694763558,,,,3644,Bobcat Stadium (TX),30000.0,False,False,San Marcos,TX,78666,US,America/Chicago,29.8910008,-97.9255735,177.8676453,1981.0,2024-11-17,22.6,0.0,9.7,0.7539333333333333,0,False,False
401636927,2024,12,regular,2024-11-17T00:00:00.000Z,False,True,False,True,51880.0,3636,Bill Snyder Family Stadium,2306,Kansas State,fbs,Big 12,14.0,"[0, 0, 6, 8]",0.06519926339387894,1771.0,1731.0,9,Arizona State,fbs,Big 12,24.0,"[7, 14, 3, 0]",0.9348007366061211,1568.0,1608.0,3.739081231971401,,,,3636,Bill Snyder Family Stadium,50000.0,False,False,Manhattan,KS,66502,US,America/Chicago,39.2020096,-96.5938395,328.0574646,1968.0,2024-11-17,15.1,0.0,18.8,1.0376,1,False,False
401628551,2024,12,regular,2024-11-17T00:30:00.000Z,False,True,False,True,76298.0,347,Camp Randall Stadium,275,Wisconsin,fbs,Big Ten,13.0,"[0, 10, 3, 0]",0.0,1641.0,1659.0,2483,Oregon,fbs,Big Ten,16.0,"[6, 0, 0, 10]",1.0,2047.0,2029.0,6.273681476727409,,,,347,Camp Randall Stadium,80321.0,False,False,Madison,WI,53711,US,America/Chicago,43.06994,-89.4126943,263.604126,1917.0,2024-11-17,7.5,0.0,18.5,0.9499134721928263,1,False,False
401628421,2024,12,regular,2024-11-17T00:30:00.000Z,False,True,False,True,93033.0,3917,Sanford Stadium,61,Georgia,fbs,SEC,31.0,"[0, 17, 7, 7]",0.9929498434066772,2007.0,2029.0,2633,Tennessee,fbs,SEC,17.0,"[10, 7, 0, 0]",0.007050156593322754,1930.0,1908.0,5.512019683714967,,,,3917,Sanford Stadium,92746.0,True,False,Athens,GA,30602,US,America/New_York,33.9498197,-83.3733813,186.1120758,1929.0,2024-11-17,12.7,0.0,3.4,1.003094473077006,1,False,False
401628424,2024,12,regular,2024-11-17T00:45:00.000Z,False,True,False,False,105815.0,3795,Kyle Field,245,Texas A&M,fbs,SEC,38.0,"[17, 7, 7, 7]",0.9867249131202698,1746.0,1770.0,166,New Mexico State,fbs,Conference USA,3.0,"[0, 0, 0, 3]",0.013275086879730225,1121.0,1097.0,1.9732749908394778,,,,3795,Kyle Field,102733.0,True,False,College Station,TX,77843,US,America/Chicago,30.6098891,-96.3403828,108.824585,1927.0,2024-11-17,23.1,0.0,16.4,1.0300000973397059,1,False,False
401636926,2024,12,regular,2024-11-17T01:00:00.000Z,False,True,False,True,52881.0,3772,Jack Trice Stadium,66,Iowa State,fbs,Big 12,34.0,"[7, 3, 10, 14]",0.7731809020042419,1728.0,1746.0,2132,Cincinnati,fbs,Big 12,17.0,"[7, 3, 0, 7]",0.22681909799575806,1524.0,1506.0,5.345293457370588,,,,3772,Jack Trice Stadium,61500.0,True,False,Ames,IA,50011,US,America/Chicago,42.0139977,-93.6357716,274.9135437,1975.0,2024-11-17,10.0,0.0,18.1,0.8598536585365854,0,False,False
401645367,2024,12,regular,2024-11-17T01:00:00.000Z,False,True,False,True,24225.0,3805,Simmons Bank Liberty Stadium,235,Memphis,fbs,American Athletic,53.0,"[11, 7, 7, 28]",0.9952467679977417,1569.0,1621.0,5,UAB,fbs,American Athletic,18.0,"[0, 8, 3, 7]",0.004753232002258301,1197.0,1145.0,2.7666542203130837,,,,3805,Simmons Bank Liberty Stadium,58325.0,False,False,Memphis,TN,38152,US,America/Chicago,35.1209429,-89.977147,90.62445831,1965.0,2024-11-17,14.0,0.0,6.9,0.4153450492927561,0,False,False
401635583,2024,12,regular,2024-11-17T01:00:00.000Z,False,True,False,True,48364.0,3787,Kenan Stadium,153,North Carolina,fbs,ACC,31.0,"[0, 10, 14, 7]",0.7997316718101501,1612.0,1608.0,154,Wake Forest,fbs,ACC,24.0,"[3, 0, 14, 7]",0.20026832818984985,1353.0,1357.0,4.931720440611799,,,,3787,Kenan Stadium,50500.0,False,False,Chapel Hill,NC,27515,US,America/New_York,35.9069294,-79.0478889,127.7569809,1927.0,2024-11-17,8.2,0.0,5.3,0.9577029702970297,1,False,False
401643761,2024,12,regular,2024-11-17T02:30:00.000Z,False,True,False,False,14067.0,3971,University Stadium (NM),167,New Mexico,fbs,Mountain West,38.0,"[7, 7, 14, 10]",0.38932960123114607,1263.0,1269.0,265,Washington State,fbs,Pac-12,35.0,"[14, 14, 0, 7]",0.610670398768854,1606.0,1600.0,8.4413070753,,,,3971,University Stadium (NM),39224.0,False,False,Albuquerque,NM,87131,US,America/Denver,35.0669479,-106.6283225,1554.471924,1960.0,2024-11-17,10.6,0.0,6.5,0.3586324699163777,0,False,False
401636924,2024,12,regular,2024-11-17T03:15:00.000Z,False,True,False,True,62704.0,3801,LaVell Edwards Stadium,252,BYU,fbs,Big 12,13.0,"[0, 10, 3, 0]",0.28021949529647827,1674.0,1667.0,2305,Kansas,fbs,Big 12,17.0,"[7, 3, 0, 7]",0.7197805047035217,1664.0,1671.0,5.333465718202751,,,,3801,LaVell Edwards Stadium,63470.0,True,False,Provo,UT,84602,US,America/Denver,40.2575347,-111.6545247,1412.097046,1964.0,2024-11-17,-1.3,0.0,1.3,0.9879313061288798,1,False,False
401643762,2024,12,regular,2024-11-17T03:30:00.000Z,False,True,False,True,30386.0,6501,Allegiant Stadium,2439,UNLV,fbs,Mountain West,41.0,"[7, 21, 10, 3]",1.0,1650.0,1665.0,21,San Diego State,fbs,Mountain West,20.0,"[0, 6, 7, 7]",0.0,1298.0,1283.0,2.801890621769447,,,,6501,Allegiant Stadium,65000.0,False,True,Las Vegas,NV,89118,US,America/Los_Angeles,36.09075,-115.183722,666,2020.0,2024-11-17,11.5,0.0,8.8,0.46747692307692307,0,False,False
401644769,2024,13,regular,2024-11-20T00:00:00.000Z,False,True,False,True,6768.0,3696,Dix Stadium,2309,Kent State,fbs,Mid-American,17.0,"[7, 3, 0, 7]",0.07420440763235092,835.0,805.0,2006,Akron,fbs,Mid-American,38.0,"[10, 13, 15, 0]",0.9257955923676491,1055.0,1085.0,3.804020533717492,,,,3696,Dix Stadium,25319.0,False,False,Kent,OH,44242,US,America/New_York,41.1390935,-81.31346,321.3641663,1969.0,2024-11-20,13.7,0.0,9.8,0.2673091354318891,0,False,False
401644770,2024,13,regular,2024-11-20T00:30:00.000Z,False,True,False,True,13102.0,3786,Kelly/Shorts Stadium,2117,Central Michigan,fbs,Mid-American,16.0,"[7, 6, 0, 3]",0.9996080994606018,1091.0,1094.0,2711,Western Michigan,fbs,Mid-American,14.0,"[0, 0, 7, 7]",0.00039190053939819336,1249.0,1246.0,4.326444538979832,,,,3786,Kelly/Shorts Stadium,30255.0,False,False,Mount Pleasant,MI,48859,US,America/Detroit,43.5777313,-84.7709904,240.9007721,1972.0,2024-11-20,12.8,0.0,10.2,0.43305238803503554,0,False,False
401644690,2024,13,regular,2024-11-20T01:00:00.000Z,False,True,False,True,5891.0,3996,Yager Stadium,193,Miami (OH),fbs,Mid-American,20.0,"[7, 10, 0, 3]",0.5566905736923218,1544.0,1558.0,2459,Northern Illinois,fbs,Mid-American,9.0,"[0, 3, 0, 6]",0.4433094263076782,1464.0,1450.0,2.8304017864524567,,,,3996,Yager Stadium,24286.0,False,False,Oxford,OH,45056,US,America/New_York,39.5197009,-84.7330255,242.2643585,1983.0,2024-11-20,12.7,0.0,6.4,0.2425677344972412,0,False,False
401644773,2024,13,regular,2024-11-21T00:00:00.000Z,False,True,False,True,14543.0,3739,Glass Bowl,2649,Toledo,fbs,Mid-American,7.0,"[0, 7, 0, 0]",0.0526498444378376,1495.0,1459.0,195,Ohio,fbs,Mid-American,24.0,"[0, 0, 7, 17]",0.9473501555621624,1546.0,1582.0,4.535534597248482,,,,3739,Glass Bowl,26038.0,False,False,Toledo,OH,43606,US,America/New_York,41.6574777,-83.6135652,181.4839783,1937.0,2024-11-21,4.8,0.0,12.3,0.5585298410016131,0,False,False
401644772,2024,13,regular,2024-11-21T00:00:00.000Z,False,True,False,True,12004.0,3912,Rynearson Stadium,2199,Eastern Michigan,fbs,Mid-American,20.0,"[0, 0, 13, 7]",0.0,1225.0,1183.0,2084,Buffalo,fbs,Mid-American,37.0,"[8, 9, 6, 14]",1.0,1217.0,1259.0,5.37936371321777,,,,3912,Rynearson Stadium,30200.0,False,False,Ypsilanti,MI,48197,US,America/Detroit,42.256126,-83.647285,241.248764,1969.0,2024-11-21,3.4,0.0,13.6,0.3974834437086093,0,False,False
401634772,2024,13,regular,2024-11-22T00:30:00.000Z,False,True,False,True,34591.0,721,Bobby Dodd Stadium,59,Georgia Tech,fbs,ACC,30.0,"[7, 6, 3, 14]",0.8967820405960083,1577.0,1575.0,152,NC State,fbs,ACC,29.0,"[7, 0, 0, 22]",0.1032179594039917,1499.0,1501.0,6.921749317598019,,,,721,Bobby Dodd Stadium,55000.0,False,False,Atlanta,GA,30332,US,America/New_York,33.7724449,-84.3928054,279.300415,1913.0,2024-11-22,7.9,0.0,18.0,0.6289272727272728,0,False,False
401645374,2024,13,regular,2024-11-23T00:00:00.000Z,False,True,False,True,20121.0,3604,Alamodome,2636,UTSA,fbs,American Athletic,51.0,"[7, 21, 10, 13]",0.990747332572937,1463.0,1479.0,218,Temple,fbs,American Athletic,27.0,"[3, 14, 7, 3]",0.009252667427062988,1042.0,1026.0,4.093751479209763,,,,3604,Alamodome,36582.0,False,True,San Antonio,TX,78299,US,America/Chicago,29.4169834,-98.4788143,201.5526886,1993.0,2024-11-23,17.5,0.0,4.6,0.5500246022634082,0,False,False
401628558,2024,13,regular,2024-11-23T01:00:00.000Z,False,True,False,True,57558.0,3936,Spartan Stadium,127,Michigan State,fbs,Big Ten,24.0,"[7, 17, 0, 0]",0.8620511293411255,1365.0,1364.0,2509,Purdue,fbs,Big Ten,17.0,"[3, 0, 7, 7]",0.1379488706588745,1172.0,1173.0,3.171925120433743,,,,3936,Spartan Stadium,75005.0,True,False,East Lansing,MI,48824,US,America/Detroit,42.7281474,-84.4848526,254.8794861,1923.0,2024-11-23,6.2,0.0,22.0,0.7673888407439504,0,False,False
401643767,2024,13,regular,2024-11-23T03:00:00.000Z,False,True,False,True,13671.0,3935,CEFCU Stadium,23,San José State,fbs,Mountain West,16.0,"[0, 16, 0, 0]",0.14000453054904938,1489.0,1481.0,2439,UNLV,fbs,Mountain West,27.0,"[3, 7, 10, 7]",0.8599954694509506,1665.0,1673.0,5.654143139953593,,,,3935,CEFCU Stadium,30456.0,False,False,San Jose,CA,95112,US,America/Los_Angeles,37.3196675,-121.8682962,28.30708694,1933.0,2024-11-23,15.7,2.5,19.2,0.44887706855791965,0,False,False
401635619,2024,13,regular,2024-11-23T17:00:00.000Z,False,True,False,True,36305.0,3923,Scott Stadium,258,Virginia,fbs,ACC,7.0,"[0, 0, 0, 7]",0.0009218386840075254,1399.0,1375.0,2567,SMU,fbs,ACC,33.0,"[7, 10, 3, 13]",0.9990781613159925,1806.0,1830.0,3.876500710518288,,,,3923,Scott Stadium,61500.0,True,False,Charlottesville,VA,22904,US,America/New_York,38.0311801,-78.5137897,170.4677429,1931.0,2024-11-23,12.5,0.0,19.8,0.5903252032520325,0,False,False
401635518,2024,13,regular,2024-11-23T17:00:00.000Z,False,True,False,False,35453.0,1964,JMA Wireless Dome,183,Syracuse,fbs,ACC,31.0,"[7, 14, 3, 7]",0.9888649582862854,1425.0,1434.0,41,UConn,fbs,FBS Independents,24.0,"[7, 7, 3, 7]",0.0111350417137146,1423.0,1414.0,3.7018182922725513,,,,1964,JMA Wireless Dome,49057.0,False,True,Syracuse,NY,13244,US,America/New_York,43.0362269,-76.1363161,162.6989746,1980.0,2024-11-23,6.4,0.0,23.6,0.722689932119779,0,False,False
401635612,2024,13,regular,2024-11-23T17:00:00.000Z,False,True,False,True,37801.0,3615,"Alumni Stadium (Chestnut Hill, MA)",103,Boston College,fbs,ACC,41.0,"[3, 21, 3, 14]",0.9886507987976074,1441.0,1506.0,153,North Carolina,fbs,ACC,21.0,"[0, 7, 0, 14]",0.011349201202392578,1608.0,1543.0,3.8425672072818897,,,,3615,"Alumni Stadium (Chestnut Hill, MA)",44500.0,False,False,Chestnut Hill,MA,2467 ,US,America/New_York,42.335104,-71.1664413,39.82634354,1957.0,2024-11-23,5.9,0.3,21.8,0.8494606741573034,0,False,False
401635618,2024,13,regular,2024-11-23T17:00:00.000Z,False,True,False,True,64210.0,3948,Hard Rock Stadium,2390,Miami,fbs,ACC,42.0,"[10, 10, 0, 22]",0.9769409894943237,1858.0,1877.0,154,Wake Forest,fbs,ACC,14.0,"[7, 7, 0, 0]",0.02305901050567627,1357.0,1338.0,3.6548371226781655,,,,3948,Hard Rock Stadium,64767.0,False,False,Miami Gardens,FL,33299,US,America/New_York,25.9579665,-80.2388604,2.624486446,1987.0,2024-11-23,20.1,0.0,9.6,0.9913999413281455,1,False,False
401628555,2024,13,regular,2024-11-23T17:00:00.000Z,False,True,False,True,105751.0,3861,Ohio Stadium,194,Ohio State,fbs,Big Ten,38.0,"[0, 14, 14, 10]",0.9810001850128174,2086.0,2120.0,84,Indiana,fbs,Big Ten,15.0,"[7, 0, 0, 8]",0.018999814987182617,1876.0,1842.0,3.5133640512372524,,,,3861,Ohio Stadium,102780.0,False,False,Columbus,OH,43210,US,America/New_York,40.0016447,-83.0197266,216.6770325,1922.0,2024-11-23,7.7,0.1,19.3,1.02890640202374,1,False,False
401628554,2024,13,regular,2024-11-23T17:00:00.000Z,False,True,False,True,47524.0,6577,SHI Stadium,164,Rutgers,fbs,Big Ten,31.0,"[3, 14, 0, 14]",0.08114991337060928,1472.0,1468.0,356,Illinois,fbs,Big Ten,38.0,"[0, 9, 6, 23]",0.9188500866293907,1593.0,1597.0,7.133938527182541,,,,6577,SHI Stadium,52454.0,False,False,Piscataway,NJ,08854,US,America/New_York,40.513611,-74.465278,19,1994.0,2024-11-23,7.8,0.0,32.3,0.9060128874823655,1,False,False
401628556,2024,13,regular,2024-11-23T17:00:00.000Z,False,True,False,True,30214.0,3665,SECU Stadium,120,Maryland,fbs,Big Ten,13.0,"[0, 0, 6, 7]",0.017935680225491524,1453.0,1447.0,2294,Iowa,fbs,Big Ten,29.0,"[3, 10, 6, 10]",0.9820643197745085,1780.0,1786.0,3.7794278238840353,,,,3665,SECU Stadium,51802.0,False,False,College Park,MD,20742,US,America/New_York,38.9903332,-76.9473792,32.68748093,1950.0,2024-11-23,11.3,0.0,25.1,0.5832593336164626,0,False,False
401641005,2024,13,regular,2024-11-23T17:00:00.000Z,False,True,False,True,16312.0,3662,AmFirst Stadium,55,Jacksonville State,fbs,Conference USA,21.0,"[7, 7, 0, 7]",0.447383314371109,1640.0,1641.0,2534,Sam Houston,fbs,Conference USA,11.0,"[0, 3, 8, 0]",0.552616685628891,1413.0,1412.0,3.31710391580976,,,,3662,AmFirst Stadium,24000.0,False,False,Jacksonville,AL,36265,US,America/Chicago,33.8201052,-85.76647,198.0679016,1947.0,2024-11-23,10.7,0.0,9.6,0.6796666666666666,0,False,False
401628429,2024,13,regular,2024-11-23T17:00:00.000Z,False,True,False,True,89942.0,3634,Ben Hill Griffin Stadium,57,Florida,fbs,SEC,24.0,"[0, 14, 3, 7]",0.5597763657569885,1634.0,1667.0,145,Ole Miss,fbs,SEC,17.0,"[0, 14, 3, 0]",0.4402236342430115,2010.0,1977.0,6.418535554203734,,,,3634,Ben Hill Griffin Stadium,88548.0,True,False,Gainesville,FL,32653,US,America/New_York,29.6499357,-82.3485788,44.97250748,1930.0,2024-11-23,15.2,0.0,8.6,1.0157428739214889,1,False,False
401628430,2024,13,regular,2024-11-23T17:45:00.000Z,False,True,False,False,93033.0,3917,Sanford Stadium,61,Georgia,fbs,SEC,59.0,"[7, 21, 17, 14]",0.9873310327529907,2029.0,2023.0,113,Massachusetts,fbs,FBS Independents,21.0,"[7, 7, 7, 0]",0.012668967247009277,1017.0,1023.0,3.1187392814344728,,,,3917,Sanford Stadium,92746.0,True,False,Athens,GA,30602,US,America/New_York,33.9498197,-83.3733813,186.1120758,1929.0,2024-11-23,13.1,0.0,12.8,1.003094473077006,1,False,False
401640996,2024,13,regular,2024-11-23T18:00:00.000Z,False,True,False,True,17930.0,3992,Williams Stadium (VA),2335,Liberty,fbs,Conference USA,38.0,"[0, 21, 7, 10]",0.9917790293693542,1545.0,1576.0,98,Western Kentucky,fbs,Conference USA,21.0,"[0, 7, 14, 0]",0.008220970630645752,1482.0,1451.0,4.000666168120101,,,,3992,Williams Stadium (VA),25000.0,False,False,Lynchburg,VA,24502,US,America/New_York,37.3544305,-79.1750239,272.9237061,1989.0,2024-11-23,11.9,0.0,21.9,0.7172,0,False,False
401628435,2024,13,regular,2024-11-23T18:00:00.000Z,False,True,False,False,101915.0,3853,Neyland Stadium,2633,Tennessee,fbs,SEC,56.0,"[0, 28, 21, 7]",0.9860267043113708,1908.0,1979.0,2638,UTEP,fbs,Conference USA,0.0,"[0, 0, 0, 0]",0.01397329568862915,1165.0,1094.0,3.7263349171015285,,,,3853,Neyland Stadium,102455.0,True,False,Knoxville,TN,37996,US,America/New_York,35.9550131,-83.9250128,271.9517212,1921.0,2024-11-23,9.4,0.0,5.4,0.994729393392221,1,False,False
401635616,2024,13,regular,2024-11-23T18:30:00.000Z,False,True,False,False,43711.0,3697,Doak Campbell Stadium,52,Florida State,fbs,ACC,41.0,"[0, 17, 14, 10]",0.9945473670959473,1353.0,1353.0,2127,Charleston Southern,fcs,Big South-OVC,7.0,"[0, 0, 0, 7]",0.005452632904052734,,,3.047874592245136,,,,3697,Doak Campbell Stadium,67277.0,True,False,Tallahassee,FL,32306,US,America/New_York,30.4381692,-84.3044032,19.55942535,1950.0,2024-11-23,16.2,0.0,6.2,0.6497168423086642,0,False,False
401645373,2024,13,regular,2024-11-23T19:00:00.000Z,False,True,False,True,16181.0,7221,Protective Stadium,5,UAB,fbs,American Athletic,40.0,"[14, 13, 0, 13]",1.0,1145.0,1231.0,242,Rice,fbs,American Athletic,14.0,"[14, 0, 0, 0]",0.0,1301.0,1215.0,4.373395452564022,,,,7221,Protective Stadium,45000.0,False,False,Birmingham,AL,35203,US,America/Chicago,33.5206824,-86.8024326,187,2021.0,2024-11-23,12.5,0.0,6.5,0.3595777777777778,0,False,False
401644774,2024,13,regular,2024-11-23T19:00:00.000Z,False,True,False,True,7116.0,3919,Scheumann Stadium,2050,Ball State,fbs,Mid-American,13.0,"[0, 7, 0, 6]",0.0012204669183120131,1115.0,1089.0,189,Bowling Green,fbs,Mid-American,38.0,"[7, 3, 18, 10]",0.998779533081688,1472.0,1498.0,4.915044510800161,,,,3919,Scheumann Stadium,22500.0,False,False,Muncie,IN,47306,US,America/Indiana/Indianapolis,40.2159422,-85.4161148,285.481781,1967.0,2024-11-23,6.8,0.0,14.9,0.31626666666666664,0,False,False
401643836,2024,13,regular,2024-11-23T19:30:00.000Z,False,True,False,True,34012.0,3792,Kidd Brewer Stadium,2026,App State,fbs,Sun Belt,34.0,"[0, 24, 7, 3]",0.9537871479988098,1332.0,1405.0,256,James Madison,fbs,Sun Belt,20.0,"[7, 10, 3, 0]",0.046212852001190186,1780.0,1707.0,3.8507133456466867,,,,3792,Kidd Brewer Stadium,30000.0,False,False,Boone,NC,28608,US,America/New_York,36.2114267,-81.6854278,991.3414307,1962.0,2024-11-23,2.1,0.0,21.3,1.1337333333333333,1,False,False
401641027,2024,13,regular,2024-11-23T19:30:00.000Z,False,True,False,True,10123.0,3725,"Johnny ""Red"" Floyd Stadium",2393,Middle Tennessee,fbs,Conference USA,21.0,"[0, 7, 7, 7]",0.0,1144.0,1104.0,166,New Mexico State,fbs,Conference USA,36.0,"[10, 3, 13, 10]",1.0,1097.0,1137.0,4.994034360974621,,,,3725,"Johnny ""Red"" Floyd Stadium",30788.0,False,False,Murfreesboro,TN,37132,US,America/Chicago,35.8511463,-86.3681649,191.7279816,1933.0,2024-11-23,11.7,0.0,2.6,0.3287969338703391,0,False,False
401643841,2024,13,regular,2024-11-23T20:00:00.000Z,False,True,False,True,20074.0,3815,M. M. Roberts Stadium,2572,Southern Miss,fbs,Sun Belt,14.0,"[8, 3, 0, 3]",0.02268652431666851,948.0,961.0,6,South Alabama,fbs,Sun Belt,35.0,"[0, 14, 14, 7]",0.9773134756833315,1621.0,1608.0,4.708429732587975,,,,3815,M. M. Roberts Stadium,36000.0,False,False,Hattiesburg,MS,39402,US,America/Chicago,31.3289321,-89.3318118,64.52726746,1932.0,2024-11-23,16.8,0.0,2.1,0.5576111111111111,0,False,False
401645371,2024,13,regular,2024-11-23T20:00:00.000Z,False,True,False,True,15066.0,3715,FAU Stadium,2226,Florida Atlantic,fbs,American Athletic,27.0,"[3, 7, 10, 7]",0.46418288350105286,1123.0,1095.0,2429,Charlotte,fbs,American Athletic,39.0,"[10, 6, 10, 13]",0.5358171164989471,1101.0,1129.0,6.810475733496954,,,,3715,FAU Stadium,29419.0,False,False,Boca Raton,FL,33499,US,America/New_York,26.3763763,-80.1015759,3.613628864,2011.0,2024-11-23,20.6,0.0,5.9,0.512118018967334,0,False,False
401640987,2024,13,regular,2024-11-23T20:00:00.000Z,False,True,False,True,6210.0,4899,Fifth Third Stadium,338,Kennesaw State,fbs,Conference USA,27.0,"[3, 14, 0, 10]",0.25141119956970215,1230.0,1233.0,2229,Florida International,fbs,Conference USA,26.0,"[0, 20, 6, 0]",0.7485888004302979,1300.0,1297.0,6.317093636173363,,,,4899,Fifth Third Stadium,11040.0,True,False,Kennesaw,GA,30144,US,America/New_York,34.0289318,-84.5676234,296.9589844,2010.0,2024-11-23,12.0,0.0,13.7,0.5625,0,False,False
401643839,2024,13,regular,2024-11-23T20:00:00.000Z,False,True,False,True,14029.0,3625,Centennial Bank Stadium,2032,Arkansas State,fbs,Sun Belt,28.0,"[7, 7, 7, 7]",0.9449933767318726,1235.0,1241.0,2433,UL Monroe,fbs,Sun Belt,21.0,"[7, 0, 7, 7]",0.05500662326812744,1166.0,1160.0,5.680124569362166,,,,3625,Centennial Bank Stadium,30382.0,False,False,Jonesboro,AR,72404,US,America/Chicago,35.8488977,-90.6677436,89.52690887,1974.0,2024-11-23,12.7,0.0,5.2,0.4617536699361464,0,False,False
401636935,2024,13,regular,2024-11-23T20:00:00.000Z,False,True,False,True,42977.0,3616,Amon G. Carter Stadium,2628,TCU,fbs,Big 12,49.0,"[14, 7, 14, 14]",1.0,1578.0,1614.0,12,Arizona,fbs,Big 12,28.0,"[7, 6, 0, 15]",0.0,1440.0,1404.0,3.2501533187441023,,,,3616,Amon G. Carter Stadium,46000.0,True,False,Fort Worth,TX,76129,US,America/Chicago,32.7096604,-97.3680835,185.4387054,1929.0,2024-11-23,22.1,0.0,13.4,0.9342826086956522,1,False,False
401636937,2024,13,regular,2024-11-23T20:30:00.000Z,False,True,False,True,40722.0,3842,Milan Puskar Stadium,277,West Virginia,fbs,Big 12,31.0,"[14, 7, 7, 3]",0.8476546406745911,1529.0,1553.0,2116,UCF,fbs,Big 12,21.0,"[0, 7, 7, 7]",0.15234535932540894,1620.0,1596.0,2.7958646629617636,,,,3842,Milan Puskar Stadium,60000.0,False,False,Morgantown,WV,26507,US,America/New_York,39.6502744,-79.9551873,327.409668,1980.0,2024-11-23,7.4,0.0,19.6,0.6787,0,False,False
401628557,2024,13,regular,2024-11-23T20:30:00.000Z,False,True,False,True,109830.0,3558,Michigan Stadium,130,Michigan,fbs,Big Ten,50.0,"[10, 7, 14, 19]",0.9438161849975586,1777.0,1867.0,77,Northwestern,fbs,Big Ten,6.0,"[0, 6, 0, 0]",0.056183815002441406,1486.0,1396.0,2.983166654095502,,,,3558,Michigan Stadium,107601.0,False,False,Ann Arbor,MI,48109,US,America/Detroit,42.2658365,-83.7486956,255.5500031,1927.0,2024-11-23,7.4,0.0,19.0,1.020715420860401,1,False,False
401628559,2024,13,regular,2024-11-23T20:30:00.000Z,False,True,False,True,44266.0,3953,Huntington Bank Stadium,135,Minnesota,fbs,Big Ten,25.0,"[7, 12, 3, 3]",0.1375134438276291,1590.0,1606.0,213,Penn State,fbs,Big Ten,26.0,"[0, 16, 7, 3]",0.8624865561723709,1987.0,1971.0,4.8314334971113935,,,,3953,Huntington Bank Stadium,50850.0,False,False,Minneapolis,MN,55488,US,America/Chicago,44.976525,-93.2245462,254.3902283,2009.0,2024-11-23,4.1,0.0,0.8,0.8705211406096361,0,False,False
401636934,2024,13,regular,2024-11-23T20:30:00.000Z,False,True,False,True,52202.0,3646,Boone Pickens Stadium,197,Oklahoma State,fbs,Big 12,48.0,"[7, 7, 14, 20]",0.42045173048973083,1375.0,1372.0,2641,Texas Tech,fbs,Big 12,56.0,"[14, 7, 14, 21]",0.5795482695102692,1537.0,1540.0,9.935029690989401,,,,3646,Boone Pickens Stadium,55509.0,False,False,Stillwater,OK,74078,US,America/Chicago,36.125673,-97.066513,276.4808655,1919.0,2024-11-23,18.5,0.0,19.1,0.9404240753751644,1,False,False
401635614,2024,13,regular,2024-11-23T20:30:00.000Z,False,True,False,False,80300.0,3836,"Memorial Stadium (Clemson, SC)",228,Clemson,fbs,ACC,51.0,"[14, 21, 10, 6]",0.9824963808059692,1824.0,1824.0,2643,The Citadel,fcs,Southern,14.0,"[0, 0, 7, 7]",0.01750361919403076,,,2.128136332550022,,,,3836,"Memorial Stadium (Clemson, SC)",81500.0,True,False,Clemson,SC,29634,US,America/New_York,34.6787737,-82.8432428,205.6452179,1942.0,2024-11-23,16.0,0.0,7.2,0.9852760736196319,1,False,False
401628560,2024,13,regular,2024-11-23T20:30:00.000Z,False,True,False,True,86923.0,3834,"Memorial Stadium (Lincoln, NE)",158,Nebraska,fbs,Big Ten,44.0,"[7, 17, 10, 10]",0.9763728976249695,1459.0,1524.0,275,Wisconsin,fbs,Big Ten,25.0,"[7, 3, 7, 8]",0.023627102375030518,1659.0,1594.0,3.812255433388763,,,,3834,"Memorial Stadium (Lincoln, NE)",85458.0,False,False,Lincoln,NE,68588,US,America/Chicago,40.820682,-96.705594,354.9318848,1923.0,2024-11-23,12.2,0.0,12.4,1.017142924009455,1,False,False
401645375,2024,13,regular,2024-11-23T20:30:00.000Z,False,True,False,True,27623.0,3886,Raymond James Stadium,58,South Florida,fbs,American Athletic,63.0,"[28, 14, 7, 14]",0.9899627566337585,1420.0,1457.0,202,Tulsa,fbs,American Athletic,30.0,"[0, 7, 0, 23]",0.010037243366241455,971.0,934.0,2.8025375964279213,,,,3886,Raymond James Stadium,65828.0,True,False,Tampa,FL,33620,US,America/New_York,27.9758691,-82.5033344,11.07972908,1998.0,2024-11-23,18.4,0.0,10.2,0.41962386826274534,0,False,False
401643837,2024,13,regular,2024-11-23T20:30:00.000Z,False,True,False,True,14556.0,3654,Brooks Stadium (SC),324,Coastal Carolina,fbs,Sun Belt,6.0,"[3, 0, 3, 0]",0.0,1386.0,1335.0,290,Georgia Southern,fbs,Sun Belt,26.0,"[10, 3, 0, 13]",1.0,1386.0,1437.0,3.786611354215834,,,,3654,Brooks Stadium (SC),21000.0,False,False,Conway,SC,29528,US,America/New_York,33.7928506,-79.0166946,13.74894905,2003.0,2024-11-23,15.1,0.0,9.9,0.6931428571428572,0,False,False
401628436,2024,13,regular,2024-11-23T20:30:00.000Z,False,True,False,True,102811.0,3910,DKR-Texas Memorial Stadium,251,Texas,fbs,SEC,31.0,"[7, 17, 0, 7]",0.8899090886116028,2071.0,2063.0,96,Kentucky,fbs,SEC,14.0,"[0, 7, 7, 0]",0.11009091138839722,1537.0,1545.0,3.1557316581143473,,,,3910,DKR-Texas Memorial Stadium,100119.0,False,False,Austin,TX,78712,US,America/Chicago,30.2836813,-97.7325345,160.3089447,1924.0,2024-11-23,23.1,0.0,14.0,1.0268880032761014,1,False,False
401643766,2024,13,regular,2024-11-23T20:30:00.000Z,False,True,False,True,12583.0,3905,Maverik Stadium,328,Utah State,fbs,Mountain West,41.0,"[0, 14, 7, 20]",0.9596592783927917,1321.0,1367.0,21,San Diego State,fbs,Mountain West,20.0,"[3, 10, 0, 7]",0.04034072160720825,1283.0,1237.0,5.257574675451709,,,,3905,Maverik Stadium,25513.0,False,False,Logan,UT,84322,US,America/Denver,41.7517394,-111.8116007,1427.914429,1968.0,2024-11-23,7.9,0.0,10.0,0.49319954532983185,0,False,False
401636932,2024,13,regular,2024-11-23T20:30:00.000Z,False,True,True,True,56470.0,3622,GEHA Field at Arrowhead Stadium,2305,Kansas,fbs,Big 12,37.0,"[10, 13, 7, 7]",0.9880779981613159,1671.0,1714.0,38,Colorado,fbs,Big 12,21.0,"[0, 14, 7, 0]",0.011922001838684082,1684.0,1641.0,3.1588420188716957,,,,3622,GEHA Field at Arrowhead Stadium,76416.0,True,False,Kansas City,MO,64129,US,America/Chicago,39.048889,-94.483889,256.798584,1972.0,2024-11-23,12.1,0.0,12.3,0.7389813651591289,,False,False
401645372,2024,13,regular,2024-11-23T20:30:00.000Z,False,True,False,True,17387.0,3825,DATCU Stadium,249,North Texas,fbs,American Athletic,28.0,"[14, 7, 7, 0]",0.10445157438516617,1400.0,1373.0,151,East Carolina,fbs,American Athletic,40.0,"[0, 7, 24, 9]",0.8955484256148338,1391.0,1418.0,5.721435480516302,,,,3825,DATCU Stadium,30850.0,False,False,Denton,TX,76210,US,America/Chicago,33.203899,-97.159245,198.6871948,2011.0,2024-11-23,20.8,0.0,17.1,0.5635980551053484,0,False,False
401636930,2024,13,regular,2024-11-23T20:30:00.000Z,False,True,False,True,55400.0,3947,Mountain America Stadium,9,Arizona State,fbs,Big 12,28.0,"[7, 14, 7, 0]",1.0,1608.0,1615.0,252,BYU,fbs,Big 12,23.0,"[0, 3, 14, 6]",0.0,1667.0,1660.0,3.8783119818220886,,,,3947,Mountain America Stadium,65870.0,True,False,Tempe,AZ,85287,US,America/Phoenix,33.4264471,-111.9325005,360.1569519,1958.0,2024-11-23,23.6,0.0,1.3,0.841050554121755,0,False,False
401635613,2024,13,regular,2024-11-23T20:30:00.000Z,False,True,False,True,52428.0,3831,California Memorial Stadium,25,California,fbs,ACC,24.0,"[0, 7, 3, 14]",0.9074411392211914,1610.0,1606.0,24,Stanford,fbs,ACC,21.0,"[14, 0, 7, 0]",0.0925588607788086,1168.0,1172.0,5.624663686290698,,,,3831,California Memorial Stadium,62467.0,False,False,Berkeley,CA,94720,US,America/Los_Angeles,37.8710434,-122.2507729,125.3108063,1923.0,2024-11-23,12.9,0.2,12.9,0.8392911457249428,0,False,False
401635617,2024,13,regular,2024-11-23T21:00:00.000Z,False,True,False,True,49441.0,3873,L&N Federal Credit Union Stadium,97,Louisville,fbs,ACC,37.0,"[10, 17, 10, 0]",0.9911055564880371,1715.0,1767.0,221,Pittsburgh,fbs,ACC,9.0,"[0, 0, 7, 2]",0.00889444351196289,1531.0,1479.0,2.455487113037938,,,,3873,L&N Federal Credit Union Stadium,60000.0,False,False,Louisville,KY,40292,US,America/Kentucky/Louisville,38.2057621,-85.7588141,138.5615997,1998.0,2024-11-23,7.7,0.0,7.9,0.8240166666666666,0,False,False
401628427,2024,13,regular,2024-11-23T21:00:00.000Z,False,True,False,False,66041.0,3887,Razorback Stadium,8,Arkansas,fbs,SEC,35.0,"[0, 14, 7, 14]",0.9892511367797852,1547.0,1574.0,2348,Louisiana Tech,fbs,Conference USA,14.0,"[0, 0, 7, 7]",0.010748863220214844,1321.0,1294.0,4.053954592704638,,,,3887,Razorback Stadium,80000.0,False,False,Fayetteville,AR,72702,US,America/Chicago,36.0680662,-94.1789534,403.7972412,1938.0,2024-11-23,16.4,0.0,12.5,0.8255125,0,False,False
401628434,2024,13,regular,2024-11-23T21:00:00.000Z,False,True,False,False,79078.0,3994,Williams-Brice Stadium,2579,South Carolina,fbs,SEC,56.0,"[7, 14, 14, 21]",0.904030978679657,1827.0,1827.0,2747,Wofford,fcs,Southern,12.0,"[3, 6, 0, 3]",0.09596902132034302,,,3.0588180580645528,,,,3994,Williams-Brice Stadium,80250.0,True,False,Columbia,SC,29208,US,America/New_York,33.9730239,-81.0191726,60.54548645,1934.0,2024-11-23,16.3,0.0,8.7,0.9853956386292835,1,False,False
401628432,2024,13,regular,2024-11-23T21:15:00.000Z,False,True,False,True,47824.0,3693,Davis Wade Stadium,344,Mississippi State,fbs,SEC,20.0,"[10, 3, 7, 0]",0.01019931212067604,1362.0,1348.0,142,Missouri,fbs,SEC,39.0,"[14, 14, 3, 8]",0.989800687879324,1684.0,1698.0,3.683423411213274,,,,3693,Davis Wade Stadium,61337.0,True,False,Starkville,MS,39762,US,America/Chicago,33.4563403,-88.7933652,110.2742081,1914.0,2024-11-23,14.4,0.0,2.2,0.7796925183820532,0,False,False
401643840,2024,13,regular,2024-11-23T22:00:00.000Z,False,True,False,True,15501.0,3666,Cajun Field,309,Louisiana,fbs,Sun Belt,51.0,"[7, 27, 3, 14]",0.9979888200759888,1618.0,1652.0,2653,Troy,fbs,Sun Belt,30.0,"[14, 0, 8, 8]",0.0020111799240112305,1466.0,1432.0,4.467095687825893,,,,3666,Cajun Field,41426.0,False,False,Lafayette,LA,70506,US,America/Chicago,30.2158434,-92.0417371,3.556508303,1971.0,2024-11-23,17.5,0.0,2.4,0.3741852942596437,0,False,False
401643842,2024,13,regular,2024-11-24T00:00:00.000Z,False,True,False,True,18271.0,3644,Bobcat Stadium (TX),326,Texas State,fbs,Sun Belt,44.0,"[14, 7, 0, 23]",0.28171345591545105,1693.0,1635.0,2247,Georgia State,fbs,Sun Belt,52.0,"[14, 24, 7, 7]",0.718286544084549,1238.0,1296.0,5.968950373645084,,,,3644,Bobcat Stadium (TX),30000.0,False,False,San Marcos,TX,78666,US,America/Chicago,29.8910008,-97.9255735,177.8676453,1981.0,2024-11-24,17.9,0.0,6.8,0.6090333333333333,0,False,False
401636931,2024,13,regular,2024-11-24T00:00:00.000Z,False,True,False,True,34166.0,4728,TDECU Stadium,248,Houston,fbs,Big 12,10.0,"[7, 0, 0, 3]",0.2282697856426239,1306.0,1309.0,239,Baylor,fbs,Big 12,20.0,"[7, 10, 0, 3]",0.7717302143573761,1591.0,1588.0,4.749040455339252,,,,4728,TDECU Stadium,40000.0,False,False,Houston,TX,77004,US,America/Chicago,29.7219885,-95.3491623,9.57440567,2014.0,2024-11-24,17.5,0.0,9.6,0.85415,0,False,False
401628572,2024,13,regular,2024-11-24T00:00:00.000Z,False,True,False,True,38008.0,3893,Reser Stadium,204,Oregon State,fbs,Pac-12,41.0,"[7, 14, 10, 10]",0.3890833854675293,1356.0,1360.0,265,Washington State,fbs,Pac-12,38.0,"[7, 10, 7, 14]",0.6109166145324707,1600.0,1596.0,6.569601233246732,,,,3893,Reser Stadium,43363.0,False,False,Corvallis,OR,97331,US,America/Los_Angeles,44.5594559,-123.2814341,66.90744781,1953.0,2024-11-24,8.5,0.0,10.8,0.8765076217051403,0,False,False
401643764,2024,13,regular,2024-11-24T00:00:00.000Z,False,True,False,True,18094.0,3984,War Memorial Stadium,2751,Wyoming,fbs,Mountain West,13.0,"[3, 7, 0, 3]",0.32419294118881226,1260.0,1283.0,68,Boise State,fbs,Mountain West,17.0,"[7, 3, 0, 7]",0.6758070588111877,1770.0,1747.0,5.479898315638003,,,,3984,War Memorial Stadium,29181.0,False,False,Laramie,WY,82071,US,America/Denver,41.31161,-105.5681384,2200.153564,1950.0,2024-11-24,4.5,0.0,12.4,0.6200609985949762,0,False,False
401640959,2024,13,regular,2024-11-24T00:00:00.000Z,False,True,True,False,47342.0,4102,Yankee Stadium,87,Notre Dame,fbs,FBS Independents,49.0,"[14, 14, 14, 7]",0.9778062105178833,2115.0,2165.0,349,Army,fbs,American Athletic,14.0,"[0, 7, 0, 7]",0.0221937894821167,1661.0,1611.0,1.9951739314201462,,,,4102,Yankee Stadium,54251.0,False,False,New York,NY,10451,US,America/New_York,40.829167,-73.926389,6.745362282,2009.0,2024-11-24,6.5,0.0,15.8,0.8726475088016811,,False,False
401643838,2024,13,regular,2024-11-24T00:30:00.000Z,False,True,False,True,18083.0,3918,S.B. Ballard Stadium,295,Old Dominion,fbs,Sun Belt,35.0,"[0, 7, 21, 7]",0.27058646082878113,1486.0,1473.0,276,Marshall,fbs,Sun Belt,42.0,"[3, 14, 10, 15]",0.7294135391712189,1489.0,1502.0,8.788548843802724,,,,3918,S.B. Ballard Stadium,20118.0,False,False,Norfolk,VA,23551,US,America/New_York,36.8889533,-76.3049175,3.147987843,1936.0,2024-11-24,11.1,0.0,15.5,0.8988468038572422,0,False,False
401636936,2024,13,regular,2024-11-24T00:30:00.000Z,False,True,False,True,52152.0,587,Rice-Eccles Stadium,254,Utah,fbs,Big 12,28.0,"[3, 10, 0, 15]",0.7425057291984558,1515.0,1524.0,66,Iowa State,fbs,Big 12,31.0,"[7, 10, 7, 7]",0.2574942708015442,1746.0,1737.0,7.181723247913672,,,,587,Rice-Eccles Stadium,51444.0,False,False,Salt Lake City,UT,84112,US,America/Denver,40.7599724,-111.8488255,1411.543579,1998.0,2024-11-24,11.1,0.0,13.9,1.013762537905295,1,False,False
401628428,2024,13,regular,2024-11-24T00:30:00.000Z,False,True,False,True,88043.0,3785,Jordan-Hare Stadium,2,Auburn,fbs,SEC,43.0,"[14, 7, 7, 3, 7, 3, 0, 2]",0.1604197770357132,1604.0,1607.0,245,Texas A&M,fbs,SEC,41.0,"[0, 7, 14, 10, 7, 3, 0, 0]",0.8395802229642868,1770.0,1767.0,10.269865547929546,,,,3785,Jordan-Hare Stadium,87451.0,True,False,Auburn,AL,36849,US,America/Chicago,32.6025532,-85.4897479,201.1737976,1939.0,2024-11-24,9.8,0.0,7.5,1.0067695052086312,1,False,False
401628433,2024,13,regular,2024-11-24T00:30:00.000Z,False,True,False,True,84053.0,3835,"Memorial Stadium (Norman, OK)",201,Oklahoma,fbs,SEC,24.0,"[0, 10, 14, 0]",0.9999362230300903,1678.0,1780.0,333,Alabama,fbs,SEC,3.0,"[3, 0, 0, 0]",6.377696990966797e-05,2113.0,2011.0,3.3117644923004925,,,,3835,"Memorial Stadium (Norman, OK)",86112.0,True,False,Norman,OK,73019,US,America/Chicago,35.2058537,-97.4423145,355.0962524,1925.0,2024-11-24,15.3,0.0,23.7,0.9760892790784095,1,False,False
401628431,2024,13,regular,2024-11-24T00:45:00.000Z,False,True,False,True,102086.0,3958,Tiger Stadium (LA),99,LSU,fbs,SEC,24.0,"[7, 7, 7, 3]",0.7792057991027832,1764.0,1757.0,238,Vanderbilt,fbs,SEC,17.0,"[7, 0, 3, 7]",0.2207942008972168,1446.0,1453.0,3.717449497673473,,,,3958,Tiger Stadium (LA),102321.0,True,False,Baton Rouge,LA,70803,US,America/Chicago,30.412035,-91.1838163,7.640734673,1924.0,2024-11-24,13.3,0.0,4.0,0.9977033062616667,1,False,False
401636933,2024,13,regular,2024-11-24T01:00:00.000Z,False,True,False,True,50988.0,3636,Bill Snyder Family Stadium,2306,Kansas State,fbs,Big 12,41.0,"[10, 17, 0, 14]",0.9963854551315308,1731.0,1772.0,2132,Cincinnati,fbs,Big 12,15.0,"[0, 3, 6, 6]",0.0036145448684692383,1506.0,1465.0,2.0829546566241928,,,,3636,Bill Snyder Family Stadium,50000.0,False,False,Manhattan,KS,66502,US,America/Chicago,39.2020096,-96.5938395,328.0574646,1968.0,2024-11-24,11.6,0.0,16.7,1.01976,1,False,False
401635615,2024,13,regular,2024-11-24T01:00:00.000Z,False,True,False,True,22462.0,3982,Wallace Wade Stadium,150,Duke,fbs,ACC,31.0,"[14, 7, 10, 0]",0.8735338449478149,1597.0,1599.0,259,Virginia Tech,fbs,ACC,28.0,"[7, 10, 0, 11]",0.12646615505218506,1658.0,1656.0,6.427808567249802,,,,3982,Wallace Wade Stadium,40004.0,True,False,Durham,NC,27708,US,America/New_York,35.9953688,-78.9417564,103.0028152,1929.0,2024-11-24,8.1,0.0,10.3,0.5614938506149385,0,False,False
401643763,2024,13,regular,2024-11-24T03:30:00.000Z,False,True,False,True,12228.0,3816,Mackay Stadium,2440,Nevada,fbs,Mountain West,19.0,"[0, 6, 6, 7]",0.038624826818704605,1196.0,1204.0,2005,Air Force,fbs,Mountain West,22.0,"[0, 7, 0, 15]",0.9613751731812954,1406.0,1398.0,5.562163641400027,,,,3816,Mackay Stadium,27000.0,False,False,Reno,NV,89557,US,America/Los_Angeles,39.5469459,-119.8175435,1406.57605,1966.0,2024-11-24,3.9,0.0,11.9,0.4528888888888889,0,False,False
401628561,2024,13,regular,2024-11-24T03:30:00.000Z,False,True,False,True,59473.0,1056,Rose Bowl,26,UCLA,fbs,Big Ten,13.0,"[3, 0, 10, 0]",0.2288723737001419,1466.0,1476.0,30,USC,fbs,Big Ten,19.0,"[3, 6, 0, 10]",0.7711276262998581,1761.0,1751.0,5.472270490531233,,,,1056,Rose Bowl,88565.0,True,False,Pasadena,CA,90095,US,America/Los_Angeles,34.1613284,-118.1676462,245.1772461,1922.0,2024-11-24,13.4,0.0,2.1,0.6715180940552137,0,False,False
401643765,2024,13,regular,2024-11-24T03:30:00.000Z,False,True,False,True,39543.0,3660,Valley Children's Stadium,278,Fresno State,fbs,Mountain West,28.0,"[7, 21, 0, 0]",0.8744219541549683,1511.0,1511.0,36,Colorado State,fbs,Mountain West,22.0,"[7, 0, 7, 8]",0.12557804584503174,1366.0,1366.0,5.041555870377935,,,,3660,Valley Children's Stadium,41031.0,False,False,Fresno,CA,93740,US,America/Los_Angeles,36.8143527,-119.7580092,102.564064,1980.0,2024-11-24,13.3,0.0,4.3,0.9637347371499598,1,False,False
401644775,2024,14,regular,2024-11-27T00:00:00.000Z,False,True,False,True,4716.0,3768,InfoCision Stadium,2006,Akron,fbs,Mid-American,21.0,"[7, 0, 0, 7, 7]",0.3837621808052063,1085.0,1118.0,2649,Toledo,fbs,Mid-American,14.0,"[0, 0, 0, 14, 0]",0.6162378191947937,1459.0,1426.0,4.878281443759803,,,,3768,InfoCision Stadium,30000.0,False,False,Akron,OH,44399,US,America/New_York,41.0725534,-81.5083408,321.2875061,2009.0,2024-11-27,2.5,0.0,13.5,0.1572,0,False,False
401644776,2024,14,regular,2024-11-27T00:00:00.000Z,False,True,False,True,11916.0,3965,UB Stadium,2084,Buffalo,fbs,Mid-American,43.0,"[13, 13, 7, 10]",0.9937936067581177,1259.0,1304.0,2309,Kent State,fbs,Mid-American,7.0,"[0, 0, 7, 0]",0.006206393241882324,805.0,760.0,2.3923176955994445,,,,3965,UB Stadium,30270.0,False,False,Amherst,NY,14260,US,America/New_York,42.9991334,-78.7775113,181.5759735,1993.0,2024-11-27,4.7,0.0,21.9,0.39365708622398415,0,False,False
401645376,2024,14,regular,2024-11-29T00:30:00.000Z,False,True,False,True,25021.0,4729,Yulman Stadium,2655,Tulane,fbs,American Athletic,24.0,"[10, 0, 0, 14]",0.0545661523938179,1874.0,1829.0,235,Memphis,fbs,American Athletic,34.0,"[7, 10, 7, 10]",0.9454338476061821,1621.0,1666.0,4.388342962218865,,,,4729,Yulman Stadium,30000.0,False,False,New Orleans,LA,70118,US,America/Chicago,29.944616,-90.116692,0.0000000000000000000000000000000000000118,2014.0,2024-11-29,16.8,0.0,18.4,0.8340333333333333,0,False,False
401644691,2024,14,regular,2024-11-29T17:00:00.000Z,False,True,False,True,9345.0,3700,Doyt L. Perry Stadium,189,Bowling Green,fbs,Mid-American,12.0,"[0, 5, 0, 7]",0.01343018002808094,1498.0,1466.0,193,Miami (OH),fbs,Mid-American,28.0,"[7, 7, 0, 14]",0.9865698199719191,1558.0,1590.0,4.4725347275931835,,,,3700,Doyt L. Perry Stadium,24000.0,False,False,Bowling Green,OH,43403,US,America/New_York,41.3780114,-83.6225,205.9057465,1966.0,2024-11-29,-1.1,0.0,27.9,0.389375,0,False,False
401628568,2024,14,regular,2024-11-29T17:00:00.000Z,False,True,False,True,76059.0,347,Camp Randall Stadium,275,Wisconsin,fbs,Big Ten,7.0,"[0, 0, 7, 0]",0.0,1594.0,1554.0,135,Minnesota,fbs,Big Ten,24.0,"[7, 7, 7, 3]",1.0,1606.0,1646.0,3.3706385083800288,,,,347,Camp Randall Stadium,80321.0,False,False,Madison,WI,53711,US,America/Chicago,43.06994,-89.4126943,263.604126,1917.0,2024-11-29,-5.3,0.0,22.7,0.9469379116295863,1,False,False
401643769,2024,14,regular,2024-11-29T17:00:00.000Z,False,True,False,False,37264.0,3653,Albertsons Stadium,68,Boise State,fbs,Mountain West,34.0,"[14, 7, 6, 7]",1.0,1747.0,1748.0,204,Oregon State,fbs,Pac-12,18.0,"[0, 7, 3, 8]",0.0,1360.0,1359.0,2.562092216867285,,,,3653,Albertsons Stadium,36387.0,False,False,Boise,ID,83725,US,America/Boise,43.6028839,-116.1958882,823.2221069,1970.0,2024-11-29,-0.7,0.0,0.6,1.0241020144557123,1,False,False
401644777,2024,14,regular,2024-11-29T17:00:00.000Z,False,True,False,True,11804.0,3876,Peden Stadium,195,Ohio,fbs,Mid-American,42.0,"[14, 7, 14, 7]",0.9950094819068909,1582.0,1585.0,2050,Ball State,fbs,Mid-American,21.0,"[0, 7, 7, 7]",0.004990518093109131,1089.0,1086.0,2.4739106721701223,,,,3876,Peden Stadium,24000.0,False,False,Athens,OH,45701,US,America/New_York,39.3212794,-82.1034315,194.230896,1929.0,2024-11-29,0.3,0.0,21.2,0.49183333333333334,0,False,False
401645379,2024,14,regular,2024-11-29T17:00:00.000Z,False,True,False,True,35663.0,3699,Dowdy-Ficklen Stadium,151,East Carolina,fbs,American Athletic,20.0,"[0, 3, 0, 17]",0.016632651910185814,1418.0,1392.0,2426,Navy,fbs,American Athletic,34.0,"[0, 0, 14, 20]",0.9833673480898142,1477.0,1503.0,4.944710414409827,,,,3699,Dowdy-Ficklen Stadium,50000.0,True,False,Greenville,NC,27858,US,America/New_York,35.5968486,-77.364564,19.0564537,1963.0,2024-11-29,10.7,0.0,8.1,0.71326,0,False,False
401636938,2024,14,regular,2024-11-29T17:00:00.000Z,False,True,False,True,51030.0,3726,Folsom Field,38,Colorado,fbs,Big 12,52.0,"[21, 0, 17, 14]",0.987844705581665,1641.0,1762.0,197,Oklahoma State,fbs,Big 12,0.0,"[0, 0, 0, 0]",0.012155294418334961,1372.0,1251.0,2.6517819193600864,,,,3726,Folsom Field,50183.0,True,False,Boulder,CO,80309,US,America/Denver,40.0094746,-105.266905,1634.041138,1924.0,2024-11-29,-3.0,0.0,4.6,1.0168782256939601,1,False,False
401628442,2024,14,regular,2024-11-29T20:30:00.000Z,False,True,False,True,67896.0,3974,Vaught-Hemingway Stadium,145,Ole Miss,fbs,SEC,26.0,"[10, 7, 3, 6]",0.9883589148521423,1977.0,1956.0,344,Mississippi State,fbs,SEC,14.0,"[14, 0, 0, 0]",0.011641085147857666,1348.0,1369.0,5.7009099652296,,,,3974,Vaught-Hemingway Stadium,64038.0,True,False,Oxford,MS,38677,US,America/Chicago,34.3619837,-89.5342076,146.8517151,1915.0,2024-11-29,7.2,0.0,13.2,1.0602454792466973,1,False,False
401643770,2024,14,regular,2024-11-29T20:30:00.000Z,False,True,False,True,24772.0,5388,Canvas Stadium,36,Colorado State,fbs,Mountain West,42.0,"[0, 13, 0, 29]",0.9249988198280334,1366.0,1371.0,328,Utah State,fbs,Mountain West,37.0,"[13, 3, 14, 7]",0.07500118017196655,1367.0,1362.0,6.4714859765384185,,,,5388,Canvas Stadium,36500.0,False,False,Fort Collins,CO,80521,US,America/Denver,40.570015,-105.088435,1528.4,2017.0,2024-11-29,2.7,0.0,6.4,0.6786849315068493,0,False,False
401643843,2024,14,regular,2024-11-29T20:30:00.000Z,False,True,False,True,15569.0,6526,Hancock Whitney Stadium,6,South Alabama,fbs,Sun Belt,38.0,"[14, 14, 7, 3]",0.025989998131990433,1608.0,1597.0,326,Texas State,fbs,Sun Belt,45.0,"[14, 7, 10, 14]",0.9740100018680096,1635.0,1646.0,7.565117157498561,,,,6526,Hancock Whitney Stadium,25450.0,False,False,Mobile,AL,36688,US,America/Chicago,30.696904,-88.192013,45,2020.0,2024-11-29,12.2,0.0,19.4,0.6117485265225934,0,False,False
401640997,2024,14,regular,2024-11-29T20:30:00.000Z,False,True,False,True,8651.0,3647,Elliott T. Bowers Stadium,2534,Sam Houston,fbs,Conference USA,20.0,"[3, 14, 3, 0]",1.0,1412.0,1415.0,2335,Liberty,fbs,Conference USA,18.0,"[2, 7, 0, 9]",0.0,1576.0,1573.0,4.0819542831673745,,,,3647,Elliott T. Bowers Stadium,14000.0,False,False,Huntsville,TX,77340,US,America/Chicago,30.713926,-95.5419802,127.6225204,1986.0,2024-11-29,13.3,0.0,15.4,0.6179285714285714,0,False,False
401635625,2024,14,regular,2024-11-29T21:00:00.000Z,False,True,False,False,19117.0,3935,CEFCU Stadium,23,San José State,fbs,Mountain West,34.0,"[0, 17, 10, 7]",0.8878703713417053,1481.0,1478.0,24,Stanford,fbs,ACC,31.0,"[3, 7, 7, 14]",0.11212962865829468,1172.0,1175.0,5.89567207354352,,,,3935,CEFCU Stadium,30456.0,False,False,San Jose,CA,95112,US,America/Los_Angeles,37.3196675,-121.8682962,28.30708694,1933.0,2024-11-29,12.3,0.0,4.8,0.6276924087207775,0,False,False
401628562,2024,14,regular,2024-11-30T00:30:00.000Z,False,True,False,True,69250.0,3793,Kinnick Stadium,2294,Iowa,fbs,Big Ten,13.0,"[0, 0, 3, 10]",0.060828858245351496,1786.0,1784.0,158,Nebraska,fbs,Big Ten,10.0,"[3, 7, 0, 0]",0.9391711417546486,1524.0,1526.0,6.8061849771,,,,3793,Kinnick Stadium,69250.0,False,False,Iowa City,IA,52242,US,America/Chicago,41.6586045,-91.5510829,220.6357727,1929.0,2024-11-30,-6.2,0.0,14.2,1.0,1,False,False
401628439,2024,14,regular,2024-11-30T00:30:00.000Z,False,True,False,False,93033.0,3917,Sanford Stadium,61,Georgia,fbs,SEC,44.0,"[0, 0, 6, 21, 7, 6, 0, 0, 2, 0, 0, 2]",0.5666486620903015,2023.0,2017.0,59,Georgia Tech,fbs,ACC,42.0,"[3, 14, 0, 10, 7, 6, 0, 0, 2, 0, 0, 0]",0.4333513379096985,1575.0,1581.0,8.225850887789113,,,,3917,Sanford Stadium,92746.0,True,False,Athens,GA,30602,US,America/New_York,33.9498197,-83.3733813,186.1120758,1929.0,2024-11-30,5.3,0.0,17.7,1.003094473077006,1,False,False
401636939,2024,14,regular,2024-11-30T01:00:00.000Z,False,True,False,True,40747.0,3652,FBC Mortgage Stadium,2116,UCF,fbs,Big 12,14.0,"[0, 7, 0, 7]",0.10484883189201355,1596.0,1557.0,254,Utah,fbs,Big 12,28.0,"[3, 10, 0, 15]",0.8951511681079865,1524.0,1563.0,4.912997487441696,,,,3652,FBC Mortgage Stadium,44206.0,True,False,Orlando,FL,32816,US,America/New_York,28.6079765,-81.1927233,20.94113731,2007.0,2024-11-30,14.7,0.2,15.1,0.9217527032529521,1,False,False
401636941,2024,14,regular,2024-11-30T17:00:00.000Z,False,True,False,True,36585.0,4727,McLane Stadium,239,Baylor,fbs,Big 12,45.0,"[14, 7, 21, 3]",0.9468156099319458,1588.0,1677.0,2305,Kansas,fbs,Big 12,17.0,"[7, 3, 7, 0]",0.0531843900680542,1714.0,1625.0,3.253403767857007,,,,4727,McLane Stadium,45140.0,False,False,Waco,TX,76704,US,America/Chicago,31.5582015,-97.1156702,117.0538101,2014.0,2024-11-30,11.0,0.0,7.5,0.8104785112981834,0,False,False
401628444,2024,14,regular,2024-11-30T17:00:00.000Z,False,True,False,False,81500.0,3836,"Memorial Stadium (Clemson, SC)",228,Clemson,fbs,ACC,14.0,"[0, 7, 7, 0]",0.11170210689306259,1815.0,1811.0,2579,South Carolina,fbs,SEC,17.0,"[0, 7, 0, 10]",0.8882978931069374,1828.0,1832.0,6.196028401357402,,,,3836,"Memorial Stadium (Clemson, SC)",81500.0,True,False,Clemson,SC,29634,US,America/New_York,34.6787737,-82.8432428,205.6452179,1942.0,2024-11-30,7.7,0.0,5.3,1.0,1,False,False
401643848,2024,14,regular,2024-11-30T17:00:00.000Z,False,True,False,True,15006.0,3817,Malone Stadium,2433,UL Monroe,fbs,Sun Belt,23.0,"[3, 10, 3, 7]",0.01896926760673523,1160.0,1172.0,309,Louisiana,fbs,Sun Belt,37.0,"[6, 7, 7, 17]",0.9810307323932648,1652.0,1640.0,6.197964668702797,,,,3817,Malone Stadium,27617.0,False,False,Monroe,LA,71209,US,America/Chicago,32.5308089,-92.0660602,22.998209,1978.0,2024-11-30,8.3,0.0,7.5,0.5433609733135387,0,False,False
401635622,2024,14,regular,2024-11-30T17:00:00.000Z,False,True,False,True,24776.0,3630,Allegacy Federal Credit Union Stadium,154,Wake Forest,fbs,ACC,17.0,"[0, 10, 7, 0]",0.9492907524108887,1338.0,1346.0,150,Duke,fbs,ACC,23.0,"[0, 3, 7, 13]",0.05070924758911133,1599.0,1591.0,5.1814565047653245,,,,3630,Allegacy Federal Credit Union Stadium,31500.0,False,False,Winston-Salem,NC,27105,US,America/New_York,36.1305507,-80.2545851,283.548584,1968.0,2024-11-30,3.9,0.0,13.9,0.7865396825396825,0,False,False
401645381,2024,14,regular,2024-11-30T17:00:00.000Z,False,True,False,True,,3806,Lincoln Financial Field,218,Temple,fbs,American Athletic,17.0,"[3, 14, 0, 0]",0.11347541958093643,1026.0,1038.0,249,North Texas,fbs,American Athletic,24.0,"[17, 7, 0, 0]",0.8865245804190636,1373.0,1361.0,5.781767629423672,,,,3806,Lincoln Financial Field,69879.0,False,False,Philadelphia,PA,19122,US,America/New_York,39.9007995,-75.1675414,3.198706865,2003.0,2024-11-30,2.5,0.0,14.7,,,True,False
401645378,2024,14,regular,2024-11-30T17:00:00.000Z,False,True,False,True,22120.0,3841,Michie Stadium,349,Army,fbs,American Athletic,29.0,"[7, 6, 3, 13]",0.9905475378036499,1611.0,1611.0,2636,UTSA,fbs,American Athletic,24.0,"[7, 3, 7, 7]",0.009452462196350098,1479.0,1479.0,6.883645164285345,,,,3841,Michie Stadium,38000.0,False,False,West Point,NY,10996,US,America/New_York,41.3874924,-73.9640891,99.21277618,1924.0,2024-11-30,1.7,0.0,19.2,0.5821052631578948,0,False,False
401628446,2024,14,regular,2024-11-30T17:00:00.000Z,False,True,False,True,28934.0,3973,FirstBank Stadium,238,Vanderbilt,fbs,SEC,23.0,"[17, 0, 0, 6]",0.13009844720363617,1453.0,1469.0,2633,Tennessee,fbs,SEC,36.0,"[7, 17, 9, 3]",0.8699015527963638,1979.0,1963.0,3.355829925434262,,,,3973,FirstBank Stadium,40351.0,False,False,Nashville,TN,37212,US,America/Chicago,36.1440455,-86.8088942,159.9194641,1922.0,2024-11-30,3.7,0.0,6.5,0.7170578176501202,0,False,False
401628563,2024,14,regular,2024-11-30T17:00:00.000Z,False,True,True,True,26378.0,4250,Wrigley Field,77,Northwestern,fbs,Big Ten,28.0,"[10, 0, 10, 8]",0.03415999934077263,1396.0,1397.0,356,Illinois,fbs,Big Ten,38.0,"[7, 7, 14, 10]",0.9658400006592274,1597.0,1596.0,5.278482950483824,,,,4250,Wrigley Field,0.0,,False,Chicago,IL,60654,US,,41.8755616,-87.6244212,,,2024-11-30,-5.9,0.0,15.9,,,False,True
401628566,2024,14,regular,2024-11-30T17:00:00.000Z,False,True,False,True,106005.0,3861,Ohio Stadium,194,Ohio State,fbs,Big Ten,10.0,"[3, 7, 0, 0]",0.07448332756757736,2120.0,2099.0,130,Michigan,fbs,Big Ten,13.0,"[0, 10, 0, 3]",0.9255166724324226,1867.0,1888.0,5.026016630386382,,,,3861,Ohio Stadium,102780.0,False,False,Columbus,OH,43210,US,America/New_York,40.0016447,-83.0197266,216.6770325,1922.0,2024-11-30,-3.2,0.0,15.2,1.0313776999416229,1,False,False
401629038,2024,14,regular,2024-11-30T17:00:00.000Z,False,True,False,True,10365.0,3985,Warren McGuirk Alumni Stadium,113,Massachusetts,fbs,FBS Independents,42.0,"[14, 14, 0, 14]",0.9002549648284912,1023.0,1040.0,41,UConn,fbs,FBS Independents,47.0,"[14, 13, 6, 14]",0.09974503517150879,1414.0,1397.0,6.982458727450796,,,,3985,Warren McGuirk Alumni Stadium,17000.0,False,False,Hadley,MA,1003 ,US,America/New_York,42.3773244,-72.5360595,46.58664703,1965.0,2024-11-30,2.4,0.0,11.9,0.6097058823529412,0,False,False
401628440,2024,14,regular,2024-11-30T17:00:00.000Z,False,True,False,False,58612.0,3683,Kroger Field,96,Kentucky,fbs,SEC,14.0,"[0, 0, 7, 7]",0.03597419336438179,1545.0,1498.0,97,Louisville,fbs,ACC,41.0,"[7, 13, 14, 7]",0.9640258066356182,1767.0,1814.0,3.1345997755382915,,,,3683,Kroger Field,61000.0,False,False,Lexington,KY,40506,US,America/New_York,38.0220905,-84.5053408,307.4248962,1973.0,2024-11-30,-0.7,0.0,15.9,0.9608524590163935,1,False,False
401636945,2024,14,regular,2024-11-30T17:00:00.000Z,False,True,False,True,52785.0,3784,Jones AT&T Stadium,2641,Texas Tech,fbs,Big 12,52.0,"[6, 29, 7, 10]",0.9802547097206116,1540.0,1647.0,277,West Virginia,fbs,Big 12,15.0,"[3, 0, 6, 6]",0.019745290279388428,1553.0,1446.0,2.836670370370417,,,,3784,Jones AT&T Stadium,60454.0,False,False,Lubbock,TX,79409,US,America/Chicago,33.5910518,-101.8728824,980.7632446,1947.0,2024-11-30,9.0,0.0,9.5,0.8731432163297714,0,False,False
401644780,2024,14,regular,2024-11-30T18:30:00.000Z,False,True,False,True,,3980,Waldo Stadium,2711,Western Michigan,fbs,Mid-American,26.0,"[0, 16, 7, 3]",0.9105388555960335,1246.0,1254.0,2199,Eastern Michigan,fbs,Mid-American,18.0,"[0, 0, 15, 3]",0.08946114440396646,1183.0,1175.0,6.2258019605,,,,3980,Waldo Stadium,30200.0,False,False,Kalamazoo,MI,49008,US,America/Detroit,42.2860064,-85.6007573,243.8211212,1939.0,2024-11-30,-4.5,0.0,20.1,,,True,False
401640988,2024,14,regular,2024-11-30T19:00:00.000Z,False,True,True,True,8962.0,2031,Pitbull Stadium,2229,Florida International,fbs,Conference USA,35.0,"[14, 14, 0, 7]",0.929617702960968,1297.0,1308.0,2393,Middle Tennessee,fbs,Conference USA,24.0,"[0, 17, 0, 7]",0.07038229703903198,1104.0,1093.0,3.411391971216249,,,,2031,Pitbull Stadium,20000.0,False,False,Miami,FL,33199,US,America/New_York,25.7525,-80.37778,6,1995.0,2024-11-30,25.0,0.0,13.0,0.4481,,False,False
401643845,2024,14,regular,2024-11-30T19:00:00.000Z,False,True,False,True,12606.0,4246,Center Parc Stadium,2247,Georgia State,fbs,Sun Belt,27.0,"[0, 10, 9, 8]",0.001841534161940217,1296.0,1247.0,324,Coastal Carolina,fbs,Sun Belt,48.0,"[7, 10, 14, 17]",0.9981584658380598,1335.0,1384.0,3.8419166732405343,,,,4246,Center Parc Stadium,25000.0,False,False,Atlanta,GA,30315,US,America/New_York,33.735267,-84.389949,287,2017.0,2024-11-30,7.3,0.0,11.6,0.50424,0,False,False
401645382,2024,14,regular,2024-11-30T19:00:00.000Z,False,True,False,True,16430.0,3895,Rice Stadium,242,Rice,fbs,American Athletic,35.0,"[17, 10, 8, 0]",0.8131147027015686,1215.0,1239.0,58,South Florida,fbs,American Athletic,28.0,"[7, 0, 7, 14]",0.1868852972984314,1457.0,1433.0,4.180401515622044,,,,3895,Rice Stadium,47000.0,False,False,Houston,TX,77251,US,America/Chicago,29.7163297,-95.4093261,7.148301601,1950.0,2024-11-30,14.9,0.0,7.7,0.3495744680851064,0,False,False
401643849,2024,14,regular,2024-11-30T19:00:00.000Z,False,True,False,True,19521.0,3975,Veterans Memorial Stadium (AL),2653,Troy,fbs,Sun Belt,52.0,"[10, 7, 14, 21]",1.0,1432.0,1464.0,2572,Southern Miss,fbs,Sun Belt,20.0,"[8, 0, 6, 6]",0.0,961.0,929.0,4.211109236915879,,,,3975,Veterans Memorial Stadium (AL),30000.0,False,False,Troy,AL,36082,US,America/Chicago,31.7995565,-85.9518328,154.7746277,1950.0,2024-11-30,11.2,0.0,10.7,0.6507,0,False,False
401635620,2024,14,regular,2024-11-30T20:00:00.000Z,False,True,False,True,29704.0,3615,"Alumni Stadium (Chestnut Hill, MA)",103,Boston College,fbs,ACC,34.0,"[6, 14, 7, 7]",0.9811515212059021,1506.0,1524.0,221,Pittsburgh,fbs,ACC,23.0,"[0, 10, 7, 6]",0.0188484787940979,1479.0,1461.0,4.561281172203917,,,,3615,"Alumni Stadium (Chestnut Hill, MA)",44500.0,False,False,Chestnut Hill,MA,2467 ,US,America/New_York,42.335104,-71.1664413,39.82634354,1957.0,2024-11-30,3.4,0.0,13.8,0.667505617977528,0,False,False
401643847,2024,14,regular,2024-11-30T20:00:00.000Z,False,True,False,True,13584.0,3625,Centennial Bank Stadium,2032,Arkansas State,fbs,Sun Belt,32.0,"[7, 7, 15, 3]",0.007109101861715317,1241.0,1243.0,295,Old Dominion,fbs,Sun Belt,40.0,"[14, 7, 19, 0]",0.9928908981382847,1473.0,1471.0,6.38650796218999,,,,3625,Centennial Bank Stadium,30382.0,False,False,Jonesboro,AR,72404,US,America/Chicago,35.8488977,-90.6677436,89.52690887,1974.0,2024-11-30,9.1,0.0,18.8,0.4471068395760648,0,False,False
401635621,2024,14,regular,2024-11-30T20:30:00.000Z,False,True,False,True,33178.0,3735,Gerald J. Ford Stadium,2567,SMU,fbs,ACC,38.0,"[14, 7, 0, 17]",0.9911704063415527,1830.0,1890.0,25,California,fbs,ACC,6.0,"[0, 0, 3, 3]",0.008829593658447266,1606.0,1546.0,2.3167428770268494,,,,3735,Gerald J. Ford Stadium,32000.0,False,False,University Park,TX,75275,US,America/Chicago,32.8377223,-96.7827859,169.4058075,2000.0,2024-11-30,14.2,0.0,8.5,1.0368125,1,False,False
401628565,2024,14,regular,2024-11-30T20:30:00.000Z,False,True,False,True,104044.0,3632,Beaver Stadium,213,Penn State,fbs,Big Ten,44.0,"[3, 28, 0, 13]",0.9880518913269043,1971.0,2011.0,120,Maryland,fbs,Big Ten,7.0,"[7, 0, 0, 0]",0.011948108673095703,1447.0,1407.0,3.879484605046563,,,,3632,Beaver Stadium,106572.0,True,False,University Park,PA,16802,US,America/New_York,40.8121958,-77.8561023,354.1551514,1960.0,2024-11-30,-2.9,0.0,18.2,0.9762789475659648,1,False,False
401635623,2024,14,regular,2024-11-30T20:30:00.000Z,False,True,False,True,40486.0,1964,JMA Wireless Dome,183,Syracuse,fbs,ACC,42.0,"[0, 14, 21, 7]",0.7667104005813599,1434.0,1452.0,2390,Miami,fbs,ACC,38.0,"[14, 7, 7, 10]",0.23328959941864014,1877.0,1859.0,6.603588936042728,,,,1964,JMA Wireless Dome,49057.0,False,True,Syracuse,NY,13244,US,America/New_York,43.0362269,-76.1363161,162.6989746,1980.0,2024-11-30,-0.2,0.0,21.9,0.8252848726991051,0,False,False
401628571,2024,14,regular,2024-11-30T20:30:00.000Z,False,True,False,False,73241.0,477,Los Angeles Memorial Coliseum,30,USC,fbs,Big Ten,35.0,"[0, 14, 7, 14]",0.12436264753341675,1751.0,1756.0,87,Notre Dame,fbs,FBS Independents,49.0,"[7, 7, 21, 14]",0.8756373524665833,2165.0,2160.0,6.866238201944575,,,,477,Los Angeles Memorial Coliseum,77500.0,True,False,Los Angeles,CA,90089,US,America/Los_Angeles,34.014167,-118.287778,42.50374222,1923.0,2024-11-30,24.0,0.0,2.6,0.9450451612903226,1,False,False
401628570,2024,14,regular,2024-11-30T20:30:00.000Z,False,True,False,False,35018.0,1056,Rose Bowl,26,UCLA,fbs,Big Ten,20.0,"[3, 3, 7, 7]",0.7204728126525879,1476.0,1488.0,278,Fresno State,fbs,Mountain West,13.0,"[0, 10, 0, 3]",0.2795271873474121,1511.0,1499.0,4.766963413103574,,,,1056,Rose Bowl,88565.0,True,False,Pasadena,CA,90095,US,America/Los_Angeles,34.1613284,-118.1676462,245.1772461,1922.0,2024-11-30,22.7,0.0,2.2,0.3953932140235985,0,False,False
401645377,2024,14,regular,2024-11-30T20:30:00.000Z,False,True,False,True,8091.0,4418,Jerry Richardson Stadium,2429,Charlotte,fbs,American Athletic,29.0,"[7, 6, 6, 10]",0.16719546914100647,1129.0,1131.0,5,UAB,fbs,American Athletic,27.0,"[0, 14, 0, 13]",0.8328045308589935,1231.0,1229.0,7.197260328251095,,,,4418,Jerry Richardson Stadium,15300.0,False,False,Charlotte,NC,28223,US,America/New_York,35.3105033,-80.7401194,190.365509,2013.0,2024-11-30,7.5,0.0,11.3,0.5288235294117647,0,False,False
401644779,2024,14,regular,2024-11-30T20:30:00.000Z,False,True,False,True,5843.0,3764,Huskie Stadium,2459,Northern Illinois,fbs,Mid-American,24.0,"[19, 2, 3, 0]",0.9561448693275452,1450.0,1441.0,2117,Central Michigan,fbs,Mid-American,16.0,"[0, 16, 0, 0]",0.043855130672454834,1094.0,1103.0,3.1751001387064175,,,,3764,Huskie Stadium,23595.0,False,False,DeKalb,IL,60115,US,America/Chicago,41.9339586,-88.7778357,267.4530029,1965.0,2024-11-30,-3.7,0.0,20.4,0.2476372112735749,0,False,False
401645380,2024,14,regular,2024-11-30T20:30:00.000Z,False,True,False,True,15243.0,3674,Chapman Stadium,202,Tulsa,fbs,American Athletic,16.0,"[2, 7, 7, 0]",0.0,934.0,812.0,2226,Florida Atlantic,fbs,American Athletic,63.0,"[7, 35, 14, 7]",1.0,1095.0,1217.0,3.2889448497001577,,,,3674,Chapman Stadium,30000.0,False,False,Tulsa,OK,74194,US,America/Chicago,36.1489175,-95.9437853,235.5928345,1930.0,2024-11-30,11.3,0.0,14.5,0.5081,0,False,False
401628567,2024,14,regular,2024-11-30T20:30:00.000Z,False,True,False,True,50038.0,3936,Spartan Stadium,127,Michigan State,fbs,Big Ten,14.0,"[7, 0, 0, 7]",0.00315166637301445,1364.0,1303.0,164,Rutgers,fbs,Big Ten,41.0,"[10, 13, 8, 10]",0.9968483336269855,1468.0,1529.0,4.387602558642776,,,,3936,Spartan Stadium,75005.0,True,False,East Lansing,MI,48824,US,America/Detroit,42.7281474,-84.4848526,254.8794861,1923.0,2024-11-30,-4.4,0.1,20.4,0.6671288580761282,0,False,False
401628443,2024,14,regular,2024-11-30T20:30:00.000Z,False,True,False,True,62621.0,3838,Memorial Stadium,142,Missouri,fbs,SEC,28.0,"[7, 0, 3, 18]",0.9334843158721924,1698.0,1701.0,8,Arkansas,fbs,SEC,21.0,"[0, 7, 7, 7]",0.06651568412780762,1574.0,1571.0,6.0145398828883,,,,3838,Memorial Stadium,71168.0,False,False,Columbia,MO,65211,US,America/Chicago,38.9358491,-92.3332009,212.6865692,1927.0,2024-11-30,-1.6,1.2,11.2,0.8799038893884892,0,False,False
401635624,2024,14,regular,2024-11-30T20:30:00.000Z,False,True,False,True,50500.0,3787,Kenan Stadium,153,North Carolina,fbs,ACC,30.0,"[0, 6, 14, 10]",0.0007380731403827667,1543.0,1531.0,152,NC State,fbs,ACC,35.0,"[7, 0, 6, 22]",0.9992619268596172,1501.0,1513.0,7.287584943060739,,,,3787,Kenan Stadium,50500.0,False,False,Chapel Hill,NC,27515,US,America/New_York,35.9069294,-79.0478889,127.7569809,1927.0,2024-11-30,6.3,0.0,13.7,1.0,1,False,False
401636940,2024,14,regular,2024-11-30T20:30:00.000Z,False,True,False,True,49813.0,3619,Arizona Stadium,12,Arizona,fbs,Big 12,7.0,"[0, 0, 7, 0]",0.001609391300007701,1404.0,1307.0,9,Arizona State,fbs,Big 12,49.0,"[14, 21, 0, 14]",0.9983906086999923,1615.0,1712.0,2.702761958657678,,,,3619,Arizona Stadium,50782.0,False,False,Tucson,AZ,85721,US,America/Phoenix,32.2288054,-110.9488677,742.1530151,1928.0,2024-11-30,24.0,0.0,2.8,0.980918435666181,1,False,False
401628437,2024,14,regular,2024-11-30T20:30:00.000Z,False,True,False,True,100077.0,3657,Bryant-Denny Stadium,333,Alabama,fbs,SEC,28.0,"[7, 7, 14, 0]",0.8266636729240417,2011.0,2007.0,2,Auburn,fbs,SEC,14.0,"[0, 6, 8, 0]",0.17333632707595825,1607.0,1611.0,3.3247335585616766,,,,3657,Bryant-Denny Stadium,101821.0,True,False,Tuscaloosa,AL,35487,US,America/Chicago,33.2082752,-87.5503836,70.05136108,1929.0,2024-11-30,10.4,0.0,1.2,0.9828719026526944,1,False,False
401641006,2024,14,regular,2024-11-30T21:00:00.000Z,False,True,False,True,6547.0,3796,Houchens Industries-L.T. Smith Stadium,98,Western Kentucky,fbs,Conference USA,19.0,"[7, 3, 3, 6]",0.7082599997520447,1451.0,1454.0,55,Jacksonville State,fbs,Conference USA,17.0,"[3, 7, 0, 7]",0.2917400002479553,1641.0,1638.0,5.890768750011016,,,,3796,Houchens Industries-L.T. Smith Stadium,22113.0,False,False,Bowling Green,KY,42101,US,America/Chicago,36.9847901,-86.4594041,154.4346619,1968.0,2024-11-30,2.8,0.0,3.3,0.29607018495907383,0,False,False
401641031,2024,14,regular,2024-11-30T21:00:00.000Z,False,True,False,True,15358.0,3601,Aggie Memorial Stadium,166,New Mexico State,fbs,Conference USA,35.0,"[17, 7, 0, 11]",0.25096625089645386,1137.0,1120.0,2638,UTEP,fbs,Conference USA,42.0,"[7, 7, 14, 14]",0.7490337491035461,1094.0,1111.0,6.160766566482527,,,,3601,Aggie Memorial Stadium,28853.0,False,False,Las Cruces,NM,88003,US,America/Denver,32.2796202,-106.7411148,1208.201294,1978.0,2024-11-30,17.4,0.0,4.6,0.5322843378504835,0,False,False
401641014,2024,14,regular,2024-11-30T21:00:00.000Z,False,True,False,True,14686.0,3776,Joe Aillet Stadium,2348,Louisiana Tech,fbs,Conference USA,33.0,"[7, 10, 9, 7]",0.9912545084953308,1294.0,1377.0,338,Kennesaw State,fbs,Conference USA,0.0,"[0, 0, 0, 0]",0.00874549150466919,1233.0,1150.0,2.4459853079649654,,,,3776,Joe Aillet Stadium,28019.0,False,False,Ruston,LA,71272,US,America/Chicago,32.5321487,-92.6560019,72.87982941,1968.0,2024-11-30,13.4,0.0,9.0,0.5241443306327849,0,False,False
401643844,2024,14,regular,2024-11-30T23:00:00.000Z,False,True,False,True,23383.0,3608,Allen E. Paulson Stadium,290,Georgia Southern,fbs,Sun Belt,29.0,"[8, 7, 0, 14]",0.6559457182884216,1437.0,1449.0,2026,App State,fbs,Sun Belt,20.0,"[0, 6, 7, 7]",0.34405428171157837,1405.0,1393.0,4.627025439429121,,,,3608,Allen E. Paulson Stadium,25000.0,False,False,Statesboro,GA,30460,US,America/New_York,32.4122471,-81.7849296,61.25376892,1984.0,2024-11-30,5.5,0.0,5.5,0.93532,1,False,False
401636943,2024,14,regular,2024-11-30T23:00:00.000Z,False,True,False,True,30021.0,3854,Nippert Stadium,2132,Cincinnati,fbs,Big 12,13.0,"[0, 7, 0, 6]",0.0877544954419136,1465.0,1463.0,2628,TCU,fbs,Big 12,20.0,"[7, 13, 0, 0]",0.9122455045580864,1614.0,1616.0,3.845641432534461,,,,3854,Nippert Stadium,40000.0,False,False,Cincinnati,OH,45221,US,America/New_York,39.1312495,-84.5161913,230.0660553,1915.0,2024-11-30,-0.2,0.0,14.5,0.750525,0,False,False
401643773,2024,14,regular,2024-11-30T23:30:00.000Z,False,True,False,False,17088.0,3820,Gesa Field,265,Washington State,fbs,Pac-12,14.0,"[7, 7, 0, 0]",0.4724685549736023,1596.0,1578.0,2751,Wyoming,fbs,Mountain West,15.0,"[3, 3, 3, 6]",0.5275314450263977,1283.0,1301.0,4.771440185916518,,,,3820,Gesa Field,32952.0,False,False,Pullman,WA,99164,US,America/Los_Angeles,46.731831,-117.1604991,773.9526367,1972.0,2024-11-30,3.8,0.0,2.4,0.5185724690458849,0,False,False
401628438,2024,14,regular,2024-12-01T00:00:00.000Z,False,True,False,False,55107.0,3697,Doak Campbell Stadium,52,Florida State,fbs,ACC,11.0,"[0, 0, 3, 8]",0.0,1383.0,1363.0,57,Florida,fbs,SEC,31.0,"[7, 7, 3, 14]",1.0,1667.0,1687.0,3.8269729081220913,,,,3697,Doak Campbell Stadium,67277.0,True,False,Tallahassee,FL,32306,US,America/New_York,30.4381692,-84.3044032,19.55942535,1950.0,2024-12-01,7.8,0.0,9.5,0.8191060838027855,0,False,False
401628441,2024,14,regular,2024-12-01T00:00:00.000Z,False,True,False,True,99364.0,3958,Tiger Stadium (LA),99,LSU,fbs,SEC,37.0,"[7, 17, 7, 6]",0.9838939905166626,1757.0,1806.0,201,Oklahoma,fbs,SEC,17.0,"[7, 10, 0, 0]",0.016106009483337402,1780.0,1731.0,3.796345377328534,,,,3958,Tiger Stadium (LA),102321.0,True,False,Baton Rouge,LA,70803,US,America/Chicago,30.412035,-91.1838163,7.640734673,1924.0,2024-12-01,10.0,0.0,9.2,0.9711007515563765,1,False,False
401628564,2024,14,regular,2024-12-01T00:00:00.000Z,False,True,False,True,53082.0,3830,"Memorial Stadium (Bloomington, IN)",84,Indiana,fbs,Big Ten,66.0,"[7, 21, 17, 21]",0.9919167160987854,1842.0,1954.0,2509,Purdue,fbs,Big Ten,0.0,"[0, 0, 0, 0]",0.0080832839012146,1173.0,1061.0,2.6971314769417623,,,,3830,"Memorial Stadium (Bloomington, IN)",52656.0,False,False,Bloomington,IN,47408,US,America/Indiana/Indianapolis,39.1808959,-86.5256217,231.6500854,1960.0,2024-12-01,-2.6,0.3,11.7,1.0080902461257977,1,False,False
401636944,2024,14,regular,2024-12-01T00:30:00.000Z,False,True,False,True,56228.0,3772,Jack Trice Stadium,66,Iowa State,fbs,Big 12,29.0,"[7, 17, 0, 5]",0.3992723822593689,1737.0,1751.0,2306,Kansas State,fbs,Big 12,21.0,"[7, 7, 7, 0]",0.6007276177406311,1772.0,1758.0,4.4378195289087605,,,,3772,Jack Trice Stadium,61500.0,True,False,Ames,IA,50011,US,America/Chicago,42.0139977,-93.6357716,274.9135437,1975.0,2024-12-01,-4.8,0.0,9.5,0.9142764227642276,1,False,False
401628569,2024,14,regular,2024-12-01T00:30:00.000Z,False,True,False,True,59603.0,3626,Autzen Stadium,2483,Oregon,fbs,Big Ten,49.0,"[7, 21, 7, 14]",0.9905105829238892,2029.0,2060.0,264,Washington,fbs,Big Ten,21.0,"[3, 11, 0, 7]",0.00948941707611084,1654.0,1623.0,3.3293176864109535,,,,3626,Autzen Stadium,54000.0,False,False,Eugene,OR,97401,US,America/Los_Angeles,44.0582712,-123.0684883,127.4198303,1967.0,2024-12-01,4.3,0.0,5.7,1.1037592592592593,1,False,False
401628445,2024,14,regular,2024-12-01T00:30:00.000Z,False,True,False,True,109028.0,3795,Kyle Field,245,Texas A&M,fbs,SEC,7.0,"[0, 0, 7, 0]",0.01941147819161415,1767.0,1771.0,251,Texas,fbs,SEC,17.0,"[7, 10, 0, 0]",0.9805885218083858,2063.0,2059.0,3.4045616377466894,,,,3795,Kyle Field,102733.0,True,False,College Station,TX,77843,US,America/Chicago,30.6098891,-96.3403828,108.824585,1927.0,2024-12-01,14.1,0.0,6.7,1.061275344825908,1,False,False
401643772,2024,14,regular,2024-12-01T01:00:00.000Z,False,True,False,True,40122.0,6501,Allegiant Stadium,2439,UNLV,fbs,Mountain West,38.0,"[10, 14, 7, 7]",0.8515607118606567,1673.0,1685.0,2440,Nevada,fbs,Mountain West,14.0,"[7, 0, 0, 7]",0.14843928813934326,1204.0,1192.0,2.817803519714785,,,,6501,Allegiant Stadium,65000.0,False,True,Las Vegas,NV,89118,US,America/Los_Angeles,36.09075,-115.183722,666,2020.0,2024-12-01,12.0,0.0,1.7,0.6172615384615384,0,False,False
401643846,2024,14,regular,2024-12-01T01:00:00.000Z,False,True,False,True,23341.0,3651,Bridgeforth Stadium,256,James Madison,fbs,Sun Belt,33.0,"[14, 3, 0, 7, 3, 6]",0.9707049378406948,1707.0,1692.0,276,Marshall,fbs,Sun Belt,35.0,"[0, 0, 17, 7, 3, 8]",0.02929506215930522,1502.0,1517.0,5.7902123187,,,,3651,Bridgeforth Stadium,24877.0,False,False,Harrisonburg,VA,22807,US,America/New_York,38.4352919,-78.8729349,399.303009,1975.0,2024-12-01,-2.3,0.0,5.4,0.9382562206053785,1,False,False
401635640,2024,14,regular,2024-12-01T01:00:00.000Z,False,True,False,True,65632.0,3799,Lane Stadium,259,Virginia Tech,fbs,ACC,37.0,"[10, 10, 10, 7]",0.9919674396514893,1656.0,1675.0,258,Virginia,fbs,ACC,17.0,"[0, 3, 8, 6]",0.008032560348510742,1375.0,1356.0,2.345801087478854,,,,3799,Lane Stadium,65632.0,True,False,Blacksburg,VA,24061,US,America/New_York,37.2199873,-80.4180643,632.2631226,1965.0,2024-12-01,-2.1,0.0,13.3,1.0,1,False,False
401636942,2024,14,regular,2024-12-01T03:15:00.000Z,False,True,False,True,59213.0,3801,LaVell Edwards Stadium,252,BYU,fbs,Big 12,30.0,"[7, 14, 3, 6]",0.9705783128738403,1660.0,1656.0,248,Houston,fbs,Big 12,18.0,"[7, 3, 0, 8]",0.029421687126159668,1309.0,1313.0,3.9557654195144405,,,,3801,LaVell Edwards Stadium,63470.0,True,False,Provo,UT,84602,US,America/Denver,40.2575347,-111.6545247,1412.097046,1964.0,2024-12-01,-0.3,0.0,0.4,0.9329289428076256,1,False,False
401643768,2024,14,regular,2024-12-01T03:30:00.000Z,False,True,False,True,18045.0,7311,Snapdragon Stadium,21,San Diego State,fbs,Mountain West,20.0,"[7, 7, 0, 6]",0.0,1237.0,1228.0,2005,Air Force,fbs,Mountain West,31.0,"[14, 3, 14, 0]",1.0,1398.0,1407.0,3.982084712444832,,,,7311,Snapdragon Stadium,35000.0,True,False,San Diego,CA,92093,US,America/Los_Angeles,32.784444,-117.122833,62,2022.0,2024-12-01,16.0,0.0,3.1,0.5155714285714286,0,False,False
401643771,2024,14,regular,2024-12-01T04:00:00.000Z,False,True,False,True,12046.0,7220,Clarence T.C. Ching Athletics Complex,62,Hawai'i,fbs,Mountain West,38.0,"[7, 14, 10, 7]",0.6815758347511292,1114.0,1136.0,167,New Mexico,fbs,Mountain West,30.0,"[0, 9, 7, 14]",0.31842416524887085,1269.0,1247.0,4.094300785633626,,,,7220,Clarence T.C. Ching Athletics Complex,15194.0,False,False,Honolulu,HI,96822,US,Pacific/Honolulu,21.294294,-157.819338,20,2015.0,2024-12-01,23.1,0.0,9.7,0.7928129524812426,0,False,False
401673466,2024,15,regular,2024-12-07T00:00:00.000Z,False,True,False,True,15628.0,3662,AmFirst Stadium,55,Jacksonville State,fbs,Conference USA,52.0,"[14, 14, 10, 14]",0.9942452311515808,1638.0,1729.0,98,Western Kentucky,fbs,Conference USA,12.0,"[3, 3, 6, 0]",0.0057547688484191895,1454.0,1363.0,2.3472106579004777,,Conference USA Championship,,3662,AmFirst Stadium,24000.0,False,False,Jacksonville,AL,36265,US,America/Chicago,33.8201052,-85.76647,198.0679016,1947.0,2024-12-07,0.3,0.0,8.8,0.6511666666666667,0,False,False
401673462,2024,15,regular,2024-12-07T01:00:00.000Z,False,True,False,True,14016.0,3841,Michie Stadium,349,Army,fbs,American Athletic,35.0,"[7, 14, 7, 7]",0.9998512268066406,1611.0,1686.0,2655,Tulane,fbs,American Athletic,14.0,"[0, 7, 0, 7]",0.000148773193359375,1829.0,1754.0,2.478052448203305,,American Athletic Championship,,3841,Michie Stadium,38000.0,False,False,West Point,NY,10996,US,America/New_York,41.3874924,-73.9640891,99.21277618,1924.0,2024-12-07,-3.8,0.0,7.8,0.3688421052631579,0,False,False
401673468,2024,15,regular,2024-12-07T01:00:00.000Z,False,True,False,True,36663.0,3653,Albertsons Stadium,68,Boise State,fbs,Mountain West,21.0,"[7, 14, 0, 0]",0.9350031018257141,1748.0,1771.0,2439,UNLV,fbs,Mountain West,7.0,"[0, 0, 0, 7]",0.06499689817428589,1685.0,1662.0,2.9133277523530534,,Mountain West Championship,,3653,Albertsons Stadium,36387.0,False,False,Boise,ID,83725,US,America/Boise,43.6028839,-116.1958882,823.2221069,1970.0,2024-12-07,-3.9,0.0,2.2,1.0075851265561877,1,False,False
401673465,2024,15,regular,2024-12-07T17:00:00.000Z,False,True,True,True,55889.0,3687,AT&T Stadium,9,Arizona State,fbs,Big 12,45.0,"[10, 14, 21, 0]",0.9893358945846558,1712.0,1792.0,66,Iowa State,fbs,Big 12,19.0,"[7, 3, 0, 9]",0.010664105415344238,1751.0,1671.0,2.928390766186814,,Dr Pepper Big 12 Championship,,3687,AT&T Stadium,100000.0,False,True,Arlington,TX,76011,US,America/Chicago,32.747778,-97.092778,172.5047302,2009.0,2024-12-07,8.6,0.0,5.8,0.55889,,False,False
401673467,2024,15,regular,2024-12-07T17:00:00.000Z,False,True,True,True,15478.0,3727,Ford Field,193,Miami (OH),fbs,Mid-American,3.0,"[3, 0, 0, 0]",0.009252317249774933,1590.0,1496.0,195,Ohio,fbs,Mid-American,38.0,"[7, 14, 10, 7]",0.9907476827502251,1585.0,1679.0,2.540766488512685,,MAC Championship,,3727,Ford Field,64500.0,False,True,Detroit,MI,48226,US,America/Detroit,42.34,-83.045556,183.9643707,2002.0,2024-12-07,-0.8,0.0,16.6,0.239968992248062,,False,False
401673469,2024,15,regular,2024-12-07T21:00:00.000Z,False,True,True,True,74916.0,5348,Mercedes-Benz Stadium,251,Texas,fbs,SEC,19.0,"[3, 3, 0, 10, 3]",0.29323112964630127,2059.0,2057.0,61,Georgia,fbs,SEC,22.0,"[0, 3, 10, 3, 6]",0.7067688703536987,2017.0,2019.0,9.136188031505878,,SEC Championship,,5348,Mercedes-Benz Stadium,75000.0,False,True,Atlanta,GA,30313,US,America/New_York,33.755578,-84.400881,307.9,2017.0,2024-12-07,9.7,0.0,7.4,0.99888,,False,False
401673470,2024,15,regular,2024-12-08T00:30:00.000Z,False,True,False,True,20067.0,3666,Cajun Field,309,Louisiana,fbs,Sun Belt,3.0,"[3, 0, 0, 0]",0.0,1640.0,1546.0,276,Marshall,fbs,Sun Belt,31.0,"[7, 10, 7, 7]",1.0,1517.0,1611.0,3.7945691492399476,,Sun Belt Championship,,3666,Cajun Field,41426.0,False,False,Lafayette,LA,70506,US,America/Chicago,30.2158434,-92.0417371,3.556508303,1971.0,2024-12-08,11.3,0.0,8.3,0.48440592864384685,0,False,False
401673463,2024,15,regular,2024-12-08T01:00:00.000Z,False,True,True,True,53808.0,3628,Bank of America Stadium,2567,SMU,fbs,ACC,31.0,"[7, 0, 7, 17]",0.6509968042373657,1890.0,1886.0,228,Clemson,fbs,ACC,34.0,"[21, 3, 7, 3]",0.3490031957626343,1811.0,1815.0,5.15762411312274,,ACC Championship,,3628,Bank of America Stadium,73778.0,True,False,Charlotte,NC,28202,US,America/New_York,35.225833,-80.852778,220.8777466,1996.0,2024-12-08,3.5,0.0,12.3,0.7293231044484806,,False,False
401673464,2024,15,regular,2024-12-08T01:00:00.000Z,False,True,True,True,67469.0,3812,Lucas Oil Stadium,2483,Oregon,fbs,Big Ten,45.0,"[14, 17, 7, 7]",0.8975746631622314,2060.0,2075.0,213,Penn State,fbs,Big Ten,37.0,"[10, 14, 0, 13]",0.10242533683776855,2011.0,1996.0,4.045752768237689,,Big Ten Championship,,3812,Lucas Oil Stadium,63000.0,False,True,Indianapolis,IN,46225,US,America/Indiana/Indianapolis,39.760056,-86.163806,216.3370361,2008.0,2024-12-08,4.3,0.0,19.0,1.0709365079365079,,False,False
401645383,2024,16,regular,2024-12-14T20:00:00.000Z,False,True,True,True,60726.0,3719,Northwest Stadium,349,Army,fbs,American Athletic,13.0,"[0, 7, 3, 3]",0.0,1686.0,1630.0,2426,Navy,fbs,American Athletic,31.0,"[7, 7, 7, 10]",1.0,1503.0,1559.0,3.7390196410750183,,,,3719,Northwest Stadium,82000.0,True,False,Landover,MD,20785,US,America/New_York,38.907778,-76.864444,59.50488663,1997.0,2024-12-14,3.0,0.0,9.5,0.7405609756097561,,False,False
401756846,2025,1,regular,2025-08-23T16:00:00.000Z,False,True,True,True,47221.0,3504,Aviva Stadium,2306,Kansas State,fbs,Big 12,21.0,"[0, 7, 0, 14]",0.050372593104839325,1669.0,1666.0,66,Iowa State,fbs,Big 12,24.0,"[7, 0, 7, 10]",0.9496274068951607,1616.0,1619.0,6.029094160739601,,Aer Lingus College Football Classic,,3504,Aviva Stadium,51700.0,True,False,Dublin,,,IE,Europe/Dublin,53.33523,-6.228447,2.264276505,2010.0,2025-08-23,19.8,0.1,5.3,0.9133655705996132,,False,False
401760371,2025,1,regular,2025-08-23T20:00:00.000Z,False,True,False,False,25723.0,6501,Allegiant Stadium,2439,UNLV,fbs,Mountain West,38.0,"[0, 14, 10, 14]",1.0,,,304,Idaho State,fcs,Big Sky,31.0,"[10, 7, 7, 7]",0.0,,,8.650095280317405,,,,6501,Allegiant Stadium,65000.0,False,True,Las Vegas,NV,89118,US,America/Los_Angeles,36.09075,-115.183722,666,2020.0,2025-08-23,41.3,0.0,4.4,0.39573846153846154,0,False,False
401756847,2025,1,regular,2025-08-23T22:30:00.000Z,False,True,False,False,41525.0,3833,Memorial Stadium,2305,Kansas,fbs,Big 12,31.0,"[14, 10, 7, 0]",1.0,1583.0,1632.0,278,Fresno State,fbs,Mountain West,7.0,"[7, 0, 0, 0]",0.0,1490.0,1441.0,2.7830408481663227,,,,3833,Memorial Stadium,47000.0,False,False,Lawrence,KS,66045,US,America/Chicago,38.9629418,-95.2463686,274.855957,1921.0,2025-08-23,28.4,0.0,14.6,0.8835106382978724,0,False,False
401757218,2025,1,regular,2025-08-23T23:00:00.000Z,False,True,False,True,15312.0,3796,Houchens Industries-L.T. Smith Stadium,98,Western Kentucky,fbs,Conference USA,41.0,"[7, 13, 14, 7]",0.9504224061965942,1409.0,1450.0,2534,Sam Houston,fbs,Conference USA,24.0,"[3, 7, 14, 0]",0.04957759380340576,1452.0,1411.0,5.04146368507938,,,,3796,Houchens Industries-L.T. Smith Stadium,22113.0,False,False,Bowling Green,KY,42101,US,America/Chicago,36.9847901,-86.4594041,154.4346619,1968.0,2025-08-23,27.9,0.0,15.2,0.6924433591100257,0,False,False
401754516,2025,1,regular,2025-08-23T23:30:00.000Z,False,True,False,False,15194.0,7220,Clarence T.C. Ching Athletics Complex,62,Hawai'i,fbs,Mountain West,23.0,"[7, 7, 3, 6]",0.4369106590747833,1257.0,1258.0,24,Stanford,fbs,ACC,20.0,"[10, 3, 0, 7]",0.5630893409252167,1283.0,1282.0,6.995256097508367,,,,7220,Clarence T.C. Ching Athletics Complex,15194.0,False,False,Honolulu,HI,96822,US,Pacific/Honolulu,21.294294,-157.819338,20,2015.0,2025-08-23,30.1,0.0,17.3,1.0,1,False,False
401762522,2025,1,regular,2025-08-28T21:30:00.000Z,False,True,False,False,34707.0,3886,Raymond James Stadium,58,South Florida,fbs,American Athletic,34.0,"[0, 10, 14, 10]",0.991242527961731,1456.0,1554.0,68,Boise State,fbs,Mountain West,7.0,"[7, 0, 0, 0]",0.008757472038269043,1676.0,1578.0,4.198854782620091,,,,3886,Raymond James Stadium,65828.0,True,False,Tampa,FL,33620,US,America/New_York,27.9758691,-82.5033344,11.07972908,1998.0,2025-08-28,30.0,0.2,9.9,0.5272376496323753,0,False,False
401752794,2025,1,regular,2025-08-28T22:00:00.000Z,False,True,False,False,46907.0,6577,SHI Stadium,164,Rutgers,fbs,Big Ten,34.0,"[7, 24, 0, 3]",0.9000661373138428,1522.0,1524.0,195,Ohio,fbs,Mid-American,31.0,"[7, 10, 14, 0]",0.09993386268615723,1621.0,1619.0,6.943864856309906,,,,6577,SHI Stadium,52454.0,False,False,Piscataway,NJ,08854,US,America/New_York,40.513611,-74.465278,19,1994.0,2025-08-28,24.4,0.0,14.2,0.8942502001753918,0,False,False
401762790,2025,1,regular,2025-08-28T22:00:00.000Z,False,True,False,False,19328.0,3700,Doyt L. Perry Stadium,189,Bowling Green,fbs,Mid-American,26.0,"[7, 10, 6, 3]",1.0,1461.0,1461.0,322,Lafayette,fcs,Patriot,7.0,"[0, 0, 7, 0]",0.0,,,1.743718059958304,,,,3700,Doyt L. Perry Stadium,24000.0,False,False,Bowling Green,OH,43403,US,America/New_York,41.3780114,-83.6225,205.9057465,1966.0,2025-08-28,21.0,0.2,13.0,0.8053333333333333,0,False,False
401761588,2025,1,regular,2025-08-28T23:00:00.000Z,False,True,False,False,12459.0,3817,Malone Stadium,2433,UL Monroe,fbs,Sun Belt,29.0,"[7, 3, 7, 12]",0.9948040246963501,1281.0,1281.0,2598,Saint Francis,fcs,NEC,0.0,"[0, 0, 0, 0]",0.005195975303649902,,,2.6582437502851985,,,,3817,Malone Stadium,27617.0,False,False,Monroe,LA,71209,US,America/Chicago,32.5308089,-92.0660602,22.998209,1978.0,2025-08-28,26.6,4.2,15.3,0.45113517036607886,0,False,False
401762789,2025,1,regular,2025-08-28T23:00:00.000Z,False,True,False,False,9138.0,3768,InfoCision Stadium,2006,Akron,fbs,Mid-American,0.0,"[0, 0, 0, 0]",0.1403001993894577,1245.0,1235.0,2751,Wyoming,fbs,Mountain West,10.0,"[0, 3, 0, 7]",0.8596998006105423,1367.0,1377.0,4.853832638856986,,,,3768,InfoCision Stadium,30000.0,False,False,Akron,OH,44399,US,America/New_York,41.0725534,-81.5083408,321.2875061,2009.0,2025-08-28,17.2,0.0,13.2,0.3046,0,False,False
401757219,2025,1,regular,2025-08-28T23:00:00.000Z,False,True,False,False,17895.0,3695,Delaware Stadium,48,Delaware,fbs,Conference USA,35.0,"[0, 14, 7, 14]",0.948571503162384,1500.0,1500.0,2169,Delaware State,fcs,MEAC,17.0,"[0, 3, 7, 7]",0.05142849683761597,,,3.8863147504803375,,,,3695,Delaware Stadium,22000.0,False,False,Newark,DE,19713,US,America/New_York,39.6617428,-75.7488224,28.74350357,1952.0,2025-08-28,22.3,0.0,6.6,0.8134090909090909,0,False,False
401754373,2025,1,regular,2025-08-28T23:00:00.000Z,False,True,False,False,56919.0,3670,Carter-Finley Stadium,152,NC State,fbs,ACC,24.0,"[3, 14, 7, 0]",0.7440896034240723,1501.0,1507.0,151,East Carolina,fbs,American Athletic,17.0,"[0, 7, 0, 10]",0.25591039657592773,1435.0,1429.0,3.940855281840526,,,,3670,Carter-Finley Stadium,58000.0,True,False,Raleigh,NC,27695,US,America/New_York,35.8008001,-78.7195655,117.0089951,1966.0,2025-08-28,23.5,0.0,2.3,0.9813620689655173,1,False,False
401756848,2025,1,regular,2025-08-28T23:00:00.000Z,False,True,False,False,43043.0,3652,FBC Mortgage Stadium,2116,UCF,fbs,Big 12,17.0,"[0, 0, 3, 14]",0.8685790300369263,1538.0,1554.0,55,Jacksonville State,fbs,Conference USA,10.0,"[0, 0, 3, 7]",0.13142096996307373,1650.0,1634.0,6.779838854522642,,,,3652,FBC Mortgage Stadium,44206.0,True,False,Orlando,FL,32816,US,America/New_York,28.6079765,-81.1927233,20.94113731,2007.0,2025-08-28,24.8,0.6,7.6,0.973691354114826,1,False,False
401752674,2025,1,regular,2025-08-28T23:30:00.000Z,False,True,False,False,57321.0,3838,Memorial Stadium,142,Missouri,fbs,SEC,61.0,"[9, 17, 14, 21]",0.9923890829086304,1640.0,1640.0,2110,Central Arkansas,fcs,UAC,6.0,"[0, 0, 0, 6]",0.007610917091369629,,,3.2619476923306743,,,,3838,Memorial Stadium,71168.0,False,False,Columbia,MO,65211,US,America/Chicago,38.9358491,-92.3332009,212.6865692,1927.0,2025-08-28,27.5,0.0,6.0,0.8054322167266187,0,False,False
401754517,2025,1,regular,2025-08-28T23:30:00.000Z,False,True,False,False,15677.0,3982,Wallace Wade Stadium,150,Duke,fbs,ACC,45.0,"[3, 7, 14, 21]",0.9505264759063721,1526.0,1526.0,2210,Elon,fcs,Coastal Athletic,17.0,"[0, 10, 0, 7]",0.04947352409362793,,,5.108617579482511,,,,3982,Wallace Wade Stadium,40004.0,True,False,Durham,NC,27708,US,America/New_York,35.9953688,-78.9417564,103.0028152,1929.0,2025-08-28,22.8,0.0,0.7,0.3918858114188581,0,False,False
401756876,2025,1,regular,2025-08-28T23:30:00.000Z,False,True,False,False,44809.0,3646,Boone Pickens Stadium,197,Oklahoma State,fbs,Big 12,27.0,"[14, 3, 3, 7]",0.8100014328956604,1334.0,1334.0,2630,UT Martin,fcs,OVC-Big South,7.0,"[7, 0, 0, 0]",0.1899985671043396,,,2.5593415223854774,,,,3646,Boone Pickens Stadium,55509.0,False,False,Stillwater,OK,74078,US,America/Chicago,36.125673,-97.066513,276.4808655,1919.0,2025-08-28,24.4,0.0,15.6,0.8072384658343692,0,False,False
401756852,2025,1,regular,2025-08-29T00:00:00.000Z,False,True,False,False,28150.0,4728,TDECU Stadium,248,Houston,fbs,Big 12,27.0,"[7, 10, 7, 3]",1.0,1375.0,1375.0,2617,Stephen F. Austin,fcs,Southland,0.0,"[0, 0, 0, 0]",0.0,,,2.357485880054012,,,,4728,TDECU Stadium,40000.0,False,False,Houston,TX,77004,US,America/Chicago,29.7219885,-95.3491623,9.57440567,2014.0,2025-08-29,29.9,0.0,8.5,0.70375,0,False,False
401752793,2025,1,regular,2025-08-29T00:00:00.000Z,False,True,False,False,47774.0,3953,Huntington Bank Stadium,135,Minnesota,fbs,Big Ten,23.0,"[0, 10, 3, 10]",0.9904310703277588,1616.0,1625.0,2084,Buffalo,fbs,Mid-American,10.0,"[0, 3, 7, 0]",0.009568929672241211,1416.0,1407.0,3.4432187643946706,,,,3953,Huntington Bank Stadium,50850.0,False,False,Minneapolis,MN,55488,US,America/Chicago,44.976525,-93.2245462,254.3902283,2009.0,2025-08-29,25.0,0.0,9.9,0.9395083579154375,1,False,False
401762430,2025,1,regular,2025-08-29T00:30:00.000Z,False,True,False,False,26294.0,7221,Protective Stadium,5,UAB,fbs,American Athletic,52.0,"[10, 7, 21, 14]",0.6135753989219666,1319.0,1319.0,2011,Alabama State,fcs,SWAC,42.0,"[7, 14, 7, 14]",0.38642460107803345,,,6.530426333629312,,,,7221,Protective Stadium,45000.0,False,False,Birmingham,AL,35203,US,America/Chicago,33.5206824,-86.8024326,187,2021.0,2025-08-29,22.8,0.1,6.0,0.5843111111111111,0,False,False
401752796,2025,1,regular,2025-08-29T01:00:00.000Z,False,True,True,False,72884.0,3622,GEHA Field at Arrowhead Stadium,2132,Cincinnati,fbs,Big 12,17.0,"[3, 0, 7, 7]",0.6849573254585266,1475.0,1477.0,158,Nebraska,fbs,Big Ten,20.0,"[0, 13, 0, 7]",0.3150426745414734,1524.0,1522.0,6.207148038057158,,,,3622,GEHA Field at Arrowhead Stadium,76416.0,True,False,Kansas City,MO,64129,US,America/Chicago,39.048889,-94.483889,256.798584,1972.0,2025-08-29,24.4,0.0,4.3,0.9537793132328308,,False,False
401762791,2025,1,regular,2025-08-29T01:00:00.000Z,False,True,False,False,65952.0,347,Camp Randall Stadium,275,Wisconsin,fbs,Big Ten,17.0,"[3, 0, 7, 7]",1.0,1536.0,1573.0,193,Miami (OH),fbs,Mid-American,0.0,"[0, 0, 0, 0]",0.0,1528.0,1491.0,3.079787957421434,,,,347,Camp Randall Stadium,80321.0,False,False,Madison,WI,53711,US,America/Chicago,43.06994,-89.4126943,263.604126,1917.0,2025-08-29,18.9,0.0,6.5,0.821105314923868,0,False,False
401760357,2025,1,regular,2025-08-29T02:00:00.000Z,False,True,False,False,20624.0,7311,Snapdragon Stadium,21,San Diego State,fbs,Mountain West,42.0,"[14, 6, 8, 14]",1.0,1318.0,1318.0,2619,Stony Brook,fcs,Coastal Athletic,0.0,"[0, 0, 0, 0]",0.0,,,2.6060254433997136,,,,7311,Snapdragon Stadium,35000.0,True,False,San Diego,CA,92093,US,America/Los_Angeles,32.784444,-117.122833,62,2022.0,2025-08-29,24.6,0.0,5.0,0.5892571428571428,0,False,False
401762432,2025,1,regular,2025-08-29T22:00:00.000Z,False,True,False,False,23032.0,3841,Michie Stadium,349,Army,fbs,American Athletic,27.0,"[7, 10, 7, 0, 3]",0.34902462363243103,1607.0,1607.0,2627,Tarleton State,fcs,UAC,30.0,"[3, 7, 7, 7, 6]",0.650975376367569,,,6.9127413278628165,,,,3841,Michie Stadium,38000.0,False,False,West Point,NY,10996,US,America/New_York,41.3874924,-73.9640891,99.21277618,1924.0,2025-08-29,20.9,0.0,11.3,0.6061052631578947,0,False,False
401752802,2025,1,regular,2025-08-29T23:00:00.000Z,False,True,False,False,71657.0,3936,Spartan Stadium,127,Michigan State,fbs,Big Ten,23.0,"[7, 14, 2, 0]",1.0,1368.0,1403.0,2711,Western Michigan,fbs,Mid-American,6.0,"[0, 0, 0, 6]",0.0,1345.0,1310.0,2.8680052592635046,,,,3936,Spartan Stadium,75005.0,True,False,East Lansing,MI,48824,US,America/Detroit,42.7281474,-84.4848526,254.8794861,1923.0,2025-08-29,18.0,0.0,6.6,0.9553629758016132,1,False,False
401766898,2025,1,regular,2025-08-29T23:00:00.000Z,False,True,False,False,18034.0,2031,Pitbull Stadium,2229,Florida International,fbs,Conference USA,42.0,"[7, 21, 7, 7]",0.9834718108177185,1372.0,1372.0,2065,Bethune-Cookman,fcs,SWAC,9.0,"[3, 3, 0, 3]",0.016528189182281494,,,2.954049844219754,,,,2031,Pitbull Stadium,20000.0,False,False,Miami,FL,33199,US,America/New_York,25.7525,-80.37778,6,1995.0,2025-08-29,25.4,5.9,3.7,0.9017,1,False,False
401761589,2025,1,regular,2025-08-29T23:00:00.000Z,False,True,True,False,35718.0,3628,Bank of America Stadium,2429,Charlotte,fbs,American Athletic,11.0,"[3, 0, 0, 8]",0.042695220559835434,1254.0,1221.0,2026,App State,fbs,Sun Belt,34.0,"[0, 17, 10, 7]",0.9573047794401646,1428.0,1461.0,3.6672300484451488,,Duke’s Mayo Classic,,3628,Bank of America Stadium,73778.0,True,False,Charlotte,NC,28202,US,America/New_York,35.225833,-80.852778,220.8777466,1996.0,2025-08-29,26.1,0.0,2.3,0.4841280598552414,,False,False
401754374,2025,1,regular,2025-08-29T23:00:00.000Z,False,True,False,False,30789.0,3630,Allegacy Federal Credit Union Stadium,154,Wake Forest,fbs,ACC,10.0,"[7, 0, 3, 0]",0.9848545789718628,1397.0,1394.0,338,Kennesaw State,fbs,Conference USA,9.0,"[6, 0, 3, 0]",0.015145421028137207,1266.0,1269.0,5.674199343634623,,,,3630,Allegacy Federal Credit Union Stadium,31500.0,False,False,Winston-Salem,NC,27105,US,America/New_York,36.1305507,-80.2545851,283.548584,1968.0,2025-08-29,24.7,0.0,8.2,0.9774285714285714,1,False,False
401752795,2025,1,regular,2025-08-29T23:30:00.000Z,False,True,False,False,56040.0,3832,"Memorial Stadium (Champaign, IL)",356,Illinois,fbs,Big Ten,52.0,"[14, 17, 7, 14]",0.9946691989898682,1578.0,1578.0,2710,Western Illinois,fcs,OVC-Big South,3.0,"[0, 0, 0, 3]",0.005330801010131836,,,1.9825601280930891,,,,3832,"Memorial Stadium (Champaign, IL)",60670.0,False,False,Champaign,IL,61820,US,America/Chicago,40.0993268,-88.2359569,223.2471619,1923.0,2025-08-29,23.2,0.0,10.8,0.9236855117850667,1,False,False
401756854,2025,1,regular,2025-08-29T23:30:00.000Z,False,True,False,False,39129.0,3833,Memorial Stadium,2305,Kansas,fbs,Big 12,46.0,"[14, 15, 10, 7]",0.9886996150016785,1633.0,1633.0,2681,Wagner,fcs,NEC,7.0,"[0, 7, 0, 0]",0.011300384998321533,,,1.6895921395162847,,,,3833,Memorial Stadium,47000.0,False,False,Lawrence,KS,66045,US,America/Chicago,38.9629418,-95.2463686,274.855957,1921.0,2025-08-29,26.4,0.0,7.3,0.832531914893617,0,False,False
401752667,2025,1,regular,2025-08-30T00:00:00.000Z,False,True,False,False,45233.0,4727,McLane Stadium,239,Baylor,fbs,Big 12,24.0,"[3, 7, 7, 7]",0.19976085424423218,1604.0,1569.0,2,Auburn,fbs,SEC,38.0,"[7, 10, 14, 7]",0.8002391457557678,1574.0,1609.0,5.207606567811596,,,,4727,McLane Stadium,45140.0,False,False,Waco,TX,76704,US,America/Chicago,31.5582015,-97.1156702,117.0538101,2014.0,2025-08-30,32.1,0.0,8.2,1.0020602569782897,1,False,False
401754375,2025,1,regular,2025-08-30T00:00:00.000Z,False,True,False,False,52868.0,3726,Folsom Field,38,Colorado,fbs,Big 12,20.0,"[7, 3, 3, 7]",0.467380553483963,1634.0,1613.0,59,Georgia Tech,fbs,ACC,27.0,"[0, 13, 7, 7]",0.532619446516037,1536.0,1557.0,5.409469095229784,,,,3726,Folsom Field,50183.0,True,False,Boulder,CO,80309,US,America/Denver,40.0094746,-105.266905,1634.041138,1924.0,2025-08-30,21.7,0.5,6.0,1.053504174720523,1,False,False
401757224,2025,1,regular,2025-08-30T01:30:00.000Z,False,True,True,False,5837.0,3631,BBVA Compass Stadium,2534,Sam Houston,fbs,Conference USA,21.0,"[7, 0, 0, 14]",0.03245411068201065,1411.0,1397.0,2439,UNLV,fbs,Mountain West,38.0,"[14, 10, 7, 7]",0.9675458893179893,1619.0,1633.0,3.6618211785683403,,,,3631,BBVA Compass Stadium,22000.0,True,False,Houston,TX,77003,US,America/Chicago,29.7521988,-95.3524146,13.68128395,2012.0,2025-08-30,27.7,0.4,2.8,0.26531818181818184,,False,False
401760358,2025,1,regular,2025-08-30T02:30:00.000Z,False,True,False,False,14877.0,3935,CEFCU Stadium,23,San José State,fbs,Mountain West,14.0,"[0, 7, 7, 0]",0.032235562801361084,1484.0,1467.0,2117,Central Michigan,fbs,Mid-American,16.0,"[10, 3, 0, 3]",0.9677644371986389,1235.0,1252.0,6.0997865114863705,,,,3935,CEFCU Stadium,30456.0,False,False,San Jose,CA,95112,US,America/Los_Angeles,37.3196675,-121.8682962,28.30708694,1933.0,2025-08-30,22.4,0.0,8.0,0.48847517730496454,0,False,False
401762434,2025,1,regular,2025-08-30T16:00:00.000Z,False,True,False,False,30014.0,3852,Navy-Marine Corps Memorial Stadium,2426,Navy,fbs,American Athletic,52.0,"[7, 21, 10, 14]",0.9952975511550903,1543.0,1543.0,2678,VMI,fcs,Southern,7.0,"[0, 0, 7, 0]",0.004702448844909668,,,1.9702852958010257,,,,3852,Navy-Marine Corps Memorial Stadium,34000.0,False,False,Annapolis,MD,21402,US,America/New_York,38.9846985,-76.5076335,10.74990082,1959.0,2025-08-30,20.5,0.0,8.5,0.8827647058823529,0,False,False
401752673,2025,1,regular,2025-08-30T16:00:00.000Z,False,True,False,False,33485.0,3815,M. M. Roberts Stadium,2572,Southern Miss,fbs,Sun Belt,17.0,"[3, 7, 0, 7]",0.018377596512436867,1119.0,1107.0,344,Mississippi State,fbs,SEC,34.0,"[10, 3, 21, 0]",0.9816224034875631,1412.0,1424.0,4.441994027739813,,,,3815,M. M. Roberts Stadium,36000.0,False,False,Hattiesburg,MS,39402,US,America/Chicago,31.3289321,-89.3318118,64.52726746,1932.0,2025-08-30,26.1,0.1,11.1,0.9301388888888888,1,False,False
401752676,2025,1,regular,2025-08-30T16:00:00.000Z,False,True,True,False,45918.0,5348,Mercedes-Benz Stadium,2633,Tennessee,fbs,SEC,45.0,"[17, 14, 7, 7]",0.9841050505638123,1776.0,1799.0,183,Syracuse,fbs,ACC,26.0,"[0, 14, 6, 6]",0.015894949436187744,1499.0,1476.0,3.339909414752006,,Aflac Kickoff,,5348,Mercedes-Benz Stadium,75000.0,False,True,Atlanta,GA,30313,US,America/New_York,33.755578,-84.400881,307.9,2017.0,2025-08-30,26.8,0.0,7.7,0.61224,,False,False
401754520,2025,1,regular,2025-08-30T16:00:00.000Z,False,True,False,False,53006.0,3752,Acrisure Stadium,221,Pittsburgh,fbs,ACC,61.0,"[14, 20, 14, 13]",0.9959656000137329,1470.0,1470.0,2184,Duquesne,fcs,NEC,9.0,"[0, 6, 0, 3]",0.00403439998626709,,,2.544712763176378,,,,3752,Acrisure Stadium,68400.0,True,False,Pittsburgh,PA,15260,US,America/New_York,40.4467648,-80.0157603,220.5887146,2001.0,2025-08-30,18.7,0.0,4.8,0.7749415204678363,0,False,False
401762792,2025,1,regular,2025-08-30T16:00:00.000Z,False,True,False,False,8647.0,3696,Dix Stadium,2309,Kent State,fbs,Mid-American,21.0,"[0, 7, 7, 7]",0.7662817239761353,1006.0,1006.0,2771,Merrimack,fcs,FCS Independents,17.0,"[0, 3, 3, 11]",0.23371827602386475,,,5.994707794081288,,,,3696,Dix Stadium,25319.0,False,False,Kent,OH,44242,US,America/New_York,41.1390935,-81.31346,321.3641663,1969.0,2025-08-30,18.3,0.0,10.1,0.34152217702120935,0,False,False
401752797,2025,1,regular,2025-08-30T16:00:00.000Z,False,True,False,False,35067.0,3665,SECU Stadium,120,Maryland,fbs,Big Ten,39.0,"[7, 26, 6, 0]",0.9894888997077942,1438.0,1509.0,2226,Florida Atlantic,fbs,American Athletic,7.0,"[7, 0, 0, 0]",0.01051110029220581,1311.0,1240.0,4.0587975477575435,,,,3665,SECU Stadium,51802.0,False,False,College Park,MD,20742,US,America/New_York,38.9903332,-76.9473792,32.68748093,1950.0,2025-08-30,21.7,0.0,8.1,0.6769429751747037,0,False,False
401752677,2025,1,regular,2025-08-30T16:00:00.000Z,False,True,False,False,107524.0,3861,Ohio Stadium,194,Ohio State,fbs,Big Ten,14.0,"[0, 7, 0, 7]",0.7310812473297119,1974.0,1977.0,251,Texas,fbs,SEC,7.0,"[0, 0, 0, 7]",0.2689187526702881,1861.0,1858.0,2.8501456148390796,,,,3861,Ohio Stadium,102780.0,False,False,Columbus,OH,43210,US,America/New_York,40.0016447,-83.0197266,216.6770325,1922.0,2025-08-30,18.7,0.0,7.9,1.0461568398521113,1,False,False
401752801,2025,1,regular,2025-08-30T16:00:00.000Z,False,True,False,False,53994.0,3907,Ross-Ade Stadium,2509,Purdue,fbs,Big Ten,31.0,"[14, 7, 7, 3]",0.988307774066925,1207.0,1293.0,2050,Ball State,fbs,Mid-American,0.0,"[0, 0, 0, 0]",0.011692225933074951,1224.0,1138.0,2.2003856045032593,,,,3907,Ross-Ade Stadium,57282.0,True,False,West Lafayette,IN,47907,US,America/Indiana/Indianapolis,40.4352253,-86.9186843,197.5337677,1924.0,2025-08-30,20.9,0.0,3.2,0.9425997695611187,1,False,False
401752803,2025,1,regular,2025-08-30T16:00:00.000Z,False,True,False,False,22103.0,4729,Yulman Stadium,2655,Tulane,fbs,American Athletic,23.0,"[7, 13, 3, 0]",1.0,1616.0,1644.0,77,Northwestern,fbs,Big Ten,3.0,"[3, 0, 0, 0]",0.0,1431.0,1403.0,2.4735579019831504,,,,4729,Yulman Stadium,30000.0,False,False,New Orleans,LA,70118,US,America/Chicago,29.944616,-90.116692,0.0000000000000000000000000000000000000118,2014.0,2025-08-30,27.7,0.1,9.1,0.7367666666666667,0,False,False
401752670,2025,1,regular,2025-08-30T16:45:00.000Z,False,True,False,False,56457.0,3683,Kroger Field,96,Kentucky,fbs,SEC,24.0,"[7, 3, 0, 14]",0.9706190228462219,1498.0,1507.0,2649,Toledo,fbs,Mid-American,16.0,"[0, 2, 0, 14]",0.029380977153778076,1454.0,1445.0,3.6450777717616583,,,,3683,Kroger Field,61000.0,False,False,Lexington,KY,40506,US,America/New_York,38.0220905,-84.5053408,307.4248962,1973.0,2025-08-30,22.1,0.0,12.2,0.9255245901639344,1,False,False
401754518,2025,1,regular,2025-08-30T18:00:00.000Z,False,True,False,False,41221.0,3615,"Alumni Stadium (Chestnut Hill, MA)",103,Boston College,fbs,ACC,66.0,"[14, 7, 24, 21]",0.9878271818161011,1508.0,1508.0,2230,Fordham,fcs,Patriot,10.0,"[3, 0, 0, 7]",0.012172818183898926,,,1.976087307715974,,,,3615,"Alumni Stadium (Chestnut Hill, MA)",44500.0,False,False,Chestnut Hill,MA,2467 ,US,America/New_York,42.335104,-71.1664413,39.82634354,1957.0,2025-08-30,23.2,0.0,12.8,0.9263146067415731,1,False,False
401756878,2025,1,regular,2025-08-30T18:00:00.000Z,False,True,False,False,57093.0,3842,Milan Puskar Stadium,277,West Virginia,fbs,Big 12,45.0,"[7, 3, 14, 21]",0.9934393763542175,1470.0,1470.0,2523,Robert Morris,fcs,NEC,3.0,"[0, 3, 0, 0]",0.006560623645782471,,,2.9644348700139513,,,,3842,Milan Puskar Stadium,60000.0,False,False,Morgantown,WV,26507,US,America/New_York,39.6502744,-79.9551873,327.409668,1980.0,2025-08-30,20.8,0.0,7.8,0.95155,1,False,False
401757167,2025,1,regular,2025-08-30T18:00:00.000Z,False,True,False,False,37594.0,3892,Pratt & Whitney Stadium,41,UConn,fbs,FBS Independents,59.0,"[14, 21, 10, 14]",0.990516722202301,1454.0,1454.0,2115,Central Connecticut,fcs,NEC,13.0,"[7, 3, 3, 0]",0.009483277797698975,,,3.3336148066236553,,,,3892,Pratt & Whitney Stadium,40000.0,True,False,East Hartford,CT,6118 ,US,America/New_York,41.7595675,-72.6187728,6.515614986,2003.0,2025-08-30,21.9,0.0,13.6,0.93985,1,False,False
401752806,2025,1,regular,2025-08-30T18:30:00.000Z,False,True,False,False,47109.0,3830,"Memorial Stadium (Bloomington, IN)",84,Indiana,fbs,Big Ten,27.0,"[7, 10, 10, 0]",0.7637277245521545,1800.0,1800.0,295,Old Dominion,fbs,Sun Belt,14.0,"[7, 0, 0, 7]",0.23627227544784546,1480.0,1480.0,3.5853643609346264,,,,3830,"Memorial Stadium (Bloomington, IN)",52656.0,False,False,Bloomington,IN,47408,US,America/Indiana/Indianapolis,39.1808959,-86.5256217,231.6500854,1960.0,2025-08-30,24.0,0.0,6.2,0.8946558796718322,0,False,False
401754519,2025,1,regular,2025-08-30T19:00:00.000Z,False,True,False,False,50536.0,3873,L&N Federal Credit Union Stadium,97,Louisville,fbs,ACC,51.0,"[21, 20, 7, 3]",0.9674173593521118,1706.0,1706.0,2198,Eastern Kentucky,fcs,UAC,17.0,"[0, 7, 0, 10]",0.032582640647888184,,,2.510451246927339,,,,3873,L&N Federal Credit Union Stadium,60000.0,False,False,Louisville,KY,40292,US,America/Kentucky/Louisville,38.2057621,-85.7588141,138.5615997,1998.0,2025-08-30,26.6,0.0,8.3,0.8422666666666667,0,False,False
401752807,2025,1,regular,2025-08-30T19:30:00.000Z,False,True,False,False,106915.0,3632,Beaver Stadium,213,Penn State,fbs,Big Ten,46.0,"[10, 17, 12, 7]",0.9887898564338684,2063.0,2073.0,2440,Nevada,fbs,Mountain West,11.0,"[0, 3, 0, 8]",0.011210143566131592,1294.0,1284.0,2.740640517537327,,,,3632,Beaver Stadium,106572.0,True,False,University Park,PA,16802,US,America/New_York,40.8121958,-77.8561023,354.1551514,1960.0,2025-08-30,21.0,0.0,9.3,1.0032184814022445,1,False,False
401752665,2025,1,regular,2025-08-30T19:30:00.000Z,False,True,False,False,67277.0,3697,Doak Campbell Stadium,52,Florida State,fbs,ACC,31.0,"[7, 10, 7, 7]",0.9999723434448242,1408.0,1477.0,333,Alabama,fbs,SEC,17.0,"[7, 0, 3, 7]",2.765655517578125e-05,1824.0,1755.0,3.890692760872287,,,,3697,Doak Campbell Stadium,67277.0,True,False,Tallahassee,FL,32306,US,America/New_York,30.4381692,-84.3044032,19.55942535,1950.0,2025-08-30,29.3,0.2,4.7,1.0,1,False,False
401762456,2025,1,regular,2025-08-30T19:30:00.000Z,False,True,False,False,11565.0,3985,Warren McGuirk Alumni Stadium,113,Massachusetts,fbs,Mid-American,10.0,"[10, 0, 0, 0]",0.022659098729491234,1193.0,1101.0,218,Temple,fbs,American Athletic,42.0,"[7, 21, 0, 14]",0.9773409012705088,1192.0,1284.0,3.8483313691960914,,,,3985,Warren McGuirk Alumni Stadium,17000.0,False,False,Hadley,MA,1003 ,US,America/New_York,42.3773244,-72.5360595,46.58664703,1965.0,2025-08-30,21.8,0.0,15.2,0.6802941176470588,0,False,False
401756853,2025,1,regular,2025-08-30T19:30:00.000Z,False,True,False,False,61500.0,3772,Jack Trice Stadium,66,Iowa State,fbs,Big 12,55.0,"[14, 13, 14, 14]",0.9931229948997498,1621.0,1621.0,233,South Dakota,fcs,MVFC,7.0,"[7, 0, 0, 0]",0.006877005100250244,,,2.7165267446492507,,,,3772,Jack Trice Stadium,61500.0,True,False,Ames,IA,50011,US,America/Chicago,42.0139977,-93.6357716,274.9135437,1975.0,2025-08-30,26.1,0.3,10.3,1.0,1,False,False
401760359,2025,1,regular,2025-08-30T19:30:00.000Z,False,True,False,False,30207.0,3713,Falcon Stadium,2005,Air Force,fbs,Mountain West,49.0,"[14, 14, 14, 7]",0.9939007759094238,1438.0,1438.0,2083,Bucknell,fcs,Patriot,13.0,"[0, 7, 3, 3]",0.006099224090576172,,,2.7835130951563953,,,,3713,Falcon Stadium,46692.0,False,False,Colorado Springs,CO,80840,US,America/Denver,38.9969701,-104.8436165,2024.875732,1962.0,2025-08-30,21.0,0.0,10.2,0.6469416602415832,0,False,False
401752669,2025,1,regular,2025-08-30T19:30:00.000Z,False,True,False,False,93033.0,3917,Sanford Stadium,61,Georgia,fbs,SEC,45.0,"[14, 10, 14, 7]",0.9931291341781616,1998.0,2053.0,276,Marshall,fbs,Sun Belt,7.0,"[0, 0, 0, 7]",0.006870865821838379,1574.0,1519.0,2.831958872682932,,,,3917,Sanford Stadium,92746.0,True,False,Athens,GA,30602,US,America/New_York,33.9498197,-83.3733813,186.1120758,1929.0,2025-08-30,28.5,0.0,10.1,1.003094473077006,1,False,False
401762793,2025,1,regular,2025-08-30T19:30:00.000Z,False,True,False,False,10569.0,3764,Huskie Stadium,2459,Northern Illinois,fbs,Mid-American,19.0,"[3, 3, 0, 13]",0.8795457482337952,1470.0,1470.0,107,Holy Cross,fcs,Patriot,17.0,"[0, 3, 0, 14]",0.12045425176620483,,,5.4788604432195065,,,,3764,Huskie Stadium,23595.0,False,False,DeKalb,IL,60115,US,America/Chicago,41.9339586,-88.7778357,267.4530029,1965.0,2025-08-30,21.6,0.0,4.6,0.4479338842975207,0,False,False
401752804,2025,1,regular,2025-08-30T20:00:00.000Z,False,True,False,False,57257.0,3626,Autzen Stadium,2483,Oregon,fbs,Big Ten,59.0,"[17, 21, 14, 7]",0.9927279949188232,1860.0,1860.0,147,Montana State,fcs,Big Sky,13.0,"[0, 3, 3, 7]",0.007272005081176758,,,2.4032563558584434,,,,3626,Autzen Stadium,54000.0,False,False,Eugene,OR,97401,US,America/Los_Angeles,44.0582712,-123.0684883,127.4198303,1967.0,2025-08-30,23.1,0.0,6.8,1.0603148148148147,1,False,False
401757220,2025,1,regular,2025-08-30T20:00:00.000Z,False,True,False,False,20337.0,3992,Williams Stadium (VA),2335,Liberty,fbs,Conference USA,28.0,"[0, 7, 0, 21]",1.0,1502.0,1502.0,311,Maine,fcs,Coastal Athletic,7.0,"[0, 7, 0, 0]",0.0,,,4.596249113453677,,,,3992,Williams Stadium (VA),25000.0,False,False,Lynchburg,VA,24502,US,America/New_York,37.3544305,-79.1750239,272.9237061,1989.0,2025-08-30,24.3,0.0,3.8,0.81348,0,False,False
401752666,2025,1,regular,2025-08-30T20:15:00.000Z,False,True,False,False,70827.0,3887,Razorback Stadium,8,Arkansas,fbs,SEC,52.0,"[10, 21, 14, 7]",0.954650342464447,1574.0,1574.0,2010,Alabama A&M,fcs,SWAC,7.0,"[7, 0, 0, 0]",0.04534965753555298,,,3.687395892523427,,,,3887,Razorback Stadium,80000.0,False,False,Fayetteville,AR,72702,US,America/Chicago,36.0680662,-94.1789534,403.7972412,1938.0,2025-08-30,26.7,0.0,8.8,0.8853375,0,False,False
401762433,2025,1,regular,2025-08-30T20:30:00.000Z,False,True,False,False,25011.0,3805,Simmons Bank Liberty Stadium,235,Memphis,fbs,American Athletic,45.0,"[14, 14, 10, 7]",0.9938881397247314,1604.0,1604.0,236,Chattanooga,fcs,Southern,10.0,"[0, 3, 0, 7]",0.006111860275268555,,,1.8319668734099273,,,,3805,Simmons Bank Liberty Stadium,58325.0,False,False,Memphis,TN,38152,US,America/Chicago,35.1209429,-89.977147,90.62445831,1965.0,2025-08-30,32.2,0.0,11.2,0.4288212601800257,0,False,False
401752799,2025,1,regular,2025-08-30T22:00:00.000Z,False,True,False,False,69250.0,3793,Kinnick Stadium,2294,Iowa,fbs,Big Ten,34.0,"[3, 14, 7, 10]",0.9937663078308105,1682.0,1682.0,399,UAlbany,fcs,Coastal Athletic,7.0,"[0, 7, 0, 0]",0.006233692169189453,,,3.449036446083837,,,,3793,Kinnick Stadium,69250.0,False,False,Iowa City,IA,52242,US,America/Chicago,41.6586045,-91.5510829,220.6357727,1929.0,2025-08-30,25.8,0.0,8.8,1.0,1,False,False
401761590,2025,1,regular,2025-08-30T22:00:00.000Z,False,True,False,False,24965.0,3651,Bridgeforth Stadium,256,James Madison,fbs,Sun Belt,45.0,"[14, 14, 3, 14]",0.99522864818573,1627.0,1627.0,2692,Weber State,fcs,Big Sky,10.0,"[0, 7, 3, 0]",0.0047713518142700195,,,2.311021820853732,,,,3651,Bridgeforth Stadium,24877.0,False,False,Harrisonburg,VA,22807,US,America/New_York,38.4352919,-78.8729349,399.303009,1975.0,2025-08-30,22.2,0.0,8.5,1.0035374040278169,1,False,False
401752675,2025,1,regular,2025-08-30T22:00:00.000Z,False,True,False,False,83218.0,3835,"Memorial Stadium (Norman, OK)",201,Oklahoma,fbs,SEC,35.0,"[7, 14, 0, 14]",0.9841676354408264,1650.0,1650.0,2287,Illinois State,fcs,MVFC,3.0,"[0, 0, 3, 0]",0.015832364559173584,,,2.339243175901871,,,,3835,"Memorial Stadium (Norman, OK)",86112.0,True,False,Norman,OK,73019,US,America/Chicago,35.2058537,-97.4423145,355.0962524,1925.0,2025-08-30,25.1,0.0,3.9,0.9663926049795615,1,False,False
401754616,2025,1,regular,2025-08-30T22:00:00.000Z,False,True,False,False,46143.0,3923,Scott Stadium,258,Virginia,fbs,ACC,48.0,"[7, 21, 14, 6]",0.9922709465026855,1404.0,1521.0,324,Coastal Carolina,fbs,Sun Belt,7.0,"[0, 0, 7, 0]",0.007729053497314453,1379.0,1262.0,2.5924538254952325,,,,3923,Scott Stadium,61500.0,True,False,Charlottesville,VA,22904,US,America/New_York,38.0311801,-78.5137897,170.4677429,1931.0,2025-08-30,23.4,0.0,5.8,0.7502926829268293,0,False,False
401756855,2025,1,regular,2025-08-30T23:00:00.000Z,False,True,False,False,51927.0,3636,Bill Snyder Family Stadium,2306,Kansas State,fbs,Big 12,38.0,"[10, 7, 14, 7]",0.9437008500099182,1664.0,1664.0,155,North Dakota,fcs,MVFC,35.0,"[7, 14, 0, 14]",0.05629914999008179,,,7.381952693813373,,,,3636,Bill Snyder Family Stadium,50000.0,False,False,Manhattan,KS,66502,US,America/Chicago,39.2020096,-96.5938395,328.0574646,1968.0,2025-08-30,22.5,0.2,12.9,1.03854,1,False,False
401757226,2025,1,regular,2025-08-30T23:00:00.000Z,False,True,False,False,12226.0,3796,Houchens Industries-L.T. Smith Stadium,98,Western Kentucky,fbs,Conference USA,55.0,"[14, 28, 3, 10]",0.9865192174911499,1445.0,1445.0,2453,North Alabama,fcs,UAC,6.0,"[6, 0, 0, 0]",0.013480782508850098,,,2.9685185692235607,,,,3796,Houchens Industries-L.T. Smith Stadium,22113.0,False,False,Bowling Green,KY,42101,US,America/Chicago,36.9847901,-86.4594041,154.4346619,1968.0,2025-08-30,25.4,0.0,13.6,0.5528874417763306,0,False,False
401752678,2025,1,regular,2025-08-30T23:00:00.000Z,False,True,False,False,107521.0,3795,Kyle Field,245,Texas A&M,fbs,SEC,42.0,"[7, 14, 14, 7]",1.0,1674.0,1700.0,2636,UTSA,fbs,American Athletic,24.0,"[3, 7, 7, 7]",0.0,1529.0,1503.0,5.030838796225625,,,,3795,Kyle Field,102733.0,True,False,College Station,TX,77843,US,America/Chicago,30.6098891,-96.3403828,108.824585,1927.0,2025-08-30,33.5,0.0,1.7,1.046606251155909,1,False,False
401761591,2025,1,regular,2025-08-30T23:00:00.000Z,False,True,False,False,18241.0,3625,Centennial Bank Stadium,2032,Arkansas State,fbs,Sun Belt,42.0,"[7, 21, 7, 7]",0.9896280169487,1344.0,1344.0,2546,Southeast Missouri State,fcs,OVC-Big South,24.0,"[7, 3, 0, 14]",0.010371983051300049,,,5.044477295926289,,,,3625,Centennial Bank Stadium,30382.0,False,False,Jonesboro,AR,72404,US,America/Chicago,35.8488977,-90.6677436,89.52690887,1974.0,2025-08-30,29.7,0.0,14.7,0.6003883878612336,0,False,False
401761593,2025,1,regular,2025-08-30T23:00:00.000Z,False,True,False,False,14017.0,6526,Hancock Whitney Stadium,6,South Alabama,fbs,Sun Belt,38.0,"[7, 10, 7, 14]",0.9894805550575256,1555.0,1555.0,2415,Morgan State,fcs,MEAC,21.0,"[7, 0, 7, 7]",0.010519444942474365,,,4.579103970844046,,,,6526,Hancock Whitney Stadium,25450.0,False,False,Mobile,AL,36688,US,America/Chicago,30.696904,-88.192013,45,2020.0,2025-08-30,27.5,0.4,6.7,0.5507662082514735,0,False,False
401761595,2025,1,regular,2025-08-30T23:00:00.000Z,False,True,False,False,25546.0,3975,Veterans Memorial Stadium (AL),2653,Troy,fbs,Sun Belt,38.0,"[0, 7, 3, 28]",0.9957315325737,1476.0,1476.0,2447,Nicholls,fcs,Southland,20.0,"[0, 10, 7, 3]",0.004268467426300049,,,5.097250982479779,,,,3975,Veterans Memorial Stadium (AL),30000.0,False,False,Troy,AL,36082,US,America/Chicago,31.7995565,-85.9518328,154.7746277,1950.0,2025-08-30,25.2,0.0,5.8,0.8515333333333334,0,False,False
401752668,2025,1,regular,2025-08-30T23:00:00.000Z,False,True,False,False,89451.0,3634,Ben Hill Griffin Stadium,57,Florida,fbs,SEC,55.0,"[14, 24, 10, 7]",0.9889460802078247,1678.0,1678.0,2341,Long Island University,fcs,NEC,0.0,"[0, 0, 0, 0]",0.011053919792175293,,,1.4437960459230383,,,,3634,Ben Hill Griffin Stadium,88548.0,True,False,Gainesville,FL,32653,US,America/New_York,29.6499357,-82.3485788,44.97250748,1930.0,2025-08-30,25.2,2.5,5.9,1.0101978587884537,1,False,False
401752679,2025,1,regular,2025-08-30T23:00:00.000Z,False,True,False,False,35000.0,3973,FirstBank Stadium,238,Vanderbilt,fbs,SEC,45.0,"[14, 14, 7, 10]",0.9889649748802185,1497.0,1497.0,2127,Charleston Southern,fcs,OVC-Big South,3.0,"[0, 0, 0, 3]",0.011035025119781494,,,1.7678967453755141,,,,3973,FirstBank Stadium,40351.0,False,False,Nashville,TN,37212,US,America/Chicago,36.1440455,-86.8088942,159.9194641,1922.0,2025-08-30,27.6,0.0,16.0,0.8673886644692821,0,False,False
401757222,2025,1,regular,2025-08-30T23:00:00.000Z,False,True,False,False,18505.0,3725,"Johnny ""Red"" Floyd Stadium",2393,Middle Tennessee,fbs,Conference USA,14.0,"[0, 7, 7, 0]",0.04707856848835945,1228.0,1228.0,2046,Austin Peay,fcs,UAC,34.0,"[14, 7, 3, 10]",0.9529214315116405,,,3.462974439157419,,,,3725,"Johnny ""Red"" Floyd Stadium",30788.0,False,False,Murfreesboro,TN,37132,US,America/Chicago,35.8511463,-86.3681649,191.7279816,1933.0,2025-08-30,27.1,0.0,12.7,0.6010458620241652,0,False,False
401752808,2025,1,regular,2025-08-30T23:30:00.000Z,False,True,False,False,110648.0,3558,Michigan Stadium,130,Michigan,fbs,Big Ten,34.0,"[14, 10, 3, 7]",0.9898145198822021,1772.0,1771.0,167,New Mexico,fbs,Mountain West,17.0,"[0, 10, 7, 0]",0.010185480117797852,1331.0,1332.0,2.8071636758153686,,,,3558,Michigan Stadium,107601.0,False,False,Ann Arbor,MI,48109,US,America/Detroit,42.2658365,-83.7486956,255.5500031,1927.0,2025-08-30,20.5,0.0,7.1,1.0283175806916292,1,False,False
401757221,2025,1,regular,2025-08-30T23:30:00.000Z,False,True,False,False,12872.0,3776,Joe Aillet Stadium,2348,Louisiana Tech,fbs,Conference USA,24.0,"[0, 3, 21, 0]",0.932179868221283,1397.0,1397.0,2545,SE Louisiana,fcs,Southland,0.0,"[0, 0, 0, 0]",0.06782013177871704,,,4.255358736024053,,,,3776,Joe Aillet Stadium,28019.0,False,False,Ruston,LA,71272,US,America/Chicago,32.5321487,-92.6560019,72.87982941,1968.0,2025-08-30,29.2,0.0,9.9,0.4594025482708162,0,False,False
401752671,2025,1,regular,2025-08-30T23:30:00.000Z,False,True,False,False,81500.0,3836,"Memorial Stadium (Clemson, SC)",228,Clemson,fbs,ACC,10.0,"[3, 7, 0, 0]",0.10257373750209808,1704.0,1692.0,99,LSU,fbs,SEC,17.0,"[0, 3, 7, 7]",0.8974262624979019,1718.0,1730.0,5.004065274365249,,,,3836,"Memorial Stadium (Clemson, SC)",81500.0,True,False,Clemson,SC,29634,US,America/New_York,34.6787737,-82.8432428,205.6452179,1942.0,2025-08-30,25.7,0.1,5.1,1.0,1,False,False
401752798,2025,1,regular,2025-08-30T23:30:00.000Z,False,True,False,False,62841.0,477,Los Angeles Memorial Coliseum,30,USC,fbs,Big Ten,73.0,"[14, 28, 14, 17]",0.9899773597717285,1676.0,1841.0,2623,Missouri State,fbs,Conference USA,13.0,"[3, 7, 3, 0]",0.010022640228271484,1500.0,1335.0,3.0279735308189717,,,,477,Los Angeles Memorial Coliseum,77500.0,True,False,Los Angeles,CA,90089,US,America/Los_Angeles,34.014167,-118.287778,42.50374222,1923.0,2025-08-30,29.3,0.0,11.3,0.8108516129032258,0,False,False
401756877,2025,1,regular,2025-08-30T23:30:00.000Z,False,True,False,False,60229.0,3784,Jones AT&T Stadium,2641,Texas Tech,fbs,Big 12,67.0,"[23, 24, 14, 6]",0.9876359701156616,1571.0,1571.0,2029,Arkansas-Pine Bluff,fcs,SWAC,7.0,"[0, 0, 0, 7]",0.012364029884338379,,,2.1355264776531504,,,,3784,Jones AT&T Stadium,60454.0,False,False,Lubbock,TX,79409,US,America/Chicago,33.5910518,-101.8728824,980.7632446,1947.0,2025-08-30,30.9,0.1,14.3,0.9962781619082277,1,False,False
401757225,2025,1,regular,2025-08-30T23:30:00.000Z,False,True,False,False,16448.0,3905,Maverik Stadium,328,Utah State,fbs,Mountain West,28.0,"[10, 10, 8, 0]",0.827567994594574,1408.0,1418.0,2638,UTEP,fbs,Conference USA,16.0,"[7, 3, 0, 6]",0.17243200540542603,1240.0,1230.0,4.024054871708383,,,,3905,Maverik Stadium,25513.0,False,False,Logan,UT,84322,US,America/Denver,41.7517394,-111.8116007,1427.914429,1968.0,2025-08-30,25.1,0.0,6.9,0.6446909418727708,0,False,False
401752672,2025,1,regular,2025-08-30T23:45:00.000Z,False,True,False,False,66378.0,3974,Vaught-Hemingway Stadium,145,Ole Miss,fbs,SEC,63.0,"[7, 18, 17, 21]",0.9927834868431091,1838.0,1939.0,2247,Georgia State,fbs,Sun Belt,7.0,"[0, 7, 0, 0]",0.007216513156890869,1331.0,1230.0,2.746951828945296,,,,3974,Vaught-Hemingway Stadium,64038.0,True,False,Oxford,MS,38677,US,America/Chicago,34.3619837,-89.5342076,146.8517151,1915.0,2025-08-30,28.8,0.0,7.3,1.0365408038976858,1,False,False
401762457,2025,1,regular,2025-08-31T00:00:00.000Z,False,True,False,False,17337.0,3674,Chapman Stadium,202,Tulsa,fbs,American Athletic,35.0,"[7, 3, 11, 14]",0.9792423248291016,1041.0,1041.0,2000,Abilene Christian,fcs,UAC,7.0,"[0, 0, 0, 7]",0.020757675170898438,,,2.621739144074778,,,,3674,Chapman Stadium,30000.0,False,False,Tulsa,OK,74194,US,America/Chicago,36.1489175,-95.9437853,235.5928345,1930.0,2025-08-31,25.5,0.0,6.6,0.5779,0,False,False
401762435,2025,1,regular,2025-08-31T00:00:00.000Z,False,True,False,False,20594.0,3825,DATCU Stadium,249,North Texas,fbs,American Athletic,51.0,"[13, 24, 14, 0]",0.990288496017456,1411.0,1411.0,2320,Lamar,fcs,Southland,0.0,"[0, 0, 0, 0]",0.009711503982543945,,,2.3573009786963683,,,,3825,DATCU Stadium,30850.0,False,False,Denton,TX,76210,US,America/Chicago,33.203899,-97.159245,198.6871948,2011.0,2025-08-31,27.0,0.0,8.6,0.6675526742301459,0,False,False
401756851,2025,1,regular,2025-08-31T00:00:00.000Z,False,True,False,False,64494.0,3801,LaVell Edwards Stadium,252,BYU,fbs,Big 12,69.0,"[14, 35, 6, 14]",0.9965556859970093,1644.0,1644.0,2502,Portland State,fcs,Big Sky,0.0,"[0, 0, 0, 0]",0.0034443140029907227,,,2.5564132230791032,,,,3801,LaVell Edwards Stadium,63470.0,True,False,Provo,UT,84602,US,America/Denver,40.2575347,-111.6545247,1412.097046,1964.0,2025-08-31,25.0,0.0,8.7,1.0161336064282338,1,False,False
401761594,2025,1,regular,2025-08-31T00:00:00.000Z,False,True,False,False,21082.0,3644,Bobcat Stadium (TX),326,Texas State,fbs,Sun Belt,52.0,"[14, 10, 14, 14]",0.9995025992393494,1593.0,1623.0,2199,Eastern Michigan,fbs,Mid-American,27.0,"[3, 14, 0, 10]",0.0004974007606506348,1283.0,1253.0,4.503330170819301,,,,3644,Bobcat Stadium (TX),30000.0,False,False,San Marcos,TX,78666,US,America/Chicago,29.8910008,-97.9255735,177.8676453,1981.0,2025-08-31,32.8,0.0,4.9,0.7027333333333333,0,False,False
401761592,2025,1,regular,2025-08-31T00:00:00.000Z,False,True,False,False,22148.0,3666,Cajun Field,309,Louisiana,fbs,Sun Belt,12.0,"[3, 3, 6, 0]",0.09075912833213806,1474.0,1463.0,242,Rice,fbs,American Athletic,14.0,"[0, 14, 0, 0]",0.9092408716678619,1326.0,1337.0,5.187988330546746,,,,3666,Cajun Field,41426.0,False,False,Lafayette,LA,70506,US,America/Chicago,30.2158434,-92.0417371,3.556508303,1971.0,2025-08-31,26.8,0.0,2.5,0.5346400811084826,0,False,False
401754521,2025,1,regular,2025-08-31T01:00:00.000Z,False,True,False,False,33044.0,3735,Gerald J. Ford Stadium,2567,SMU,fbs,ACC,42.0,"[14, 7, 7, 14]",0.9236699342727661,1717.0,1717.0,2837,East Texas A&M,fcs,Southland,13.0,"[0, 3, 0, 10]",0.07633006572723389,,,2.8074836179099596,,,,3735,Gerald J. Ford Stadium,32000.0,False,False,University Park,TX,75275,US,America/Chicago,32.8377223,-96.7827859,169.4058075,2000.0,2025-08-31,25.0,0.0,6.0,1.032625,1,False,False
401757223,2025,1,regular,2025-08-31T01:00:00.000Z,False,True,False,False,10058.0,3601,Aggie Memorial Stadium,166,New Mexico State,fbs,Conference USA,19.0,"[6, 3, 0, 10]",0.8037628531455994,1246.0,1246.0,2803,Bryant,fcs,Coastal Athletic,3.0,"[3, 0, 0, 0]",0.19623714685440063,,,4.622536798733111,,,,3601,Aggie Memorial Stadium,28853.0,False,False,Las Cruces,NM,88003,US,America/Denver,32.2796202,-106.7411148,1208.201294,1978.0,2025-08-31,30.8,0.0,7.7,0.3485946002148823,0,False,False
401760361,2025,1,regular,2025-08-31T01:30:00.000Z,False,True,False,False,36801.0,3660,Valley Children's Stadium,278,Fresno State,fbs,Mountain West,42.0,"[10, 3, 15, 14]",1.0,1441.0,1516.0,290,Georgia Southern,fbs,Sun Belt,14.0,"[7, 7, 0, 0]",0.0,1457.0,1382.0,4.663563603587247,,,,3660,Valley Children's Stadium,41031.0,False,False,Fresno,CA,93740,US,America/Los_Angeles,36.8143527,-119.7580092,102.564064,1980.0,2025-08-31,37.8,0.0,14.1,0.8969072164948454,0,False,False
401752947,2025,1,regular,2025-08-31T02:00:00.000Z,False,True,False,False,28243.0,3820,Gesa Field,265,Washington State,fbs,Pac-12,13.0,"[0, 7, 3, 3]",0.29766109585762024,1520.0,1520.0,70,Idaho,fcs,Big Sky,10.0,"[0, 0, 0, 10]",0.7023389041423798,,,4.3135115653866585,,,,3820,Gesa Field,32952.0,False,False,Pullman,WA,99164,US,America/Los_Angeles,46.731831,-117.1604991,773.9526367,1972.0,2025-08-31,27.6,0.0,5.3,0.8570951687302744,0,False,False
401756850,2025,1,regular,2025-08-31T02:00:00.000Z,False,True,False,False,56759.0,3947,Mountain America Stadium,9,Arizona State,fbs,Big 12,38.0,"[14, 3, 14, 7]",0.9801790118217468,1700.0,1700.0,2464,Northern Arizona,fcs,Big Sky,19.0,"[0, 6, 7, 6]",0.019820988178253174,,,3.454469563632829,,,,3947,Mountain America Stadium,65870.0,True,False,Tempe,AZ,85287,US,America/Phoenix,33.4264471,-111.9325005,360.1569519,1958.0,2025-08-31,37.9,0.0,8.4,0.8616821011082435,0,False,False
401752936,2025,1,regular,2025-08-31T02:30:00.000Z,False,True,False,False,31630.0,3893,Reser Stadium,204,Oregon State,fbs,Pac-12,15.0,"[0, 3, 6, 6]",0.024204296991229057,1406.0,1371.0,25,California,fbs,ACC,34.0,"[14, 3, 7, 10]",0.9757957030087709,1519.0,1554.0,2.8187930693076786,,,,3893,Reser Stadium,43363.0,False,False,Corvallis,OR,97331,US,America/Los_Angeles,44.5594559,-123.2814341,66.90744781,1953.0,2025-08-31,21.7,0.0,7.4,0.7294237022346239,0,False,False
401756849,2025,1,regular,2025-08-31T02:30:00.000Z,False,True,False,False,42423.0,3619,Arizona Stadium,12,Arizona,fbs,Big 12,40.0,"[7, 10, 14, 9]",0.9823190569877625,1371.0,1451.0,62,Hawai'i,fbs,Mountain West,6.0,"[3, 3, 0, 0]",0.01768094301223755,1258.0,1178.0,3.2736314520920584,,,,3619,Arizona Stadium,50782.0,False,False,Tucson,AZ,85721,US,America/Phoenix,32.2288054,-110.9488677,742.1530151,1928.0,2025-08-31,35.4,0.0,8.1,0.835394431097633,0,False,False
401752805,2025,1,regular,2025-08-31T03:00:00.000Z,False,True,False,False,67778.0,3765,Husky Stadium,264,Washington,fbs,Big Ten,38.0,"[7, 7, 14, 10]",0.9972135424613953,1585.0,1604.0,36,Colorado State,fbs,Mountain West,21.0,"[7, 7, 7, 0]",0.0027864575386047363,1382.0,1363.0,4.716015967021742,,,,3765,Husky Stadium,70138.0,False,False,Seattle,WA,98195,US,America/Los_Angeles,47.6503235,-122.3015746,11.65622807,1920.0,2025-08-31,19.3,0.0,2.1,0.9663520488180444,1,False,False
401752800,2025,1,regular,2025-08-31T03:00:00.000Z,False,True,False,False,35032.0,1056,Rose Bowl,26,UCLA,fbs,Big Ten,10.0,"[0, 7, 3, 0]",0.0,1492.0,1404.0,254,Utah,fbs,Big 12,43.0,"[13, 10, 7, 13]",1.0,1542.0,1630.0,2.96631481543708,,,,1056,Rose Bowl,88565.0,True,False,Pasadena,CA,90095,US,America/Los_Angeles,34.1613284,-118.1676462,245.1772461,1922.0,2025-08-31,27.4,0.0,5.5,0.39555129001298484,0,False,False
401752680,2025,1,regular,2025-08-31T19:00:00.000Z,False,True,True,False,55531.0,5348,Mercedes-Benz Stadium,2579,South Carolina,fbs,SEC,24.0,"[7, 3, 0, 14]",0.8414051532745361,1706.0,1729.0,259,Virginia Tech,fbs,ACC,11.0,"[2, 6, 0, 3]",0.15859484672546387,1598.0,1575.0,4.239271697882769,,Aflac Kickoff,,5348,Mercedes-Benz Stadium,75000.0,False,True,Atlanta,GA,30313,US,America/New_York,33.755578,-84.400881,307.9,2017.0,2025-08-31,28.0,0.0,7.8,0.7404133333333334,,False,False
401754522,2025,1,regular,2025-08-31T23:30:00.000Z,False,True,False,False,66793.0,3948,Hard Rock Stadium,2390,Miami,fbs,ACC,27.0,"[0, 14, 7, 6]",0.9332687258720398,1736.0,1743.0,87,Notre Dame,fbs,FBS Independents,24.0,"[0, 7, 0, 17]",0.0667312741279602,2173.0,2166.0,4.531250325366178,,,,3948,Hard Rock Stadium,64767.0,False,False,Miami Gardens,FL,33299,US,America/New_York,25.9579665,-80.2388604,2.624486446,1987.0,2025-08-31,25.5,0.2,5.4,1.0312813624222212,1,False,False
401754523,2025,1,regular,2025-09-02T00:00:00.000Z,False,True,False,False,50500.0,3787,Kenan Stadium,153,North Carolina,fbs,ACC,14.0,"[7, 0, 7, 0]",0.029689423739910126,1497.0,1417.0,2628,TCU,fbs,Big 12,48.0,"[7, 13, 21, 7]",0.9703105762600899,1633.0,1713.0,3.407486721191629,,,,3787,Kenan Stadium,50500.0,False,False,Chapel Hill,NC,27515,US,America/New_York,35.9069294,-79.0478889,127.7569809,1927.0,2025-09-02,19.4,0.0,6.6,1.0,1,False,False
401754528,2025,2,regular,2025-09-05T23:00:00.000Z,False,True,False,False,48717.0,3873,L&N Federal Credit Union Stadium,97,Louisville,fbs,ACC,28.0,"[0, 6, 8, 14]",0.7079175710678101,1706.0,1727.0,256,James Madison,fbs,Sun Belt,14.0,"[7, 0, 7, 0]",0.29208242893218994,1627.0,1606.0,6.579471474543188,,,,3873,L&N Federal Credit Union Stadium,60000.0,False,False,Louisville,KY,40292,US,America/Kentucky/Louisville,38.2057621,-85.7588141,138.5615997,1998.0,2025-09-05,25.3,0.0,9.7,0.81195,0,False,False
401752817,2025,2,regular,2025-09-05T23:30:00.000Z,False,True,False,False,9647.0,5960,Lanny and Sharon Martin Stadium,77,Northwestern,fbs,Big Ten,42.0,"[15, 7, 6, 14]",0.988507091999054,1397.0,1397.0,2710,Western Illinois,fcs,OVC-Big South,7.0,"[0, 0, 0, 7]",0.011492908000946045,,,1.9188416939903041,,,,5960,Lanny and Sharon Martin Stadium,12023.0,False,False,Evanston,IL,60208,US,America/Chicago,42.058246,-87.670876,179,1997.0,2025-09-05,17.3,0.0,18.9,0.8023787740164684,0,False,False
401752826,2025,2,regular,2025-09-05T23:30:00.000Z,False,True,False,False,35331.0,3665,SECU Stadium,120,Maryland,fbs,Big Ten,20.0,"[3, 7, 3, 7]",0.6393875479698181,1509.0,1526.0,2459,Northern Illinois,fbs,Mid-American,9.0,"[0, 3, 6, 0]",0.3606124520301819,1470.0,1453.0,3.687040328791484,,,,3665,SECU Stadium,51802.0,False,False,College Park,MD,20742,US,America/New_York,38.9903332,-76.9473792,32.68748093,1950.0,2025-09-05,29.5,0.0,12.0,0.6820393035017953,0,False,False
401760363,2025,2,regular,2025-09-06T01:00:00.000Z,False,True,False,False,32887.0,3653,Albertsons Stadium,68,Boise State,fbs,Mountain West,51.0,"[20, 10, 7, 14]",0.9921911954879761,1596.0,1596.0,331,Eastern Washington,fcs,Big Sky,14.0,"[0, 7, 0, 7]",0.007808804512023926,,,2.5236959378510284,,,,3653,Albertsons Stadium,36387.0,False,False,Boise,ID,83725,US,America/Boise,43.6028839,-116.1958882,823.2221069,1970.0,2025-09-06,33.0,0.0,3.8,0.9038118009179102,1,False,False
401754524,2025,2,regular,2025-09-06T16:00:00.000Z,False,True,False,False,56919.0,3670,Carter-Finley Stadium,152,NC State,fbs,ACC,35.0,"[7, 7, 21, 0]",0.6785362958908081,1507.0,1510.0,258,Virginia,fbs,ACC,31.0,"[14, 10, 7, 0]",0.3214637041091919,1521.0,1518.0,7.232871463699586,,,,3670,Carter-Finley Stadium,58000.0,True,False,Raleigh,NC,27695,US,America/New_York,35.8008001,-78.7195655,117.0089951,1966.0,2025-09-06,29.8,0.0,9.6,0.9813620689655173,1,False,False
401754621,2025,2,regular,2025-09-06T16:00:00.000Z,False,True,False,False,65430.0,3697,Doak Campbell Stadium,52,Florida State,fbs,ACC,77.0,"[21, 28, 21, 7]",0.9972588419914246,1452.0,1452.0,2837,East Texas A&M,fcs,Southland,3.0,"[0, 0, 0, 3]",0.0027411580085754395,,,1.7743432518372813,,,,3697,Doak Campbell Stadium,67277.0,True,False,Tallahassee,FL,32306,US,America/New_York,30.4381692,-84.3044032,19.55942535,1950.0,2025-09-06,31.9,0.0,4.8,0.9725463382731097,1,False,False
401754618,2025,2,regular,2025-09-06T16:00:00.000Z,False,True,False,False,39391.0,1964,JMA Wireless Dome,183,Syracuse,fbs,ACC,27.0,"[0, 6, 0, 14, 7]",0.18266627192497253,1476.0,1484.0,41,UConn,fbs,FBS Independents,20.0,"[0, 14, 3, 3, 0]",0.8173337280750275,1454.0,1446.0,6.642710881646021,,,,1964,JMA Wireless Dome,49057.0,False,True,Syracuse,NY,13244,US,America/New_York,43.0362269,-76.1363161,162.6989746,1980.0,2025-09-06,13.4,0.7,3.8,0.8029638991377377,0,False,False
401752825,2025,2,regular,2025-09-06T16:00:00.000Z,False,True,False,False,23893.0,3982,Wallace Wade Stadium,150,Duke,fbs,ACC,19.0,"[3, 10, 6, 0]",0.2316601723432541,1526.0,1462.0,356,Illinois,fbs,Big Ten,45.0,"[7, 7, 14, 17]",0.7683398276567459,1578.0,1642.0,5.058968869408419,,,,3982,Wallace Wade Stadium,40004.0,True,False,Durham,NC,27708,US,America/New_York,35.9953688,-78.9417564,103.0028152,1929.0,2025-09-06,29.9,0.0,11.2,0.5972652734726527,0,False,False
401752811,2025,2,regular,2025-09-06T16:00:00.000Z,False,True,False,False,103818.0,3632,Beaver Stadium,213,Penn State,fbs,Big Ten,34.0,"[7, 3, 10, 14]",0.959557294845581,2073.0,2087.0,2229,Florida International,fbs,Conference USA,0.0,"[0, 0, 0, 0]",0.040442705154418945,1372.0,1358.0,3.3761229236617063,,,,3632,Beaver Stadium,106572.0,True,False,University Park,PA,16802,US,America/New_York,40.8121958,-77.8561023,354.1551514,1960.0,2025-09-06,17.1,1.0,5.4,0.9741583155050108,1,False,False
401752813,2025,2,regular,2025-09-06T16:00:00.000Z,False,True,False,False,42447.0,3953,Huntington Bank Stadium,135,Minnesota,fbs,Big Ten,66.0,"[35, 24, 7, 0]",0.9938032031059265,1630.0,1630.0,2466,Northwestern State,fcs,Southland,0.0,"[0, 0, 0, 0]",0.006196796894073486,,,0.9151125280369778,,,,3953,Huntington Bank Stadium,50850.0,False,False,Minneapolis,MN,55488,US,America/Chicago,44.976525,-93.2245462,254.3902283,2009.0,2025-09-06,12.7,0.0,9.6,0.8347492625368732,0,False,False
401752693,2025,2,regular,2025-09-06T16:00:00.000Z,False,True,False,False,100841.0,3910,DKR-Texas Memorial Stadium,251,Texas,fbs,SEC,38.0,"[14, 14, 10, 0]",0.9910861253738403,1858.0,1896.0,23,San José State,fbs,Mountain West,7.0,"[0, 7, 0, 0]",0.008913874626159668,1467.0,1429.0,3.0706770400082175,,,,3910,DKR-Texas Memorial Stadium,100119.0,False,False,Austin,TX,78712,US,America/Chicago,30.2836813,-97.7325345,160.3089447,1924.0,2025-09-06,28.1,0.0,7.9,1.0072114184120897,1,False,False
401756885,2025,2,regular,2025-09-06T16:00:00.000Z,False,True,False,False,60229.0,3784,Jones AT&T Stadium,2641,Texas Tech,fbs,Big 12,62.0,"[21, 27, 7, 7]",0.989311695098877,1571.0,1639.0,2309,Kent State,fbs,Mid-American,14.0,"[0, 0, 0, 14]",0.010688304901123047,1006.0,938.0,2.276871401163506,,,,3784,Jones AT&T Stadium,60454.0,False,False,Lubbock,TX,79409,US,America/Chicago,33.5910518,-101.8728824,980.7632446,1947.0,2025-09-06,16.4,0.0,6.8,0.9962781619082277,1,False,False
401752812,2025,2,regular,2025-09-06T16:00:00.000Z,False,True,False,False,43801.0,3830,"Memorial Stadium (Bloomington, IN)",84,Indiana,fbs,Big Ten,56.0,"[14, 7, 21, 14]",0.9847565293312073,1800.0,1869.0,338,Kennesaw State,fbs,Conference USA,9.0,"[0, 6, 3, 0]",0.015243470668792725,1269.0,1200.0,2.707155848014116,,,,3830,"Memorial Stadium (Bloomington, IN)",52656.0,False,False,Bloomington,IN,47408,US,America/Indiana/Indianapolis,39.1808959,-86.5256217,231.6500854,1960.0,2025-09-06,19.1,0.0,10.6,0.8318330294743239,0,False,False
401754529,2025,2,regular,2025-09-06T16:00:00.000Z,False,True,False,False,48424.0,3752,Acrisure Stadium,221,Pittsburgh,fbs,ACC,45.0,"[7, 17, 7, 14]",0.9779407978057861,1470.0,1518.0,2117,Central Michigan,fbs,Mid-American,17.0,"[0, 10, 7, 0]",0.022059202194213867,1252.0,1204.0,2.9827182864377737,,,,3752,Acrisure Stadium,68400.0,True,False,Pittsburgh,PA,15260,US,America/New_York,40.4467648,-80.0157603,220.5887146,2001.0,2025-09-06,19.0,0.0,9.0,0.707953216374269,0,False,False
401757227,2025,2,regular,2025-09-06T16:00:00.000Z,False,True,False,True,20755.0,3662,AmFirst Stadium,55,Jacksonville State,fbs,Conference USA,34.0,"[7, 10, 7, 10]",0.8045607209205627,1634.0,1642.0,2335,Liberty,fbs,Conference USA,24.0,"[7, 3, 0, 14]",0.19543927907943726,1502.0,1494.0,3.6223782137060643,,,,3662,AmFirst Stadium,24000.0,False,False,Jacksonville,AL,36265,US,America/Chicago,33.8201052,-85.76647,198.0679016,1947.0,2025-09-06,23.5,0.2,7.1,0.8647916666666666,0,False,False
401752822,2025,2,regular,2025-09-06T16:00:00.000Z,False,True,False,False,61500.0,3772,Jack Trice Stadium,66,Iowa State,fbs,Big 12,16.0,"[6, 7, 0, 3]",0.9640465378761292,1619.0,1621.0,2294,Iowa,fbs,Big Ten,13.0,"[0, 10, 3, 0]",0.03595346212387085,1682.0,1680.0,4.137924145830644,,,,3772,Jack Trice Stadium,61500.0,True,False,Ames,IA,50011,US,America/Chicago,42.0139977,-93.6357716,274.9135437,1975.0,2025-09-06,14.4,0.0,10.6,1.0,1,False,False
401754525,2025,2,regular,2025-09-06T16:00:00.000Z,False,True,False,False,34852.0,3735,Gerald J. Ford Stadium,2567,SMU,fbs,ACC,45.0,"[10, 14, 0, 14, 7, 0]",0.9366649985313416,1717.0,1703.0,239,Baylor,fbs,Big 12,48.0,"[0, 21, 3, 14, 7, 3]",0.06333500146865845,1569.0,1583.0,8.737381517894203,,,,3735,Gerald J. Ford Stadium,32000.0,False,False,University Park,TX,75275,US,America/Chicago,32.8377223,-96.7827859,169.4058075,2000.0,2025-09-06,18.9,0.8,11.7,1.089125,1,False,False
401752694,2025,2,regular,2025-09-06T16:45:00.000Z,False,True,False,False,100026.0,3795,Kyle Field,245,Texas A&M,fbs,SEC,44.0,"[10, 20, 7, 7]",0.9944328665733337,1700.0,1724.0,328,Utah State,fbs,Mountain West,22.0,"[6, 0, 8, 8]",0.00556713342666626,1418.0,1394.0,2.8471288896070894,,,,3795,Kyle Field,102733.0,True,False,College Station,TX,77843,US,America/Chicago,30.6098891,-96.3403828,108.824585,1927.0,2025-09-06,27.4,0.0,11.0,0.973650141629272,1,False,False
401762462,2025,2,regular,2025-09-06T18:00:00.000Z,False,True,False,False,15655.0,3806,Lincoln Financial Field,218,Temple,fbs,American Athletic,55.0,"[21, 10, 14, 10]",0.9970473051071167,1289.0,1289.0,47,Howard,fcs,MEAC,7.0,"[0, 7, 0, 0]",0.0029526948928833008,,,2.1065490207743376,,,,3806,Lincoln Financial Field,69879.0,False,False,Philadelphia,PA,19122,US,America/New_York,39.9007995,-75.1675414,3.198706865,2003.0,2025-09-06,28.4,0.8,13.9,0.22403010918874053,0,False,False
401754620,2025,2,regular,2025-09-06T18:00:00.000Z,False,True,False,False,28239.0,3630,Allegacy Federal Credit Union Stadium,154,Wake Forest,fbs,ACC,42.0,"[21, 0, 21, 0]",0.9889627695083618,1394.0,1394.0,2717,Western Carolina,fcs,Southern,10.0,"[0, 3, 0, 7]",0.011037230491638184,,,3.4066339060301316,,,,3630,Allegacy Federal Credit Union Stadium,31500.0,False,False,Winston-Salem,NC,27105,US,America/New_York,36.1305507,-80.2545851,283.548584,1968.0,2025-09-06,29.5,0.0,9.9,0.8964761904761904,0,False,False
401760366,2025,2,regular,2025-09-06T19:00:00.000Z,False,True,False,False,17639.0,3971,University Stadium (NM),167,New Mexico,fbs,Mountain West,32.0,"[7, 7, 3, 15]",0.9902304410934448,1317.0,1317.0,304,Idaho State,fcs,Big Sky,22.0,"[0, 10, 6, 6]",0.009769558906555176,,,9.17245648654974,,,,3971,University Stadium (NM),39224.0,False,False,Albuquerque,NM,87131,US,America/Denver,35.0669479,-106.6283225,1554.471924,1960.0,2025-09-06,24.8,0.0,4.8,0.4496991637772792,0,False,False
401754637,2025,2,regular,2025-09-06T19:30:00.000Z,False,True,False,False,77890.0,3836,"Memorial Stadium (Clemson, SC)",228,Clemson,fbs,ACC,27.0,"[0, 3, 17, 7]",1.0,1692.0,1696.0,2653,Troy,fbs,Sun Belt,16.0,"[7, 9, 0, 0]",0.0,1476.0,1472.0,4.694620885378706,,,,3836,"Memorial Stadium (Clemson, SC)",81500.0,True,False,Clemson,SC,29634,US,America/New_York,34.6787737,-82.8432428,205.6452179,1942.0,2025-09-06,23.2,0.5,9.9,0.9557055214723926,1,False,False
401762816,2025,2,regular,2025-09-06T19:30:00.000Z,False,True,False,False,3714.0,3985,Warren McGuirk Alumni Stadium,113,Massachusetts,fbs,Mid-American,26.0,"[6, 14, 3, 3]",0.9517859816551208,1096.0,1096.0,2803,Bryant,fcs,Coastal Athletic,27.0,"[0, 10, 14, 3]",0.04821401834487915,,,12.276715985149488,,,,3985,Warren McGuirk Alumni Stadium,17000.0,False,False,Hadley,MA,1003 ,US,America/New_York,42.3773244,-72.5360595,46.58664703,1965.0,2025-09-06,22.6,1.0,13.4,0.2184705882352941,0,False,False
401752686,2025,2,regular,2025-09-06T19:30:00.000Z,False,True,False,True,58346.0,3683,Kroger Field,96,Kentucky,fbs,SEC,23.0,"[7, 6, 7, 3]",0.4151056110858917,1507.0,1524.0,145,Ole Miss,fbs,SEC,30.0,"[0, 17, 10, 3]",0.5848943889141083,1939.0,1922.0,5.576328550071941,,,,3683,Kroger Field,61000.0,False,False,Lexington,KY,40506,US,America/New_York,38.0220905,-84.5053408,307.4248962,1973.0,2025-09-06,16.8,0.1,10.0,0.9564918032786885,1,False,False
401752692,2025,2,regular,2025-09-06T19:30:00.000Z,False,True,False,False,101915.0,3853,Neyland Stadium,2633,Tennessee,fbs,SEC,72.0,"[24, 24, 14, 10]",0.9897788166999817,1808.0,1808.0,2193,East Tennessee State,fcs,Southern,17.0,"[0, 7, 3, 7]",0.01022118330001831,,,2.3666336633020975,,,,3853,Neyland Stadium,102455.0,True,False,Knoxville,TN,37996,US,America/New_York,35.9550131,-83.9250128,271.9517212,1921.0,2025-09-06,23.4,0.1,6.8,0.994729393392221,1,False,False
401752815,2025,2,regular,2025-09-06T19:30:00.000Z,False,True,False,False,100624.0,3861,Ohio Stadium,194,Ohio State,fbs,Big Ten,70.0,"[21, 14, 21, 14]",0.9849264025688171,1978.0,1978.0,2755,Grambling,fcs,SWAC,0.0,"[0, 0, 0, 0]",0.015073597431182861,,,1.8562841171230613,,,,3861,Ohio Stadium,102780.0,False,False,Columbus,OH,43210,US,America/New_York,40.0016447,-83.0197266,216.6770325,1922.0,2025-09-06,20.5,0.0,14.8,0.9790231562560809,1,False,False
401752824,2025,2,regular,2025-09-06T19:30:00.000Z,False,True,False,False,57266.0,3626,Autzen Stadium,2483,Oregon,fbs,Big Ten,69.0,"[20, 21, 28, 0]",0.9958012700080872,1860.0,1992.0,197,Oklahoma State,fbs,Big 12,3.0,"[0, 3, 0, 0]",0.004198729991912842,1334.0,1202.0,2.2316889409328917,,,,3626,Autzen Stadium,54000.0,False,False,Eugene,OR,97401,US,America/Los_Angeles,44.0582712,-123.0684883,127.4198303,1967.0,2025-09-06,21.5,0.0,5.6,1.0604814814814816,1,False,False
401761603,2025,2,regular,2025-09-06T19:30:00.000Z,False,True,False,False,45778.0,3604,Alamodome,2636,UTSA,fbs,American Athletic,36.0,"[0, 14, 14, 8]",0.1666414737701416,1503.0,1499.0,326,Texas State,fbs,Sun Belt,43.0,"[2, 17, 10, 14]",0.8333585262298584,1623.0,1627.0,7.993288344920428,,,,3604,Alamodome,36582.0,False,True,San Antonio,TX,78299,US,America/Chicago,29.4169834,-98.4788143,201.5526886,1993.0,2025-09-06,31.0,0.0,4.4,1.2513804603356842,1,False,False
401752937,2025,2,regular,2025-09-06T19:30:00.000Z,False,True,False,False,28068.0,3893,Reser Stadium,204,Oregon State,fbs,Pac-12,27.0,"[6, 9, 6, 6]",0.881254255771637,1371.0,1365.0,278,Fresno State,fbs,Mountain West,36.0,"[7, 13, 0, 16]",0.11874574422836304,1516.0,1522.0,10.016643565438494,,,,3893,Reser Stadium,43363.0,False,False,Corvallis,OR,97331,US,America/Los_Angeles,44.5594559,-123.2814341,66.90744781,1953.0,2025-09-06,18.8,0.0,5.4,0.6472799391186034,0,False,False
401762458,2025,2,regular,2025-09-06T19:30:00.000Z,False,True,False,True,28325.0,3852,Navy-Marine Corps Memorial Stadium,2426,Navy,fbs,American Athletic,38.0,"[14, 10, 7, 7]",0.999152660369873,1543.0,1553.0,5,UAB,fbs,American Athletic,24.0,"[7, 17, 0, 0]",0.0008473396301269531,1319.0,1309.0,4.7014933667827785,,,,3852,Navy-Marine Corps Memorial Stadium,34000.0,False,False,Annapolis,MD,21402,US,America/New_York,38.9846985,-76.5076335,10.74990082,1959.0,2025-09-06,29.6,1.8,10.5,0.8330882352941177,0,False,False
401752689,2025,2,regular,2025-09-06T19:30:00.000Z,False,True,False,False,57321.0,3838,Memorial Stadium,142,Missouri,fbs,SEC,42.0,"[6, 15, 7, 14]",0.9613492488861084,1640.0,1659.0,2305,Kansas,fbs,Big 12,31.0,"[21, 0, 3, 7]",0.0386507511138916,1632.0,1613.0,7.009144755470777,,,,3838,Memorial Stadium,71168.0,False,False,Columbia,MO,65211,US,America/Chicago,38.9358491,-92.3332009,212.6865692,1927.0,2025-09-06,23.0,0.0,18.8,0.8054322167266187,0,False,False
401761596,2025,2,regular,2025-09-06T19:30:00.000Z,False,True,False,False,34921.0,3792,Kidd Brewer Stadium,2026,App State,fbs,Sun Belt,20.0,"[14, 0, 3, 3]",0.7579728364944458,1477.0,1477.0,2815,Lindenwood,fcs,OVC-Big South,13.0,"[0, 6, 0, 7]",0.2420271635055542,,,2.840284969539618,,,,3792,Kidd Brewer Stadium,30000.0,False,False,Boone,NC,28608,US,America/New_York,36.2114267,-81.6854278,991.3414307,1962.0,2025-09-06,20.0,3.1,12.6,1.1640333333333333,1,False,False
401752818,2025,2,regular,2025-09-06T19:30:00.000Z,False,True,False,False,45981.0,6577,SHI Stadium,164,Rutgers,fbs,Big Ten,45.0,"[7, 17, 7, 14]",0.9909569621086121,1524.0,1593.0,193,Miami (OH),fbs,Mid-American,17.0,"[7, 3, 7, 0]",0.00904303789138794,1491.0,1422.0,3.418786733415338,,,,6577,SHI Stadium,52454.0,False,False,Piscataway,NJ,08854,US,America/New_York,40.513611,-74.465278,19,1994.0,2025-09-06,27.1,0.2,7.1,0.8765966370534183,0,False,False
401762461,2025,2,regular,2025-09-06T19:30:00.000Z,False,True,False,False,20051.0,3980,Waldo Stadium,2711,Western Michigan,fbs,Mid-American,30.0,"[0, 17, 7, 3, 3]",0.38369107246398926,1310.0,1312.0,249,North Texas,fbs,American Athletic,33.0,"[0, 7, 10, 10, 6]",0.6163089275360107,1411.0,1409.0,13.082157990893087,,,,3980,Waldo Stadium,30200.0,False,False,Kalamazoo,MI,49008,US,America/Detroit,42.2860064,-85.6007573,243.8211212,1939.0,2025-09-06,16.5,0.0,17.8,0.6639403973509934,0,False,False
401752685,2025,2,regular,2025-09-06T19:30:00.000Z,False,True,False,False,93033.0,3917,Sanford Stadium,61,Georgia,fbs,SEC,28.0,"[7, 7, 7, 7]",0.9730114340782166,2072.0,2072.0,2046,Austin Peay,fcs,UAC,6.0,"[0, 3, 3, 0]",0.026988565921783447,,,2.1152278036155816,,,,3917,Sanford Stadium,92746.0,True,False,Athens,GA,30602,US,America/New_York,33.9498197,-83.3733813,186.1120758,1929.0,2025-09-06,21.6,11.9,16.6,1.003094473077006,1,False,False
401754622,2025,2,regular,2025-09-06T19:30:00.000Z,False,True,False,False,37775.0,721,Bobby Dodd Stadium,59,Georgia Tech,fbs,ACC,59.0,"[7, 21, 14, 17]",0.9895111918449402,1556.0,1556.0,2241,Gardner-Webb,fcs,OVC-Big South,12.0,"[6, 0, 0, 6]",0.010488808155059814,,,4.322248368858751,,,,721,Bobby Dodd Stadium,55000.0,False,False,Atlanta,GA,30332,US,America/New_York,33.7724449,-84.3928054,279.300415,1913.0,2025-09-06,23.8,0.6,4.1,0.6868181818181818,0,False,False
401762794,2025,2,regular,2025-09-06T19:30:00.000Z,False,True,False,False,15740.0,3965,UB Stadium,2084,Buffalo,fbs,Mid-American,45.0,"[17, 7, 14, 7]",0.9950892329216003,1402.0,1402.0,2598,Saint Francis,fcs,NEC,6.0,"[0, 0, 0, 6]",0.004910767078399658,,,2.291655555280953,,,,3965,UB Stadium,30270.0,False,False,Amherst,NY,14260,US,America/New_York,42.9991334,-78.7775113,181.5759735,1993.0,2025-09-06,19.3,0.0,11.2,0.5199867855963,0,False,False
401756881,2025,2,regular,2025-09-06T19:30:00.000Z,False,True,False,False,50341.0,3726,Folsom Field,38,Colorado,fbs,Big 12,31.0,"[7, 10, 7, 7]",0.9268234372138977,1613.0,1660.0,48,Delaware,fbs,Conference USA,7.0,"[0, 7, 0, 0]",0.0731765627861023,1500.0,1453.0,3.0806966829732896,,,,3726,Folsom Field,50183.0,True,False,Boulder,CO,80309,US,America/Denver,40.0094746,-105.266905,1634.041138,1924.0,2025-09-06,22.8,0.0,7.0,1.0031484765757328,1,False,False
401756880,2025,2,regular,2025-09-06T19:30:00.000Z,False,True,False,False,35421.0,3854,Nippert Stadium,2132,Cincinnati,fbs,Big 12,34.0,"[7, 14, 10, 3]",0.943564772605896,1477.0,1504.0,189,Bowling Green,fbs,Mid-American,20.0,"[0, 3, 7, 10]",0.056435227394104004,1461.0,1434.0,2.2549227112151478,,,,3854,Nippert Stadium,40000.0,False,False,Cincinnati,OH,45221,US,America/New_York,39.1312495,-84.5161913,230.0660553,1915.0,2025-09-06,22.3,0.0,14.2,0.885525,0,False,False
401756883,2025,2,regular,2025-09-06T20:00:00.000Z,False,True,False,False,26740.0,3876,Peden Stadium,195,Ohio,fbs,Mid-American,17.0,"[3, 14, 0, 0]",0.8875462412834167,1619.0,1620.0,277,West Virginia,fbs,Big 12,10.0,"[7, 0, 3, 0]",0.11245375871658325,1470.0,1469.0,4.290102965286809,,,,3876,Peden Stadium,24000.0,False,False,Athens,OH,45701,US,America/New_York,39.3212794,-82.1034315,194.230896,1929.0,2025-09-06,17.4,0.1,11.2,1.1141666666666667,1,False,False
401752820,2025,2,regular,2025-09-06T20:00:00.000Z,False,True,False,False,70368.0,347,Camp Randall Stadium,275,Wisconsin,fbs,Big Ten,42.0,"[0, 14, 14, 14]",0.9707022905349731,1573.0,1619.0,2393,Middle Tennessee,fbs,Conference USA,10.0,"[3, 7, 0, 0]",0.029297709465026855,1228.0,1182.0,7.30487217133281,,,,347,Camp Randall Stadium,80321.0,False,False,Madison,WI,53711,US,America/Chicago,43.06994,-89.4126943,263.604126,1917.0,2025-09-06,16.7,0.0,18.2,0.8760847101007209,0,False,False
401760367,2025,2,regular,2025-09-06T20:00:00.000Z,False,True,False,False,25009.0,3984,War Memorial Stadium,2751,Wyoming,fbs,Mountain West,31.0,"[7, 10, 7, 7]",0.9853284955024719,1386.0,1386.0,2460,Northern Iowa,fcs,MVFC,7.0,"[0, 7, 0, 0]",0.014671504497528076,,,7.255029662458553,,,,3984,War Memorial Stadium,29181.0,False,False,Laramie,WY,82071,US,America/Denver,41.31161,-105.5681384,2200.153564,1950.0,2025-09-06,21.3,0.0,4.7,0.857030259415373,0,False,False
401752684,2025,2,regular,2025-09-06T20:15:00.000Z,False,True,False,False,89909.0,3634,Ben Hill Griffin Stadium,57,Florida,fbs,SEC,16.0,"[3, 6, 0, 7]",0.49722573161125183,1678.0,1668.0,58,South Florida,fbs,American Athletic,18.0,"[0, 6, 9, 3]",0.5027742683887482,1554.0,1564.0,6.000807473517696,,,,3634,Ben Hill Griffin Stadium,88548.0,True,False,Gainesville,FL,32653,US,America/New_York,29.6499357,-82.3485788,44.97250748,1930.0,2025-09-06,26.9,3.7,6.2,1.0153701946966618,1,False,False
401760365,2025,2,regular,2025-09-06T21:00:00.000Z,False,True,False,False,20535.0,3816,Mackay Stadium,2440,Nevada,fbs,Mountain West,20.0,"[0, 13, 0, 7]",0.3233785331249237,1249.0,1249.0,16,Sacramento State,fcs,Big Sky,17.0,"[7, 10, 0, 0]",0.6766214668750763,,,6.902041952612669,,,,3816,Mackay Stadium,27000.0,False,False,Reno,NV,89557,US,America/Los_Angeles,39.5469459,-119.8175435,1406.57605,1966.0,2025-09-06,29.5,0.0,9.9,0.7605555555555555,0,False,False
401752682,2025,2,regular,2025-09-06T21:00:00.000Z,False,True,True,False,54224.0,3983,War Memorial Stadium (AR),8,Arkansas,fbs,SEC,56.0,"[28, 7, 14, 7]",0.998382568359375,1574.0,1674.0,2032,Arkansas State,fbs,Sun Belt,14.0,"[7, 7, 0, 0]",0.001617431640625,1344.0,1244.0,3.493453978670016,,,,3983,War Memorial Stadium (AR),54120.0,False,False,Little Rock,AR,72205,US,America/Chicago,34.749848,-92.330127,112.1398163,1948.0,2025-09-06,23.3,0.0,6.8,1.0019216555801922,,False,False
401761602,2025,2,regular,2025-09-06T21:00:00.000Z,False,True,False,False,32011.0,3815,M. M. Roberts Stadium,2572,Southern Miss,fbs,Sun Belt,38.0,"[14, 3, 7, 14]",0.9898084998130798,1089.0,1089.0,2296,Jackson State,fcs,SWAC,20.0,"[3, 7, 0, 10]",0.010191500186920166,,,3.6500557956045463,,,,3815,M. M. Roberts Stadium,36000.0,False,False,Hattiesburg,MS,39402,US,America/Chicago,31.3289321,-89.3318118,64.52726746,1932.0,2025-09-06,32.2,0.0,10.1,0.8891944444444444,0,False,False
401756887,2025,2,regular,2025-09-06T22:00:00.000Z,False,True,False,False,51463.0,587,Rice-Eccles Stadium,254,Utah,fbs,Big 12,63.0,"[14, 21, 21, 7]",0.9827632308006287,1638.0,1638.0,13,Cal Poly,fcs,Big Sky,9.0,"[3, 3, 0, 3]",0.017236769199371338,,,2.1367854662551324,,,,587,Rice-Eccles Stadium,51444.0,False,False,Salt Lake City,UT,84112,US,America/Denver,40.7599724,-111.8488255,1411.543579,1998.0,2025-09-06,25.5,0.0,11.4,1.000369333644351,1,False,False
401762459,2025,2,regular,2025-09-06T22:00:00.000Z,False,True,False,False,35120.0,3699,Dowdy-Ficklen Stadium,151,East Carolina,fbs,American Athletic,56.0,"[14, 21, 14, 7]",0.9879902005195618,1429.0,1429.0,2097,Campbell,fcs,Coastal Athletic,3.0,"[0, 3, 0, 0]",0.012009799480438232,,,2.3894709194043213,,,,3699,Dowdy-Ficklen Stadium,50000.0,True,False,Greenville,NC,27858,US,America/New_York,35.5968486,-77.364564,19.0564537,1963.0,2025-09-06,32.0,0.0,10.2,0.7024,0,False,False
401762460,2025,2,regular,2025-09-06T22:00:00.000Z,False,True,False,False,21029.0,3715,FAU Stadium,2226,Florida Atlantic,fbs,American Athletic,56.0,"[22, 17, 0, 17]",0.977178156375885,1237.0,1237.0,50,Florida A&M,fcs,SWAC,14.0,"[0, 0, 7, 7]",0.02282184362411499,,,2.097398530154686,,,,3715,FAU Stadium,29419.0,False,False,Boca Raton,FL,33499,US,America/New_York,26.3763763,-80.1015759,3.613628864,2011.0,2025-09-06,29.0,0.2,2.0,0.7148101567014514,0,False,False
401761599,2025,2,regular,2025-09-06T22:00:00.000Z,False,True,False,False,18111.0,3918,S.B. Ballard Stadium,295,Old Dominion,fbs,Sun Belt,54.0,"[9, 7, 28, 10]",0.9922709465026855,1470.0,1470.0,2428,North Carolina Central,fcs,MEAC,6.0,"[0, 3, 3, 0]",0.007729053497314453,,,3.171607761996218,,,,3918,S.B. Ballard Stadium,20118.0,False,False,Norfolk,VA,23551,US,America/New_York,36.8889533,-76.3049175,3.147987843,1936.0,2025-09-06,32.1,0.0,15.7,0.9002385923053982,1,False,False
401757228,2025,2,regular,2025-09-06T22:00:00.000Z,False,True,False,False,28564.0,3775,Joan C. Edwards Stadium,276,Marshall,fbs,Sun Belt,20.0,"[0, 17, 3, 0]",0.04023043066263199,1519.0,1508.0,2623,Missouri State,fbs,Conference USA,21.0,"[0, 7, 7, 7]",0.959769569337368,1335.0,1346.0,7.466062922611336,,,,3775,Joan C. Edwards Stadium,38016.0,False,False,Huntington,WV,25755,US,America/New_York,38.4247042,-82.4214412,163.7328186,1991.0,2025-09-06,17.8,0.0,7.5,0.7513678451178452,0,False,False
401754530,2025,2,regular,2025-09-06T22:00:00.000Z,False,True,False,False,35898.0,3831,California Memorial Stadium,25,California,fbs,ACC,35.0,"[3, 8, 14, 10]",0.9355884194374084,1564.0,1564.0,2640,Texas Southern,fcs,SWAC,3.0,"[0, 0, 0, 3]",0.06441158056259155,,,3.713203523942471,,,,3831,California Memorial Stadium,62467.0,False,False,Berkeley,CA,94720,US,America/Los_Angeles,37.8710434,-122.2507729,125.3108063,1923.0,2025-09-06,20.6,0.0,17.3,0.574671426513199,0,False,False
401756882,2025,2,regular,2025-09-06T23:00:00.000Z,False,True,False,False,52723.0,3636,Bill Snyder Family Stadium,2306,Kansas State,fbs,Big 12,21.0,"[3, 10, 8, 0]",0.24810242652893066,1666.0,1658.0,349,Army,fbs,American Athletic,24.0,"[0, 7, 7, 10]",0.7518975734710693,1607.0,1615.0,4.812631689492559,,,,3636,Bill Snyder Family Stadium,50000.0,False,False,Manhattan,KS,66502,US,America/Chicago,39.2020096,-96.5938395,328.0574646,1968.0,2025-09-06,21.8,0.0,13.6,1.05446,1,False,False
401754641,2025,2,regular,2025-09-06T23:00:00.000Z,False,True,False,False,60617.0,3948,Hard Rock Stadium,2390,Miami,fbs,ACC,45.0,"[14, 14, 7, 10]",0.9784430861473083,1752.0,1752.0,2065,Bethune-Cookman,fcs,SWAC,3.0,"[0, 3, 0, 0]",0.02155691385269165,,,1.7536217433564345,,,,3948,Hard Rock Stadium,64767.0,False,False,Miami Gardens,FL,33299,US,America/New_York,25.9579665,-80.2388604,2.624486446,1987.0,2025-09-06,27.6,0.1,3.6,0.9359241589080859,1,False,False
401756886,2025,2,regular,2025-09-06T23:00:00.000Z,False,True,False,False,44009.0,3652,FBC Mortgage Stadium,2116,UCF,fbs,Big 12,68.0,"[28, 12, 14, 14]",0.9864861965179443,1550.0,1550.0,2448,North Carolina A&T,fcs,Coastal Athletic,7.0,"[0, 0, 0, 7]",0.013513803482055664,,,2.4314072997372134,,,,3652,FBC Mortgage Stadium,44206.0,True,False,Orlando,FL,32816,US,America/New_York,28.6079765,-81.1927233,20.94113731,2007.0,2025-09-06,26.3,0.1,4.4,0.9955435913676877,1,False,False
401757232,2025,2,regular,2025-09-06T23:00:00.000Z,False,True,False,False,24138.0,3739,Glass Bowl,2649,Toledo,fbs,Mid-American,45.0,"[21, 10, 14, 0]",0.9942803382873535,1445.0,1505.0,98,Western Kentucky,fbs,Conference USA,21.0,"[7, 0, 0, 14]",0.005719661712646484,1450.0,1390.0,2.539211806272949,,,,3739,Glass Bowl,26038.0,False,False,Toledo,OH,43606,US,America/New_York,41.6574777,-83.6135652,181.4839783,1937.0,2025-09-06,17.4,0.0,13.9,0.9270297257853906,1,False,False
401760364,2025,2,regular,2025-09-06T23:00:00.000Z,False,True,False,False,37023.0,5388,Canvas Stadium,36,Colorado State,fbs,Mountain West,21.0,"[0, 0, 14, 7]",0.9605945348739624,1357.0,1357.0,2458,Northern Colorado,fcs,Big Sky,17.0,"[7, 3, 7, 0]",0.0394054651260376,,,6.357367126535031,,,,5388,Canvas Stadium,36500.0,False,False,Fort Collins,CO,80521,US,America/Denver,40.570015,-105.088435,1528.4,2017.0,2025-09-06,24.8,0.0,5.7,1.0143287671232877,1,False,False
401761598,2025,2,regular,2025-09-06T23:00:00.000Z,False,True,False,False,13625.0,4246,Center Parc Stadium,2247,Georgia State,fbs,Sun Belt,16.0,"[9, 7, 0, 0]",0.16244572401046753,1230.0,1213.0,235,Memphis,fbs,American Athletic,38.0,"[7, 10, 14, 7]",0.8375542759895325,1604.0,1621.0,11.630263530136874,,,,4246,Center Parc Stadium,25000.0,False,False,Atlanta,GA,30315,US,America/New_York,33.735267,-84.389949,287,2017.0,2025-09-06,26.5,0.0,1.4,0.545,0,False,False
401754527,2025,2,regular,2025-09-06T23:00:00.000Z,False,True,False,False,19233.0,4418,Jerry Richardson Stadium,2429,Charlotte,fbs,American Athletic,3.0,"[0, 3, 0, 0]",0.0,1221.0,1200.0,153,North Carolina,fbs,ACC,20.0,"[10, 7, 0, 3]",1.0,1417.0,1438.0,3.333886477580821,,,,4418,Jerry Richardson Stadium,15300.0,False,False,Charlotte,NC,28223,US,America/New_York,35.3105033,-80.7401194,190.365509,2013.0,2025-09-06,24.9,0.5,5.4,1.2570588235294118,1,False,False
401761601,2025,2,regular,2025-09-06T23:00:00.000Z,False,True,False,False,16871.0,6526,Hancock Whitney Stadium,6,South Alabama,fbs,Sun Belt,31.0,"[14, 0, 0, 17]",0.1358165442943573,1555.0,1557.0,2655,Tulane,fbs,American Athletic,33.0,"[14, 10, 3, 6]",0.8641834557056427,1644.0,1642.0,5.567741495898722,,,,6526,Hancock Whitney Stadium,25450.0,False,False,Mobile,AL,36688,US,America/Chicago,30.696904,-88.192013,45,2020.0,2025-09-06,29.8,0.0,1.6,0.6629076620825147,0,False,False
401756884,2025,2,regular,2025-09-06T23:00:00.000Z,False,True,False,False,30116.0,3895,Rice Stadium,242,Rice,fbs,American Athletic,9.0,"[0, 3, 0, 6]",0.10369107872247696,1337.0,1271.0,248,Houston,fbs,Big 12,35.0,"[0, 7, 7, 21]",0.896308921277523,1375.0,1441.0,5.868186786577186,,,,3895,Rice Stadium,47000.0,False,False,Houston,TX,77251,US,America/Chicago,29.7163297,-95.4093261,7.148301601,1950.0,2025-09-06,30.4,0.0,5.8,0.6407659574468085,0,False,False
401762795,2025,2,regular,2025-09-06T23:00:00.000Z,False,True,False,False,15313.0,3912,Rynearson Stadium,2199,Eastern Michigan,fbs,Mid-American,23.0,"[3, 7, 0, 13]",0.010683189146220684,1241.0,1241.0,2341,Long Island University,fcs,NEC,28.0,"[7, 7, 0, 14]",0.9893168108537793,,,10.841158200364873,,,,3912,Rynearson Stadium,30200.0,False,False,Ypsilanti,MI,48197,US,America/Detroit,42.256126,-83.647285,241.248764,1969.0,2025-09-06,16.0,0.0,13.3,0.5070529801324504,0,False,False
401752691,2025,2,regular,2025-09-06T23:00:00.000Z,False,True,False,False,79705.0,3994,Williams-Brice Stadium,2579,South Carolina,fbs,SEC,38.0,"[0, 17, 21, 0]",0.6999583840370178,1729.0,1729.0,2569,South Carolina State,fcs,MEAC,10.0,"[3, 0, 0, 7]",0.3000416159629822,,,3.6234773442688484,,,,3994,Williams-Brice Stadium,80250.0,True,False,Columbia,SC,29208,US,America/New_York,33.9730239,-81.0191726,60.54548645,1934.0,2025-09-06,25.9,0.2,4.3,0.993208722741433,1,False,False
401752819,2025,2,regular,2025-09-06T23:30:00.000Z,False,True,False,False,54663.0,3907,Ross-Ade Stadium,2509,Purdue,fbs,Big Ten,34.0,"[14, 10, 3, 7]",0.9792229533195496,1287.0,1287.0,79,Southern Illinois,fcs,MVFC,17.0,"[14, 0, 0, 3]",0.02077704668045044,,,3.7228955481882204,,,,3907,Ross-Ade Stadium,57282.0,True,False,West Lafayette,IN,47907,US,America/Indiana/Indianapolis,40.4352253,-86.9186843,197.5337677,1924.0,2025-09-06,18.4,0.0,16.2,0.954278831046402,1,False,False
401752816,2025,2,regular,2025-09-06T23:30:00.000Z,False,True,False,False,70510.0,3936,Spartan Stadium,127,Michigan State,fbs,Big Ten,42.0,"[7, 7, 10, 3, 7, 8]",0.05183751508593559,1403.0,1405.0,103,Boston College,fbs,ACC,40.0,"[0, 21, 3, 3, 7, 6]",0.9481624849140644,1508.0,1506.0,12.45742436349646,,,,3936,Spartan Stadium,75005.0,True,False,East Lansing,MI,48824,US,America/Detroit,42.7281474,-84.4848526,254.8794861,1923.0,2025-09-06,14.2,0.0,17.0,0.9400706619558696,1,False,False
401761597,2025,2,regular,2025-09-06T23:30:00.000Z,False,True,False,False,22217.0,3654,Brooks Stadium (SC),324,Coastal Carolina,fbs,Sun Belt,13.0,"[0, 3, 0, 10]",1.0,1266.0,1266.0,2127,Charleston Southern,fcs,OVC-Big South,0.0,"[0, 0, 0, 0]",0.0,,,4.242174070025722,,,,3654,Brooks Stadium (SC),21000.0,False,False,Conway,SC,29528,US,America/New_York,33.7928506,-79.0166946,13.74894905,2003.0,2025-09-06,26.8,0.0,6.6,1.057952380952381,1,False,False
401752683,2025,2,regular,2025-09-06T23:30:00.000Z,False,True,False,False,88043.0,3785,Jordan-Hare Stadium,2,Auburn,fbs,SEC,42.0,"[14, 7, 7, 14]",0.9814049601554871,1609.0,1661.0,2050,Ball State,fbs,Mid-American,3.0,"[0, 0, 3, 0]",0.01859503984451294,1138.0,1086.0,3.1998303337378187,,,,3785,Jordan-Hare Stadium,87451.0,True,False,Auburn,AL,36849,US,America/Chicago,32.6025532,-85.4897479,201.1737976,1939.0,2025-09-06,27.7,0.2,5.8,1.0067695052086312,1,False,False
401752814,2025,2,regular,2025-09-06T23:30:00.000Z,False,True,False,False,,477,Los Angeles Memorial Coliseum,30,USC,fbs,Big Ten,59.0,"[21, 10, 14, 14]",0.9896509051322937,1841.0,1895.0,290,Georgia Southern,fbs,Sun Belt,20.0,"[6, 7, 7, 0]",0.010349094867706299,1382.0,1328.0,3.561627952727972,,,,477,Los Angeles Memorial Coliseum,77500.0,True,False,Los Angeles,CA,90089,US,America/Los_Angeles,34.014167,-118.287778,42.50374222,1923.0,2025-09-06,28.3,0.0,11.2,,,True,False
401752687,2025,2,regular,2025-09-06T23:30:00.000Z,False,True,False,False,101667.0,3958,Tiger Stadium (LA),99,LSU,fbs,SEC,23.0,"[7, 3, 7, 6]",0.9601048827171326,1730.0,1735.0,2348,Louisiana Tech,fbs,Conference USA,7.0,"[0, 0, 0, 7]",0.03989511728286743,1397.0,1392.0,2.689104640399413,,,,3958,Tiger Stadium (LA),102321.0,True,False,Baton Rouge,LA,70803,US,America/Chicago,30.412035,-91.1838163,7.640734673,1924.0,2025-09-06,32.2,0.0,8.7,0.9936083501920427,1,False,False
401752810,2025,2,regular,2025-09-06T23:30:00.000Z,False,True,False,False,86439.0,3834,"Memorial Stadium (Lincoln, NE)",158,Nebraska,fbs,Big Ten,68.0,"[9, 24, 21, 14]",0.993889331817627,1522.0,1699.0,2006,Akron,fbs,Mid-American,0.0,"[0, 0, 0, 0]",0.006110668182373047,1235.0,1058.0,2.7140669746621877,,,,3834,"Memorial Stadium (Lincoln, NE)",85458.0,False,False,Lincoln,NE,68588,US,America/Chicago,40.820682,-96.705594,354.9318848,1923.0,2025-09-06,19.3,0.0,7.0,1.011479323176297,1,False,False
401752688,2025,2,regular,2025-09-06T23:30:00.000Z,False,True,False,False,50808.0,3693,Davis Wade Stadium,344,Mississippi State,fbs,SEC,24.0,"[10, 7, 0, 7]",0.8706225156784058,1424.0,1436.0,9,Arizona State,fbs,Big 12,20.0,"[0, 3, 7, 10]",0.12937748432159424,1700.0,1688.0,4.934156253962285,,,,3693,Davis Wade Stadium,61337.0,True,False,Starkville,MS,39762,US,America/Chicago,33.4563403,-88.7933652,110.2742081,1914.0,2025-09-06,23.1,0.0,13.8,0.8283417839150921,0,False,False
401752690,2025,2,regular,2025-09-06T23:30:00.000Z,False,True,False,False,84107.0,3835,"Memorial Stadium (Norman, OK)",201,Oklahoma,fbs,SEC,24.0,"[7, 7, 7, 3]",0.8726335167884827,1650.0,1679.0,130,Michigan,fbs,Big Ten,13.0,"[0, 0, 13, 0]",0.12736648321151733,1771.0,1742.0,3.288925346237761,,,,3835,"Memorial Stadium (Norman, OK)",86112.0,True,False,Norman,OK,73019,US,America/Chicago,35.2058537,-97.4423145,355.0962524,1925.0,2025-09-06,22.0,0.0,9.9,0.9767163693794129,1,False,False
401752695,2025,2,regular,2025-09-06T23:30:00.000Z,False,True,False,False,65632.0,3799,Lane Stadium,259,Virginia Tech,fbs,ACC,20.0,"[10, 10, 0, 0]",0.025915134698152542,1575.0,1502.0,238,Vanderbilt,fbs,SEC,44.0,"[0, 10, 13, 21]",0.9740848653018475,1497.0,1570.0,5.012196213185042,,,,3799,Lane Stadium,65632.0,True,False,Blacksburg,VA,24061,US,America/New_York,37.2199873,-80.4180643,632.2631226,1965.0,2025-09-06,19.8,0.2,7.9,1.0,1,False,False
401752681,2025,2,regular,2025-09-06T23:45:00.000Z,False,True,False,False,100077.0,3657,Bryant-Denny Stadium,333,Alabama,fbs,SEC,73.0,"[21, 21, 10, 21]",0.9963486790657043,1755.0,1920.0,2433,UL Monroe,fbs,Sun Belt,0.0,"[0, 0, 0, 0]",0.0036513209342956543,1281.0,1116.0,1.7092281180496258,,,,3657,Bryant-Denny Stadium,101821.0,True,False,Tuscaloosa,AL,35487,US,America/Chicago,33.2082752,-87.5503836,70.05136108,1929.0,2025-09-06,28.2,0.0,10.0,0.9828719026526944,1,False,False
401752823,2025,2,regular,2025-09-07T00:00:00.000Z,False,True,False,False,36117.0,6501,Allegiant Stadium,2439,UNLV,fbs,Mountain West,30.0,"[10, 13, 0, 7]",0.7130630612373352,1633.0,1630.0,26,UCLA,fbs,Big Ten,23.0,"[0, 3, 10, 10]",0.2869369387626648,1404.0,1407.0,3.0101892724210857,,,,6501,Allegiant Stadium,65000.0,False,True,Las Vegas,NV,89118,US,America/Los_Angeles,36.09075,-115.183722,666,2020.0,2025-09-07,36.5,0.0,11.4,0.5556461538461539,0,False,False
401761600,2025,2,regular,2025-09-07T00:00:00.000Z,False,True,False,False,26071.0,3666,Cajun Field,309,Louisiana,fbs,Sun Belt,34.0,"[7, 10, 0, 17]",0.9776145815849304,1465.0,1465.0,2377,McNeese,fcs,Southland,10.0,"[7, 0, 3, 0]",0.02238541841506958,,,4.00838757879188,,,,3666,Cajun Field,41426.0,False,False,Lafayette,LA,70506,US,America/Chicago,30.2158434,-92.0417371,3.556508303,1971.0,2025-09-07,30.3,0.0,8.1,0.6293390624245643,0,False,False
401757231,2025,2,regular,2025-09-07T01:00:00.000Z,False,True,False,False,31122.0,3946,Sun Bowl,2638,UTEP,fbs,Conference USA,42.0,"[7, 21, 14, 0]",0.9783709049224854,1227.0,1227.0,2630,UT Martin,fcs,OVC-Big South,17.0,"[0, 7, 3, 7]",0.02162909507751465,,,3.292420370184263,,,,3946,Sun Bowl,51500.0,False,False,El Paso,TX,79968,US,America/Denver,31.7733353,-106.507957,1183.697876,1963.0,2025-09-07,23.9,0.1,7.0,0.6043106796116505,0,False,False
401757229,2025,2,regular,2025-09-07T01:00:00.000Z,False,True,False,False,10240.0,3601,Aggie Memorial Stadium,166,New Mexico State,fbs,Conference USA,21.0,"[3, 0, 7, 11]",0.9349650740623474,1246.0,1244.0,202,Tulsa,fbs,American Athletic,14.0,"[0, 0, 7, 7]",0.06503492593765259,1041.0,1043.0,11.044681784504647,,,,3601,Aggie Memorial Stadium,28853.0,False,False,Las Cruces,NM,88003,US,America/Denver,32.2796202,-106.7411148,1208.201294,1978.0,2025-09-07,24.3,0.0,7.5,0.35490243648840675,0,False,False
401756879,2025,2,regular,2025-09-07T02:00:00.000Z,False,True,False,False,40038.0,3619,Arizona Stadium,12,Arizona,fbs,Big 12,48.0,"[24, 10, 14, 0]",0.9933739304542542,1453.0,1453.0,2692,Weber State,fcs,Big Sky,3.0,"[0, 0, 0, 3]",0.00662606954574585,,,2.013261608018814,,,,3619,Arizona Stadium,50782.0,False,False,Tucson,AZ,85721,US,America/Phoenix,32.2288054,-110.9488677,742.1530151,1928.0,2025-09-07,28.9,0.0,5.7,0.788428970895199,0,False,False
401752948,2025,2,regular,2025-09-07T02:15:00.000Z,False,True,False,False,24330.0,3820,Gesa Field,265,Washington State,fbs,Pac-12,36.0,"[7, 12, 10, 7]",0.9851616621017456,1520.0,1555.0,21,San Diego State,fbs,Mountain West,13.0,"[7, 0, 6, 0]",0.014838337898254395,1318.0,1283.0,4.054313451343486,,,,3820,Gesa Field,32952.0,False,False,Pullman,WA,99164,US,America/Los_Angeles,46.731831,-117.1604991,773.9526367,1972.0,2025-09-07,26.0,0.0,7.7,0.7383466860888566,0,False,False
401754526,2025,2,regular,2025-09-07T02:15:00.000Z,False,True,False,False,64692.0,3801,LaVell Edwards Stadium,252,BYU,fbs,Big 12,27.0,"[6, 8, 10, 3]",0.9587950110435486,1644.0,1666.0,24,Stanford,fbs,ACC,3.0,"[0, 0, 0, 3]",0.041204988956451416,1282.0,1260.0,2.1486485074285286,,,,3801,LaVell Edwards Stadium,63470.0,True,False,Provo,UT,84602,US,America/Denver,40.2575347,-111.6545247,1412.097046,1964.0,2025-09-07,21.9,0.0,1.8,1.019253190483693,1,False,False
401752821,2025,2,regular,2025-09-07T03:00:00.000Z,False,True,False,False,65421.0,3765,Husky Stadium,264,Washington,fbs,Big Ten,70.0,"[14, 28, 14, 14]",0.9911258220672607,1610.0,1610.0,302,UC Davis,fcs,Big Sky,10.0,"[3, 7, 0, 0]",0.008874177932739258,,,2.1246557869163945,,,,3765,Husky Stadium,70138.0,False,False,Seattle,WA,98195,US,America/Los_Angeles,47.6503235,-122.3015746,11.65622807,1920.0,2025-09-07,19.4,0.0,2.1,0.932746870455388,1,False,False
401757230,2025,2,regular,2025-09-07T03:59:00.000Z,False,True,False,False,11625.0,7220,Clarence T.C. Ching Athletics Complex,62,Hawai'i,fbs,Mountain West,37.0,"[7, 10, 3, 17]",0.9157441258430481,1178.0,1238.0,2534,Sam Houston,fbs,Conference USA,20.0,"[3, 3, 7, 7]",0.0842558741569519,1397.0,1337.0,3.805860380572348,,,,7220,Clarence T.C. Ching Athletics Complex,15194.0,False,False,Honolulu,HI,96822,US,Pacific/Honolulu,21.294294,-157.819338,20,2015.0,2025-09-07,28.0,0.0,15.0,0.7651046465710148,0,False,False
401754531,2025,3,regular,2025-09-11T23:30:00.000Z,False,True,False,True,29043.0,3630,Allegacy Federal Credit Union Stadium,154,Wake Forest,fbs,ACC,24.0,"[14, 10, 0, 0]",0.0,1394.0,1383.0,152,NC State,fbs,ACC,34.0,"[14, 3, 7, 10]",1.0,1510.0,1521.0,5.133342505139144,,,,3630,Allegacy Federal Credit Union Stadium,31500.0,False,False,Winston-Salem,NC,27105,US,America/New_York,36.1305507,-80.2545851,283.548584,1968.0,2025-09-11,23.0,0.0,4.5,0.922,1,False,False
401752836,2025,3,regular,2025-09-12T22:30:00.000Z,False,True,False,False,46219.0,3830,"Memorial Stadium (Bloomington, IN)",84,Indiana,fbs,Big Ten,73.0,"[21, 24, 21, 7]",0.9889745712280273,1904.0,1904.0,282,Indiana State,fcs,MVFC,0.0,"[0, 0, 0, 0]",0.011025428771972656,,,2.0712970299067037,,,,3830,"Memorial Stadium (Bloomington, IN)",52656.0,False,False,Bloomington,IN,47408,US,America/Indiana/Indianapolis,39.1808959,-86.5256217,231.6500854,1960.0,2025-09-12,29.1,0.0,7.5,0.8777537222728654,0,False,False
401754532,2025,3,regular,2025-09-12T23:00:00.000Z,False,True,False,False,37372.0,1964,JMA Wireless Dome,183,Syracuse,fbs,ACC,66.0,"[14, 24, 7, 21]",0.9939893484115601,1475.0,1475.0,2142,Colgate,fcs,Patriot,24.0,"[3, 0, 14, 7]",0.006010651588439941,,,2.529816092843343,,,,1964,JMA Wireless Dome,49057.0,False,True,Syracuse,NY,13244,US,America/New_York,43.0362269,-76.1363161,162.6989746,1980.0,2025-09-12,19.7,0.0,2.3,0.7618076930917096,0,False,False
401756893,2025,3,regular,2025-09-12T23:30:00.000Z,False,True,False,True,37899.0,4728,TDECU Stadium,248,Houston,fbs,Big 12,36.0,"[10, 6, 10, 10]",1.0,1441.0,1497.0,38,Colorado,fbs,Big 12,20.0,"[0, 14, 0, 6]",0.0,1660.0,1604.0,3.8156903990071345,,,,4728,TDECU Stadium,40000.0,False,False,Houston,TX,77004,US,America/Chicago,29.7219885,-95.3491623,9.57440567,2014.0,2025-09-12,30.7,0.0,10.5,0.947475,1,False,False
401756888,2025,3,regular,2025-09-13T01:00:00.000Z,False,True,False,False,40051.0,3619,Arizona Stadium,12,Arizona,fbs,Big 12,23.0,"[7, 10, 3, 3]",0.8945243954658508,1451.0,1469.0,2306,Kansas State,fbs,Big 12,17.0,"[3, 0, 14, 0]",0.10547560453414917,1658.0,1640.0,4.652025807713283,,,,3619,Arizona Stadium,50782.0,False,False,Tucson,AZ,85721,US,America/Phoenix,32.2288054,-110.9488677,742.1530151,1928.0,2025-09-13,32.2,0.0,7.7,0.7886849671143319,0,False,False
401752837,2025,3,regular,2025-09-13T02:00:00.000Z,False,True,False,False,31163.0,1056,Rose Bowl,26,UCLA,fbs,Big Ten,10.0,"[0, 7, 3, 0]",0.0,1407.0,1331.0,167,New Mexico,fbs,Mountain West,35.0,"[7, 7, 0, 21]",1.0,1332.0,1408.0,3.584693048370142,,,,1056,Rose Bowl,88565.0,True,False,Pasadena,CA,90095,US,America/Los_Angeles,34.1613284,-118.1676462,245.1772461,1922.0,2025-09-13,22.3,0.0,8.0,0.3518658612318636,0,False,False
401752839,2025,3,regular,2025-09-13T16:00:00.000Z,False,True,False,False,110740.0,3558,Michigan Stadium,130,Michigan,fbs,Big Ten,63.0,"[14, 21, 14, 14]",0.9919071197509766,1742.0,1852.0,2117,Central Michigan,fbs,Mid-American,3.0,"[0, 3, 0, 0]",0.008092880249023438,1204.0,1094.0,2.0936837087583444,,,,3558,Michigan Stadium,107601.0,False,False,Ann Arbor,MI,48109,US,America/Detroit,42.2658365,-83.7486956,255.5500031,1927.0,2025-09-13,18.4,0.0,9.6,1.0291725913327943,1,False,False
401752831,2025,3,regular,2025-09-13T16:00:00.000Z,False,True,False,True,12023.0,5960,Lanny and Sharon Martin Stadium,77,Northwestern,fbs,Big Ten,14.0,"[0, 0, 0, 14]",0.03427131846547127,1403.0,1411.0,2483,Oregon,fbs,Big Ten,34.0,"[7, 10, 14, 3]",0.9657286815345287,1992.0,1984.0,3.2641501167463502,,,,5960,Lanny and Sharon Martin Stadium,12023.0,False,False,Evanston,IL,60208,US,America/Chicago,42.058246,-87.670876,179,1997.0,2025-09-13,20.2,0.0,13.6,1.0,1,False,False
401761608,2025,3,regular,2025-09-13T16:00:00.000Z,False,True,False,False,23384.0,3975,Veterans Memorial Stadium (AL),2653,Troy,fbs,Sun Belt,7.0,"[0, 7, 0, 0]",0.0,1472.0,1435.0,235,Memphis,fbs,American Athletic,28.0,"[7, 14, 0, 7]",1.0,1621.0,1658.0,4.585106428375084,,,,3975,Veterans Memorial Stadium (AL),30000.0,False,False,Troy,AL,36082,US,America/Chicago,31.7995565,-85.9518328,154.7746277,1950.0,2025-09-13,28.2,0.0,10.3,0.7794666666666666,0,False,False
401752838,2025,3,regular,2025-09-13T16:00:00.000Z,False,True,False,False,36780.0,3665,SECU Stadium,120,Maryland,fbs,Big Ten,44.0,"[17, 17, 7, 3]",0.9941574335098267,1528.0,1528.0,119,Towson,fcs,Coastal Athletic,17.0,"[0, 0, 7, 10]",0.00584256649017334,,,1.9388600742460969,,,,3665,SECU Stadium,51802.0,False,False,College Park,MD,20742,US,America/New_York,38.9903332,-76.9473792,32.68748093,1950.0,2025-09-13,25.0,0.0,6.3,0.7100111964789004,0,False,False
401752828,2025,3,regular,2025-09-13T16:00:00.000Z,False,True,False,False,86292.0,3834,"Memorial Stadium (Lincoln, NE)",158,Nebraska,fbs,Big Ten,59.0,"[17, 21, 14, 7]",0.9886107444763184,1712.0,1712.0,2277,Houston Christian,fcs,Southland,7.0,"[0, 0, 7, 0]",0.01138925552368164,,,2.439646774748465,,,,3834,"Memorial Stadium (Lincoln, NE)",85458.0,False,False,Lincoln,NE,68588,US,America/Chicago,40.820682,-96.705594,354.9318848,1923.0,2025-09-13,26.8,0.0,15.8,1.0097591799480448,1,False,False
401762817,2025,3,regular,2025-09-13T16:00:00.000Z,False,True,False,True,11833.0,3696,Dix Stadium,2309,Kent State,fbs,Mid-American,28.0,"[7, 7, 7, 7]",0.28332847356796265,938.0,959.0,2084,Buffalo,fbs,Mid-American,31.0,"[0, 10, 14, 7]",0.7166715264320374,1407.0,1386.0,6.469148484749553,,,,3696,Dix Stadium,25319.0,False,False,Kent,OH,44242,US,America/New_York,41.1390935,-81.31346,321.3641663,1969.0,2025-09-13,23.9,0.0,5.0,0.4673565306686678,0,False,False
401752703,2025,3,regular,2025-09-13T16:00:00.000Z,False,True,False,False,24927.0,3806,Lincoln Financial Field,218,Temple,fbs,American Athletic,3.0,"[0, 3, 0, 0]",0.03236179053783417,1284.0,1221.0,201,Oklahoma,fbs,SEC,42.0,"[11, 17, 14, 0]",0.9676382094621658,1679.0,1742.0,2.8145400659947084,,,,3806,Lincoln Financial Field,69879.0,False,False,Philadelphia,PA,19122,US,America/New_York,39.9007995,-75.1675414,3.198706865,2003.0,2025-09-13,26.1,0.0,4.9,0.3567166101403855,0,False,False
401752696,2025,3,regular,2025-09-13T16:00:00.000Z,False,True,False,False,100077.0,3657,Bryant-Denny Stadium,333,Alabama,fbs,SEC,38.0,"[7, 14, 14, 3]",0.8941497206687927,1920.0,1948.0,275,Wisconsin,fbs,Big Ten,14.0,"[0, 0, 7, 7]",0.10585027933120728,1619.0,1591.0,2.1300362761686698,,,,3657,Bryant-Denny Stadium,101821.0,True,False,Tuscaloosa,AL,35487,US,America/Chicago,33.2082752,-87.5503836,70.05136108,1929.0,2025-09-13,29.7,0.0,5.4,0.9828719026526944,1,False,False
401754619,2025,3,regular,2025-09-13T16:00:00.000Z,False,True,False,False,38512.0,3923,Scott Stadium,258,Virginia,fbs,ACC,55.0,"[14, 28, 10, 3]",0.9928979873657227,1514.0,1514.0,2729,William & Mary,fcs,Coastal Athletic,16.0,"[0, 7, 7, 2]",0.007102012634277344,,,2.634922305513789,,,,3923,Scott Stadium,61500.0,True,False,Charlottesville,VA,22904,US,America/New_York,38.0311801,-78.5137897,170.4677429,1931.0,2025-09-13,24.4,0.0,7.4,0.6262113821138211,0,False,False
401756891,2025,3,regular,2025-09-13T16:00:00.000Z,False,True,False,False,41215.0,4727,McLane Stadium,239,Baylor,fbs,Big 12,42.0,"[14, 21, 0, 7]",0.8392053842544556,1579.0,1579.0,2535,Samford,fcs,Southern,7.0,"[7, 0, 0, 0]",0.16079461574554443,,,2.898550045459711,,,,4727,McLane Stadium,45140.0,False,False,Waco,TX,76704,US,America/Chicago,31.5582015,-97.1156702,117.0538101,2014.0,2025-09-13,28.9,0.0,8.5,0.9130482941958352,1,False,False
401754623,2025,3,regular,2025-09-13T16:00:00.000Z,False,True,False,True,48059.0,721,Bobby Dodd Stadium,59,Georgia Tech,fbs,ACC,24.0,"[3, 10, 0, 11]",0.70292729139328,1557.0,1560.0,228,Clemson,fbs,ACC,21.0,"[0, 7, 7, 7]",0.29707270860671997,1696.0,1693.0,5.074361404081918,,,,721,Bobby Dodd Stadium,55000.0,False,False,Atlanta,GA,30332,US,America/New_York,33.7724449,-84.3928054,279.300415,1913.0,2025-09-13,26.4,0.0,6.0,0.8738,0,False,False
401752697,2025,3,regular,2025-09-13T16:45:00.000Z,False,True,False,False,88043.0,3785,Jordan-Hare Stadium,2,Auburn,fbs,SEC,31.0,"[7, 21, 3, 0]",0.9974876046180725,1661.0,1686.0,6,South Alabama,fbs,Sun Belt,15.0,"[3, 6, 6, 0]",0.0025123953819274902,1557.0,1532.0,2.4154160553241155,,,,3785,Jordan-Hare Stadium,87451.0,True,False,Auburn,AL,36849,US,America/Chicago,32.6025532,-85.4897479,201.1737976,1939.0,2025-09-13,27.1,0.0,8.5,1.0067695052086312,1,False,False
401752702,2025,3,regular,2025-09-13T17:00:00.000Z,False,True,False,False,57321.0,3838,Memorial Stadium,142,Missouri,fbs,SEC,52.0,"[14, 24, 7, 7]",0.9936493635177612,1659.0,1755.0,309,Louisiana,fbs,Sun Belt,10.0,"[0, 10, 0, 0]",0.0063506364822387695,1463.0,1367.0,1.633721829510829,,,,3838,Memorial Stadium,71168.0,False,False,Columbia,MO,65211,US,America/Chicago,38.9358491,-92.3332009,212.6865692,1927.0,2025-09-13,32.5,0.0,12.4,0.8054322167266187,0,False,False
401762818,2025,3,regular,2025-09-13T18:00:00.000Z,False,True,False,False,10512.0,3919,Scheumann Stadium,2050,Ball State,fbs,Mid-American,34.0,"[14, 14, 6, 0]",0.6108605861663818,1070.0,1070.0,160,New Hampshire,fcs,Coastal Athletic,29.0,"[14, 7, 3, 5]",0.38913941383361816,,,5.4201324303022815,,,,3919,Scheumann Stadium,22500.0,False,False,Muncie,IN,47306,US,America/Indiana/Indianapolis,40.2159422,-85.4161148,285.481781,1967.0,2025-09-13,26.2,0.0,8.8,0.4672,0,False,False
401757168,2025,3,regular,2025-09-13T19:00:00.000Z,False,True,False,False,17862.0,3695,Delaware Stadium,48,Delaware,fbs,Conference USA,44.0,"[14, 14, 7, 3, 6]",0.25627401471138,1453.0,1454.0,41,UConn,fbs,FBS Independents,41.0,"[10, 14, 7, 7, 3]",0.74372598528862,1446.0,1445.0,7.432477630514397,,,,3695,Delaware Stadium,22000.0,False,False,Newark,DE,19713,US,America/New_York,39.6617428,-75.7488224,28.74350357,1952.0,2025-09-13,26.7,0.0,8.2,0.8119090909090909,0,False,False
401754638,2025,3,regular,2025-09-13T19:30:00.000Z,False,True,False,False,62108.0,3842,Milan Puskar Stadium,277,West Virginia,fbs,Big 12,31.0,"[0, 7, 7, 10, 7]",0.17670735716819763,1469.0,1481.0,221,Pittsburgh,fbs,ACC,24.0,"[0, 3, 11, 10, 0]",0.8232926428318024,1518.0,1506.0,6.6083691049315805,,,,3842,Milan Puskar Stadium,60000.0,False,False,Morgantown,WV,26507,US,America/New_York,39.6502744,-79.9551873,327.409668,1980.0,2025-09-13,28.0,0.0,9.7,1.0351333333333332,1,False,False
401752833,2025,3,regular,2025-09-13T19:30:00.000Z,False,True,False,False,41011.0,6577,SHI Stadium,164,Rutgers,fbs,Big Ten,60.0,"[13, 13, 20, 14]",0.9916054010391235,1594.0,1594.0,2450,Norfolk State,fcs,MEAC,10.0,"[0, 3, 7, 0]",0.008394598960876465,,,2.6001700876586886,,,,6577,SHI Stadium,52454.0,False,False,Piscataway,NJ,08854,US,America/New_York,40.513611,-74.465278,19,1994.0,2025-09-13,27.6,0.0,9.2,0.7818469516147482,0,False,False
401752949,2025,3,regular,2025-09-13T19:30:00.000Z,False,True,False,False,26837.0,3825,DATCU Stadium,249,North Texas,fbs,American Athletic,59.0,"[14, 28, 10, 7]",0.992473304271698,1409.0,1585.0,265,Washington State,fbs,Pac-12,10.0,"[3, 0, 0, 7]",0.007526695728302002,1555.0,1379.0,2.337911501476914,,,,3825,DATCU Stadium,30850.0,False,False,Denton,TX,76210,US,America/Chicago,33.203899,-97.159245,198.6871948,2011.0,2025-09-13,32.9,0.0,15.4,0.8699189627228525,0,False,False
401752938,2025,3,regular,2025-09-13T19:30:00.000Z,False,True,False,False,60229.0,3784,Jones AT&T Stadium,2641,Texas Tech,fbs,Big 12,45.0,"[14, 14, 10, 7]",0.9839296936988831,1639.0,1690.0,204,Oregon State,fbs,Pac-12,14.0,"[0, 0, 0, 14]",0.016070306301116943,1365.0,1314.0,2.7183524777019303,,,,3784,Jones AT&T Stadium,60454.0,False,False,Lubbock,TX,79409,US,America/Chicago,33.5910518,-101.8728824,980.7632446,1947.0,2025-09-13,28.1,0.0,17.3,0.9962781619082277,1,False,False
401752835,2025,3,regular,2025-09-13T19:30:00.000Z,False,True,False,False,109516.0,3632,Beaver Stadium,213,Penn State,fbs,Big Ten,52.0,"[7, 14, 10, 21]",1.0,2152.0,2152.0,222,Villanova,fcs,Coastal Athletic,6.0,"[0, 0, 0, 6]",0.0,,,1.5691614982419644,,,,3632,Beaver Stadium,106572.0,True,False,University Park,PA,16802,US,America/New_York,40.8121958,-77.8561023,354.1551514,1960.0,2025-09-13,27.6,0.0,10.0,1.0276245167586233,1,False,False
401752705,2025,3,regular,2025-09-13T19:30:00.000Z,False,True,False,True,101915.0,3853,Neyland Stadium,2633,Tennessee,fbs,SEC,41.0,"[21, 0, 7, 10, 3]",0.8366788625717163,1799.0,1809.0,61,Georgia,fbs,SEC,44.0,"[7, 10, 10, 11, 6]",0.1633211374282837,2053.0,2043.0,8.927697065894355,,,,3853,Neyland Stadium,102455.0,True,False,Knoxville,TN,37996,US,America/New_York,35.9550131,-83.9250128,271.9517212,1921.0,2025-09-13,28.4,0.0,0.5,0.994729393392221,1,False,False
401752834,2025,3,regular,2025-09-13T19:30:00.000Z,False,True,False,False,71301.0,3936,Spartan Stadium,127,Michigan State,fbs,Big Ten,41.0,"[7, 10, 14, 10]",0.9076184034347534,1406.0,1406.0,2754,Youngstown State,fcs,MVFC,24.0,"[3, 7, 7, 7]",0.09238159656524658,,,3.481551560526096,,,,3936,Spartan Stadium,75005.0,True,False,East Lansing,MI,48824,US,America/Detroit,42.7281474,-84.4848526,254.8794861,1923.0,2025-09-13,24.2,0.0,5.4,0.9506166255582961,1,False,False
401752832,2025,3,regular,2025-09-13T19:30:00.000Z,False,True,False,True,58065.0,3907,Ross-Ade Stadium,2509,Purdue,fbs,Big Ten,17.0,"[0, 3, 7, 7]",0.0364251509308815,1293.0,1310.0,30,USC,fbs,Big Ten,33.0,"[3, 14, 13, 3]",0.9635748490691185,1895.0,1878.0,4.127607975845876,,,,3907,Ross-Ade Stadium,57282.0,True,False,West Lafayette,IN,47907,US,America/Indiana/Indianapolis,40.4352253,-86.9186843,197.5337677,1924.0,2025-09-13,28.9,0.0,19.1,1.013669215460354,1,False,False
401754639,2025,3,regular,2025-09-13T19:30:00.000Z,False,True,False,False,50500.0,3787,Kenan Stadium,153,North Carolina,fbs,ACC,41.0,"[10, 10, 7, 14]",0.9921181201934814,1439.0,1439.0,257,Richmond,fcs,Patriot,6.0,"[0, 3, 0, 3]",0.007881879806518555,,,1.969859511624668,,,,3787,Kenan Stadium,50500.0,False,False,Chapel Hill,NC,27515,US,America/New_York,35.9069294,-79.0478889,127.7569809,1927.0,2025-09-13,25.5,0.0,9.9,1.0,1,False,False
401756892,2025,3,regular,2025-09-13T19:30:00.000Z,False,True,False,False,30014.0,3854,Nippert Stadium,2132,Cincinnati,fbs,Big 12,70.0,"[35, 21, 7, 7]",0.9783123731613159,1498.0,1498.0,2466,Northwestern State,fcs,Southland,0.0,"[0, 0, 0, 0]",0.021687626838684082,,,1.9902269210722308,,,,3854,Nippert Stadium,40000.0,False,False,Cincinnati,OH,45221,US,America/New_York,39.1312495,-84.5161913,230.0660553,1915.0,2025-09-13,29.9,0.0,8.0,0.75035,0,False,False
401762467,2025,3,regular,2025-09-13T19:30:00.000Z,False,True,False,False,20421.0,3604,Alamodome,2636,UTSA,fbs,American Athletic,48.0,"[10, 14, 14, 10]",0.9960624575614929,1489.0,1489.0,2916,Incarnate Word,fcs,Southland,20.0,"[0, 0, 14, 6]",0.00393754243850708,,,2.14359432660084,,,,3604,Alamodome,36582.0,False,True,San Antonio,TX,78299,US,America/Chicago,29.4169834,-98.4788143,201.5526886,1993.0,2025-09-13,33.4,0.0,10.9,0.5582253567328194,0,False,False
401762819,2025,3,regular,2025-09-13T19:30:00.000Z,False,True,False,False,22846.0,3739,Glass Bowl,2649,Toledo,fbs,Mid-American,60.0,"[3, 43, 7, 7]",0.9923451542854309,1501.0,1501.0,2415,Morgan State,fcs,MEAC,0.0,"[0, 0, 0, 0]",0.007654845714569092,,,2.4077897300641373,,,,3739,Glass Bowl,26038.0,False,False,Toledo,OH,43606,US,America/New_York,41.6574777,-83.6135652,181.4839783,1937.0,2025-09-13,22.4,0.0,3.4,0.8774099393194562,0,False,False
401754615,2025,3,regular,2025-09-13T19:30:00.000Z,False,True,False,False,15027.0,3878,Plaster Sports Complex,2623,Missouri State,fbs,Conference USA,10.0,"[10, 0, 0, 0]",0.006041337735950947,1346.0,1338.0,2567,SMU,fbs,ACC,28.0,"[0, 14, 7, 7]",0.993958662264049,1703.0,1711.0,4.819093231576694,,,,3878,Plaster Sports Complex,17337.0,False,False,Springfield,MO,65897,US,America/Chicago,37.1976229,-93.2798119,402.368103,1941.0,2025-09-13,33.4,0.0,9.8,0.8667589548364769,0,False,False
401756890,2025,3,regular,2025-09-13T20:00:00.000Z,False,True,False,False,22348.0,3625,Centennial Bank Stadium,2032,Arkansas State,fbs,Sun Belt,16.0,"[0, 10, 3, 3]",0.10015681385993958,1244.0,1257.0,66,Iowa State,fbs,Big 12,24.0,"[9, 8, 0, 7]",0.8998431861400604,1621.0,1608.0,6.731182769771558,,,,3625,Centennial Bank Stadium,30382.0,False,False,Jonesboro,AR,72404,US,America/Chicago,35.8488977,-90.6677436,89.52690887,1974.0,2025-09-13,33.5,0.0,6.0,0.7355671121058521,0,False,False
401752706,2025,3,regular,2025-09-13T20:15:00.000Z,False,True,False,False,102025.0,3910,DKR-Texas Memorial Stadium,251,Texas,fbs,SEC,27.0,"[7, 7, 6, 7]",1.0,1896.0,1878.0,2638,UTEP,fbs,Conference USA,10.0,"[0, 3, 0, 7]",0.0,1230.0,1248.0,3.4510180667844916,,,,3910,DKR-Texas Memorial Stadium,100119.0,False,False,Austin,TX,78712,US,America/Chicago,30.2836813,-97.7325345,160.3089447,1924.0,2025-09-13,33.1,0.0,11.8,1.0190373455587851,1,False,False
401754535,2025,3,regular,2025-09-13T20:30:00.000Z,False,True,False,False,66591.0,3948,Hard Rock Stadium,2390,Miami,fbs,ACC,49.0,"[14, 14, 7, 14]",0.9881351590156555,1743.0,1825.0,58,South Florida,fbs,American Athletic,12.0,"[3, 3, 0, 6]",0.011864840984344482,1564.0,1482.0,2.955756798120136,,,,3948,Hard Rock Stadium,64767.0,False,False,Miami Gardens,FL,33299,US,America/New_York,25.9579665,-80.2388604,2.624486446,1987.0,2025-09-13,24.2,4.6,3.6,1.0281624901570243,1,False,False
401757256,2025,3,regular,2025-09-13T21:00:00.000Z,False,True,False,False,23159.0,3700,Doyt L. Perry Stadium,189,Bowling Green,fbs,Mid-American,23.0,"[3, 7, 3, 10]",0.9232409596443176,1434.0,1456.0,2335,Liberty,fbs,Conference USA,13.0,"[0, 0, 7, 6]",0.07675904035568237,1494.0,1472.0,3.9960137813612553,,,,3700,Doyt L. Perry Stadium,24000.0,False,False,Bowling Green,OH,43403,US,America/New_York,41.3780114,-83.6225,205.9057465,1966.0,2025-09-13,25.0,0.0,5.8,0.9649583333333334,1,False,False
401757258,2025,3,regular,2025-09-13T21:00:00.000Z,False,True,False,False,16808.0,3816,Mackay Stadium,2440,Nevada,fbs,Mountain West,13.0,"[0, 13, 0, 0]",0.7403632402420044,1284.0,1278.0,2393,Middle Tennessee,fbs,Conference USA,14.0,"[0, 0, 0, 14]",0.2596367597579956,1182.0,1188.0,4.244323209980611,,,,3816,Mackay Stadium,27000.0,False,False,Reno,NV,89557,US,America/Los_Angeles,39.5469459,-119.8175435,1406.57605,1966.0,2025-09-13,24.7,0.0,9.4,0.6225185185185185,0,False,False
401757235,2025,3,regular,2025-09-13T22:00:00.000Z,False,True,False,False,11040.0,4899,Fifth Third Stadium,338,Kennesaw State,fbs,Conference USA,27.0,"[0, 7, 17, 3]",0.8851298093795776,1175.0,1175.0,2771,Merrimack,fcs,FCS Independents,13.0,"[0, 0, 0, 13]",0.11487019062042236,,,3.858363899375836,,,,4899,Fifth Third Stadium,11040.0,True,False,Kennesaw,GA,30144,US,America/New_York,34.0289318,-84.5676234,296.9589844,2010.0,2025-09-13,28.1,0.0,6.4,1.0,1,False,False
401752701,2025,3,regular,2025-09-13T22:00:00.000Z,False,True,False,False,49158.0,3693,Davis Wade Stadium,344,Mississippi State,fbs,SEC,63.0,"[28, 14, 7, 14]",0.9959214925765991,1454.0,1454.0,2016,Alcorn State,fcs,SWAC,0.0,"[0, 0, 0, 0]",0.004078507423400879,,,1.7864428042072722,,,,3693,Davis Wade Stadium,61337.0,True,False,Starkville,MS,39762,US,America/Chicago,33.4563403,-88.7933652,110.2742081,1914.0,2025-09-13,31.6,0.0,3.4,0.8014412181880431,0,False,False
401757233,2025,3,regular,2025-09-13T22:00:00.000Z,False,True,False,False,17638.0,2031,Pitbull Stadium,2229,Florida International,fbs,Conference USA,38.0,"[7, 10, 21, 0]",1.0,1358.0,1367.0,2226,Florida Atlantic,fbs,American Athletic,28.0,"[7, 14, 0, 7]",0.0,1240.0,1231.0,5.3864632418035905,,,,2031,Pitbull Stadium,20000.0,False,False,Miami,FL,33199,US,America/New_York,25.7525,-80.37778,6,1995.0,2025-09-13,25.8,0.1,2.0,0.8819,0,False,False
401761606,2025,3,regular,2025-09-13T22:00:00.000Z,False,True,False,False,23925.0,3775,Joan C. Edwards Stadium,276,Marshall,fbs,Sun Belt,38.0,"[17, 14, 7, 0]",0.9945290088653564,1492.0,1492.0,2198,Eastern Kentucky,fcs,UAC,7.0,"[0, 0, 7, 0]",0.005470991134643555,,,2.546843613107965,,,,3775,Joan C. Edwards Stadium,38016.0,False,False,Huntington,WV,25755,US,America/New_York,38.4247042,-82.4214412,163.7328186,1991.0,2025-09-13,28.5,0.0,5.1,0.6293402777777778,0,False,False
401762464,2025,3,regular,2025-09-13T22:00:00.000Z,False,True,False,False,15681.0,4418,Jerry Richardson Stadium,2429,Charlotte,fbs,American Athletic,42.0,"[0, 7, 21, 14]",0.9812779426574707,1170.0,1170.0,2405,Monmouth,fcs,Coastal Athletic,35.0,"[7, 7, 7, 14]",0.018722057342529297,,,7.631365971094696,,,,4418,Jerry Richardson Stadium,15300.0,False,False,Charlotte,NC,28223,US,America/New_York,35.3105033,-80.7401194,190.365509,2013.0,2025-09-13,26.1,0.0,13.6,1.0249019607843137,1,False,False
401761605,2025,3,regular,2025-09-13T23:00:00.000Z,False,True,False,False,13988.0,4246,Center Parc Stadium,2247,Georgia State,fbs,Sun Belt,37.0,"[14, 9, 7, 7]",0.9919071197509766,1167.0,1167.0,93,Murray State,fcs,MVFC,21.0,"[0, 7, 0, 14]",0.008092880249023438,,,3.3424632064061637,,,,4246,Center Parc Stadium,25000.0,False,False,Atlanta,GA,30315,US,America/New_York,33.735267,-84.389949,287,2017.0,2025-09-13,27.0,0.0,5.4,0.55952,0,False,False
401752827,2025,3,regular,2025-09-13T23:00:00.000Z,False,True,False,False,105765.0,3861,Ohio Stadium,194,Ohio State,fbs,Big Ten,37.0,"[3, 10, 10, 14]",0.9895108938217163,1977.0,2010.0,195,Ohio,fbs,Mid-American,9.0,"[0, 3, 6, 0]",0.010489106178283691,1620.0,1587.0,2.6200476901291596,,,,3861,Ohio Stadium,102780.0,False,False,Columbus,OH,43210,US,America/New_York,40.0016447,-83.0197266,216.6770325,1922.0,2025-09-13,27.0,0.0,2.7,1.0290426152948045,1,False,False
401752700,2025,3,regular,2025-09-13T23:00:00.000Z,False,True,False,True,65068.0,3974,Vaught-Hemingway Stadium,145,Ole Miss,fbs,SEC,41.0,"[7, 24, 7, 3]",0.4054233729839325,1922.0,1918.0,8,Arkansas,fbs,SEC,35.0,"[7, 21, 0, 7]",0.5945766270160675,1674.0,1678.0,6.476053958073642,,,,3974,Vaught-Hemingway Stadium,64038.0,True,False,Oxford,MS,38677,US,America/Chicago,34.3619837,-89.5342076,146.8517151,1915.0,2025-09-13,30.5,0.0,5.6,1.0160842000062462,1,False,False
401752829,2025,3,regular,2025-09-13T23:00:00.000Z,False,True,False,False,60670.0,3832,"Memorial Stadium (Champaign, IL)",356,Illinois,fbs,Big Ten,38.0,"[3, 7, 14, 14]",0.9919793605804443,1642.0,1708.0,2711,Western Michigan,fbs,Mid-American,0.0,"[0, 0, 0, 0]",0.008020639419555664,1312.0,1246.0,2.477241590312125,,,,3832,"Memorial Stadium (Champaign, IL)",60670.0,False,False,Champaign,IL,61820,US,America/Chicago,40.0993268,-88.2359569,223.2471619,1923.0,2025-09-13,29.8,0.0,9.9,1.0,1,False,False
401757234,2025,3,regular,2025-09-13T23:00:00.000Z,False,True,False,False,24585.0,3608,Allen E. Paulson Stadium,290,Georgia Southern,fbs,Sun Belt,41.0,"[17, 14, 0, 10]",0.9934029579162598,1328.0,1357.0,55,Jacksonville State,fbs,Conference USA,34.0,"[14, 10, 10, 0]",0.006597042083740234,1642.0,1613.0,6.064462253017327,,,,3608,Allen E. Paulson Stadium,25000.0,False,False,Statesboro,GA,30460,US,America/New_York,32.4122471,-81.7849296,61.25376892,1984.0,2025-09-13,25.3,0.0,9.9,0.9834,1,False,False
401762466,2025,3,regular,2025-09-13T23:00:00.000Z,False,True,False,False,22260.0,3895,Rice Stadium,242,Rice,fbs,American Athletic,38.0,"[7, 17, 7, 7]",0.9957946538925171,1262.0,1262.0,2504,Prairie View A&M,fcs,SWAC,17.0,"[7, 0, 3, 7]",0.00420534610748291,,,3.318519201815514,,,,3895,Rice Stadium,47000.0,False,False,Houston,TX,77251,US,America/Chicago,29.7163297,-95.4093261,7.148301601,1950.0,2025-09-13,31.1,0.0,10.1,0.4736170212765957,0,False,False
401754536,2025,3,regular,2025-09-13T23:00:00.000Z,False,True,False,False,57627.0,3799,Lane Stadium,259,Virginia Tech,fbs,ACC,26.0,"[0, 0, 7, 19]",0.054570745676755905,1502.0,1452.0,295,Old Dominion,fbs,Sun Belt,45.0,"[7, 21, 10, 7]",0.9454292543232441,1480.0,1530.0,3.4013443232710543,,,,3799,Lane Stadium,65632.0,True,False,Blacksburg,VA,24061,US,America/New_York,37.2199873,-80.4180643,632.2631226,1965.0,2025-09-13,22.0,0.0,7.9,0.8780320575329108,0,False,False
401761607,2025,3,regular,2025-09-13T23:00:00.000Z,False,True,False,True,24534.0,3815,M. M. Roberts Stadium,2572,Southern Miss,fbs,Sun Belt,38.0,"[7, 10, 7, 14]",0.9881961345672607,1107.0,1178.0,2026,App State,fbs,Sun Belt,22.0,"[7, 0, 7, 8]",0.011803865432739258,1461.0,1390.0,4.30131453710597,,,,3815,M. M. Roberts Stadium,36000.0,False,False,Hattiesburg,MS,39402,US,America/Chicago,31.3289321,-89.3318118,64.52726746,1932.0,2025-09-13,31.7,0.0,2.7,0.6815,0,False,False
401752830,2025,3,regular,2025-09-13T23:30:00.000Z,False,True,False,False,69250.0,3793,Kinnick Stadium,2294,Iowa,fbs,Big Ten,47.0,"[20, 10, 10, 7]",0.9895370602607727,1680.0,1723.0,113,Massachusetts,fbs,Mid-American,7.0,"[0, 7, 0, 0]",0.010462939739227295,1101.0,1058.0,1.7656731380714883,,,,3793,Kinnick Stadium,69250.0,False,False,Iowa City,IA,52242,US,America/Chicago,41.6586045,-91.5510829,220.6357727,1929.0,2025-09-13,31.8,0.0,10.5,1.0,1,False,False
401761604,2025,3,regular,2025-09-13T23:30:00.000Z,False,True,False,False,21634.0,3654,Brooks Stadium (SC),324,Coastal Carolina,fbs,Sun Belt,0.0,"[0, 0, 0, 0]",0.0,1262.0,1172.0,151,East Carolina,fbs,American Athletic,38.0,"[10, 0, 7, 21]",1.0,1429.0,1519.0,3.8528115010189783,,,,3654,Brooks Stadium (SC),21000.0,False,False,Conway,SC,29528,US,America/New_York,33.7928506,-79.0166946,13.74894905,2003.0,2025-09-13,24.0,0.0,8.3,1.030190476190476,1,False,False
401757257,2025,3,regular,2025-09-13T23:30:00.000Z,False,True,False,True,60229.0,3776,Joe Aillet Stadium,2348,Louisiana Tech,fbs,Conference USA,49.0,"[10, 17, 0, 22]",0.9931659698486328,1392.0,1471.0,166,New Mexico State,fbs,Conference USA,14.0,"[0, 14, 0, 0]",0.0068340301513671875,1244.0,1165.0,2.632393593303924,,,,3776,Joe Aillet Stadium,28019.0,False,False,Ruston,LA,71272,US,America/Chicago,32.5321487,-92.6560019,72.87982941,1968.0,2025-09-13,31.7,0.0,10.9,2.1495770727006676,1,False,False
401752698,2025,3,regular,2025-09-13T23:30:00.000Z,False,True,False,False,58489.0,3683,Kroger Field,96,Kentucky,fbs,SEC,48.0,"[14, 14, 10, 10]",0.9919674396514893,1524.0,1557.0,2199,Eastern Michigan,fbs,Mid-American,23.0,"[3, 13, 0, 7]",0.008032560348510742,1253.0,1220.0,3.1385967464938243,,,,3683,Kroger Field,61000.0,False,False,Lexington,KY,40506,US,America/New_York,38.0220905,-84.5053408,307.4248962,1973.0,2025-09-13,26.2,0.0,3.1,0.9588360655737705,1,False,False
401752699,2025,3,regular,2025-09-13T23:30:00.000Z,False,True,False,True,102158.0,3958,Tiger Stadium (LA),99,LSU,fbs,SEC,20.0,"[0, 13, 7, 0]",0.9602018594741821,1735.0,1747.0,57,Florida,fbs,SEC,10.0,"[3, 7, 0, 0]",0.03979814052581787,1668.0,1656.0,4.803348735160815,,,,3958,Tiger Stadium (LA),102321.0,True,False,Baton Rouge,LA,70803,US,America/Chicago,30.412035,-91.1838163,7.640734673,1924.0,2025-09-13,34.2,0.0,11.2,0.9984069741304327,1,False,False
401752707,2025,3,regular,2025-09-13T23:30:00.000Z,False,True,False,False,77622.0,3855,Notre Dame Stadium,87,Notre Dame,fbs,FBS Independents,40.0,"[14, 10, 7, 9]",0.14940443634986877,2166.0,2141.0,245,Texas A&M,fbs,SEC,41.0,"[7, 21, 3, 10]",0.8505955636501312,1724.0,1749.0,8.103345635698446,,,,3855,Notre Dame Stadium,80795.0,False,False,Notre Dame,IN,46556,US,America/Indiana/Indianapolis,41.698378,-86.2339425,222.645401,1930.0,2025-09-13,23.6,0.0,10.0,0.9607277678074139,1,False,False
401752704,2025,3,regular,2025-09-13T23:45:00.000Z,False,True,False,True,79873.0,3994,Williams-Brice Stadium,2579,South Carolina,fbs,SEC,7.0,"[7, 0, 0, 0]",0.015361112542450428,1729.0,1645.0,238,Vanderbilt,fbs,SEC,31.0,"[7, 7, 7, 10]",0.9846388874575496,1570.0,1654.0,4.458445004730975,,,,3994,Williams-Brice Stadium,80250.0,True,False,Columbia,SC,29208,US,America/New_York,33.9730239,-81.0191726,60.54548645,1934.0,2025-09-13,27.4,0.0,8.9,0.9953021806853583,1,False,False
401762465,2025,3,regular,2025-09-14T00:00:00.000Z,False,True,False,True,20103.0,3674,Chapman Stadium,202,Tulsa,fbs,American Athletic,23.0,"[14, 3, 0, 6]",0.055036623030900955,1043.0,1046.0,2426,Navy,fbs,American Athletic,42.0,"[7, 14, 14, 7]",0.944963376969099,1553.0,1550.0,4.787999254795146,,,,3674,Chapman Stadium,30000.0,False,False,Tulsa,OK,74194,US,America/Chicago,36.1489175,-95.9437853,235.5928345,1930.0,2025-09-14,29.1,0.0,7.8,0.6701,0,False,False
401754534,2025,3,regular,2025-09-14T00:00:00.000Z,False,True,False,False,30000.0,4729,Yulman Stadium,2655,Tulane,fbs,American Athletic,34.0,"[14, 10, 7, 3]",1.0,1642.0,1642.0,150,Duke,fbs,ACC,27.0,"[0, 9, 7, 11]",0.0,1462.0,1462.0,3.00333564937811,,,,4729,Yulman Stadium,30000.0,False,False,New Orleans,LA,70118,US,America/Chicago,29.944616,-90.116692,0.0000000000000000000000000000000000000118,2014.0,2025-09-14,28.2,0.0,6.2,1.0,1,False,False
401756894,2025,3,regular,2025-09-14T00:00:00.000Z,False,True,False,False,48094.0,3616,Amon G. Carter Stadium,2628,TCU,fbs,Big 12,42.0,"[14, 14, 7, 7]",0.6292220950126648,1726.0,1726.0,2000,Abilene Christian,fcs,UAC,21.0,"[0, 0, 9, 12]",0.3707779049873352,,,2.1478550419011553,,,,3616,Amon G. Carter Stadium,46000.0,True,False,Fort Worth,TX,76129,US,America/Chicago,32.7096604,-97.3680835,185.4387054,1929.0,2025-09-14,32.1,0.0,14.1,1.0455217391304348,1,False,False
401756895,2025,3,regular,2025-09-14T00:00:00.000Z,False,True,False,False,23500.0,3984,War Memorial Stadium,2751,Wyoming,fbs,Mountain West,6.0,"[0, 0, 0, 6]",0.0,1377.0,1339.0,254,Utah,fbs,Big 12,31.0,"[3, 0, 14, 14]",1.0,1630.0,1668.0,3.6670493757129026,,,,3984,War Memorial Stadium,29181.0,False,False,Laramie,WY,82071,US,America/Denver,41.31161,-105.5681384,2200.153564,1950.0,2025-09-14,13.6,0.0,10.2,0.8053185291799458,0,False,False
401762463,2025,3,regular,2025-09-14T00:30:00.000Z,False,True,False,False,17823.0,7221,Protective Stadium,5,UAB,fbs,American Athletic,31.0,"[14, 17, 0, 0]",0.2481190413236618,1309.0,1307.0,2006,Akron,fbs,Mid-American,28.0,"[17, 3, 0, 8]",0.7518809586763382,1058.0,1060.0,4.763485619363661,,,,7221,Protective Stadium,45000.0,False,False,Birmingham,AL,35203,US,America/Chicago,33.5206824,-86.8024326,187,2021.0,2025-09-14,28.3,0.0,4.9,0.3960666666666667,0,False,False
401760368,2025,3,regular,2025-09-14T01:45:00.000Z,False,True,False,True,17124.0,3905,Maverik Stadium,328,Utah State,fbs,Mountain West,49.0,"[7, 7, 21, 14]",0.9948674440383911,1394.0,1442.0,2005,Air Force,fbs,Mountain West,30.0,"[0, 10, 6, 14]",0.005132555961608887,1438.0,1390.0,4.81997204774554,,,,3905,Maverik Stadium,25513.0,False,False,Logan,UT,84322,US,America/Denver,41.7517394,-111.8116007,1427.914429,1968.0,2025-09-14,18.4,0.0,7.9,0.6711872378787285,0,False,False
401760369,2025,3,regular,2025-09-14T02:00:00.000Z,False,True,False,False,37210.0,3660,Valley Children's Stadium,278,Fresno State,fbs,Mountain West,56.0,"[14, 21, 7, 14]",0.9841591715812683,1458.0,1458.0,2582,Southern,fcs,SWAC,7.0,"[0, 7, 0, 0]",0.01584082841873169,,,2.7328645123792015,,,,3660,Valley Children's Stadium,41031.0,False,False,Fresno,CA,93740,US,America/Los_Angeles,36.8143527,-119.7580092,102.564064,1980.0,2025-09-14,31.0,0.0,11.5,0.9068752894153201,1,False,False
401752840,2025,3,regular,2025-09-14T02:30:00.000Z,False,True,False,False,38556.0,3831,California Memorial Stadium,25,California,fbs,ACC,27.0,"[7, 3, 7, 10]",0.8893956542015076,1554.0,1586.0,135,Minnesota,fbs,Big Ten,14.0,"[0, 7, 7, 0]",0.11060434579849243,1625.0,1593.0,5.165404689795862,,,,3831,California Memorial Stadium,62467.0,False,False,Berkeley,CA,94720,US,America/Los_Angeles,37.8710434,-122.2507729,125.3108063,1923.0,2025-09-14,16.0,0.0,11.7,0.6172218931595883,0,False,False
401754533,2025,3,regular,2025-09-14T02:30:00.000Z,False,True,False,True,22162.0,3940,Stanford Stadium,24,Stanford,fbs,ACC,30.0,"[6, 14, 7, 3]",0.9348934888839722,1260.0,1296.0,103,Boston College,fbs,ACC,20.0,"[0, 20, 0, 0]",0.06510651111602783,1506.0,1470.0,4.314606342621533,,,,3940,Stanford Stadium,50424.0,True,False,Stanford,CA,94305,US,America/Los_Angeles,37.4345556,-122.1611271,18.38425636,2006.0,2025-09-14,18.6,0.0,8.5,0.43951293035062666,0,False,False
401756889,2025,3,regular,2025-09-14T02:30:00.000Z,False,True,False,False,54005.0,3947,Mountain America Stadium,9,Arizona State,fbs,Big 12,34.0,"[3, 17, 14, 0]",0.8866621851921082,1688.0,1725.0,326,Texas State,fbs,Sun Belt,15.0,"[3, 0, 6, 6]",0.11333781480789185,1627.0,1590.0,3.280185399518363,,,,3947,Mountain America Stadium,65870.0,True,False,Tempe,AZ,85287,US,America/Phoenix,33.4264471,-111.9325005,360.1569519,1958.0,2025-09-14,33.6,0.0,9.6,0.8198724760892667,0,False,False
401760370,2025,3,regular,2025-09-14T03:59:00.000Z,False,True,False,False,11936.0,7220,Clarence T.C. Ching Athletics Complex,62,Hawai'i,fbs,Mountain West,23.0,"[0, 14, 3, 6]",0.9712616205215454,1220.0,1220.0,2502,Portland State,fcs,Big Sky,3.0,"[0, 0, 3, 0]",0.02873837947845459,,,3.47505583467685,,,,7220,Clarence T.C. Ching Athletics Complex,15194.0,False,False,Honolulu,HI,96822,US,Pacific/Honolulu,21.294294,-157.819338,20,2015.0,2025-09-14,27.9,0.0,19.2,0.7855732525997104,0,False,False
401762468,2025,4,regular,2025-09-18T23:30:00.000Z,False,True,False,True,13397.0,4418,Jerry Richardson Stadium,2429,Charlotte,fbs,American Athletic,17.0,"[3, 6, 0, 8]",0.13469073176383972,1200.0,1183.0,242,Rice,fbs,American Athletic,28.0,"[7, 7, 7, 7]",0.8653092682361603,1271.0,1288.0,4.3486835794294665,,,,4418,Jerry Richardson Stadium,15300.0,False,False,Charlotte,NC,28223,US,America/New_York,35.3105033,-80.7401194,190.365509,2013.0,2025-09-18,27.5,0.0,7.3,0.8756209150326797,0,False,False
401756900,2025,4,regular,2025-09-19T23:30:00.000Z,False,True,False,False,48842.0,3646,Boone Pickens Stadium,197,Oklahoma State,fbs,Big 12,12.0,"[3, 0, 0, 9]",0.16373471915721893,1202.0,1176.0,202,Tulsa,fbs,American Athletic,19.0,"[10, 6, 3, 0]",0.8362652808427811,1046.0,1072.0,4.265337484404841,,,,3646,Boone Pickens Stadium,55509.0,False,False,Stillwater,OK,74078,US,America/Chicago,36.125673,-97.066513,276.4808655,1919.0,2025-09-19,29.6,0.0,9.9,0.8798933506278261,0,False,False
401752844,2025,4,regular,2025-09-20T00:00:00.000Z,False,True,False,True,55942.0,6577,SHI Stadium,164,Rutgers,fbs,Big Ten,28.0,"[14, 7, 0, 7]",0.03705144301056862,1593.0,1583.0,2294,Iowa,fbs,Big Ten,38.0,"[14, 7, 0, 17]",0.9629485569894314,1723.0,1733.0,6.504062292308946,,,,6577,SHI Stadium,52454.0,False,False,Piscataway,NJ,08854,US,America/New_York,40.513611,-74.465278,19,1994.0,2025-09-20,23.4,0.0,9.0,1.0664963587143022,1,False,False
401762469,2025,4,regular,2025-09-20T16:00:00.000Z,False,True,False,True,28446.0,3841,Michie Stadium,349,Army,fbs,American Athletic,38.0,"[7, 7, 7, 17, 0]",0.514945387840271,1615.0,1599.0,249,North Texas,fbs,American Athletic,45.0,"[21, 7, 3, 7, 7]",0.485054612159729,1585.0,1601.0,5.938978446833998,,,,3841,Michie Stadium,38000.0,False,False,West Point,NY,10996,US,America/New_York,41.3874924,-73.9640891,99.21277618,1924.0,2025-09-20,19.1,0.0,6.6,0.748578947368421,0,False,False
401754537,2025,4,regular,2025-09-20T16:00:00.000Z,False,True,False,True,80225.0,3836,"Memorial Stadium (Clemson, SC)",228,Clemson,fbs,ACC,21.0,"[7, 7, 0, 7]",0.03948278725147247,1693.0,1642.0,183,Syracuse,fbs,ACC,34.0,"[10, 14, 10, 0]",0.9605172127485275,1484.0,1535.0,4.317694278621441,,,,3836,"Memorial Stadium (Clemson, SC)",81500.0,True,False,Clemson,SC,29634,US,America/New_York,34.6787737,-82.8432428,205.6452179,1942.0,2025-09-20,27.2,0.0,2.4,0.9843558282208589,1,False,False
401754617,2025,4,regular,2025-09-20T16:00:00.000Z,False,True,False,False,57229.0,3799,Lane Stadium,259,Virginia Tech,fbs,ACC,38.0,"[7, 14, 10, 7]",1.0,1449.0,1449.0,2747,Wofford,fcs,Southern,6.0,"[0, 3, 0, 3]",0.0,,,2.2832560051662276,,,,3799,Lane Stadium,65632.0,True,False,Blacksburg,VA,24061,US,America/New_York,37.2199873,-80.4180643,632.2631226,1965.0,2025-09-20,25.0,0.0,5.8,0.8719679424670892,0,False,False
401760376,2025,4,regular,2025-09-20T16:00:00.000Z,False,True,False,False,12625.0,3996,Yager Stadium,193,Miami (OH),fbs,Mid-American,38.0,"[14, 10, 14, 0]",0.25967973470687866,1422.0,1430.0,2439,UNLV,fbs,Mountain West,41.0,"[0, 10, 14, 17]",0.7403202652931213,1630.0,1622.0,6.068854680783486,,,,3996,Yager Stadium,24286.0,False,False,Oxford,OH,45056,US,America/New_York,39.5197009,-84.7330255,242.2643585,1983.0,2025-09-20,24.6,0.0,6.8,0.5198468253314666,0,False,False
401762470,2025,4,regular,2025-09-20T16:00:00.000Z,False,True,False,False,28461.0,3886,Raymond James Stadium,58,South Florida,fbs,American Athletic,63.0,"[7, 14, 35, 7]",0.9685367941856384,1477.0,1477.0,2569,South Carolina State,fcs,MEAC,14.0,"[0, 7, 0, 7]",0.03146320581436157,,,2.56000165452392,,,,3886,Raymond James Stadium,65828.0,True,False,Tampa,FL,33620,US,America/New_York,27.9758691,-82.5033344,11.07972908,1998.0,2025-09-20,31.6,0.0,8.8,0.43235401348970043,0,False,False
401754636,2025,4,regular,2025-09-20T16:00:00.000Z,False,True,False,False,43333.0,3616,Amon G. Carter Stadium,2628,TCU,fbs,Big 12,35.0,"[7, 7, 7, 14]",0.948393702507019,1713.0,1733.0,2567,SMU,fbs,ACC,24.0,"[3, 7, 7, 7]",0.05160629749298096,1711.0,1691.0,5.107027581915229,,,,3616,Amon G. Carter Stadium,46000.0,True,False,Fort Worth,TX,76129,US,America/Chicago,32.7096604,-97.3680835,185.4387054,1929.0,2025-09-20,30.1,0.0,8.1,0.9420217391304347,1,False,False
401756901,2025,4,regular,2025-09-20T16:00:00.000Z,False,True,False,True,52236.0,587,Rice-Eccles Stadium,254,Utah,fbs,Big 12,10.0,"[0, 3, 0, 7]",0.04007043316960335,1668.0,1607.0,2641,Texas Tech,fbs,Big 12,34.0,"[7, 3, 0, 24]",0.9599295668303967,1690.0,1751.0,5.001086331842076,,,,587,Rice-Eccles Stadium,51444.0,False,False,Salt Lake City,UT,84112,US,America/Denver,40.7599724,-111.8488255,1411.543579,1998.0,2025-09-20,21.5,0.0,6.8,1.0153953813855843,1,False,False
401754642,2025,4,regular,2025-09-20T16:00:00.000Z,False,True,False,False,49482.0,3873,L&N Federal Credit Union Stadium,97,Louisville,fbs,ACC,40.0,"[7, 14, 9, 10]",0.9894548654556274,1727.0,1755.0,189,Bowling Green,fbs,Mid-American,17.0,"[3, 0, 0, 14]",0.010545134544372559,1456.0,1428.0,3.18187023671258,,,,3873,L&N Federal Credit Union Stadium,60000.0,False,False,Louisville,KY,40292,US,America/Kentucky/Louisville,38.2057621,-85.7588141,138.5615997,1998.0,2025-09-20,27.9,0.0,3.9,0.8247,0,False,False
401752708,2025,4,regular,2025-09-20T16:00:00.000Z,False,True,False,False,39861.0,3805,Simmons Bank Liberty Stadium,235,Memphis,fbs,American Athletic,32.0,"[10, 7, 9, 6]",0.8126097321510315,1658.0,1659.0,8,Arkansas,fbs,SEC,31.0,"[7, 21, 3, 0]",0.1873902678489685,1678.0,1677.0,7.031627542435475,,,,3805,Simmons Bank Liberty Stadium,58325.0,False,False,Memphis,TN,38152,US,America/Chicago,35.1209429,-89.977147,90.62445831,1965.0,2025-09-20,27.4,0.0,5.2,0.6834290612944707,0,False,False
401752845,2025,4,regular,2025-09-20T16:00:00.000Z,False,True,False,True,68547.0,347,Camp Randall Stadium,275,Wisconsin,fbs,Big Ten,10.0,"[0, 0, 3, 7]",0.16352635622024536,1591.0,1543.0,120,Maryland,fbs,Big Ten,27.0,"[7, 13, 0, 7]",0.8364736437797546,1526.0,1574.0,3.246110005059111,,,,347,Camp Randall Stadium,80321.0,False,False,Madison,WI,53711,US,America/Chicago,43.06994,-89.4126943,263.604126,1917.0,2025-09-20,21.9,0.0,12.3,0.8534131796167876,0,False,False
401752715,2025,4,regular,2025-09-20T16:45:00.000Z,False,True,False,False,101915.0,3853,Neyland Stadium,2633,Tennessee,fbs,SEC,56.0,"[21, 21, 14, 0]",0.9989473819732666,1809.0,1838.0,5,UAB,fbs,American Athletic,24.0,"[0, 7, 10, 7]",0.0010526180267333984,1307.0,1278.0,2.4876261409806415,,,,3853,Neyland Stadium,102455.0,True,False,Knoxville,TN,37996,US,America/New_York,35.9550131,-83.9250128,271.9517212,1921.0,2025-09-20,26.6,0.0,4.2,0.994729393392221,1,False,False
401762822,2025,4,regular,2025-09-20T17:00:00.000Z,False,True,False,False,18787.0,3786,Kelly/Shorts Stadium,2117,Central Michigan,fbs,Mid-American,49.0,"[14, 21, 14, 0]",0.9925546050071716,1069.0,1069.0,2681,Wagner,fcs,NEC,10.0,"[0, 3, 0, 7]",0.007445394992828369,,,2.359798098679042,,,,3786,Kelly/Shorts Stadium,30255.0,False,False,Mount Pleasant,MI,48859,US,America/Detroit,43.5777313,-84.7709904,240.9007721,1972.0,2025-09-20,23.4,0.0,15.3,0.6209552140142125,0,False,False
401752841,2025,4,regular,2025-09-20T19:00:00.000Z,False,True,False,False,58571.0,3626,Autzen Stadium,2483,Oregon,fbs,Big Ten,41.0,"[7, 14, 10, 10]",0.9918121695518494,1984.0,2001.0,204,Oregon State,fbs,Pac-12,7.0,"[7, 0, 0, 0]",0.008187830448150635,1314.0,1297.0,3.085551441109206,,,,3626,Autzen Stadium,54000.0,False,False,Eugene,OR,97401,US,America/Los_Angeles,44.0582712,-123.0684883,127.4198303,1967.0,2025-09-20,20.5,0.0,6.5,1.0846481481481483,1,False,False
401761613,2025,4,regular,2025-09-20T19:30:00.000Z,False,True,False,False,12068.0,3965,UB Stadium,2084,Buffalo,fbs,Mid-American,17.0,"[7, 0, 7, 3]",0.19558115303516388,1386.0,1383.0,2653,Troy,fbs,Sun Belt,21.0,"[0, 0, 0, 21]",0.8044188469648361,1435.0,1438.0,4.636984161676919,,,,3965,UB Stadium,30270.0,False,False,Amherst,NY,14260,US,America/New_York,42.9991334,-78.7775113,181.5759735,1993.0,2025-09-20,21.8,0.0,15.7,0.3986785596299967,0,False,False
401762820,2025,4,regular,2025-09-20T19:30:00.000Z,False,True,False,True,20744.0,3980,Waldo Stadium,2711,Western Michigan,fbs,Mid-American,14.0,"[0, 0, 6, 8]",0.6010221838951111,1246.0,1254.0,2649,Toledo,fbs,Mid-American,13.0,"[0, 3, 10, 0]",0.3989778161048889,1505.0,1497.0,5.110531368179245,,,,3980,Waldo Stadium,30200.0,False,False,Kalamazoo,MI,49008,US,America/Detroit,42.2860064,-85.6007573,243.8211212,1939.0,2025-09-20,26.1,0.0,10.3,0.6868874172185431,0,False,False
401754541,2025,4,regular,2025-09-20T19:30:00.000Z,False,True,False,False,67277.0,3697,Doak Campbell Stadium,52,Florida State,fbs,ACC,66.0,"[35, 10, 14, 7]",0.9925882816314697,1477.0,1577.0,2309,Kent State,fbs,Mid-American,10.0,"[7, 0, 0, 3]",0.0074117183685302734,959.0,859.0,2.1885062522393874,,,,3697,Doak Campbell Stadium,67277.0,True,False,Tallahassee,FL,32306,US,America/New_York,30.4381692,-84.3044032,19.55942535,1950.0,2025-09-20,33.6,0.0,4.2,1.0,1,False,False
401754640,2025,4,regular,2025-09-20T19:30:00.000Z,False,True,False,False,44206.0,3652,FBC Mortgage Stadium,2116,UCF,fbs,Big 12,34.0,"[10, 10, 7, 7]",0.9924783706665039,1554.0,1604.0,153,North Carolina,fbs,ACC,9.0,"[0, 3, 6, 0]",0.007521629333496094,1438.0,1388.0,2.664027745298376,,,,3652,FBC Mortgage Stadium,44206.0,True,False,Orlando,FL,32816,US,America/New_York,28.6079765,-81.1927233,20.94113731,2007.0,2025-09-20,30.8,0.0,13.8,1.0,1,False,False
401752846,2025,4,regular,2025-09-20T19:30:00.000Z,False,True,False,True,87278.0,3834,"Memorial Stadium (Lincoln, NE)",158,Nebraska,fbs,Big Ten,27.0,"[0, 17, 0, 10]",0.3412935435771942,1699.0,1703.0,130,Michigan,fbs,Big Ten,30.0,"[10, 7, 10, 3]",0.6587064564228058,1852.0,1848.0,6.364445124145732,,,,3834,"Memorial Stadium (Lincoln, NE)",85458.0,False,False,Lincoln,NE,68588,US,America/Chicago,40.820682,-96.705594,354.9318848,1923.0,2025-09-20,22.1,0.0,2.9,1.0212970113974116,1,False,False
401761610,2025,4,regular,2025-09-20T19:30:00.000Z,False,True,False,False,18371.0,3912,Rynearson Stadium,2199,Eastern Michigan,fbs,Mid-American,34.0,"[7, 14, 0, 13]",0.8346293568611145,1220.0,1223.0,309,Louisiana,fbs,Sun Belt,31.0,"[7, 10, 7, 7]",0.1653706431388855,1367.0,1364.0,6.789217291186414,,,,3912,Rynearson Stadium,30200.0,False,False,Ypsilanti,MI,48197,US,America/Detroit,42.256126,-83.647285,241.248764,1969.0,2025-09-20,24.8,0.0,14.9,0.6083112582781457,0,False,False
401752848,2025,4,regular,2025-09-20T19:30:00.000Z,False,True,False,False,77622.0,3855,Notre Dame Stadium,87,Notre Dame,fbs,FBS Independents,56.0,"[14, 21, 21, 0]",0.9886400699615479,2141.0,2126.0,2509,Purdue,fbs,Big Ten,30.0,"[7, 16, 0, 7]",0.011359930038452148,1310.0,1325.0,3.9527377374059056,,,,3855,Notre Dame Stadium,80795.0,False,False,Notre Dame,IN,46556,US,America/Indiana/Indianapolis,41.698378,-86.2339425,222.645401,1930.0,2025-09-20,27.3,0.9,7.1,0.9607277678074139,1,False,False
401752714,2025,4,regular,2025-09-20T19:30:00.000Z,False,True,False,True,83639.0,3835,"Memorial Stadium (Norman, OK)",201,Oklahoma,fbs,SEC,24.0,"[3, 7, 3, 11]",0.9085173606872559,1742.0,1748.0,2,Auburn,fbs,SEC,17.0,"[3, 7, 0, 7]",0.09148263931274414,1686.0,1680.0,5.956621046190708,,,,3835,"Memorial Stadium (Norman, OK)",86112.0,True,False,Norman,OK,73019,US,America/Chicago,35.2058537,-97.4423145,355.0962524,1925.0,2025-09-20,31.0,0.0,15.3,0.9712815867707172,1,False,False
401757262,2025,4,regular,2025-09-20T19:30:00.000Z,False,True,False,False,24022.0,3992,Williams Stadium (VA),2335,Liberty,fbs,Conference USA,13.0,"[3, 7, 3, 0]",0.015911566093564034,1472.0,1442.0,256,James Madison,fbs,Sun Belt,31.0,"[3, 7, 7, 14]",0.984088433906436,1606.0,1636.0,3.7421837106554343,,,,3992,Williams Stadium (VA),25000.0,False,False,Lynchburg,VA,24502,US,America/New_York,37.3544305,-79.1750239,272.9237061,1989.0,2025-09-20,28.0,0.0,7.7,0.96088,1,False,False
401762823,2025,4,regular,2025-09-20T19:30:00.000Z,False,True,False,False,22312.0,3876,Peden Stadium,195,Ohio,fbs,Mid-American,52.0,"[3, 28, 7, 14]",0.7757560014724731,1572.0,1572.0,2241,Gardner-Webb,fcs,OVC-Big South,35.0,"[14, 7, 0, 14]",0.22424399852752686,,,4.344308300856461,,,,3876,Peden Stadium,24000.0,False,False,Athens,OH,45701,US,America/New_York,39.3212794,-82.1034315,194.230896,1929.0,2025-09-20,30.8,0.0,6.1,0.9296666666666666,1,False,False
401757169,2025,4,regular,2025-09-20T19:30:00.000Z,False,True,False,False,25025.0,3892,Pratt & Whitney Stadium,41,UConn,fbs,FBS Independents,31.0,"[10, 0, 7, 14]",0.8598232865333557,1445.0,1436.0,2050,Ball State,fbs,Mid-American,25.0,"[0, 7, 3, 15]",0.1401767134666443,1086.0,1095.0,4.406614000406764,,,,3892,Pratt & Whitney Stadium,40000.0,True,False,East Hartford,CT,6118 ,US,America/New_York,41.7595675,-72.6187728,6.515614986,2003.0,2025-09-20,20.7,0.0,3.7,0.625625,0,False,False
401752711,2025,4,regular,2025-09-20T19:30:00.000Z,False,True,False,False,65644.0,3974,Vaught-Hemingway Stadium,145,Ole Miss,fbs,SEC,45.0,"[10, 13, 0, 22]",0.9863547682762146,1918.0,1981.0,2655,Tulane,fbs,American Athletic,10.0,"[0, 3, 0, 7]",0.0136452317237854,1642.0,1579.0,1.8655250919442568,,,,3974,Vaught-Hemingway Stadium,64038.0,True,False,Oxford,MS,38677,US,America/Chicago,34.3619837,-89.5342076,146.8517151,1915.0,2025-09-20,31.3,0.0,7.7,1.025078859427215,1,False,False
401754538,2025,4,regular,2025-09-20T20:00:00.000Z,False,True,False,True,30022.0,3982,Wallace Wade Stadium,150,Duke,fbs,ACC,45.0,"[7, 14, 14, 10]",0.9929142594337463,1462.0,1489.0,152,NC State,fbs,ACC,33.0,"[7, 13, 6, 7]",0.007085740566253662,1521.0,1494.0,5.954364216208502,,,,3982,Wallace Wade Stadium,40004.0,True,False,Durham,NC,27708,US,America/New_York,35.9953688,-78.9417564,103.0028152,1929.0,2025-09-20,29.1,0.0,10.9,0.7504749525047495,0,False,False
401752712,2025,4,regular,2025-09-20T20:15:00.000Z,False,True,False,False,45803.0,3693,Davis Wade Stadium,344,Mississippi State,fbs,SEC,38.0,"[7, 7, 10, 14]",0.989556610584259,1436.0,1512.0,2459,Northern Illinois,fbs,Mid-American,10.0,"[3, 7, 0, 0]",0.010443389415740967,1453.0,1377.0,3.2053902517985993,,,,3693,Davis Wade Stadium,61337.0,True,False,Starkville,MS,39762,US,America/Chicago,33.4563403,-88.7933652,110.2742081,1914.0,2025-09-20,32.4,0.0,1.1,0.7467434012097103,0,False,False
401754542,2025,4,regular,2025-09-20T20:30:00.000Z,False,True,False,False,45123.0,721,Bobby Dodd Stadium,59,Georgia Tech,fbs,ACC,45.0,"[21, 0, 14, 10]",0.9912994503974915,1560.0,1576.0,218,Temple,fbs,American Athletic,24.0,"[0, 7, 7, 10]",0.008700549602508545,1221.0,1205.0,2.4358362182481184,,,,721,Bobby Dodd Stadium,55000.0,False,False,Atlanta,GA,30332,US,America/New_York,33.7724449,-84.3928054,279.300415,1913.0,2025-09-20,31.2,0.0,1.1,0.8204181818181818,0,False,False
401760375,2025,4,regular,2025-09-20T21:00:00.000Z,False,True,False,False,13155.0,3935,CEFCU Stadium,23,San José State,fbs,Mountain West,31.0,"[0, 14, 7, 10]",0.6454872488975525,1416.0,1416.0,70,Idaho,fcs,Big Sky,28.0,"[7, 7, 7, 7]",0.3545127511024475,,,7.178558080115324,,,,3935,CEFCU Stadium,30456.0,False,False,San Jose,CA,95112,US,America/Los_Angeles,37.3196675,-121.8682962,28.30708694,1933.0,2025-09-20,27.5,0.0,12.4,0.4319345941686367,0,False,False
401762821,2025,4,regular,2025-09-20T22:00:00.000Z,False,True,False,False,8117.0,3768,InfoCision Stadium,2006,Akron,fbs,Mid-American,51.0,"[10, 28, 7, 6]",0.988182008266449,1064.0,1064.0,2184,Duquesne,fcs,NEC,7.0,"[0, 0, 7, 0]",0.011817991733551025,,,2.2853455631928883,,,,3768,InfoCision Stadium,30000.0,False,False,Akron,OH,44399,US,America/New_York,41.0725534,-81.5083408,321.2875061,2009.0,2025-09-20,23.4,0.3,15.2,0.2705666666666667,0,False,False
401757261,2025,4,regular,2025-09-20T22:00:00.000Z,False,True,False,False,10713.0,4899,Fifth Third Stadium,338,Kennesaw State,fbs,Conference USA,28.0,"[21, 0, 7, 0]",1.0,1200.0,1213.0,2032,Arkansas State,fbs,Sun Belt,21.0,"[0, 7, 7, 7]",0.0,1257.0,1244.0,4.732694572867168,,,,4899,Fifth Third Stadium,11040.0,True,False,Kennesaw,GA,30144,US,America/New_York,34.0289318,-84.5676234,296.9589844,2010.0,2025-09-20,30.2,0.0,4.2,0.9703804347826087,1,False,False
401757259,2025,4,regular,2025-09-20T22:00:00.000Z,False,True,False,True,11705.0,2031,Pitbull Stadium,2229,Florida International,fbs,Conference USA,16.0,"[7, 0, 3, 6]",0.12030911445617676,1367.0,1320.0,48,Delaware,fbs,Conference USA,38.0,"[3, 21, 7, 7]",0.8796908855438232,1454.0,1501.0,3.857832326216719,,,,2031,Pitbull Stadium,20000.0,False,False,Miami,FL,33199,US,America/New_York,25.7525,-80.37778,6,1995.0,2025-09-20,26.0,1.7,9.6,0.58525,0,False,False
401756899,2025,4,regular,2025-09-20T22:00:00.000Z,False,True,False,True,40320.0,3833,Memorial Stadium,2305,Kansas,fbs,Big 12,41.0,"[7, 13, 14, 7]",0.9924370050430298,1613.0,1680.0,277,West Virginia,fbs,Big 12,10.0,"[0, 3, 0, 7]",0.007562994956970215,1481.0,1414.0,2.641422746892105,,,,3833,Memorial Stadium,47000.0,False,False,Lawrence,KS,66045,US,America/Chicago,38.9629418,-95.2463686,274.855957,1921.0,2025-09-20,26.3,0.0,9.0,0.857872340425532,0,False,False
401760372,2025,4,regular,2025-09-20T23:00:00.000Z,False,True,False,True,24046.0,3713,Falcon Stadium,2005,Air Force,fbs,Mountain West,37.0,"[7, 7, 10, 13]",0.13651491701602936,1390.0,1381.0,68,Boise State,fbs,Mountain West,49.0,"[14, 7, 14, 14]",0.8634850829839706,1578.0,1587.0,7.33669359799025,,,,3713,Falcon Stadium,46692.0,False,False,Colorado Springs,CO,80840,US,America/Denver,38.9969701,-104.8436165,2024.875732,1962.0,2025-09-20,18.7,0.0,7.2,0.514991861560867,0,False,False
401757260,2025,4,regular,2025-09-20T23:00:00.000Z,False,True,False,False,21426.0,3662,AmFirst Stadium,55,Jacksonville State,fbs,Conference USA,45.0,"[7, 17, 14, 7]",0.9939760565757751,1623.0,1623.0,93,Murray State,fcs,MVFC,10.0,"[3, 0, 7, 0]",0.0060239434242248535,,,3.1062490141334944,,,,3662,AmFirst Stadium,24000.0,False,False,Jacksonville,AL,36265,US,America/Chicago,33.8201052,-85.76647,198.0679016,1947.0,2025-09-20,27.9,0.0,7.8,0.89275,0,False,False
401757265,2025,4,regular,2025-09-20T23:00:00.000Z,False,True,False,False,14476.0,3878,Plaster Sports Complex,2623,Missouri State,fbs,Conference USA,42.0,"[21, 14, 7, 0]",0.9847715497016907,1316.0,1316.0,2630,UT Martin,fcs,OVC-Big South,10.0,"[0, 0, 0, 10]",0.015228450298309326,,,2.2687440490074784,,,,3878,Plaster Sports Complex,17337.0,False,False,Springfield,MO,65897,US,America/Chicago,37.1976229,-93.2798119,402.368103,1941.0,2025-09-20,25.2,0.0,11.2,0.8349772163580781,0,False,False
401761609,2025,4,regular,2025-09-20T23:00:00.000Z,False,True,False,False,23217.0,3608,Allen E. Paulson Stadium,290,Georgia Southern,fbs,Sun Belt,45.0,"[7, 10, 14, 14]",0.9874967336654663,1347.0,1347.0,311,Maine,fcs,Coastal Athletic,17.0,"[7, 7, 3, 0]",0.012503266334533691,,,3.6091894149333887,,,,3608,Allen E. Paulson Stadium,25000.0,False,False,Statesboro,GA,30460,US,America/New_York,32.4122471,-81.7849296,61.25376892,1984.0,2025-09-20,27.8,0.0,5.5,0.92868,1,False,False
401752713,2025,4,regular,2025-09-20T23:00:00.000Z,False,True,False,True,57321.0,3838,Memorial Stadium,142,Missouri,fbs,SEC,29.0,"[0, 12, 6, 11]",0.9567704796791077,1755.0,1762.0,2579,South Carolina,fbs,SEC,20.0,"[0, 14, 6, 0]",0.043229520320892334,1645.0,1638.0,6.401869009669572,,,,3838,Memorial Stadium,71168.0,False,False,Columbia,MO,65211,US,America/Chicago,38.9358491,-92.3332009,212.6865692,1927.0,2025-09-20,22.8,0.1,7.5,0.8054322167266187,0,False,False
401761611,2025,4,regular,2025-09-20T23:00:00.000Z,False,True,False,True,17050.0,6526,Hancock Whitney Stadium,6,South Alabama,fbs,Sun Belt,20.0,"[0, 14, 3, 3]",0.03821929916739464,1532.0,1445.0,324,Coastal Carolina,fbs,Sun Belt,38.0,"[0, 7, 14, 17]",0.9617807008326054,1172.0,1259.0,6.294906926418065,,,,6526,Hancock Whitney Stadium,25450.0,False,False,Mobile,AL,36688,US,America/Chicago,30.696904,-88.192013,45,2020.0,2025-09-20,29.7,0.0,7.4,0.6699410609037328,0,False,False
401757268,2025,4,regular,2025-09-20T23:00:00.000Z,False,True,False,False,17247.0,3796,Houchens Industries-L.T. Smith Stadium,98,Western Kentucky,fbs,Conference USA,31.0,"[3, 0, 7, 21]",0.6574909687042236,1390.0,1411.0,2440,Nevada,fbs,Mountain West,16.0,"[3, 7, 3, 3]",0.34250903129577637,1278.0,1257.0,5.524897301525892,,,,3796,Houchens Industries-L.T. Smith Stadium,22113.0,False,False,Bowling Green,KY,42101,US,America/Chicago,36.9847901,-86.4594041,154.4346619,1968.0,2025-09-20,27.5,0.0,6.1,0.7799484466151133,0,False,False
401757264,2025,4,regular,2025-09-20T23:00:00.000Z,False,True,False,False,15168.0,3725,"Johnny ""Red"" Floyd Stadium",2393,Middle Tennessee,fbs,Conference USA,28.0,"[14, 6, 8, 0]",0.0052274065092206,1188.0,1185.0,276,Marshall,fbs,Sun Belt,42.0,"[21, 0, 0, 21]",0.9947725934907794,1508.0,1511.0,7.080076248813927,,,,3725,"Johnny ""Red"" Floyd Stadium",30788.0,False,False,Murfreesboro,TN,37132,US,America/Chicago,35.8511463,-86.3681649,191.7279816,1933.0,2025-09-20,28.4,0.0,8.8,0.49265947771859164,0,False,False
401752716,2025,4,regular,2025-09-20T23:30:00.000Z,False,True,False,False,35000.0,3973,FirstBank Stadium,238,Vanderbilt,fbs,SEC,70.0,"[21, 21, 14, 14]",0.9932364821434021,1654.0,1741.0,2247,Georgia State,fbs,Sun Belt,21.0,"[3, 6, 6, 6]",0.0067635178565979,1213.0,1126.0,3.416313854106599,,,,3973,FirstBank Stadium,40351.0,False,False,Nashville,TN,37212,US,America/Chicago,36.1440455,-86.8088942,159.9194641,1922.0,2025-09-20,29.2,0.0,5.9,0.8673886644692821,0,False,False
401752842,2025,4,regular,2025-09-20T23:30:00.000Z,False,True,False,False,32952.0,3820,Gesa Field,265,Washington State,fbs,Pac-12,24.0,"[0, 10, 14, 0]",0.010280482470989227,1379.0,1307.0,264,Washington,fbs,Big Ten,59.0,"[14, 10, 7, 28]",0.9897195175290108,1604.0,1676.0,4.161728481343954,,,,3820,Gesa Field,32952.0,False,False,Pullman,WA,99164,US,America/Los_Angeles,46.731831,-117.1604991,773.9526367,1972.0,2025-09-20,27.0,0.0,9.6,1.0,1,False,False
401754539,2025,4,regular,2025-09-20T23:30:00.000Z,False,True,False,True,36223.0,3923,Scott Stadium,258,Virginia,fbs,ACC,48.0,"[21, 7, 10, 10]",0.9902341961860657,1518.0,1565.0,24,Stanford,fbs,ACC,20.0,"[7, 7, 6, 0]",0.009765803813934326,1296.0,1249.0,3.680080334067038,,,,3923,Scott Stadium,61500.0,True,False,Charlottesville,VA,22904,US,America/New_York,38.0311801,-78.5137897,170.4677429,1931.0,2025-09-20,22.6,0.0,3.3,0.5889918699186992,0,False,False
401757263,2025,4,regular,2025-09-20T23:30:00.000Z,False,True,False,False,17108.0,3776,Joe Aillet Stadium,2348,Louisiana Tech,fbs,Conference USA,30.0,"[17, 13, 0, 0]",0.9279791712760925,1471.0,1468.0,2572,Southern Miss,fbs,Sun Belt,20.0,"[10, 0, 3, 7]",0.07202082872390747,1178.0,1181.0,3.828634490127194,,,,3776,Joe Aillet Stadium,28019.0,False,False,Ruston,LA,71272,US,America/Chicago,32.5321487,-92.6560019,72.87982941,1968.0,2025-09-20,30.6,0.0,5.4,0.6105856740069239,0,False,False
401756896,2025,4,regular,2025-09-20T23:30:00.000Z,False,True,False,True,40964.0,4727,McLane Stadium,239,Baylor,fbs,Big 12,24.0,"[3, 7, 0, 14]",0.579441487789154,1583.0,1587.0,9,Arizona State,fbs,Big 12,27.0,"[3, 7, 3, 14]",0.42055851221084595,1725.0,1721.0,7.112305805049334,,,,4727,McLane Stadium,45140.0,False,False,Waco,TX,76704,US,America/Chicago,31.5582015,-97.1156702,117.0538101,2014.0,2025-09-20,32.9,0.0,11.2,0.907487815684537,1,False,False
401752843,2025,4,regular,2025-09-20T23:30:00.000Z,False,True,False,True,56088.0,3830,"Memorial Stadium (Bloomington, IN)",84,Indiana,fbs,Big Ten,63.0,"[14, 21, 14, 14]",0.9921911954879761,1869.0,2010.0,356,Illinois,fbs,Big Ten,10.0,"[7, 3, 0, 0]",0.007808804512023926,1708.0,1567.0,2.6827283378576943,,,,3830,"Memorial Stadium (Bloomington, IN)",52656.0,False,False,Bloomington,IN,47408,US,America/Indiana/Indianapolis,39.1808959,-86.5256217,231.6500854,1960.0,2025-09-20,26.0,0.0,1.7,1.0651777575205106,1,False,False
401752709,2025,4,regular,2025-09-20T23:30:00.000Z,False,True,False,False,66713.0,3948,Hard Rock Stadium,2390,Miami,fbs,ACC,26.0,"[7, 6, 0, 13]",1.0,1825.0,1852.0,57,Florida,fbs,SEC,7.0,"[0, 0, 7, 0]",0.0,1656.0,1629.0,3.3658697574455463,,,,3948,Hard Rock Stadium,64767.0,False,False,Miami Gardens,FL,33299,US,America/New_York,25.9579665,-80.2388604,2.624486446,1987.0,2025-09-20,26.0,0.0,9.7,1.0300461654855095,1,False,False
401756898,2025,4,regular,2025-09-20T23:30:00.000Z,False,True,False,False,47213.0,3699,Dowdy-Ficklen Stadium,151,East Carolina,fbs,American Athletic,13.0,"[3, 0, 3, 7]",0.014823171310126781,1519.0,1482.0,252,BYU,fbs,Big 12,34.0,"[3, 10, 7, 14]",0.9851768286898732,1666.0,1703.0,4.208961929345976,,,,3699,Dowdy-Ficklen Stadium,50000.0,True,False,Greenville,NC,27858,US,America/New_York,35.5968486,-77.364564,19.0564537,1963.0,2025-09-20,24.0,0.0,9.7,0.94426,1,False,False
401752710,2025,4,regular,2025-09-20T23:45:00.000Z,False,True,False,False,102219.0,3958,Tiger Stadium (LA),99,LSU,fbs,SEC,56.0,"[7, 28, 7, 14]",0.9890648722648621,1747.0,1747.0,2545,SE Louisiana,fcs,Southland,10.0,"[0, 0, 7, 3]",0.01093512773513794,,,2.416578722550905,,,,3958,Tiger Stadium (LA),102321.0,True,False,Baton Rouge,LA,70803,US,America/Chicago,30.412035,-91.1838163,7.640734673,1924.0,2025-09-20,32.0,0.0,10.6,0.9990031371859149,1,False,False
401752723,2025,4,regular,2025-09-21T00:00:00.000Z,False,True,False,False,103003.0,3910,DKR-Texas Memorial Stadium,251,Texas,fbs,SEC,55.0,"[14, 17, 17, 7]",0.9902904629707336,1878.0,1972.0,2534,Sam Houston,fbs,Conference USA,0.0,"[0, 0, 0, 0]",0.009709537029266357,1337.0,1243.0,2.8833695642232984,,,,3910,DKR-Texas Memorial Stadium,100119.0,False,False,Austin,TX,78712,US,America/Chicago,30.2836813,-97.7325345,160.3089447,1924.0,2025-09-21,32.1,0.0,11.0,1.0288057211917818,1,False,False
401761612,2025,4,regular,2025-09-21T00:00:00.000Z,False,True,False,False,31500.0,3644,Bobcat Stadium (TX),326,Texas State,fbs,Sun Belt,35.0,"[7, 21, 7, 0]",0.9768553972244263,1590.0,1590.0,2447,Nicholls,fcs,Southland,3.0,"[3, 0, 0, 0]",0.02314460277557373,,,2.8064114536095865,,,,3644,Bobcat Stadium (TX),30000.0,False,False,San Marcos,TX,78666,US,America/Chicago,29.8910008,-97.9255735,177.8676453,1981.0,2025-09-21,29.3,0.0,4.9,1.05,1,False,False
401760377,2025,4,regular,2025-09-21T00:00:00.000Z,False,True,False,False,16273.0,3905,Maverik Stadium,328,Utah State,fbs,Mountain West,48.0,"[13, 21, 14, 0]",0.9917429685592651,1436.0,1436.0,2377,McNeese,fcs,Southland,7.0,"[0, 7, 0, 0]",0.008257031440734863,,,2.4736816052879043,,,,3905,Maverik Stadium,25513.0,False,False,Logan,UT,84322,US,America/Denver,41.7517394,-111.8116007,1427.914429,1968.0,2025-09-21,22.8,0.0,5.4,0.6378316936463764,0,False,False
401757267,2025,4,regular,2025-09-21T01:00:00.000Z,False,True,False,False,15272.0,3946,Sun Bowl,2638,UTEP,fbs,Conference USA,25.0,"[7, 0, 3, 15]",0.00011676212307065725,1248.0,1227.0,2433,UL Monroe,fbs,Sun Belt,31.0,"[14, 10, 7, 0]",0.9998832378769293,1116.0,1137.0,5.968620563481887,,,,3946,Sun Bowl,51500.0,False,False,El Paso,TX,79968,US,America/Denver,31.7733353,-106.507957,1183.697876,1963.0,2025-09-21,26.5,0.0,3.8,0.2965436893203883,0,False,False
401760373,2025,4,regular,2025-09-21T01:30:00.000Z,False,True,False,False,32061.0,5388,Canvas Stadium,36,Colorado State,fbs,Mountain West,16.0,"[0, 3, 0, 13]",0.6911537051200867,1363.0,1368.0,2636,UTSA,fbs,American Athletic,17.0,"[0, 10, 0, 7]",0.30884629487991333,1499.0,1494.0,7.314316560895462,,,,5388,Canvas Stadium,36500.0,False,False,Fort Collins,CO,80521,US,America/Denver,40.570015,-105.088435,1528.4,2017.0,2025-09-21,16.0,0.7,13.8,0.8783835616438356,0,False,False
401756897,2025,4,regular,2025-09-21T02:15:00.000Z,False,True,False,False,53442.0,3726,Folsom Field,38,Colorado,fbs,Big 12,37.0,"[0, 21, 7, 9]",0.979032576084137,1604.0,1617.0,2751,Wyoming,fbs,Mountain West,20.0,"[0, 3, 10, 7]",0.020967423915863037,1339.0,1326.0,2.957025965675921,,,,3726,Folsom Field,50183.0,True,False,Boulder,CO,80309,US,America/Denver,40.0094746,-105.266905,1634.041138,1924.0,2025-09-21,15.8,0.0,3.3,1.064942311141223,1,False,False
401754540,2025,4,regular,2025-09-21T02:30:00.000Z,False,True,False,False,31369.0,7311,Snapdragon Stadium,21,San Diego State,fbs,Mountain West,34.0,"[0, 13, 14, 7]",0.9996335506439209,1283.0,1422.0,25,California,fbs,ACC,0.0,"[0, 0, 0, 0]",0.00036644935607910156,1586.0,1447.0,2.5758433433059102,,,,7311,Snapdragon Stadium,35000.0,True,False,San Diego,CA,92093,US,America/Los_Angeles,32.784444,-117.122833,62,2022.0,2025-09-21,20.7,0.0,8.4,0.8962571428571429,0,False,False
401752847,2025,4,regular,2025-09-21T03:00:00.000Z,False,True,False,True,67614.0,477,Los Angeles Memorial Coliseum,30,USC,fbs,Big Ten,45.0,"[10, 14, 7, 14]",0.9623426795005798,1878.0,1869.0,127,Michigan State,fbs,Big Ten,31.0,"[7, 3, 14, 7]",0.037657320499420166,1405.0,1414.0,3.3870736205636875,,,,477,Los Angeles Memorial Coliseum,77500.0,True,False,Los Angeles,CA,90089,US,America/Los_Angeles,34.014167,-118.287778,42.50374222,1923.0,2025-09-21,20.4,0.0,3.8,0.8724387096774193,0,False,False
401760374,2025,4,regular,2025-09-21T03:59:00.000Z,False,True,False,True,13789.0,7220,Clarence T.C. Ching Athletics Complex,62,Hawai'i,fbs,Mountain West,21.0,"[0, 9, 6, 6]",0.04184763878583908,1238.0,1250.0,278,Fresno State,fbs,Mountain West,23.0,"[0, 7, 6, 10]",0.9581523612141609,1522.0,1510.0,6.726265961961575,,,,7220,Clarence T.C. Ching Athletics Complex,15194.0,False,False,Honolulu,HI,96822,US,Pacific/Honolulu,21.294294,-157.819338,20,2015.0,2025-09-21,26.0,0.5,13.8,0.9075292878767934,1,False,False
401762471,2025,5,regular,2025-09-25T23:30:00.000Z,False,True,False,True,32497.0,3699,Dowdy-Ficklen Stadium,151,East Carolina,fbs,American Athletic,28.0,"[21, 0, 0, 7]",0.9631180763244629,1482.0,1548.0,349,Army,fbs,American Athletic,6.0,"[0, 0, 6, 0]",0.03688192367553711,1599.0,1533.0,1.8188151150227017,,,,3699,Dowdy-Ficklen Stadium,50000.0,True,False,Greenville,NC,27858,US,America/New_York,35.5968486,-77.364564,19.0564537,1963.0,2025-09-25,27.7,0.0,11.3,0.64994,0,False,False
401754543,2025,5,regular,2025-09-26T23:00:00.000Z,False,True,False,True,50107.0,3923,Scott Stadium,258,Virginia,fbs,ACC,46.0,"[7, 14, 7, 7, 3, 8]",0.5579074621200562,1565.0,1578.0,52,Florida State,fbs,ACC,38.0,"[0, 21, 7, 7, 3, 0]",0.44209253787994385,1577.0,1564.0,8.217825215322934,,,,3923,Scott Stadium,61500.0,True,False,Charlottesville,VA,22904,US,America/New_York,38.0311801,-78.5137897,170.4677429,1931.0,2025-09-26,22.7,0.1,3.1,0.8147479674796748,0,False,False
401756902,2025,5,regular,2025-09-27T01:00:00.000Z,False,True,False,True,53774.0,3947,Mountain America Stadium,9,Arizona State,fbs,Big 12,27.0,"[0, 14, 3, 10]",0.9671964645385742,1721.0,1722.0,2628,TCU,fbs,Big 12,24.0,"[7, 10, 7, 0]",0.03280353546142578,1733.0,1732.0,6.2247709465896754,,,,3947,Mountain America Stadium,65870.0,True,False,Tempe,AZ,85287,US,America/Phoenix,33.4264471,-111.9325005,360.1569519,1958.0,2025-09-27,23.0,0.4,13.4,0.816365568544102,0,False,False
401752939,2025,5,regular,2025-09-27T02:30:00.000Z,False,True,False,False,29338.0,3893,Reser Stadium,204,Oregon State,fbs,Pac-12,24.0,"[7, 7, 3, 7, 0]",0.9730728268623352,1297.0,1304.0,248,Houston,fbs,Big 12,27.0,"[0, 10, 0, 14, 3]",0.026927173137664795,1497.0,1490.0,6.212626502878512,,,,3893,Reser Stadium,43363.0,False,False,Corvallis,OR,97331,US,America/Los_Angeles,44.5594559,-123.2814341,66.90744781,1953.0,2025-09-27,19.8,0.0,10.6,0.67656758065632,0,False,False
401752717,2025,5,regular,2025-09-27T16:00:00.000Z,False,True,False,False,75111.0,3887,Razorback Stadium,8,Arkansas,fbs,SEC,13.0,"[3, 10, 0, 0]",0.07087067514657974,1677.0,1608.0,87,Notre Dame,fbs,FBS Independents,56.0,"[14, 28, 7, 7]",0.9291293248534203,2126.0,2195.0,3.1141392481338106,,,,3887,Razorback Stadium,80000.0,False,False,Fayetteville,AR,72702,US,America/Chicago,36.0680662,-94.1789534,403.7972412,1938.0,2025-09-27,23.3,0.0,2.1,0.9388875,1,False,False
401756906,2025,5,regular,2025-09-27T16:00:00.000Z,False,True,False,True,53013.0,3636,Bill Snyder Family Stadium,2306,Kansas State,fbs,Big 12,34.0,"[0, 17, 14, 3]",0.9885370135307312,1640.0,1665.0,2116,UCF,fbs,Big 12,20.0,"[0, 7, 10, 3]",0.011462986469268799,1604.0,1579.0,3.382435912410488,,,,3636,Bill Snyder Family Stadium,50000.0,False,False,Manhattan,KS,66502,US,America/Chicago,39.2020096,-96.5938395,328.0574646,1968.0,2025-09-27,23.3,0.0,8.2,1.06026,1,False,False
401752849,2025,5,regular,2025-09-27T16:00:00.000Z,False,True,False,True,46234.0,3953,Huntington Bank Stadium,135,Minnesota,fbs,Big Ten,31.0,"[0, 14, 10, 7]",0.7365654706954956,1593.0,1594.0,164,Rutgers,fbs,Big Ten,28.0,"[7, 14, 0, 7]",0.2634345293045044,1583.0,1582.0,7.037807510854444,,,,3953,Huntington Bank Stadium,50850.0,False,False,Minneapolis,MN,55488,US,America/Chicago,44.976525,-93.2245462,254.3902283,2009.0,2025-09-27,18.5,0.0,11.9,0.9092232055063914,1,False,False
401752850,2025,5,regular,2025-09-27T16:00:00.000Z,False,True,False,True,60670.0,3832,"Memorial Stadium (Champaign, IL)",356,Illinois,fbs,Big Ten,34.0,"[7, 7, 10, 10]",0.686018168926239,1567.0,1571.0,30,USC,fbs,Big Ten,32.0,"[7, 3, 7, 15]",0.313981831073761,1869.0,1865.0,5.793640598744493,,,,3832,"Memorial Stadium (Champaign, IL)",60670.0,False,False,Champaign,IL,61820,US,America/Chicago,40.0993268,-88.2359569,223.2471619,1923.0,2025-09-27,25.7,0.0,3.0,1.0,1,False,False
401754547,2025,5,regular,2025-09-27T16:00:00.000Z,False,True,False,True,45301.0,3752,Acrisure Stadium,221,Pittsburgh,fbs,ACC,27.0,"[17, 10, 0, 0]",0.1551940143108368,1506.0,1511.0,97,Louisville,fbs,ACC,34.0,"[0, 17, 3, 14]",0.8448059856891632,1755.0,1750.0,5.393030338489725,,,,3752,Acrisure Stadium,68400.0,True,False,Pittsburgh,PA,15260,US,America/New_York,40.4467648,-80.0157603,220.5887146,2001.0,2025-09-27,23.1,0.0,4.2,0.6622953216374269,0,False,False
401756905,2025,5,regular,2025-09-27T16:00:00.000Z,False,True,False,True,41525.0,3833,Memorial Stadium,2305,Kansas,fbs,Big 12,34.0,"[7, 6, 14, 7]",0.6432141065597534,1680.0,1664.0,2132,Cincinnati,fbs,Big 12,37.0,"[7, 13, 10, 7]",0.3567858934402466,1504.0,1520.0,8.502777237602228,,,,3833,Memorial Stadium,47000.0,False,False,Lawrence,KS,66045,US,America/Chicago,38.9629418,-95.2463686,274.855957,1921.0,2025-09-27,23.6,0.0,9.1,0.8835106382978724,0,False,False
401762825,2025,5,regular,2025-09-27T16:00:00.000Z,False,True,False,True,20027.0,3876,Peden Stadium,195,Ohio,fbs,Mid-American,35.0,"[14, 7, 7, 7]",1.0,1587.0,1604.0,189,Bowling Green,fbs,Mid-American,20.0,"[10, 3, 0, 7]",0.0,1428.0,1411.0,3.812115943813982,,,,3876,Peden Stadium,24000.0,False,False,Athens,OH,45701,US,America/New_York,39.3212794,-82.1034315,194.230896,1929.0,2025-09-27,24.6,0.0,6.1,0.8344583333333333,0,False,False
401754545,2025,5,regular,2025-09-27T16:00:00.000Z,False,True,False,True,44451.0,1964,JMA Wireless Dome,183,Syracuse,fbs,ACC,3.0,"[3, 0, 0, 0]",0.003790461691096425,1535.0,1426.0,150,Duke,fbs,ACC,38.0,"[10, 14, 7, 7]",0.9962095383089036,1489.0,1598.0,4.2228872621589435,,,,1964,JMA Wireless Dome,49057.0,False,True,Syracuse,NY,13244,US,America/New_York,43.0362269,-76.1363161,162.6989746,1980.0,2025-09-27,22.8,0.0,5.9,0.9061092198870702,1,False,False
401761617,2025,5,regular,2025-09-27T16:00:00.000Z,False,True,False,False,16575.0,3825,DATCU Stadium,249,North Texas,fbs,American Athletic,36.0,"[7, 7, 14, 8]",0.9968198537826538,1601.0,1616.0,6,South Alabama,fbs,Sun Belt,22.0,"[7, 0, 7, 8]",0.0031801462173461914,1445.0,1430.0,5.295937666588428,,,,3825,DATCU Stadium,30850.0,False,False,Denton,TX,76210,US,America/Chicago,33.203899,-97.159245,198.6871948,2011.0,2025-09-27,26.6,0.0,6.9,0.5372771474878444,0,False,False
401754546,2025,5,regular,2025-09-27T16:00:00.000Z,False,True,False,True,30264.0,3630,Allegacy Federal Credit Union Stadium,154,Wake Forest,fbs,ACC,29.0,"[0, 17, 3, 3, 6]",0.9560624957084656,1383.0,1391.0,59,Georgia Tech,fbs,ACC,30.0,"[3, 0, 14, 6, 7]",0.043937504291534424,1576.0,1568.0,7.461044236655397,,,,3630,Allegacy Federal Credit Union Stadium,31500.0,False,False,Winston-Salem,NC,27105,US,America/New_York,36.1305507,-80.2545851,283.548584,1968.0,2025-09-27,21.8,0.1,1.3,0.9607619047619048,1,False,False
401752725,2025,5,regular,2025-09-27T16:45:00.000Z,False,True,False,False,33688.0,3973,FirstBank Stadium,238,Vanderbilt,fbs,SEC,55.0,"[7, 24, 17, 7]",0.9819328784942627,1741.0,1758.0,328,Utah State,fbs,Mountain West,35.0,"[7, 14, 0, 14]",0.018067121505737305,1442.0,1425.0,4.60252610511381,,,,3973,FirstBank Stadium,40351.0,False,False,Nashville,TN,37212,US,America/Chicago,36.1440455,-86.8088942,159.9194641,1922.0,2025-09-27,24.4,0.0,5.4,0.8348739808183192,0,False,False
401762826,2025,5,regular,2025-09-27T17:00:00.000Z,False,True,False,True,28605.0,3786,Kelly/Shorts Stadium,2117,Central Michigan,fbs,Mid-American,24.0,"[14, 7, 0, 3]",0.9720277190208435,1094.0,1124.0,2199,Eastern Michigan,fbs,Mid-American,13.0,"[3, 3, 7, 0]",0.027972280979156494,1223.0,1193.0,2.407559954134809,,,,3786,Kelly/Shorts Stadium,30255.0,False,False,Mount Pleasant,MI,48859,US,America/Detroit,43.5777313,-84.7709904,240.9007721,1972.0,2025-09-27,24.5,0.0,9.9,0.9454635597421914,1,False,False
401761614,2025,5,regular,2025-09-27T17:30:00.000Z,False,True,False,True,25029.0,3651,Bridgeforth Stadium,256,James Madison,fbs,Sun Belt,35.0,"[7, 14, 14, 0]",0.9939213395118713,1636.0,1669.0,290,Georgia Southern,fbs,Sun Belt,10.0,"[0, 3, 7, 0]",0.006078660488128662,1357.0,1324.0,2.740239301258901,,,,3651,Bridgeforth Stadium,24877.0,False,False,Harrisonburg,VA,22807,US,America/New_York,38.4352919,-78.8729349,399.303009,1975.0,2025-09-27,19.8,1.3,8.7,1.0061100615025929,1,False,False
401761616,2025,5,regular,2025-09-27T19:00:00.000Z,False,True,False,True,21147.0,3817,Malone Stadium,2433,UL Monroe,fbs,Sun Belt,28.0,"[0, 14, 7, 7]",0.9813252091407776,1137.0,1168.0,2032,Arkansas State,fbs,Sun Belt,16.0,"[10, 0, 3, 3]",0.018674790859222412,1244.0,1213.0,5.703973319291415,,,,3817,Malone Stadium,27617.0,False,False,Monroe,LA,71209,US,America/Chicago,32.5308089,-92.0660602,22.998209,1978.0,2025-09-27,28.4,0.0,7.7,0.7657240105731977,0,False,False
401752852,2025,5,regular,2025-09-27T19:30:00.000Z,False,True,False,True,72485.0,3765,Husky Stadium,264,Washington,fbs,Big Ten,6.0,"[0, 3, 3, 0]",0.0,1676.0,1665.0,194,Ohio State,fbs,Big Ten,24.0,"[0, 7, 7, 10]",1.0,2010.0,2021.0,3.5693821702972266,,,,3765,Husky Stadium,70138.0,False,False,Seattle,WA,98195,US,America/Los_Angeles,47.6503235,-122.3015746,11.65622807,1920.0,2025-09-27,16.8,0.0,1.9,1.0334626022983262,1,False,False
401754544,2025,5,regular,2025-09-27T19:30:00.000Z,False,True,False,True,44500.0,3615,"Alumni Stadium (Chestnut Hill, MA)",103,Boston College,fbs,ACC,24.0,"[14, 3, 0, 7]",0.7262603640556335,1470.0,1462.0,25,California,fbs,ACC,28.0,"[7, 7, 0, 14]",0.27373963594436646,1447.0,1455.0,6.918061132137002,,,,3615,"Alumni Stadium (Chestnut Hill, MA)",44500.0,False,False,Chestnut Hill,MA,2467 ,US,America/New_York,42.335104,-71.1664413,39.82634354,1957.0,2025-09-27,22.6,0.0,8.4,1.0,1,False,False
401752851,2025,5,regular,2025-09-27T19:30:00.000Z,False,True,False,True,12023.0,5960,Lanny and Sharon Martin Stadium,77,Northwestern,fbs,Big Ten,17.0,"[3, 14, 0, 0]",0.6868436336517334,1411.0,1411.0,26,UCLA,fbs,Big Ten,14.0,"[0, 3, 3, 8]",0.3131563663482666,1331.0,1331.0,3.2096617060479944,,,,5960,Lanny and Sharon Martin Stadium,12023.0,False,False,Evanston,IL,60208,US,America/Chicago,42.058246,-87.670876,179,1997.0,2025-09-27,28.7,0.0,12.2,1.0,1,False,False
401756908,2025,5,regular,2025-09-27T19:30:00.000Z,False,True,False,True,53965.0,3842,Milan Puskar Stadium,277,West Virginia,fbs,Big 12,14.0,"[0, 0, 7, 7]",0.0,1414.0,1341.0,254,Utah,fbs,Big 12,48.0,"[14, 14, 10, 10]",1.0,1607.0,1680.0,3.294367911328435,,,,3842,Milan Puskar Stadium,60000.0,False,False,Morgantown,WV,26507,US,America/New_York,39.6502744,-79.9551873,327.409668,1980.0,2025-09-27,22.4,0.3,6.0,0.8994166666666666,0,False,False
401752853,2025,5,regular,2025-09-27T19:30:00.000Z,False,True,False,True,69250.0,3793,Kinnick Stadium,2294,Iowa,fbs,Big Ten,15.0,"[3, 7, 0, 5]",0.08642464876174927,1733.0,1743.0,84,Indiana,fbs,Big Ten,20.0,"[7, 3, 0, 10]",0.9135753512382507,2010.0,2000.0,7.018765473483252,,,,3793,Kinnick Stadium,69250.0,False,False,Iowa City,IA,52242,US,America/Chicago,41.6586045,-91.5510829,220.6357727,1929.0,2025-09-27,28.9,0.0,17.7,1.0,1,False,False
401762473,2025,5,regular,2025-09-27T19:30:00.000Z,False,True,False,True,28873.0,3852,Navy-Marine Corps Memorial Stadium,2426,Navy,fbs,American Athletic,21.0,"[7, 7, 0, 7]",0.9838424324989319,1550.0,1547.0,242,Rice,fbs,American Athletic,13.0,"[0, 0, 3, 10]",0.016157567501068115,1288.0,1291.0,2.2905691020692287,,,,3852,Navy-Marine Corps Memorial Stadium,34000.0,False,False,Annapolis,MD,21402,US,America/New_York,38.9846985,-76.5076335,10.74990082,1959.0,2025-09-27,23.7,0.0,5.9,0.8492058823529411,0,False,False
401757170,2025,5,regular,2025-09-27T19:30:00.000Z,False,True,False,False,12717.0,3965,UB Stadium,2084,Buffalo,fbs,Mid-American,17.0,"[0, 7, 3, 7]",0.1814369261264801,1383.0,1382.0,41,UConn,fbs,FBS Independents,20.0,"[0, 7, 10, 3]",0.8185630738735199,1436.0,1437.0,5.418023678480578,,,,3965,UB Stadium,30270.0,False,False,Amherst,NY,14260,US,America/New_York,42.9991334,-78.7775113,181.5759735,1993.0,2025-09-27,22.4,0.0,10.4,0.4201189296333003,0,False,False
401756907,2025,5,regular,2025-09-27T19:30:00.000Z,False,True,False,True,45689.0,3646,Boone Pickens Stadium,197,Oklahoma State,fbs,Big 12,27.0,"[7, 13, 7, 0]",0.01507523376494646,1176.0,1173.0,239,Baylor,fbs,Big 12,45.0,"[7, 21, 7, 10]",0.9849247662350535,1587.0,1590.0,6.252031557586193,,,,3646,Boone Pickens Stadium,55509.0,False,False,Stillwater,OK,74078,US,America/Chicago,36.125673,-97.066513,276.4808655,1919.0,2025-09-27,31.3,0.0,9.9,0.8230917508872435,0,False,False
401762827,2025,5,regular,2025-09-27T19:30:00.000Z,False,True,False,False,10504.0,3996,Yager Stadium,193,Miami (OH),fbs,Mid-American,38.0,"[7, 10, 14, 7]",0.9914972186088562,1495.0,1495.0,2815,Lindenwood,fcs,OVC-Big South,0.0,"[0, 0, 0, 0]",0.008502781391143799,,,2.645236547747449,,,,3996,Yager Stadium,24286.0,False,False,Oxford,OH,45056,US,America/New_York,39.5197009,-84.7330255,242.2643585,1983.0,2025-09-27,25.5,0.0,5.1,0.4325125586757803,0,False,False
401760380,2025,5,regular,2025-09-27T19:30:00.000Z,False,True,False,False,13512.0,3764,Huskie Stadium,2459,Northern Illinois,fbs,Mid-American,3.0,"[3, 0, 0, 0]",0.6836990714073181,1377.0,1375.0,21,San Diego State,fbs,Mountain West,6.0,"[0, 3, 0, 3]",0.3163009285926819,1422.0,1424.0,5.207526340091206,,,,3764,Huskie Stadium,23595.0,False,False,DeKalb,IL,60115,US,America/Chicago,41.9339586,-88.7778357,267.4530029,1965.0,2025-09-27,29.1,0.0,18.9,0.5726636999364272,0,False,False
401762824,2025,5,regular,2025-09-27T19:30:00.000Z,False,True,False,True,24535.0,3739,Glass Bowl,2649,Toledo,fbs,Mid-American,45.0,"[14, 21, 3, 7]",0.9890300631523132,1497.0,1562.0,2006,Akron,fbs,Mid-American,3.0,"[0, 3, 0, 0]",0.010969936847686768,1060.0,995.0,2.037751308081071,,,,3739,Glass Bowl,26038.0,False,False,Toledo,OH,43606,US,America/New_York,41.6574777,-83.6135652,181.4839783,1937.0,2025-09-27,27.4,0.0,8.7,0.9422766725554959,1,False,False
401752719,2025,5,regular,2025-09-27T19:30:00.000Z,False,True,False,True,67737.0,3974,Vaught-Hemingway Stadium,145,Ole Miss,fbs,SEC,24.0,"[3, 14, 0, 7]",0.8488922119140625,1981.0,1977.0,99,LSU,fbs,SEC,19.0,"[7, 0, 6, 6]",0.1511077880859375,1747.0,1751.0,5.3689509418819625,,,,3974,Vaught-Hemingway Stadium,64038.0,True,False,Oxford,MS,38677,US,America/Chicago,34.3619837,-89.5342076,146.8517151,1915.0,2025-09-27,27.3,0.0,13.0,1.057762578469034,1,False,False
401752724,2025,5,regular,2025-09-27T19:30:00.000Z,False,True,False,True,108449.0,3795,Kyle Field,245,Texas A&M,fbs,SEC,16.0,"[7, 6, 0, 3]",0.9677963852882385,1749.0,1753.0,2,Auburn,fbs,SEC,10.0,"[0, 3, 0, 7]",0.032203614711761475,1680.0,1676.0,3.8765048091063026,,,,3795,Kyle Field,102733.0,True,False,College Station,TX,77843,US,America/Chicago,30.6098891,-96.3403828,108.824585,1927.0,2025-09-27,30.5,0.0,7.9,1.0556393758578062,1,False,False
401762474,2025,5,regular,2025-09-27T20:00:00.000Z,False,True,False,True,16311.0,3674,Chapman Stadium,202,Tulsa,fbs,American Athletic,14.0,"[7, 7, 0, 0]",0.023173080757260323,1072.0,1079.0,2655,Tulane,fbs,American Athletic,31.0,"[7, 17, 7, 0]",0.9768269192427397,1579.0,1572.0,5.984301461097488,,,,3674,Chapman Stadium,30000.0,False,False,Tulsa,OK,74194,US,America/Chicago,36.1489175,-95.9437853,235.5928345,1930.0,2025-09-27,28.4,0.0,7.3,0.5437,0,False,False
401757274,2025,5,regular,2025-09-27T20:00:00.000Z,False,True,False,False,37440.0,3971,University Stadium (NM),167,New Mexico,fbs,Mountain West,38.0,"[7, 7, 10, 14]",0.9572336077690125,1408.0,1426.0,166,New Mexico State,fbs,Conference USA,20.0,"[7, 10, 0, 3]",0.04276639223098755,1165.0,1147.0,6.244615631678274,,,,3971,University Stadium (NM),39224.0,False,False,Albuquerque,NM,87131,US,America/Denver,35.0669479,-106.6283225,1554.471924,1960.0,2025-09-27,23.8,0.0,13.3,0.9545176422598409,1,False,False
401760378,2025,5,regular,2025-09-27T20:00:00.000Z,False,True,False,True,22677.0,3713,Falcon Stadium,2005,Air Force,fbs,Mountain West,35.0,"[7, 0, 7, 21]",0.43226560950279236,1381.0,1351.0,62,Hawai'i,fbs,Mountain West,44.0,"[14, 3, 7, 20]",0.5677343904972076,1250.0,1280.0,6.016653245970114,,,,3713,Falcon Stadium,46692.0,False,False,Colorado Springs,CO,80840,US,America/Denver,38.9969701,-104.8436165,2024.875732,1962.0,2025-09-27,23.7,0.0,18.2,0.4856720637368286,0,False,False
401752720,2025,5,regular,2025-09-27T20:15:00.000Z,False,True,False,True,60417.0,3693,Davis Wade Stadium,344,Mississippi State,fbs,SEC,34.0,"[7, 10, 7, 10, 0]",0.27220362424850464,1512.0,1523.0,2633,Tennessee,fbs,SEC,41.0,"[10, 7, 3, 14, 7]",0.7277963757514954,1838.0,1827.0,8.714407031892366,,,,3693,Davis Wade Stadium,61337.0,True,False,Starkville,MS,39762,US,America/Chicago,33.4563403,-88.7933652,110.2742081,1914.0,2025-09-27,27.6,0.0,11.7,0.9850008966855243,1,False,False
401757270,2025,5,regular,2025-09-27T22:00:00.000Z,False,True,False,True,11040.0,4899,Fifth Third Stadium,338,Kennesaw State,fbs,Conference USA,24.0,"[21, 0, 0, 3]",0.7368634939193726,1213.0,1223.0,2393,Middle Tennessee,fbs,Conference USA,16.0,"[3, 7, 0, 6]",0.26313650608062744,1185.0,1175.0,3.4086167982523374,,,,4899,Fifth Third Stadium,11040.0,True,False,Kennesaw,GA,30144,US,America/New_York,34.0289318,-84.5676234,296.9589844,2010.0,2025-09-27,26.2,0.0,4.4,1.0,1,False,False
401757271,2025,5,regular,2025-09-27T22:00:00.000Z,False,True,False,False,18435.0,3918,S.B. Ballard Stadium,295,Old Dominion,fbs,Sun Belt,21.0,"[0, 14, 0, 7]",1.0,1530.0,1551.0,2335,Liberty,fbs,Conference USA,7.0,"[0, 0, 7, 0]",0.0,1442.0,1421.0,3.8746917798708536,,,,3918,S.B. Ballard Stadium,20118.0,False,False,Norfolk,VA,23551,US,America/New_York,36.8889533,-76.3049175,3.147987843,1936.0,2025-09-27,22.4,0.3,6.8,0.9163435729197733,1,False,False
401762828,2025,5,regular,2025-09-27T22:30:00.000Z,False,True,False,False,20191.0,3980,Waldo Stadium,2711,Western Michigan,fbs,Mid-American,47.0,"[3, 28, 13, 3]",0.9961190223693848,1255.0,1255.0,227,Rhode Island,fcs,Coastal Athletic,14.0,"[7, 0, 0, 7]",0.0038809776306152344,,,3.107216197522771,,,,3980,Waldo Stadium,30200.0,False,False,Kalamazoo,MI,49008,US,America/Detroit,42.2860064,-85.6007573,243.8211212,1939.0,2025-09-27,24.9,0.0,9.4,0.6685761589403973,0,False,False
401762472,2025,5,regular,2025-09-27T23:00:00.000Z,False,True,False,True,17733.0,3715,FAU Stadium,2226,Florida Atlantic,fbs,American Athletic,26.0,"[7, 9, 3, 7]",0.009624889120459557,1231.0,1201.0,235,Memphis,fbs,American Athletic,55.0,"[10, 7, 7, 31]",0.9903751108795404,1659.0,1689.0,6.5867582029500635,,,,3715,FAU Stadium,29419.0,False,False,Boca Raton,FL,33499,US,America/New_York,26.3763763,-80.1015759,3.613628864,2011.0,2025-09-27,26.2,0.4,7.4,0.6027737176654543,0,False,False
401757273,2025,5,regular,2025-09-27T23:00:00.000Z,False,True,False,True,10068.0,3878,Plaster Sports Complex,2623,Missouri State,fbs,Conference USA,22.0,"[0, 9, 7, 6]",0.05562228709459305,1338.0,1335.0,98,Western Kentucky,fbs,Conference USA,27.0,"[0, 10, 14, 3]",0.944377712905407,1411.0,1414.0,6.079149938303324,,,,3878,Plaster Sports Complex,17337.0,False,False,Springfield,MO,65897,US,America/Chicago,37.1976229,-93.2798119,402.368103,1941.0,2025-09-27,24.5,0.0,2.0,0.5807233085308877,0,False,False
401754548,2025,5,regular,2025-09-27T23:00:00.000Z,False,True,False,True,56919.0,3670,Carter-Finley Stadium,152,NC State,fbs,ACC,21.0,"[7, 0, 7, 7]",0.23347881436347961,1494.0,1489.0,259,Virginia Tech,fbs,ACC,23.0,"[3, 10, 7, 3]",0.7665211856365204,1452.0,1457.0,6.646683052975088,,,,3670,Carter-Finley Stadium,58000.0,True,False,Raleigh,NC,27695,US,America/New_York,35.8008001,-78.7195655,117.0089951,1966.0,2025-09-27,23.7,0.0,2.3,0.9813620689655173,1,False,False
401756904,2025,5,regular,2025-09-27T23:00:00.000Z,False,True,False,True,61500.0,3772,Jack Trice Stadium,66,Iowa State,fbs,Big 12,39.0,"[8, 14, 14, 3]",1.0,1608.0,1655.0,12,Arizona,fbs,Big 12,14.0,"[0, 7, 7, 0]",0.0,1469.0,1422.0,2.561086514101573,,,,3772,Jack Trice Stadium,61500.0,True,False,Ames,IA,50011,US,America/Chicago,42.0139977,-93.6357716,274.9135437,1975.0,2025-09-27,23.9,0.0,12.1,1.0,1,False,False
401757269,2025,5,regular,2025-09-27T23:00:00.000Z,False,True,False,False,25034.0,3815,M. M. Roberts Stadium,2572,Southern Miss,fbs,Sun Belt,42.0,"[14, 7, 14, 7]",0.9974352121353149,1181.0,1265.0,55,Jacksonville State,fbs,Conference USA,25.0,"[3, 0, 8, 14]",0.0025647878646850586,1613.0,1529.0,2.6005906885756223,,,,3815,M. M. Roberts Stadium,36000.0,False,False,Hattiesburg,MS,39402,US,America/Chicago,31.3289321,-89.3318118,64.52726746,1932.0,2025-09-27,29.2,0.0,10.8,0.6953888888888888,0,False,False
401760379,2025,5,regular,2025-09-27T23:30:00.000Z,False,True,False,False,32904.0,3653,Albertsons Stadium,68,Boise State,fbs,Mountain West,47.0,"[14, 10, 9, 14]",0.9969602227210999,1587.0,1653.0,2026,App State,fbs,Sun Belt,14.0,"[0, 7, 7, 0]",0.0030397772789001465,1390.0,1324.0,3.0308629395219366,,,,3653,Albertsons Stadium,36387.0,False,False,Boise,ID,83725,US,America/Boise,43.6028839,-116.1958882,823.2221069,1970.0,2025-09-27,26.2,0.0,9.4,0.9042790007420233,1,False,False
401754549,2025,5,regular,2025-09-27T23:30:00.000Z,False,True,False,False,26357.0,3940,Stanford Stadium,24,Stanford,fbs,ACC,30.0,"[7, 7, 0, 16]",0.601484477519989,1249.0,1255.0,23,San José State,fbs,Mountain West,29.0,"[10, 10, 0, 9]",0.398515522480011,1429.0,1423.0,7.475573235995273,,,,3940,Stanford Stadium,50424.0,True,False,Stanford,CA,94305,US,America/Los_Angeles,37.4345556,-122.1611271,18.38425636,2006.0,2025-09-27,24.2,0.0,9.8,0.5227074409011582,0,False,False
401752721,2025,5,regular,2025-09-27T23:30:00.000Z,False,True,False,False,57321.0,3838,Memorial Stadium,142,Missouri,fbs,SEC,42.0,"[14, 7, 14, 7]",0.9859509468078613,1762.0,1781.0,113,Massachusetts,fbs,Mid-American,6.0,"[6, 0, 0, 0]",0.014049053192138672,1058.0,1039.0,2.574124852200219,,,,3838,Memorial Stadium,71168.0,False,False,Columbia,MO,65211,US,America/Chicago,38.9358491,-92.3332009,212.6865692,1927.0,2025-09-27,24.5,0.0,11.7,0.8054322167266187,0,False,False
401752854,2025,5,regular,2025-09-27T23:30:00.000Z,False,True,False,True,111015.0,3632,Beaver Stadium,213,Penn State,fbs,Big Ten,24.0,"[0, 3, 0, 14, 7, 0]",0.1887364685535431,2087.0,2070.0,2483,Oregon,fbs,Big Ten,30.0,"[0, 3, 7, 7, 7, 6]",0.8112635314464569,2001.0,2018.0,6.821436627621328,,,,3632,Beaver Stadium,106572.0,True,False,University Park,PA,16802,US,America/New_York,40.8121958,-77.8561023,354.1551514,1960.0,2025-09-27,18.3,0.2,4.7,1.041690124985925,1,False,False
401752718,2025,5,regular,2025-09-27T23:30:00.000Z,False,True,False,True,93033.0,3917,Sanford Stadium,61,Georgia,fbs,SEC,21.0,"[0, 14, 7, 0]",0.19026361405849457,2043.0,2033.0,333,Alabama,fbs,SEC,24.0,"[7, 17, 0, 0]",0.8097363859415054,1948.0,1958.0,6.2853613474576715,,,,3917,Sanford Stadium,92746.0,True,False,Athens,GA,30602,US,America/New_York,33.9498197,-83.3733813,186.1120758,1929.0,2025-09-27,23.8,0.0,3.1,1.003094473077006,1,False,False
401752950,2025,5,regular,2025-09-27T23:30:00.000Z,False,True,False,False,32087.0,5388,Canvas Stadium,36,Colorado State,fbs,Mountain West,3.0,"[3, 0, 0, 0]",0.020959042012691498,1368.0,1320.0,265,Washington State,fbs,Pac-12,20.0,"[10, 10, 0, 0]",0.9790409579873085,1307.0,1355.0,4.024978427575145,,,,5388,Canvas Stadium,36500.0,False,False,Fort Collins,CO,80521,US,America/Denver,40.570015,-105.088435,1528.4,2017.0,2025-09-27,23.9,0.0,11.3,0.8790958904109589,0,False,False
401752722,2025,5,regular,2025-09-27T23:45:00.000Z,False,True,False,True,79266.0,3994,Williams-Brice Stadium,2579,South Carolina,fbs,SEC,35.0,"[7, 21, 0, 7]",0.991369366645813,1638.0,1682.0,96,Kentucky,fbs,SEC,13.0,"[10, 0, 3, 0]",0.008630633354187012,1557.0,1513.0,3.3690642585545874,,,,3994,Williams-Brice Stadium,80250.0,True,False,Columbia,SC,29208,US,America/New_York,33.9730239,-81.0191726,60.54548645,1934.0,2025-09-27,25.0,0.2,1.1,0.9877383177570094,1,False,False
401761615,2025,5,regular,2025-09-28T00:00:00.000Z,False,True,False,True,20125.0,3666,Cajun Field,309,Louisiana,fbs,Sun Belt,54.0,"[3, 14, 3, 21, 7, 6]",0.017636394128203392,1364.0,1367.0,276,Marshall,fbs,Sun Belt,51.0,"[3, 14, 17, 7, 7, 3]",0.9823636058717966,1511.0,1508.0,7.478263274664832,,,,3666,Cajun Field,41426.0,False,False,Lafayette,LA,70506,US,America/Chicago,30.2158434,-92.0417371,3.556508303,1971.0,2025-09-28,25.6,0.0,10.8,0.4858060155457925,0,False,False
401757272,2025,5,regular,2025-09-28T01:00:00.000Z,False,True,False,True,13013.0,3946,Sun Bowl,2638,UTEP,fbs,Conference USA,11.0,"[0, 0, 0, 11]",0.1915610134601593,1227.0,1205.0,2348,Louisiana Tech,fbs,Conference USA,30.0,"[7, 0, 3, 20]",0.8084389865398407,1468.0,1490.0,4.2935016288278005,,,,3946,Sun Bowl,51500.0,False,False,El Paso,TX,79968,US,America/Denver,31.7733353,-106.507957,1183.697876,1963.0,2025-09-28,27.5,0.0,6.0,0.2526796116504854,0,False,False
401756903,2025,5,regular,2025-09-28T02:15:00.000Z,False,True,False,True,52265.0,3726,Folsom Field,38,Colorado,fbs,Big 12,21.0,"[14, 0, 7, 0]",0.32688406109809875,1617.0,1618.0,252,BYU,fbs,Big 12,24.0,"[3, 7, 7, 7]",0.6731159389019012,1703.0,1702.0,5.397702544157396,,,,3726,Folsom Field,50183.0,True,False,Boulder,CO,80309,US,America/Denver,40.0094746,-105.266905,1634.041138,1924.0,2025-09-28,16.2,0.0,8.0,1.041488153358707,1,False,False
401757275,2025,6,regular,2025-10-03T01:00:00.000Z,False,True,False,True,9089.0,3601,Aggie Memorial Stadium,166,New Mexico State,fbs,Conference USA,37.0,"[0, 10, 3, 24]",0.9957097768783569,1147.0,1229.0,2534,Sam Houston,fbs,Conference USA,10.0,"[0, 3, 7, 0]",0.004290223121643066,1243.0,1161.0,3.263384173376266,,,,3601,Aggie Memorial Stadium,28853.0,False,False,Las Cruces,NM,88003,US,America/Denver,32.2796202,-106.7411148,1208.201294,1978.0,2025-10-03,26.9,0.0,14.2,0.3150105708245243,0,False,False
401757276,2025,6,regular,2025-10-03T23:00:00.000Z,False,True,False,True,19176.0,3695,Delaware Stadium,48,Delaware,fbs,Conference USA,24.0,"[7, 10, 0, 7]",0.08564870804548264,1501.0,1491.0,98,Western Kentucky,fbs,Conference USA,27.0,"[0, 10, 17, 0]",0.9143512919545174,1414.0,1424.0,5.912223443709713,,,,3695,Delaware Stadium,22000.0,False,False,Newark,DE,19713,US,America/New_York,39.6617428,-75.7488224,28.74350357,1952.0,2025-10-03,17.4,0.0,7.5,0.8716363636363637,0,False,False
401762475,2025,6,regular,2025-10-03T23:00:00.000Z,False,True,False,True,34577.0,3886,Raymond James Stadium,58,South Florida,fbs,American Athletic,54.0,"[23, 10, 0, 21]",0.9636630415916443,1482.0,1521.0,2429,Charlotte,fbs,American Athletic,26.0,"[0, 7, 3, 16]",0.03633695840835571,1183.0,1144.0,2.2800703984341304,,,,3886,Raymond James Stadium,65828.0,True,False,Tampa,FL,33620,US,America/New_York,27.9758691,-82.5033344,11.07972908,1998.0,2025-10-03,26.1,0.0,18.8,0.5252628061007474,0,False,False
401760384,2025,6,regular,2025-10-04T02:00:00.000Z,False,True,False,True,12109.0,3935,CEFCU Stadium,23,San José State,fbs,Mountain West,35.0,"[7, 14, 14, 0]",0.9569445848464966,1423.0,1433.0,167,New Mexico,fbs,Mountain West,28.0,"[0, 17, 0, 11]",0.04305541515350342,1426.0,1416.0,3.656062003082878,,,,3935,CEFCU Stadium,30456.0,False,False,San Jose,CA,95112,US,America/Los_Angeles,37.3196675,-121.8682962,28.30708694,1933.0,2025-10-04,17.4,0.0,5.7,0.3975899658523772,0,False,False
401760382,2025,6,regular,2025-10-04T02:30:00.000Z,False,True,False,True,29019.0,7311,Snapdragon Stadium,21,San Diego State,fbs,Mountain West,45.0,"[7, 21, 10, 7]",0.9995191097259521,1424.0,1463.0,36,Colorado State,fbs,Mountain West,24.0,"[0, 10, 0, 14]",0.00048089027404785156,1320.0,1281.0,3.06872635804126,,,,7311,Snapdragon Stadium,35000.0,True,False,San Diego,CA,92093,US,America/Los_Angeles,32.784444,-117.122833,62,2022.0,2025-10-04,19.5,0.0,16.7,0.8291142857142857,0,False,False
401756909,2025,6,regular,2025-10-04T02:30:00.000Z,False,True,False,True,63917.0,3801,LaVell Edwards Stadium,252,BYU,fbs,Big 12,38.0,"[14, 14, 3, 7]",0.9500316381454468,1702.0,1701.0,277,West Virginia,fbs,Big 12,24.0,"[0, 10, 7, 7]",0.04996836185455322,1341.0,1342.0,2.9887289453194654,,,,3801,LaVell Edwards Stadium,63470.0,True,False,Provo,UT,84602,US,America/Denver,40.2575347,-111.6545247,1412.097046,1964.0,2025-10-04,16.2,0.6,11.7,1.0070426973373248,1,False,False
401756912,2025,6,regular,2025-10-04T16:00:00.000Z,False,True,False,True,38007.0,3854,Nippert Stadium,2132,Cincinnati,fbs,Big 12,38.0,"[17, 14, 0, 7]",0.9722381234169006,1520.0,1541.0,66,Iowa State,fbs,Big 12,30.0,"[0, 15, 7, 8]",0.027761876583099365,1655.0,1634.0,3.6924631307420728,,,,3854,Nippert Stadium,40000.0,False,False,Cincinnati,OH,45221,US,America/New_York,39.1312495,-84.5161913,230.0660553,1915.0,2025-10-04,25.5,0.0,2.3,0.950175,1,False,False
401752861,2025,6,regular,2025-10-04T16:00:00.000Z,False,True,False,True,56551.0,3907,Ross-Ade Stadium,2509,Purdue,fbs,Big Ten,27.0,"[7, 7, 7, 6]",0.0,1325.0,1311.0,356,Illinois,fbs,Big Ten,43.0,"[0, 27, 13, 3]",1.0,1571.0,1585.0,4.648508792456986,,,,3907,Ross-Ade Stadium,57282.0,True,False,West Lafayette,IN,47907,US,America/Indiana/Indianapolis,40.4352253,-86.9186843,197.5337677,1924.0,2025-10-04,26.6,0.0,9.5,0.9872385740721343,1,False,False
401754552,2025,6,regular,2025-10-04T16:00:00.000Z,False,True,False,True,50500.0,3787,Kenan Stadium,153,North Carolina,fbs,ACC,10.0,"[3, 0, 0, 7]",0.026435913518071175,1388.0,1342.0,228,Clemson,fbs,ACC,38.0,"[28, 7, 0, 3]",0.9735640864819288,1642.0,1688.0,3.1263997871486096,,,,3787,Kenan Stadium,50500.0,False,False,Chapel Hill,NC,27515,US,America/New_York,35.9069294,-79.0478889,127.7569809,1927.0,2025-10-04,21.8,0.0,3.0,1.0,1,False,False
401760381,2025,6,regular,2025-10-04T16:00:00.000Z,False,True,False,False,37517.0,3852,Navy-Marine Corps Memorial Stadium,2426,Navy,fbs,American Athletic,34.0,"[3, 14, 7, 10]",0.6797995567321777,1547.0,1546.0,2005,Air Force,fbs,Mountain West,31.0,"[7, 3, 7, 14]",0.32020044326782227,1351.0,1352.0,6.6230747879830165,,,,3852,Navy-Marine Corps Memorial Stadium,34000.0,False,False,Annapolis,MD,21402,US,America/New_York,38.9846985,-76.5076335,10.74990082,1959.0,2025-10-04,21.4,0.0,4.1,1.1034411764705883,1,False,False
401762830,2025,6,regular,2025-10-04T16:00:00.000Z,False,True,False,True,8427.0,3919,Scheumann Stadium,2050,Ball State,fbs,Mid-American,20.0,"[0, 0, 10, 10]",0.15050174295902252,1095.0,1131.0,195,Ohio,fbs,Mid-American,14.0,"[7, 7, 0, 0]",0.8494982570409775,1604.0,1568.0,7.259397238585601,,,,3919,Scheumann Stadium,22500.0,False,False,Muncie,IN,47306,US,America/Indiana/Indianapolis,40.2159422,-85.4161148,285.481781,1967.0,2025-10-04,25.4,0.0,7.1,0.37453333333333333,0,False,False
401752856,2025,6,regular,2025-10-04T16:00:00.000Z,False,True,False,True,111070.0,3558,Michigan Stadium,130,Michigan,fbs,Big Ten,24.0,"[7, 3, 7, 7]",0.9820447564125061,1848.0,1851.0,275,Wisconsin,fbs,Big Ten,10.0,"[7, 0, 0, 3]",0.017955243587493896,1543.0,1540.0,3.6001514426885888,,,,3558,Michigan Stadium,107601.0,False,False,Ann Arbor,MI,48109,US,America/Detroit,42.2658365,-83.7486956,255.5500031,1927.0,2025-10-04,26.7,0.0,8.1,1.0322394773282777,1,False,False
401752728,2025,6,regular,2025-10-04T16:00:00.000Z,False,True,False,True,93033.0,3917,Sanford Stadium,61,Georgia,fbs,SEC,35.0,"[14, 7, 14, 0]",1.0,2033.0,2033.0,96,Kentucky,fbs,SEC,14.0,"[0, 7, 0, 7]",0.0,1513.0,1513.0,2.8258150901367185,,,,3917,Sanford Stadium,92746.0,True,False,Athens,GA,30602,US,America/New_York,33.9498197,-83.3733813,186.1120758,1929.0,2025-10-04,22.5,0.0,15.9,1.003094473077006,1,False,False
401756911,2025,6,regular,2025-10-04T16:00:00.000Z,False,True,False,True,35596.0,4727,McLane Stadium,239,Baylor,fbs,Big 12,35.0,"[3, 14, 0, 18]",0.5523378849029541,1590.0,1593.0,2306,Kansas State,fbs,Big 12,34.0,"[7, 10, 14, 3]",0.4476621150970459,1665.0,1662.0,7.944630830586239,,,,4727,McLane Stadium,45140.0,False,False,Waco,TX,76704,US,America/Chicago,31.5582015,-97.1156702,117.0538101,2014.0,2025-10-04,26.3,0.0,2.8,0.788568896765618,0,False,False
401754550,2025,6,regular,2025-10-04T16:00:00.000Z,False,True,False,True,51101.0,3752,Acrisure Stadium,221,Pittsburgh,fbs,ACC,48.0,"[10, 21, 14, 3]",0.9918763637542725,1511.0,1624.0,103,Boston College,fbs,ACC,7.0,"[0, 0, 0, 7]",0.008123636245727539,1462.0,1349.0,2.486695716920178,,,,3752,Acrisure Stadium,68400.0,True,False,Pittsburgh,PA,15260,US,America/New_York,40.4467648,-80.0157603,220.5887146,2001.0,2025-10-04,21.7,0.0,4.3,0.7470906432748537,0,False,False
401762476,2025,6,regular,2025-10-04T16:00:00.000Z,False,True,False,True,22489.0,7221,Protective Stadium,5,UAB,fbs,American Athletic,13.0,"[0, 7, 0, 6]",0.04413039609789848,1278.0,1260.0,349,Army,fbs,American Athletic,31.0,"[0, 10, 7, 14]",0.9558696039021015,1533.0,1551.0,4.306678498592513,,,,7221,Protective Stadium,45000.0,False,False,Birmingham,AL,35203,US,America/Chicago,33.5206824,-86.8024326,187,2021.0,2025-10-04,23.1,0.0,12.4,0.49975555555555556,0,False,False
401754556,2025,6,regular,2025-10-04T17:00:00.000Z,False,True,False,True,65632.0,3799,Lane Stadium,259,Virginia Tech,fbs,ACC,23.0,"[7, 7, 9, 0]",0.4085460305213928,1457.0,1439.0,154,Wake Forest,fbs,ACC,30.0,"[3, 21, 3, 3]",0.5914539694786072,1391.0,1409.0,6.575458124170345,,,,3799,Lane Stadium,65632.0,True,False,Blacksburg,VA,24061,US,America/New_York,37.2199873,-80.4180643,632.2631226,1965.0,2025-10-04,21.2,0.0,3.3,1.0,1,False,False
401762479,2025,6,regular,2025-10-04T17:00:00.000Z,False,True,False,True,12132.0,3806,Lincoln Financial Field,218,Temple,fbs,American Athletic,27.0,"[3, 0, 21, 3]",0.9132686853408813,1205.0,1228.0,2636,UTSA,fbs,American Athletic,21.0,"[7, 7, 7, 0]",0.08673131465911865,1494.0,1471.0,3.7445383852734455,,,,3806,Lincoln Financial Field,69879.0,False,False,Philadelphia,PA,19122,US,America/New_York,39.9007995,-75.1675414,3.198706865,2003.0,2025-10-04,24.8,0.0,5.4,0.17361439058944747,0,False,False
401754557,2025,6,regular,2025-10-04T18:00:00.000Z,False,True,False,False,56919.0,3670,Carter-Finley Stadium,152,NC State,fbs,ACC,56.0,"[21, 28, 7, 0]",0.9692317843437195,1488.0,1488.0,2097,Campbell,fcs,Coastal Athletic,10.0,"[7, 0, 0, 3]",0.030768215656280518,,,3.0935695521469495,,,,3670,Carter-Finley Stadium,58000.0,True,False,Raleigh,NC,27695,US,America/New_York,35.8008001,-78.7195655,117.0089951,1966.0,2025-10-04,23.5,0.0,3.2,0.9813620689655173,1,False,False
401762832,2025,6,regular,2025-10-04T18:30:00.000Z,False,True,False,True,10014.0,3985,Warren McGuirk Alumni Stadium,113,Massachusetts,fbs,Mid-American,3.0,"[3, 0, 0, 0]",0.022389713674783707,1039.0,1017.0,2711,Western Michigan,fbs,Mid-American,21.0,"[0, 7, 7, 7]",0.9776102863252163,1254.0,1276.0,4.403949342086451,,,,3985,Warren McGuirk Alumni Stadium,17000.0,False,False,Hadley,MA,1003 ,US,America/New_York,42.3773244,-72.5360595,46.58664703,1965.0,2025-10-04,24.4,0.0,5.8,0.5890588235294117,0,False,False
401756910,2025,6,regular,2025-10-04T19:00:00.000Z,False,True,False,True,40685.0,3619,Arizona Stadium,12,Arizona,fbs,Big 12,41.0,"[14, 10, 14, 3]",0.9457634687423706,1422.0,1467.0,197,Oklahoma State,fbs,Big 12,13.0,"[3, 3, 0, 7]",0.054236531257629395,1173.0,1128.0,2.707031841015566,,,,3619,Arizona Stadium,50782.0,False,False,Tucson,AZ,85721,US,America/Phoenix,32.2288054,-110.9488677,742.1530151,1928.0,2025-10-04,30.4,0.0,6.5,0.8011697058012681,0,False,False
401752857,2025,6,regular,2025-10-04T19:30:00.000Z,False,True,False,True,46185.0,3665,SECU Stadium,120,Maryland,fbs,Big Ten,20.0,"[10, 3, 7, 0]",0.3396335542201996,1574.0,1573.0,264,Washington,fbs,Big Ten,24.0,"[0, 0, 3, 21]",0.6603664457798004,1665.0,1666.0,4.668454458410852,,,,3665,SECU Stadium,51802.0,False,False,College Park,MD,20742,US,America/New_York,38.9903332,-76.9473792,32.68748093,1950.0,2025-10-04,24.2,0.0,3.8,0.8915678931315393,0,False,False
401752855,2025,6,regular,2025-10-04T19:30:00.000Z,False,True,False,True,39256.0,1056,Rose Bowl,26,UCLA,fbs,Big Ten,42.0,"[10, 17, 7, 8]",0.6434393525123596,1331.0,1373.0,213,Penn State,fbs,Big Ten,37.0,"[7, 0, 14, 16]",0.3565606474876404,2070.0,2028.0,5.385604262565175,,,,1056,Rose Bowl,88565.0,True,False,Pasadena,CA,90095,US,America/Los_Angeles,34.1613284,-118.1676462,245.1772461,1922.0,2025-10-04,21.4,0.0,4.0,0.4432450742392593,0,False,False
401752858,2025,6,regular,2025-10-04T19:30:00.000Z,False,True,False,False,12023.0,5960,Lanny and Sharon Martin Stadium,77,Northwestern,fbs,Big Ten,42.0,"[7, 11, 21, 3]",0.9911018013954163,1411.0,1478.0,2433,UL Monroe,fbs,Sun Belt,7.0,"[7, 0, 0, 0]",0.00889819860458374,1168.0,1101.0,3.3367463399414543,,,,5960,Lanny and Sharon Martin Stadium,12023.0,False,False,Evanston,IL,60208,US,America/Chicago,42.058246,-87.670876,179,1997.0,2025-10-04,30.1,0.0,15.7,1.0,1,False,False
401762829,2025,6,regular,2025-10-04T19:30:00.000Z,False,True,False,True,8995.0,3768,InfoCision Stadium,2006,Akron,fbs,Mid-American,28.0,"[0, 14, 14, 0]",0.6349771022796631,995.0,1009.0,2117,Central Michigan,fbs,Mid-American,22.0,"[3, 7, 3, 9]",0.3650228977203369,1124.0,1110.0,5.048822755088203,,,,3768,InfoCision Stadium,30000.0,False,False,Akron,OH,44399,US,America/New_York,41.0725534,-81.5083408,321.2875061,2009.0,2025-10-04,28.6,0.0,4.6,0.29983333333333334,0,False,False
401762873,2025,6,regular,2025-10-04T19:30:00.000Z,False,True,False,True,13827.0,3764,Huskie Stadium,2459,Northern Illinois,fbs,Mid-American,14.0,"[14, 0, 0, 0]",0.05484992265701294,1375.0,1356.0,193,Miami (OH),fbs,Mid-American,25.0,"[0, 10, 12, 3]",0.9451500773429871,1430.0,1449.0,4.53942701175636,,,,3764,Huskie Stadium,23595.0,False,False,DeKalb,IL,60115,US,America/Chicago,41.9339586,-88.7778357,267.4530029,1965.0,2025-10-04,28.8,0.0,22.0,0.586013986013986,0,False,False
401752727,2025,6,regular,2025-10-04T19:30:00.000Z,False,True,False,True,90714.0,3634,Ben Hill Griffin Stadium,57,Florida,fbs,SEC,29.0,"[10, 9, 10, 0]",0.9032769799232483,1629.0,1665.0,251,Texas,fbs,SEC,21.0,"[0, 7, 7, 7]",0.09672302007675171,1972.0,1936.0,3.328666311999717,,,,3634,Ben Hill Griffin Stadium,88548.0,True,False,Gainesville,FL,32653,US,America/New_York,29.6499357,-82.3485788,44.97250748,1930.0,2025-10-04,28.7,0.5,22.5,1.024461309120477,1,False,False
401762831,2025,6,regular,2025-10-04T19:30:00.000Z,False,True,False,True,17300.0,3965,UB Stadium,2084,Buffalo,fbs,Mid-American,31.0,"[7, 7, 7, 3, 7]",0.3499263525009155,1382.0,1377.0,2199,Eastern Michigan,fbs,Mid-American,30.0,"[7, 7, 7, 3, 6]",0.6500736474990845,1193.0,1198.0,10.583398660904624,,,,3965,UB Stadium,30270.0,False,False,Amherst,NY,14260,US,America/New_York,42.9991334,-78.7775113,181.5759735,1993.0,2025-10-04,26.0,0.0,6.8,0.5715229600264288,0,False,False
401757165,2025,6,regular,2025-10-04T19:30:00.000Z,False,True,False,False,77622.0,3855,Notre Dame Stadium,87,Notre Dame,fbs,FBS Independents,28.0,"[6, 8, 7, 7]",1.0,2195.0,2194.0,68,Boise State,fbs,Mountain West,7.0,"[0, 7, 0, 0]",0.0,1653.0,1654.0,4.003611025708899,,,,3855,Notre Dame Stadium,80795.0,False,False,Notre Dame,IN,46556,US,America/Indiana/Indianapolis,41.698378,-86.2339425,222.645401,1930.0,2025-10-04,29.5,0.0,12.7,0.9607277678074139,1,False,False
401752940,2025,6,regular,2025-10-04T19:30:00.000Z,False,True,False,False,35021.0,3792,Kidd Brewer Stadium,2026,App State,fbs,Sun Belt,27.0,"[17, 0, 10, 0]",0.8085228800773621,1324.0,1326.0,204,Oregon State,fbs,Pac-12,23.0,"[0, 14, 7, 2]",0.19147711992263794,1304.0,1302.0,5.490605485805172,,,,3792,Kidd Brewer Stadium,30000.0,False,False,Boone,NC,28608,US,America/New_York,36.2114267,-81.6854278,991.3414307,1962.0,2025-10-04,19.0,0.0,7.6,1.1673666666666667,1,False,False
401754554,2025,6,regular,2025-10-04T19:30:00.000Z,False,True,False,True,50032.0,3873,L&N Federal Credit Union Stadium,97,Louisville,fbs,ACC,27.0,"[7, 7, 0, 10, 3]",0.7687817215919495,1750.0,1735.0,258,Virginia,fbs,ACC,30.0,"[7, 7, 10, 0, 6]",0.23121827840805054,1578.0,1593.0,9.702094358757874,,,,3873,L&N Federal Credit Union Stadium,60000.0,False,False,Louisville,KY,40292,US,America/Kentucky/Louisville,38.2057621,-85.7588141,138.5615997,1998.0,2025-10-04,27.3,0.0,6.2,0.8338666666666666,0,False,False
401752726,2025,6,regular,2025-10-04T19:30:00.000Z,False,True,False,True,100077.0,3657,Bryant-Denny Stadium,333,Alabama,fbs,SEC,30.0,"[0, 14, 6, 10]",0.9804922938346863,1958.0,1974.0,238,Vanderbilt,fbs,SEC,14.0,"[7, 7, 0, 0]",0.01950770616531372,1758.0,1742.0,4.929460919889916,,,,3657,Bryant-Denny Stadium,101821.0,True,False,Tuscaloosa,AL,35487,US,America/Chicago,33.2082752,-87.5503836,70.05136108,1929.0,2025-10-04,28.5,0.0,12.3,0.9828719026526944,1,False,False
401754555,2025,6,regular,2025-10-04T19:30:00.000Z,False,True,False,True,34845.0,3735,Gerald J. Ford Stadium,2567,SMU,fbs,ACC,31.0,"[3, 21, 0, 7]",0.9218617081642151,1691.0,1695.0,183,Syracuse,fbs,ACC,18.0,"[0, 3, 0, 15]",0.07813829183578491,1426.0,1422.0,2.9473198489980983,,,,3735,Gerald J. Ford Stadium,32000.0,False,False,University Park,TX,75275,US,America/Chicago,32.8377223,-96.7827859,169.4058075,2000.0,2025-10-04,30.3,0.0,9.2,1.08890625,1,False,False
401761618,2025,6,regular,2025-10-04T19:30:00.000Z,False,True,False,True,19256.0,4246,Center Parc Stadium,2247,Georgia State,fbs,Sun Belt,7.0,"[7, 0, 0, 0]",0.4305460453033447,1126.0,1150.0,256,James Madison,fbs,Sun Belt,14.0,"[0, 0, 7, 7]",0.5694539546966553,1669.0,1645.0,4.209128497176163,,,,4246,Center Parc Stadium,25000.0,False,False,Atlanta,GA,30315,US,America/New_York,33.735267,-84.389949,287,2017.0,2025-10-04,24.7,0.0,15.6,0.77024,0,False,False
401757171,2025,6,regular,2025-10-04T19:30:00.000Z,False,True,False,False,27310.0,3892,Pratt & Whitney Stadium,41,UConn,fbs,FBS Independents,51.0,"[14, 13, 17, 7]",0.9888136386871338,1437.0,1541.0,2229,Florida International,fbs,Conference USA,10.0,"[0, 3, 0, 7]",0.011186361312866211,1320.0,1216.0,2.7682177131520103,,,,3892,Pratt & Whitney Stadium,40000.0,True,False,East Hartford,CT,6118 ,US,America/New_York,41.7595675,-72.6187728,6.515614986,2003.0,2025-10-04,25.3,0.0,2.4,0.68275,0,False,False
401752860,2025,6,regular,2025-10-04T20:00:00.000Z,False,True,False,True,86496.0,3834,"Memorial Stadium (Lincoln, NE)",158,Nebraska,fbs,Big Ten,38.0,"[14, 0, 7, 17]",0.6233457922935486,1703.0,1702.0,127,Michigan State,fbs,Big Ten,27.0,"[0, 7, 14, 6]",0.3766542077064514,1414.0,1415.0,4.799806501970732,,,,3834,"Memorial Stadium (Lincoln, NE)",85458.0,False,False,Lincoln,NE,68588,US,America/Chicago,40.820682,-96.705594,354.9318848,1923.0,2025-10-04,28.9,0.0,27.6,1.012146317489293,1,False,False
401752729,2025,6,regular,2025-10-04T20:00:00.000Z,False,True,False,False,83016.0,3835,"Memorial Stadium (Norman, OK)",201,Oklahoma,fbs,SEC,44.0,"[10, 13, 21, 0]",0.9927051663398743,1748.0,1769.0,2309,Kent State,fbs,Mid-American,0.0,"[0, 0, 0, 0]",0.007294833660125732,859.0,838.0,2.256360267230515,,,,3835,"Memorial Stadium (Norman, OK)",86112.0,True,False,Norman,OK,73019,US,America/Chicago,35.2058537,-97.4423145,355.0962524,1925.0,2025-10-04,28.8,0.0,20.7,0.9640468227424749,1,False,False
401761620,2025,6,regular,2025-10-04T20:00:00.000Z,False,True,False,True,15841.0,3625,Centennial Bank Stadium,2032,Arkansas State,fbs,Sun Belt,31.0,"[7, 3, 0, 21]",0.6875132918357849,1213.0,1224.0,326,Texas State,fbs,Sun Belt,30.0,"[7, 3, 0, 20]",0.3124867081642151,1590.0,1579.0,7.976827137552203,,,,3625,Centennial Bank Stadium,30382.0,False,False,Jonesboro,AR,72404,US,America/Chicago,35.8488977,-90.6677436,89.52690887,1974.0,2025-10-04,26.5,0.0,11.7,0.5213942465933776,0,False,False
401761619,2025,6,regular,2025-10-04T22:00:00.000Z,False,True,False,True,20895.0,3918,S.B. Ballard Stadium,295,Old Dominion,fbs,Sun Belt,47.0,"[10, 24, 10, 3]",0.9817699790000916,1551.0,1628.0,324,Coastal Carolina,fbs,Sun Belt,7.0,"[0, 0, 0, 7]",0.018230020999908447,1259.0,1182.0,2.0492652937190687,,,,3918,S.B. Ballard Stadium,20118.0,False,False,Norfolk,VA,23551,US,America/New_York,36.8889533,-76.3049175,3.147987843,1936.0,2025-10-04,20.1,0.0,6.9,1.0386221294363256,1,False,False
401762477,2025,6,regular,2025-10-04T23:00:00.000Z,False,True,False,True,22999.0,3895,Rice Stadium,242,Rice,fbs,American Athletic,21.0,"[7, 0, 7, 7]",0.4553762972354889,1291.0,1273.0,2226,Florida Atlantic,fbs,American Athletic,27.0,"[14, 3, 7, 3]",0.5446237027645111,1201.0,1219.0,3.6297493058176755,,,,3895,Rice Stadium,47000.0,False,False,Houston,TX,77251,US,America/Chicago,29.7163297,-95.4093261,7.148301601,1950.0,2025-10-04,29.8,0.0,11.3,0.48934042553191487,0,False,False
401761621,2025,6,regular,2025-10-04T23:00:00.000Z,False,True,False,True,28035.0,3975,Veterans Memorial Stadium (AL),2653,Troy,fbs,Sun Belt,31.0,"[7, 7, 7, 3, 7]",0.8889092803001404,1438.0,1447.0,6,South Alabama,fbs,Sun Belt,24.0,"[7, 0, 10, 7, 0]",0.11109071969985962,1430.0,1421.0,7.5309253915796495,,,,3975,Veterans Memorial Stadium (AL),30000.0,False,False,Troy,AL,36082,US,America/Chicago,31.7995565,-85.9518328,154.7746277,1950.0,2025-10-04,26.0,0.0,16.8,0.9345,1,False,False
401760385,2025,6,regular,2025-10-04T23:00:00.000Z,False,True,False,True,19861.0,3984,War Memorial Stadium,2751,Wyoming,fbs,Mountain West,17.0,"[3, 0, 7, 7]",0.0,1326.0,1321.0,2439,UNLV,fbs,Mountain West,31.0,"[17, 7, 0, 7]",1.0,1622.0,1627.0,3.254392040823553,,,,3984,War Memorial Stadium,29181.0,False,False,Laramie,WY,82071,US,America/Denver,41.31161,-105.5681384,2200.153564,1950.0,2025-10-04,10.4,0.0,0.2,0.6806140982145917,0,False,False
401756913,2025,6,regular,2025-10-04T23:00:00.000Z,False,True,False,True,42806.0,4728,TDECU Stadium,248,Houston,fbs,Big 12,11.0,"[3, 8, 0, 0]",0.0017014285549521446,1490.0,1456.0,2641,Texas Tech,fbs,Big 12,35.0,"[15, 10, 3, 7]",0.9982985714450479,1751.0,1785.0,4.3021884566467214,,,,4728,TDECU Stadium,40000.0,False,False,Houston,TX,77004,US,America/Chicago,29.7219885,-95.3491623,9.57440567,2014.0,2025-10-04,29.7,0.0,11.4,1.07015,1,False,False
401754553,2025,6,regular,2025-10-04T23:30:00.000Z,False,True,False,True,67277.0,3697,Doak Campbell Stadium,52,Florida State,fbs,ACC,22.0,"[3, 0, 0, 19]",0.0358876995742321,1564.0,1573.0,2390,Miami,fbs,ACC,28.0,"[7, 7, 14, 0]",0.9641123004257679,1852.0,1843.0,4.2630519356314,,,,3697,Doak Campbell Stadium,67277.0,True,False,Tallahassee,FL,32306,US,America/New_York,30.4381692,-84.3044032,19.55942535,1950.0,2025-10-04,27.4,0.0,15.9,1.0,1,False,False
401756915,2025,6,regular,2025-10-04T23:30:00.000Z,False,True,False,True,43229.0,3652,FBC Mortgage Stadium,2116,UCF,fbs,Big 12,20.0,"[7, 13, 0, 0]",0.07477742433547974,1579.0,1572.0,2305,Kansas,fbs,Big 12,27.0,"[0, 14, 13, 0]",0.9252225756645203,1664.0,1671.0,5.384533111657922,,,,3652,FBC Mortgage Stadium,44206.0,True,False,Orlando,FL,32816,US,America/New_York,28.6079765,-81.1927233,20.94113731,2007.0,2025-10-04,24.9,0.0,13.9,0.9778989277473646,1,False,False
401756914,2025,6,regular,2025-10-04T23:30:00.000Z,False,True,False,True,43160.0,3616,Amon G. Carter Stadium,2628,TCU,fbs,Big 12,35.0,"[0, 14, 0, 21]",0.9767547249794006,1732.0,1751.0,38,Colorado,fbs,Big 12,21.0,"[0, 14, 0, 7]",0.023245275020599365,1618.0,1599.0,7.391437085165478,,,,3616,Amon G. Carter Stadium,46000.0,True,False,Fort Worth,TX,76129,US,America/Chicago,32.7096604,-97.3680835,185.4387054,1929.0,2025-10-04,29.4,0.0,14.1,0.9382608695652174,1,False,False
401752730,2025,6,regular,2025-10-04T23:30:00.000Z,False,True,False,True,108572.0,3795,Kyle Field,245,Texas A&M,fbs,SEC,31.0,"[0, 7, 7, 17]",0.9942386746406555,1753.0,1782.0,344,Mississippi State,fbs,SEC,9.0,"[3, 0, 0, 6]",0.005761325359344482,1523.0,1494.0,3.4951418576507356,,,,3795,Kyle Field,102733.0,True,False,College Station,TX,77843,US,America/Chicago,30.6098891,-96.3403828,108.824585,1927.0,2025-10-04,30.6,0.0,16.2,1.0568366542396308,1,False,False
401752859,2025,6,regular,2025-10-04T23:30:00.000Z,False,True,False,True,105114.0,3861,Ohio Stadium,194,Ohio State,fbs,Big Ten,42.0,"[7, 14, 7, 14]",0.9900946021080017,2021.0,2078.0,135,Minnesota,fbs,Big Ten,3.0,"[3, 0, 0, 0]",0.009905397891998291,1594.0,1537.0,2.2398531878981753,,,,3861,Ohio Stadium,102780.0,False,False,Columbus,OH,43210,US,America/New_York,40.0016447,-83.0197266,216.6770325,1922.0,2025-10-04,23.9,0.0,6.0,1.0227086981903093,1,False,False
401762478,2025,6,regular,2025-10-05T00:00:00.000Z,False,True,False,True,27303.0,3805,Simmons Bank Liberty Stadium,235,Memphis,fbs,American Athletic,45.0,"[7, 21, 10, 7]",0.9879499673843384,1689.0,1723.0,202,Tulsa,fbs,American Athletic,7.0,"[0, 7, 0, 0]",0.012050032615661621,1079.0,1045.0,3.022417484440957,,,,3805,Simmons Bank Liberty Stadium,58325.0,False,False,Memphis,TN,38152,US,America/Chicago,35.1209429,-89.977147,90.62445831,1965.0,2025-10-05,25.3,0.0,8.6,0.46811830261465925,0,False,False
401754551,2025,6,regular,2025-10-05T02:30:00.000Z,False,True,False,True,42240.0,3831,California Memorial Stadium,25,California,fbs,ACC,21.0,"[14, 7, 0, 0]",0.00967482291162014,1455.0,1408.0,150,Duke,fbs,ACC,45.0,"[7, 24, 0, 14]",0.9903251770883799,1598.0,1645.0,4.772030131847419,,,,3831,California Memorial Stadium,62467.0,False,False,Berkeley,CA,94720,US,America/Los_Angeles,37.8710434,-122.2507729,125.3108063,1923.0,2025-10-05,16.0,0.0,7.1,0.6761970320329134,0,False,False
401760383,2025,6,regular,2025-10-05T02:30:00.000Z,False,True,False,True,40005.0,3660,Valley Children's Stadium,278,Fresno State,fbs,Mountain West,20.0,"[0, 20, 0, 0]",0.9091994166374207,1510.0,1508.0,2440,Nevada,fbs,Mountain West,17.0,"[3, 0, 7, 7]",0.09080058336257935,1257.0,1259.0,5.041799954848204,,,,3660,Valley Children's Stadium,41031.0,False,False,Fresno,CA,93740,US,America/Los_Angeles,36.8143527,-119.7580092,102.564064,1980.0,2025-10-05,22.8,0.0,5.6,0.974994516341303,1,False,False
401757278,2025,7,regular,2025-10-08T23:30:00.000Z,False,True,False,True,9806.0,3725,"Johnny ""Red"" Floyd Stadium",2393,Middle Tennessee,fbs,Conference USA,20.0,"[3, 10, 0, 7]",0.1189020425081253,1175.0,1181.0,2623,Missouri State,fbs,Conference USA,22.0,"[0, 16, 3, 3]",0.8810979574918747,1335.0,1329.0,6.335220540226636,,,,3725,"Johnny ""Red"" Floyd Stadium",30788.0,False,False,Murfreesboro,TN,37132,US,America/Chicago,35.8511463,-86.3681649,191.7279816,1933.0,2025-10-08,20.7,0.0,15.8,0.3185007145641159,0,False,False
401757277,2025,7,regular,2025-10-09T00:00:00.000Z,False,True,False,True,9286.0,3946,Sun Bowl,2638,UTEP,fbs,Conference USA,8.0,"[0, 0, 0, 8]",0.0,1205.0,1200.0,2335,Liberty,fbs,Conference USA,19.0,"[7, 6, 6, 0]",1.0,1421.0,1426.0,3.2463058882707863,,,,3946,Sun Bowl,51500.0,False,False,El Paso,TX,79968,US,America/Denver,31.7733353,-106.507957,1183.697876,1963.0,2025-10-09,26.7,0.0,17.0,0.18031067961165048,0,False,False
401757280,2025,7,regular,2025-10-09T23:00:00.000Z,False,True,False,True,9585.0,4899,Fifth Third Stadium,338,Kennesaw State,fbs,Conference USA,35.0,"[0, 14, 7, 14]",0.9933742880821228,1223.0,1332.0,2348,Louisiana Tech,fbs,Conference USA,7.0,"[7, 0, 0, 0]",0.006625711917877197,1490.0,1381.0,3.4898260862460013,,,,4899,Fifth Third Stadium,11040.0,True,False,Kennesaw,GA,30144,US,America/New_York,34.0289318,-84.5676234,296.9589844,2010.0,2025-10-09,19.6,0.0,11.3,0.8682065217391305,0,False,False
401762480,2025,7,regular,2025-10-09T23:30:00.000Z,False,True,False,True,20035.0,4729,Yulman Stadium,2655,Tulane,fbs,American Athletic,26.0,"[3, 9, 0, 14]",0.8662735819816589,1572.0,1580.0,151,East Carolina,fbs,American Athletic,19.0,"[0, 0, 16, 3]",0.13372641801834106,1548.0,1540.0,5.097665639948918,,,,4729,Yulman Stadium,30000.0,False,False,New Orleans,LA,70118,US,America/Chicago,29.944616,-90.116692,0.0000000000000000000000000000000000000118,2014.0,2025-10-09,28.3,0.0,4.2,0.6678333333333333,0,False,False
401761622,2025,7,regular,2025-10-10T00:00:00.000Z,False,True,False,True,20032.0,3608,Allen E. Paulson Stadium,290,Georgia Southern,fbs,Sun Belt,35.0,"[7, 0, 14, 14]",0.05019142106175423,1324.0,1316.0,2572,Southern Miss,fbs,Sun Belt,38.0,"[7, 21, 7, 3]",0.9498085789382458,1265.0,1273.0,6.0306831730253965,,,,3608,Allen E. Paulson Stadium,25000.0,False,False,Statesboro,GA,30460,US,America/New_York,32.4122471,-81.7849296,61.25376892,1984.0,2025-10-10,19.6,0.0,15.1,0.80128,0,False,False
401757279,2025,7,regular,2025-10-10T00:00:00.000Z,False,True,True,True,5419.0,3631,BBVA Compass Stadium,2534,Sam Houston,fbs,Conference USA,27.0,"[0, 14, 7, 6]",0.4215710461139679,1161.0,1173.0,55,Jacksonville State,fbs,Conference USA,29.0,"[7, 10, 0, 12]",0.5784289538860321,1529.0,1517.0,7.2093854505096235,,,,3631,BBVA Compass Stadium,22000.0,True,False,Houston,TX,77003,US,America/Chicago,29.7521988,-95.3524146,13.68128395,2012.0,2025-10-10,30.8,0.0,8.6,0.24631818181818183,,False,False
401762481,2025,7,regular,2025-10-10T23:30:00.000Z,False,True,False,True,31386.0,3825,DATCU Stadium,249,North Texas,fbs,American Athletic,36.0,"[14, 7, 7, 8]",0.0013628927990794182,1616.0,1530.0,58,South Florida,fbs,American Athletic,63.0,"[7, 14, 28, 14]",0.9986371072009206,1521.0,1607.0,5.324575969232542,,,,3825,DATCU Stadium,30850.0,False,False,Denton,TX,76210,US,America/Chicago,33.203899,-97.159245,198.6871948,2011.0,2025-10-10,29.2,0.0,6.0,1.0173743922204215,1,False,False
401752862,2025,7,regular,2025-10-11T01:00:00.000Z,False,True,False,True,63743.0,3765,Husky Stadium,264,Washington,fbs,Big Ten,38.0,"[0, 10, 21, 7]",0.9742462038993835,1666.0,1701.0,164,Rutgers,fbs,Big Ten,19.0,"[10, 3, 6, 0]",0.025753796100616455,1582.0,1547.0,6.099229154473839,,,,3765,Husky Stadium,70138.0,False,False,Seattle,WA,98195,US,America/Los_Angeles,47.6503235,-122.3015746,11.65622807,1920.0,2025-10-11,15.0,0.0,12.7,0.9088226068607602,1,False,False
401760388,2025,7,regular,2025-10-11T01:00:00.000Z,False,True,False,True,27874.0,5388,Canvas Stadium,36,Colorado State,fbs,Mountain West,49.0,"[14, 21, 0, 14]",0.9976986050605774,1281.0,1384.0,278,Fresno State,fbs,Mountain West,21.0,"[0, 14, 7, 0]",0.0023013949394226074,1508.0,1405.0,3.3412158647561894,,,,5388,Canvas Stadium,36500.0,False,False,Fort Collins,CO,80521,US,America/Denver,40.570015,-105.088435,1528.4,2017.0,2025-10-11,15.1,0.0,0.9,0.7636712328767123,0,False,False
401752734,2025,7,regular,2025-10-11T16:00:00.000Z,False,True,False,True,57321.0,3838,Memorial Stadium,142,Missouri,fbs,SEC,24.0,"[7, 3, 7, 7]",0.12980933487415314,1781.0,1788.0,333,Alabama,fbs,SEC,27.0,"[7, 10, 3, 7]",0.8701906651258469,1974.0,1967.0,6.769031039615297,,,,3838,Memorial Stadium,71168.0,False,False,Columbia,MO,65211,US,America/Chicago,38.9358491,-92.3332009,212.6865692,1927.0,2025-10-11,19.5,0.0,4.5,0.8054322167266187,0,False,False
401762835,2025,7,regular,2025-10-11T16:00:00.000Z,False,True,False,True,24000.0,3700,Doyt L. Perry Stadium,189,Bowling Green,fbs,Mid-American,28.0,"[0, 7, 7, 14]",0.6695540547370911,1411.0,1422.0,2649,Toledo,fbs,Mid-American,23.0,"[14, 7, 0, 2]",0.33044594526290894,1562.0,1551.0,4.618460980246395,,,,3700,Doyt L. Perry Stadium,24000.0,False,False,Bowling Green,OH,43403,US,America/New_York,41.3780114,-83.6225,205.9057465,1966.0,2025-10-11,17.1,0.0,10.1,1.0,1,False,False
401756920,2025,7,regular,2025-10-11T16:00:00.000Z,False,True,False,True,44941.0,3646,Boone Pickens Stadium,197,Oklahoma State,fbs,Big 12,17.0,"[7, 3, 0, 7]",0.020953290164470673,1128.0,1107.0,248,Houston,fbs,Big 12,39.0,"[10, 14, 12, 3]",0.9790467098355293,1456.0,1477.0,4.179605229194508,,,,3646,Boone Pickens Stadium,55509.0,False,False,Stillwater,OK,74078,US,America/Chicago,36.125673,-97.066513,276.4808655,1919.0,2025-10-11,24.7,0.0,6.2,0.8096164585923004,0,False,False
401761625,2025,7,regular,2025-10-11T16:00:00.000Z,False,True,False,True,,3651,Bridgeforth Stadium,256,James Madison,fbs,Sun Belt,24.0,"[0, 7, 7, 10]",0.9947808980941772,1645.0,1643.0,309,Louisiana,fbs,Sun Belt,14.0,"[0, 14, 0, 0]",0.005219101905822754,1367.0,1369.0,5.265986701294481,,,,3651,Bridgeforth Stadium,24877.0,False,False,Harrisonburg,VA,22807,US,America/New_York,38.4352919,-78.8729349,399.303009,1975.0,2025-10-11,14.8,0.0,2.8,,,True,False
401754559,2025,7,regular,2025-10-11T16:00:00.000Z,False,True,False,True,65256.0,3697,Doak Campbell Stadium,52,Florida State,fbs,ACC,31.0,"[7, 14, 3, 7]",0.2889930009841919,1573.0,1572.0,221,Pittsburgh,fbs,ACC,34.0,"[7, 7, 7, 13]",0.7110069990158081,1624.0,1625.0,7.152016154781661,,,,3697,Doak Campbell Stadium,67277.0,True,False,Tallahassee,FL,32306,US,America/New_York,30.4381692,-84.3044032,19.55942535,1950.0,2025-10-11,23.0,0.0,16.3,0.9699600160530345,1,False,False
401752865,2025,7,regular,2025-10-11T16:00:00.000Z,False,True,False,True,60670.0,3832,"Memorial Stadium (Champaign, IL)",356,Illinois,fbs,Big Ten,16.0,"[0, 3, 7, 6]",0.03809349611401558,1585.0,1589.0,194,Ohio State,fbs,Big Ten,34.0,"[10, 10, 7, 7]",0.9619065038859844,2078.0,2074.0,3.495212533410147,,,,3832,"Memorial Stadium (Champaign, IL)",60670.0,False,False,Champaign,IL,61820,US,America/Chicago,40.0993268,-88.2359569,223.2471619,1923.0,2025-10-11,19.3,0.0,12.0,1.0,1,False,False
401754561,2025,7,regular,2025-10-11T16:00:00.000Z,False,True,False,True,30654.0,3735,Gerald J. Ford Stadium,2567,SMU,fbs,ACC,34.0,"[7, 10, 7, 10]",0.9821944832801819,1695.0,1709.0,24,Stanford,fbs,ACC,10.0,"[0, 7, 3, 0]",0.017805516719818115,1255.0,1241.0,3.0702369618575003,,,,3735,Gerald J. Ford Stadium,32000.0,False,False,University Park,TX,75275,US,America/Chicago,32.8377223,-96.7827859,169.4058075,2000.0,2025-10-11,26.0,0.0,3.7,0.9579375,1,False,False
401762833,2025,7,regular,2025-10-11T16:00:00.000Z,False,True,False,True,6575.0,3768,InfoCision Stadium,2006,Akron,fbs,Mid-American,7.0,"[0, 0, 0, 7]",0.0,1009.0,1018.0,193,Miami (OH),fbs,Mid-American,20.0,"[0, 3, 14, 3]",1.0,1449.0,1440.0,3.3376481574054546,,,,3768,InfoCision Stadium,30000.0,False,False,Akron,OH,44399,US,America/New_York,41.0725534,-81.5083408,321.2875061,2009.0,2025-10-11,17.9,0.1,7.7,0.21916666666666668,0,False,False
401752863,2025,7,regular,2025-10-11T16:00:00.000Z,False,True,False,True,72109.0,3936,Spartan Stadium,127,Michigan State,fbs,Big Ten,13.0,"[7, 0, 0, 6]",0.0009458241984248161,1415.0,1343.0,26,UCLA,fbs,Big Ten,38.0,"[10, 14, 14, 0]",0.9990541758015752,1373.0,1445.0,3.6543543575854267,,,,3936,Spartan Stadium,75005.0,True,False,East Lansing,MI,48824,US,America/Detroit,42.7281474,-84.4848526,254.8794861,1923.0,2025-10-11,14.6,0.0,14.0,0.9613892407172855,1,False,False
401762483,2025,7,regular,2025-10-11T16:00:00.000Z,False,True,False,True,31172.0,3841,Michie Stadium,349,Army,fbs,American Athletic,24.0,"[7, 10, 7, 0]",0.9966606497764587,1551.0,1552.0,2429,Charlotte,fbs,American Athletic,7.0,"[0, 0, 0, 7]",0.0033393502235412598,1144.0,1143.0,2.2951208124148885,,,,3841,Michie Stadium,38000.0,False,False,West Point,NY,10996,US,America/New_York,41.3874924,-73.9640891,99.21277618,1924.0,2025-10-11,15.2,0.0,7.3,0.8203157894736842,0,False,False
401756917,2025,7,regular,2025-10-11T16:00:00.000Z,False,True,False,True,35782.0,3854,Nippert Stadium,2132,Cincinnati,fbs,Big 12,20.0,"[7, 10, 0, 3]",0.975276529788971,1541.0,1558.0,2116,UCF,fbs,Big 12,11.0,"[0, 3, 0, 8]",0.024723470211029053,1572.0,1555.0,2.636105198957938,,,,3854,Nippert Stadium,40000.0,False,False,Cincinnati,OH,45221,US,America/New_York,39.1312495,-84.5161913,230.0660553,1915.0,2025-10-11,18.0,0.0,3.9,0.89455,0,False,False
401752733,2025,7,regular,2025-10-11T16:45:00.000Z,False,True,False,False,66392.0,3974,Vaught-Hemingway Stadium,145,Ole Miss,fbs,SEC,24.0,"[0, 10, 7, 7]",0.8845190405845642,1977.0,1971.0,265,Washington State,fbs,Pac-12,21.0,"[7, 0, 7, 7]",0.11548095941543579,1355.0,1361.0,5.373502448379028,,,,3974,Vaught-Hemingway Stadium,64038.0,True,False,Oxford,MS,38677,US,America/Chicago,34.3619837,-89.5342076,146.8517151,1915.0,2025-10-11,23.3,0.0,3.6,1.0367594240919453,1,False,False
401762836,2025,7,regular,2025-10-11T17:00:00.000Z,False,True,False,True,15676.0,3912,Rynearson Stadium,2199,Eastern Michigan,fbs,Mid-American,16.0,"[3, 3, 0, 10]",0.9610708355903625,1198.0,1213.0,2459,Northern Illinois,fbs,Mid-American,10.0,"[0, 3, 7, 0]",0.03892916440963745,1356.0,1341.0,4.819976326098797,,,,3912,Rynearson Stadium,30200.0,False,False,Ypsilanti,MI,48197,US,America/Detroit,42.256126,-83.647285,241.248764,1969.0,2025-10-11,15.3,0.0,11.9,0.5190728476821193,0,False,False
401762837,2025,7,regular,2025-10-11T18:30:00.000Z,False,True,False,True,11523.0,3696,Dix Stadium,2309,Kent State,fbs,Mid-American,42.0,"[14, 7, 21, 0]",0.9943628311157227,838.0,966.0,113,Massachusetts,fbs,Mid-American,6.0,"[0, 6, 0, 0]",0.005637168884277344,1017.0,889.0,1.8487384351500182,,,,3696,Dix Stadium,25319.0,False,False,Kent,OH,44242,US,America/New_York,41.1390935,-81.31346,321.3641663,1969.0,2025-10-11,19.1,0.0,9.9,0.45511276116750266,0,False,False
401754563,2025,7,regular,2025-10-11T19:30:00.000Z,False,True,False,False,29710.0,3893,Reser Stadium,204,Oregon State,fbs,Pac-12,14.0,"[0, 0, 0, 14]",0.07040251791477203,1302.0,1248.0,154,Wake Forest,fbs,ACC,39.0,"[15, 10, 7, 7]",0.929597482085228,1409.0,1463.0,3.0025001196704193,,,,3893,Reser Stadium,43363.0,False,False,Corvallis,OR,97331,US,America/Los_Angeles,44.5594559,-123.2814341,66.90744781,1953.0,2025-10-11,14.4,0.2,13.2,0.6851463229020133,0,False,False
401754562,2025,7,regular,2025-10-11T19:30:00.000Z,False,True,False,False,77622.0,3855,Notre Dame Stadium,87,Notre Dame,fbs,FBS Independents,36.0,"[7, 3, 14, 12]",0.9864176511764526,2194.0,2196.0,152,NC State,fbs,ACC,7.0,"[0, 7, 0, 0]",0.013582348823547363,1489.0,1487.0,4.13579605947671,,,,3855,Notre Dame Stadium,80795.0,False,False,Notre Dame,IN,46556,US,America/Indiana/Indianapolis,41.698378,-86.2339425,222.645401,1930.0,2025-10-11,17.4,0.0,10.0,0.9607277678074139,1,False,False
401756919,2025,7,regular,2025-10-11T19:30:00.000Z,False,True,False,True,51316.0,3636,Bill Snyder Family Stadium,2306,Kansas State,fbs,Big 12,41.0,"[0, 14, 14, 13]",0.9988245368003845,1662.0,1695.0,2628,TCU,fbs,Big 12,28.0,"[0, 7, 7, 14]",0.0011754631996154785,1751.0,1718.0,4.311708038251212,,,,3636,Bill Snyder Family Stadium,50000.0,False,False,Manhattan,KS,66502,US,America/Chicago,39.2020096,-96.5938395,328.0574646,1968.0,2025-10-11,26.4,0.0,21.3,1.02632,1,False,False
401756918,2025,7,regular,2025-10-11T19:30:00.000Z,False,True,False,True,52698.0,3726,Folsom Field,38,Colorado,fbs,Big 12,24.0,"[7, 0, 14, 3]",0.9795348048210144,1599.0,1611.0,66,Iowa State,fbs,Big 12,17.0,"[0, 10, 7, 0]",0.020465195178985596,1634.0,1622.0,5.620581706607601,,,,3726,Folsom Field,50183.0,True,False,Boulder,CO,80309,US,America/Denver,40.0094746,-105.266905,1634.041138,1924.0,2025-10-11,17.3,0.0,4.9,1.0501165733415698,1,False,False
401760386,2025,7,regular,2025-10-11T19:30:00.000Z,False,True,False,True,32932.0,6501,Allegiant Stadium,2439,UNLV,fbs,Mountain West,51.0,"[7, 6, 16, 22]",0.7981698513031006,1627.0,1625.0,2005,Air Force,fbs,Mountain West,48.0,"[7, 14, 7, 20]",0.20183014869689941,1352.0,1354.0,9.358486001155997,,,,6501,Allegiant Stadium,65000.0,False,True,Las Vegas,NV,89118,US,America/Los_Angeles,36.09075,-115.183722,666,2020.0,2025-10-11,28.2,0.0,16.8,0.5066461538461539,0,False,False
401754560,2025,7,regular,2025-10-11T19:30:00.000Z,False,True,False,True,50878.0,721,Bobby Dodd Stadium,59,Georgia Tech,fbs,ACC,35.0,"[15, 6, 7, 7]",0.9663555026054382,1568.0,1588.0,259,Virginia Tech,fbs,ACC,20.0,"[0, 7, 7, 6]",0.03364449739456177,1439.0,1419.0,2.3769529767711317,,,,721,Bobby Dodd Stadium,55000.0,False,False,Atlanta,GA,30332,US,America/New_York,33.7724449,-84.3928054,279.300415,1913.0,2025-10-11,23.6,0.0,9.7,0.9250545454545455,1,False,False
401762834,2025,7,regular,2025-10-11T19:30:00.000Z,False,True,False,True,20032.0,3980,Waldo Stadium,2711,Western Michigan,fbs,Mid-American,42.0,"[7, 14, 7, 14]",0.994542121887207,1276.0,1379.0,2050,Ball State,fbs,Mid-American,0.0,"[0, 0, 0, 0]",0.005457878112792969,1131.0,1028.0,2.4716812597707336,,,,3980,Waldo Stadium,30200.0,False,False,Kalamazoo,MI,49008,US,America/Detroit,42.2860064,-85.6007573,243.8211212,1939.0,2025-10-11,15.8,0.0,10.5,0.6633112582781457,0,False,False
401761626,2025,7,regular,2025-10-11T19:30:00.000Z,False,True,False,True,23515.0,3775,Joan C. Edwards Stadium,276,Marshall,fbs,Sun Belt,48.0,"[7, 17, 17, 7]",0.9955727458000183,1508.0,1582.0,295,Old Dominion,fbs,Sun Belt,24.0,"[7, 3, 0, 14]",0.0044272541999816895,1628.0,1554.0,4.323536814197387,,,,3775,Joan C. Edwards Stadium,38016.0,False,False,Huntington,WV,25755,US,America/New_York,38.4247042,-82.4214412,163.7328186,1991.0,2025-10-11,22.4,0.0,4.4,0.6185553451178452,0,False,False
401752736,2025,7,regular,2025-10-11T19:30:00.000Z,False,True,True,True,92100.0,499,Cotton Bowl,251,Texas,fbs,SEC,23.0,"[0, 3, 10, 10]",0.9899123311042786,1936.0,1964.0,201,Oklahoma,fbs,SEC,6.0,"[3, 3, 0, 0]",0.010087668895721436,1769.0,1741.0,4.19443888245953,,Allstate Red River Rivalry,,499,Cotton Bowl,92100.0,False,False,Dallas,TX,75210,US,America/Chicago,32.779722,-96.759722,133.2241211,1930.0,2025-10-11,31.4,0.0,4.5,1.0,,False,False
401752870,2025,7,regular,2025-10-11T19:30:00.000Z,False,True,False,True,59625.0,3626,Autzen Stadium,2483,Oregon,fbs,Big Ten,20.0,"[7, 3, 3, 7]",0.09701064229011536,2018.0,1996.0,84,Indiana,fbs,Big Ten,30.0,"[10, 3, 7, 10]",0.9029893577098846,2000.0,2022.0,5.790429511289678,,,,3626,Autzen Stadium,54000.0,False,False,Eugene,OR,97401,US,America/Los_Angeles,44.0582712,-123.0684883,127.4198303,1967.0,2025-10-11,14.3,0.0,12.4,1.1041666666666667,1,False,False
401752866,2025,7,regular,2025-10-11T19:30:00.000Z,False,True,False,True,108121.0,3632,Beaver Stadium,213,Penn State,fbs,Big Ten,21.0,"[0, 14, 0, 7]",0.7152867913246155,2028.0,1996.0,77,Northwestern,fbs,Big Ten,22.0,"[3, 10, 0, 9]",0.2847132086753845,1478.0,1510.0,6.179311855515855,,,,3632,Beaver Stadium,106572.0,True,False,University Park,PA,16802,US,America/New_York,40.8121958,-77.8561023,354.1551514,1960.0,2025-10-11,17.8,0.0,13.4,1.0145347746124687,1,False,False
401752867,2025,7,regular,2025-10-11T19:30:00.000Z,False,True,False,True,39623.0,3665,SECU Stadium,120,Maryland,fbs,Big Ten,31.0,"[0, 17, 14, 0]",0.565939724445343,1573.0,1576.0,158,Nebraska,fbs,Big Ten,34.0,"[7, 17, 0, 10]",0.434060275554657,1702.0,1699.0,6.460996284830717,,,,3665,SECU Stadium,51802.0,False,False,College Park,MD,20742,US,America/New_York,38.9903332,-76.9473792,32.68748093,1950.0,2025-10-11,20.3,0.0,9.5,0.7648932473649666,0,False,False
401761624,2025,7,regular,2025-10-11T19:30:00.000Z,False,True,False,True,19587.0,4246,Center Parc Stadium,2247,Georgia State,fbs,Sun Belt,20.0,"[0, 0, 14, 6]",0.018627790734171867,1150.0,1116.0,2026,App State,fbs,Sun Belt,41.0,"[7, 10, 21, 3]",0.9813722092658281,1326.0,1360.0,3.3372824593976382,,,,4246,Center Parc Stadium,25000.0,False,False,Atlanta,GA,30315,US,America/New_York,33.735267,-84.389949,287,2017.0,2025-10-11,23.4,0.0,9.6,0.78348,0,False,False
401762484,2025,7,regular,2025-10-11T20:00:00.000Z,False,True,False,True,26149.0,3806,Lincoln Financial Field,218,Temple,fbs,American Athletic,31.0,"[7, 10, 7, 7]",0.6812015175819397,1228.0,1241.0,2426,Navy,fbs,American Athletic,32.0,"[7, 0, 14, 11]",0.3187984824180603,1546.0,1533.0,6.2423048366125435,,,,3806,Lincoln Financial Field,69879.0,False,False,Philadelphia,PA,19122,US,America/New_York,39.9007995,-75.1675414,3.198706865,2003.0,2025-10-11,18.7,0.4,9.5,0.3742039811674466,0,False,False
401752735,2025,7,regular,2025-10-11T20:15:00.000Z,False,True,False,True,101915.0,3853,Neyland Stadium,2633,Tennessee,fbs,SEC,34.0,"[7, 10, 10, 7]",0.8328769207000732,1827.0,1825.0,8,Arkansas,fbs,SEC,31.0,"[10, 7, 0, 14]",0.16712307929992676,1608.0,1610.0,5.12397736458338,,,,3853,Neyland Stadium,102455.0,True,False,Knoxville,TN,37996,US,America/New_York,35.9550131,-83.9250128,271.9517212,1921.0,2025-10-11,22.3,0.0,11.6,0.994729393392221,1,False,False
401762482,2025,7,regular,2025-10-11T22:00:00.000Z,False,True,False,True,20052.0,3715,FAU Stadium,2226,Florida Atlantic,fbs,American Athletic,53.0,"[21, 14, 15, 3]",1.0,1219.0,1270.0,5,UAB,fbs,American Athletic,33.0,"[0, 14, 16, 3]",0.0,1260.0,1209.0,1.8945495929790195,,,,3715,FAU Stadium,29419.0,False,False,Boca Raton,FL,33499,US,America/New_York,26.3763763,-80.1015759,3.613628864,2011.0,2025-10-11,26.5,0.0,7.9,0.6816003263197253,0,False,False
401761623,2025,7,regular,2025-10-11T23:00:00.000Z,False,True,False,True,15211.0,3654,Brooks Stadium (SC),324,Coastal Carolina,fbs,Sun Belt,23.0,"[6, 10, 7, 0]",0.9057210683822632,1182.0,1206.0,2433,UL Monroe,fbs,Sun Belt,8.0,"[0, 0, 8, 0]",0.09427893161773682,1101.0,1077.0,3.101859981932509,,,,3654,Brooks Stadium (SC),21000.0,False,False,Conway,SC,29528,US,America/New_York,33.7928506,-79.0166946,13.74894905,2003.0,2025-10-11,17.2,2.9,26.7,0.7243333333333334,0,False,False
401760391,2025,7,regular,2025-10-11T23:00:00.000Z,False,True,False,True,20970.0,3984,War Memorial Stadium,2751,Wyoming,fbs,Mountain West,35.0,"[7, 7, 0, 21]",0.43602803349494934,1321.0,1337.0,23,San José State,fbs,Mountain West,28.0,"[14, 14, 0, 0]",0.5639719665050507,1433.0,1417.0,6.175670868403655,,,,3984,War Memorial Stadium,29181.0,False,False,Laramie,WY,82071,US,America/Denver,41.31161,-105.5681384,2200.153564,1950.0,2025-10-11,13.8,0.0,14.9,0.7186182790171687,0,False,False
401752737,2025,7,regular,2025-10-11T23:00:00.000Z,False,True,False,True,105086.0,3795,Kyle Field,245,Texas A&M,fbs,SEC,34.0,"[14, 7, 3, 10]",0.9996259808540344,1782.0,1808.0,57,Florida,fbs,SEC,17.0,"[14, 0, 3, 0]",0.00037401914596557617,1665.0,1639.0,3.5273446774125765,,,,3795,Kyle Field,102733.0,True,False,College Station,TX,77843,US,America/Chicago,30.6098891,-96.3403828,108.824585,1927.0,2025-10-11,31.2,0.0,7.4,1.0229040327840129,1,False,False
401752869,2025,7,regular,2025-10-11T23:00:00.000Z,False,True,False,True,76064.0,347,Camp Randall Stadium,275,Wisconsin,fbs,Big Ten,0.0,"[0, 0, 0, 0]",0.008784875273704529,1540.0,1459.0,2294,Iowa,fbs,Big Ten,37.0,"[17, 6, 7, 7]",0.9912151247262955,1743.0,1824.0,2.1669036104572132,,,,347,Camp Randall Stadium,80321.0,False,False,Madison,WI,53711,US,America/Chicago,43.06994,-89.4126943,263.604126,1917.0,2025-10-11,16.0,0.0,6.0,0.9470001618505746,1,False,False
401752731,2025,7,regular,2025-10-11T23:30:00.000Z,False,True,False,True,88043.0,3785,Jordan-Hare Stadium,2,Auburn,fbs,SEC,10.0,"[7, 3, 0, 0]",0.43863198161125183,1676.0,1684.0,61,Georgia,fbs,SEC,20.0,"[0, 3, 10, 7]",0.5613680183887482,2033.0,2025.0,3.7158594869496846,,,,3785,Jordan-Hare Stadium,87451.0,True,False,Auburn,AL,36849,US,America/Chicago,32.6025532,-85.4897479,201.1737976,1939.0,2025-10-11,20.9,0.0,6.7,1.0067695052086312,1,False,False
401762485,2025,7,regular,2025-10-11T23:30:00.000Z,False,True,False,True,22058.0,3604,Alamodome,2636,UTSA,fbs,American Athletic,61.0,"[21, 17, 23, 0]",0.9894030094146729,1471.0,1588.0,242,Rice,fbs,American Athletic,13.0,"[3, 7, 0, 3]",0.010596990585327148,1273.0,1156.0,2.2423407780473745,,,,3604,Alamodome,36582.0,False,True,San Antonio,TX,78299,US,America/Chicago,29.4169834,-98.4788143,201.5526886,1993.0,2025-10-11,31.8,0.0,9.1,0.6029741402875731,0,False,False
401752864,2025,7,regular,2025-10-11T23:30:00.000Z,False,True,False,True,49254.0,3953,Huntington Bank Stadium,135,Minnesota,fbs,Big Ten,27.0,"[0, 13, 0, 14]",0.3324294686317444,1537.0,1534.0,2509,Purdue,fbs,Big Ten,20.0,"[7, 10, 3, 0]",0.6675705313682556,1311.0,1314.0,6.680073664999941,,,,3953,Huntington Bank Stadium,50850.0,False,False,Minneapolis,MN,55488,US,America/Chicago,44.976525,-93.2245462,254.3902283,2009.0,2025-10-11,17.0,0.0,17.3,0.968613569321534,1,False,False
401754558,2025,7,regular,2025-10-11T23:30:00.000Z,False,True,False,True,42265.0,3615,"Alumni Stadium (Chestnut Hill, MA)",103,Boston College,fbs,ACC,10.0,"[3, 7, 0, 0]",0.008241342380642891,1349.0,1303.0,228,Clemson,fbs,ACC,41.0,"[10, 24, 0, 7]",0.9917586576193571,1688.0,1734.0,3.6232546541892043,,,,3615,"Alumni Stadium (Chestnut Hill, MA)",44500.0,False,False,Chestnut Hill,MA,2467 ,US,America/New_York,42.335104,-71.1664413,39.82634354,1957.0,2025-10-11,14.5,0.0,10.4,0.9497752808988764,1,False,False
401756921,2025,7,regular,2025-10-11T23:30:00.000Z,False,True,False,True,60229.0,3784,Jones AT&T Stadium,2641,Texas Tech,fbs,Big 12,42.0,"[18, 3, 7, 14]",0.9748497009277344,1785.0,1835.0,2305,Kansas,fbs,Big 12,17.0,"[0, 17, 0, 0]",0.025150299072265625,1671.0,1621.0,3.776573182508832,,,,3784,Jones AT&T Stadium,60454.0,False,False,Lubbock,TX,79409,US,America/Chicago,33.5910518,-101.8728824,980.7632446,1947.0,2025-10-11,27.8,0.0,22.5,0.9962781619082277,1,False,False
401752868,2025,7,regular,2025-10-11T23:30:00.000Z,False,True,False,True,75500.0,477,Los Angeles Memorial Coliseum,30,USC,fbs,Big Ten,31.0,"[7, 7, 7, 10]",0.9903444051742554,1865.0,1904.0,130,Michigan,fbs,Big Ten,13.0,"[0, 7, 0, 6]",0.009655594825744629,1851.0,1812.0,2.813885377187143,,,,477,Los Angeles Memorial Coliseum,77500.0,True,False,Los Angeles,CA,90089,US,America/Los_Angeles,34.014167,-118.287778,42.50374222,1923.0,2025-10-11,26.6,0.0,8.5,0.9741935483870968,1,False,False
401752732,2025,7,regular,2025-10-11T23:45:00.000Z,False,True,False,True,101921.0,3958,Tiger Stadium (LA),99,LSU,fbs,SEC,20.0,"[3, 7, 7, 3]",0.9584726095199585,1751.0,1763.0,2579,South Carolina,fbs,SEC,10.0,"[7, 0, 3, 0]",0.041527390480041504,1682.0,1670.0,4.958702234174087,,,,3958,Tiger Stadium (LA),102321.0,True,False,Baton Rouge,LA,70803,US,America/Chicago,30.412035,-91.1838163,7.640734673,1924.0,2025-10-11,27.9,0.0,9.4,0.9960907340624114,1,False,False
401756916,2025,7,regular,2025-10-12T00:00:00.000Z,False,True,False,True,47960.0,3619,Arizona Stadium,12,Arizona,fbs,Big 12,27.0,"[7, 10, 0, 7, 3, 0]",0.47610944509506226,1467.0,1473.0,252,BYU,fbs,Big 12,33.0,"[14, 0, 0, 10, 3, 6]",0.5238905549049377,1701.0,1695.0,9.418590352527037,,,,3619,Arizona Stadium,50782.0,False,False,Tucson,AZ,85721,US,America/Phoenix,32.2288054,-110.9488677,742.1530151,1928.0,2025-10-12,24.5,0.1,6.5,0.944429128431334,1,False,False
401761627,2025,7,regular,2025-10-12T00:00:00.000Z,False,True,False,True,24369.0,3644,Bobcat Stadium (TX),326,Texas State,fbs,Sun Belt,41.0,"[28, 3, 7, 3, 0]",0.835141122341156,1579.0,1555.0,2653,Troy,fbs,Sun Belt,48.0,"[7, 10, 10, 14, 7]",0.164858877658844,1447.0,1471.0,6.582113673903993,,,,3644,Bobcat Stadium (TX),30000.0,False,False,San Marcos,TX,78666,US,America/Chicago,29.8910008,-97.9255735,177.8676453,1981.0,2025-10-12,26.8,0.0,5.6,0.8123,0,False,False
401760387,2025,7,regular,2025-10-12T01:45:00.000Z,False,True,False,True,32982.0,3653,Albertsons Stadium,68,Boise State,fbs,Mountain West,41.0,"[10, 7, 3, 21]",0.9968152642250061,1654.0,1667.0,167,New Mexico,fbs,Mountain West,25.0,"[0, 14, 3, 8]",0.0031847357749938965,1416.0,1403.0,4.229356450034913,,,,3653,Albertsons Stadium,36387.0,False,False,Boise,ID,83725,US,America/Boise,43.6028839,-116.1958882,823.2221069,1970.0,2025-10-12,13.0,0.0,8.9,0.9064226234644241,1,False,False
401756922,2025,7,regular,2025-10-12T02:15:00.000Z,False,True,False,True,51444.0,587,Rice-Eccles Stadium,254,Utah,fbs,Big 12,42.0,"[7, 14, 14, 7]",0.9942936897277832,1680.0,1773.0,9,Arizona State,fbs,Big 12,10.0,"[3, 0, 7, 0]",0.005706310272216797,1722.0,1629.0,2.318773229034503,,,,587,Rice-Eccles Stadium,51444.0,False,False,Salt Lake City,UT,84112,US,America/Denver,40.7599724,-111.8488255,1411.543579,1998.0,2025-10-12,6.6,1.2,7.3,1.0,1,False,False
401760390,2025,7,regular,2025-10-12T02:30:00.000Z,False,True,False,True,19473.0,3816,Mackay Stadium,2440,Nevada,fbs,Mountain West,10.0,"[0, 0, 0, 10]",0.0,1259.0,1188.0,21,San Diego State,fbs,Mountain West,44.0,"[14, 21, 9, 0]",1.0,1463.0,1534.0,2.7710207793983725,,,,3816,Mackay Stadium,27000.0,False,False,Reno,NV,89557,US,America/Los_Angeles,39.5469459,-119.8175435,1406.57605,1966.0,2025-10-12,10.3,0.0,7.0,0.7212222222222222,0,False,False
401760389,2025,7,regular,2025-10-12T03:59:00.000Z,False,True,False,True,13023.0,7220,Clarence T.C. Ching Athletics Complex,62,Hawai'i,fbs,Mountain West,44.0,"[10, 14, 3, 17]",0.8383846879005432,1280.0,1335.0,328,Utah State,fbs,Mountain West,26.0,"[3, 17, 6, 0]",0.1616153120994568,1425.0,1370.0,6.577668914310783,,,,7220,Clarence T.C. Ching Athletics Complex,15194.0,False,False,Honolulu,HI,96822,US,Pacific/Honolulu,21.294294,-157.819338,20,2015.0,2025-10-12,27.3,0.0,13.9,0.8571146505199421,0,False,False
401757282,2025,8,regular,2025-10-14T23:00:00.000Z,False,True,False,True,16312.0,3992,Williams Stadium (VA),2335,Liberty,fbs,Conference USA,30.0,"[3, 17, 0, 10]",0.14899571239948273,1426.0,1424.0,166,New Mexico State,fbs,Conference USA,27.0,"[0, 6, 14, 7]",0.8510042876005173,1229.0,1231.0,6.354180523660053,,,,3992,Williams Stadium (VA),25000.0,False,False,Lynchburg,VA,24502,US,America/New_York,37.3544305,-79.1750239,272.9237061,1989.0,2025-10-14,19.1,0.0,14.8,0.65248,0,False,False
401761628,2025,8,regular,2025-10-14T23:30:00.000Z,False,True,False,True,19634.0,6526,Hancock Whitney Stadium,6,South Alabama,fbs,Sun Belt,14.0,"[7, 0, 7, 0]",0.3514746129512787,1421.0,1410.0,2032,Arkansas State,fbs,Sun Belt,15.0,"[0, 3, 0, 12]",0.6485253870487213,1224.0,1235.0,6.007573581603441,,,,6526,Hancock Whitney Stadium,25450.0,False,False,Mobile,AL,36688,US,America/Chicago,30.696904,-88.192013,45,2020.0,2025-10-14,25.3,0.0,5.7,0.7714734774066798,0,False,False
401757281,2025,8,regular,2025-10-15T00:00:00.000Z,False,True,False,True,12276.0,3796,Houchens Industries-L.T. Smith Stadium,98,Western Kentucky,fbs,Conference USA,6.0,"[3, 3, 0, 0]",0.028629839420318604,1424.0,1352.0,2229,Florida International,fbs,Conference USA,25.0,"[6, 13, 6, 0]",0.9713701605796814,1216.0,1288.0,3.3262775774847855,,,,3796,Houchens Industries-L.T. Smith Stadium,22113.0,False,False,Bowling Green,KY,42101,US,America/Chicago,36.9847901,-86.4594041,154.4346619,1968.0,2025-10-15,19.1,0.0,10.0,0.5551485551485551,0,False,False
401757283,2025,8,regular,2025-10-15T23:00:00.000Z,False,True,False,True,16884.0,3662,AmFirst Stadium,55,Jacksonville State,fbs,Conference USA,38.0,"[7, 14, 14, 3]",0.9933927655220032,1517.0,1540.0,48,Delaware,fbs,Conference USA,25.0,"[0, 6, 6, 13]",0.006607234477996826,1491.0,1468.0,3.1959847532851486,,,,3662,AmFirst Stadium,24000.0,False,False,Jacksonville,AL,36265,US,America/Chicago,33.8201052,-85.76647,198.0679016,1947.0,2025-10-15,23.7,0.0,1.1,0.7035,0,False,False
401757284,2025,8,regular,2025-10-15T23:00:00.000Z,False,True,True,True,4657.0,3631,BBVA Compass Stadium,2534,Sam Houston,fbs,Conference USA,17.0,"[7, 3, 7, 0]",0.22097884118556976,1173.0,1139.0,2638,UTEP,fbs,Conference USA,35.0,"[7, 7, 7, 14]",0.7790211588144302,1200.0,1234.0,6.415474181610054,,,,3631,BBVA Compass Stadium,22000.0,True,False,Houston,TX,77003,US,America/Chicago,29.7521988,-95.3524146,13.68128395,2012.0,2025-10-15,29.4,0.0,10.6,0.2116818181818182,,False,False
401762486,2025,8,regular,2025-10-16T23:30:00.000Z,False,True,False,True,31307.0,3699,Dowdy-Ficklen Stadium,151,East Carolina,fbs,American Athletic,41.0,"[10, 14, 7, 10]",0.9893907904624939,1540.0,1530.0,202,Tulsa,fbs,American Athletic,27.0,"[7, 7, 3, 10]",0.010609209537506104,1045.0,1055.0,4.473966791859087,,,,3699,Dowdy-Ficklen Stadium,50000.0,True,False,Greenville,NC,27858,US,America/New_York,35.5968486,-77.364564,19.0564537,1963.0,2025-10-16,14.7,0.0,8.5,0.62614,0,False,False
401754564,2025,8,regular,2025-10-17T23:00:00.000Z,False,True,False,True,66573.0,3948,Hard Rock Stadium,2390,Miami,fbs,ACC,21.0,"[7, 3, 3, 8]",0.6015821099281311,1843.0,1832.0,97,Louisville,fbs,ACC,24.0,"[14, 0, 3, 7]",0.3984178900718689,1735.0,1746.0,6.084893249932992,,,,3948,Hard Rock Stadium,64767.0,False,False,Miami Gardens,FL,33299,US,America/New_York,25.9579665,-80.2388604,2.624486446,1987.0,2025-10-17,24.5,0.0,9.6,1.0278845708462643,1,False,False
401752872,2025,8,regular,2025-10-18T00:00:00.000Z,False,True,False,True,48549.0,3953,Huntington Bank Stadium,135,Minnesota,fbs,Big Ten,24.0,"[0, 7, 7, 10]",0.9812977313995361,1534.0,1592.0,158,Nebraska,fbs,Big Ten,6.0,"[3, 3, 0, 0]",0.018702268600463867,1699.0,1641.0,2.8117471745196485,,,,3953,Huntington Bank Stadium,50850.0,False,False,Minneapolis,MN,55488,US,America/Chicago,44.976525,-93.2245462,254.3902283,2009.0,2025-10-18,17.5,0.0,10.8,0.9547492625368732,1,False,False
401760396,2025,8,regular,2025-10-18T01:00:00.000Z,False,True,False,True,22710.0,3905,Maverik Stadium,328,Utah State,fbs,Mountain West,30.0,"[7, 3, 14, 6]",0.48661836981773376,1370.0,1376.0,23,San José State,fbs,Mountain West,25.0,"[3, 6, 10, 6]",0.5133816301822662,1417.0,1411.0,6.126946510509998,,,,3905,Maverik Stadium,25513.0,False,False,Logan,UT,84322,US,America/Denver,41.7517394,-111.8116007,1427.914429,1968.0,2025-10-18,7.7,0.0,4.0,0.8901344412652373,0,False,False
401754371,2025,8,regular,2025-10-18T02:30:00.000Z,False,True,False,True,33401.0,3831,California Memorial Stadium,25,California,fbs,ACC,21.0,"[14, 0, 7, 0]",0.7403112053871155,1408.0,1408.0,153,North Carolina,fbs,ACC,18.0,"[7, 3, 0, 8]",0.2596887946128845,1342.0,1342.0,4.470531145553338,,,,3831,California Memorial Stadium,62467.0,False,False,Berkeley,CA,94720,US,America/Los_Angeles,37.8710434,-122.2507729,125.3108063,1923.0,2025-10-18,17.1,0.0,1.1,0.5346983207133367,0,False,False
401762488,2025,8,regular,2025-10-18T16:00:00.000Z,False,True,False,True,20027.0,4729,Yulman Stadium,2655,Tulane,fbs,American Athletic,24.0,"[0, 3, 7, 14]",0.6845576763153076,1580.0,1588.0,349,Army,fbs,American Athletic,17.0,"[0, 3, 7, 7]",0.3154423236846924,1552.0,1544.0,5.876755016290959,,,,4729,Yulman Stadium,30000.0,False,False,New Orleans,LA,70118,US,America/Chicago,29.944616,-90.116692,0.0000000000000000000000000000000000000118,2014.0,2025-10-18,27.9,0.5,15.9,0.6675666666666666,0,False,False
401754569,2025,8,regular,2025-10-18T16:00:00.000Z,False,True,False,False,38917.0,3615,"Alumni Stadium (Chestnut Hill, MA)",103,Boston College,fbs,ACC,23.0,"[6, 14, 0, 3]",0.2284274846315384,1303.0,1291.0,41,UConn,fbs,FBS Independents,38.0,"[7, 10, 14, 7]",0.7715725153684616,1541.0,1553.0,6.2886720268955845,,,,3615,"Alumni Stadium (Chestnut Hill, MA)",44500.0,False,False,Chestnut Hill,MA,2467 ,US,America/New_York,42.335104,-71.1664413,39.82634354,1957.0,2025-10-18,13.2,0.0,1.8,0.8745393258426967,0,False,False
401754566,2025,8,regular,2025-10-18T16:00:00.000Z,False,True,False,True,27846.0,3982,Wallace Wade Stadium,150,Duke,fbs,ACC,18.0,"[0, 7, 3, 8]",0.13504232466220856,1645.0,1622.0,59,Georgia Tech,fbs,ACC,27.0,"[7, 0, 3, 17]",0.8649576753377914,1588.0,1611.0,5.815864619099065,,,,3982,Wallace Wade Stadium,40004.0,True,False,Durham,NC,27708,US,America/New_York,35.9953688,-78.9417564,103.0028152,1929.0,2025-10-18,20.0,0.0,8.2,0.696080391960804,0,False,False
401752745,2025,8,regular,2025-10-18T16:00:00.000Z,False,True,False,True,35000.0,3973,FirstBank Stadium,238,Vanderbilt,fbs,SEC,31.0,"[7, 10, 14, 0]",0.9556613564491272,1742.0,1753.0,99,LSU,fbs,SEC,24.0,"[3, 10, 8, 3]",0.0443386435508728,1763.0,1752.0,4.356349337034045,,,,3973,FirstBank Stadium,40351.0,False,False,Nashville,TN,37212,US,America/Chicago,36.1440455,-86.8088942,159.9194641,1922.0,2025-10-18,26.8,0.0,13.2,0.8673886644692821,0,False,False
401752873,2025,8,regular,2025-10-18T16:00:00.000Z,False,True,False,True,110701.0,3558,Michigan Stadium,130,Michigan,fbs,Big Ten,24.0,"[7, 0, 7, 10]",0.9841411113739014,1812.0,1839.0,264,Washington,fbs,Big Ten,7.0,"[0, 7, 0, 0]",0.015858888626098633,1701.0,1674.0,3.969699647089477,,,,3558,Michigan Stadium,107601.0,False,False,Ann Arbor,MI,48109,US,America/Detroit,42.2658365,-83.7486956,255.5500031,1927.0,2025-10-18,20.9,0.0,16.8,1.0288101411696917,1,False,False
401762839,2025,8,regular,2025-10-18T16:00:00.000Z,False,True,False,True,23105.0,3700,Doyt L. Perry Stadium,189,Bowling Green,fbs,Mid-American,6.0,"[3, 3, 0, 0]",0.020962966606020927,1422.0,1329.0,2117,Central Michigan,fbs,Mid-American,27.0,"[0, 17, 10, 0]",0.9790370333939791,1110.0,1203.0,3.6125295218185793,,,,3700,Doyt L. Perry Stadium,24000.0,False,False,Bowling Green,OH,43403,US,America/New_York,41.3780114,-83.6225,205.9057465,1966.0,2025-10-18,24.1,0.0,20.6,0.9627083333333334,1,False,False
401756927,2025,8,regular,2025-10-18T16:00:00.000Z,False,True,False,True,43868.0,3616,Amon G. Carter Stadium,2628,TCU,fbs,Big 12,42.0,"[0, 21, 7, 14]",1.0,1718.0,1719.0,239,Baylor,fbs,Big 12,36.0,"[7, 3, 8, 18]",0.0,1593.0,1592.0,5.070363114347411,,,,3616,Amon G. Carter Stadium,46000.0,True,False,Fort Worth,TX,76129,US,America/Chicago,32.7096604,-97.3680835,185.4387054,1929.0,2025-10-18,25.3,0.2,16.3,0.9536521739130435,1,False,False
401762841,2025,8,regular,2025-10-18T16:00:00.000Z,False,True,False,True,6832.0,3996,Yager Stadium,193,Miami (OH),fbs,Mid-American,44.0,"[7, 14, 7, 16]",0.9974722266197205,1440.0,1449.0,2199,Eastern Michigan,fbs,Mid-American,30.0,"[0, 14, 0, 16]",0.002527773380279541,1213.0,1204.0,3.34424224366337,,,,3996,Yager Stadium,24286.0,False,False,Oxford,OH,45056,US,America/New_York,39.5197009,-84.7330255,242.2643585,1983.0,2025-10-18,22.1,0.0,15.5,0.2813143374783826,0,False,False
401756925,2025,8,regular,2025-10-18T16:00:00.000Z,False,True,False,True,28535.0,4728,TDECU Stadium,248,Houston,fbs,Big 12,31.0,"[7, 14, 7, 3]",0.7116693258285522,1477.0,1478.0,12,Arizona,fbs,Big 12,28.0,"[14, 0, 0, 14]",0.28833067417144775,1473.0,1472.0,5.216628655704583,,,,4728,TDECU Stadium,40000.0,False,False,Houston,TX,77004,US,America/Chicago,29.7219885,-95.3491623,9.57440567,2014.0,2025-10-18,28.8,0.0,12.8,0.713375,0,False,False
401752744,2025,8,regular,2025-10-18T16:45:00.000Z,False,True,False,True,78680.0,3994,Williams-Brice Stadium,2579,South Carolina,fbs,SEC,7.0,"[0, 7, 0, 0]",0.012702463194727898,1670.0,1630.0,201,Oklahoma,fbs,SEC,26.0,"[7, 7, 10, 2]",0.9872975368052721,1741.0,1781.0,4.716868331594246,,,,3994,Williams-Brice Stadium,80250.0,True,False,Columbia,SC,29208,US,America/New_York,33.9730239,-81.0191726,60.54548645,1934.0,2025-10-18,22.5,0.0,6.0,0.9804361370716511,1,False,False
401756928,2025,8,regular,2025-10-18T17:00:00.000Z,False,True,False,True,43445.0,3652,FBC Mortgage Stadium,2116,UCF,fbs,Big 12,45.0,"[14, 0, 21, 10]",0.9519932270050049,1555.0,1616.0,277,West Virginia,fbs,Big 12,13.0,"[0, 7, 0, 6]",0.04800677299499512,1342.0,1281.0,3.8274028211489983,,,,3652,FBC Mortgage Stadium,44206.0,True,False,Orlando,FL,32816,US,America/New_York,28.6079765,-81.1927233,20.94113731,2007.0,2025-10-18,27.2,0.0,7.2,0.9827851422883771,1,False,False
401762842,2025,8,regular,2025-10-18T18:00:00.000Z,False,True,False,True,18417.0,3739,Glass Bowl,2649,Toledo,fbs,Mid-American,45.0,"[7, 10, 21, 7]",0.9882878661155701,1551.0,1579.0,2309,Kent State,fbs,Mid-American,10.0,"[10, 0, 0, 0]",0.011712133884429932,966.0,938.0,3.880598138150394,,,,3739,Glass Bowl,26038.0,False,False,Toledo,OH,43606,US,America/New_York,41.6574777,-83.6135652,181.4839783,1937.0,2025-10-18,28.1,0.0,16.1,0.7073123895844535,0,False,False
401762840,2025,8,regular,2025-10-18T18:30:00.000Z,False,True,False,True,15239.0,3985,Warren McGuirk Alumni Stadium,113,Massachusetts,fbs,Mid-American,21.0,"[0, 14, 7, 0]",0.5865947008132935,889.0,910.0,2084,Buffalo,fbs,Mid-American,28.0,"[3, 7, 10, 8]",0.41340529918670654,1377.0,1356.0,6.595531852666956,,,,3985,Warren McGuirk Alumni Stadium,17000.0,False,False,Hadley,MA,1003 ,US,America/New_York,42.3773244,-72.5360595,46.58664703,1965.0,2025-10-18,15.6,0.0,3.6,0.8964117647058824,0,False,False
401761633,2025,8,regular,2025-10-18T19:00:00.000Z,False,True,False,True,16863.0,3817,Malone Stadium,2433,UL Monroe,fbs,Sun Belt,14.0,"[0, 8, 6, 0]",0.0,1077.0,1060.0,2653,Troy,fbs,Sun Belt,37.0,"[10, 7, 10, 10]",1.0,1471.0,1488.0,5.693478891724538,,,,3817,Malone Stadium,27617.0,False,False,Monroe,LA,71209,US,America/Chicago,32.5308089,-92.0660602,22.998209,1978.0,2025-10-18,31.3,0.0,17.8,0.6106021653329471,0,False,False
401752874,2025,8,regular,2025-10-18T19:00:00.000Z,False,True,False,True,12023.0,5960,Lanny and Sharon Martin Stadium,77,Northwestern,fbs,Big Ten,19.0,"[3, 10, 6, 0]",0.9019933938980103,1510.0,1534.0,2509,Purdue,fbs,Big Ten,0.0,"[0, 0, 0, 0]",0.09800660610198975,1314.0,1290.0,2.4761171545339984,,,,5960,Lanny and Sharon Martin Stadium,12023.0,False,False,Evanston,IL,60208,US,America/Chicago,42.058246,-87.670876,179,1997.0,2025-10-18,22.4,0.2,11.5,1.0,1,False,False
401760392,2025,8,regular,2025-10-18T19:30:00.000Z,False,True,False,True,23401.0,3713,Falcon Stadium,2005,Air Force,fbs,Mountain West,24.0,"[3, 3, 8, 10]",0.6335259675979614,1354.0,1355.0,2751,Wyoming,fbs,Mountain West,21.0,"[7, 0, 7, 7]",0.3664740324020386,1337.0,1336.0,5.419990199182639,,,,3713,Falcon Stadium,46692.0,False,False,Colorado Springs,CO,80840,US,America/Denver,38.9969701,-104.8436165,2024.875732,1962.0,2025-10-18,17.0,0.0,22.7,0.5011779319797824,0,False,False
401760393,2025,8,regular,2025-10-18T19:30:00.000Z,False,True,False,True,32927.0,3653,Albertsons Stadium,68,Boise State,fbs,Mountain West,56.0,"[14, 14, 21, 7]",0.9625915288925171,1667.0,1725.0,2439,UNLV,fbs,Mountain West,31.0,"[3, 21, 0, 7]",0.03740847110748291,1625.0,1567.0,4.201195094053385,,,,3653,Albertsons Stadium,36387.0,False,False,Boise,ID,83725,US,America/Boise,43.6028839,-116.1958882,823.2221069,1970.0,2025-10-18,13.1,0.0,4.8,0.9049110946217056,1,False,False
401761632,2025,8,regular,2025-10-18T19:30:00.000Z,False,True,False,True,27533.0,3775,Joan C. Edwards Stadium,276,Marshall,fbs,Sun Belt,40.0,"[7, 6, 3, 11, 7, 6]",0.701595664024353,1582.0,1583.0,326,Texas State,fbs,Sun Belt,37.0,"[7, 10, 0, 10, 7, 3]",0.298404335975647,1555.0,1554.0,23.246644462024943,,,,3775,Joan C. Edwards Stadium,38016.0,False,False,Huntington,WV,25755,US,America/New_York,38.4247042,-82.4214412,163.7328186,1991.0,2025-10-18,28.3,0.0,13.4,0.7242476851851852,0,False,False
401752877,2025,8,regular,2025-10-18T19:30:00.000Z,False,True,False,True,72795.0,347,Camp Randall Stadium,275,Wisconsin,fbs,Big Ten,0.0,"[0, 0, 0, 0]",0.041887398809194565,1459.0,1435.0,194,Ohio State,fbs,Big Ten,34.0,"[17, 0, 10, 7]",0.9581126011908054,2074.0,2098.0,2.6917223168852957,,,,347,Camp Randall Stadium,80321.0,False,False,Madison,WI,53711,US,America/Chicago,43.06994,-89.4126943,263.604126,1917.0,2025-10-18,22.7,0.0,9.8,0.9063009673684341,1,False,False
401752739,2025,8,regular,2025-10-18T19:30:00.000Z,False,True,False,True,73845.0,3887,Razorback Stadium,8,Arkansas,fbs,SEC,42.0,"[3, 17, 7, 15]",0.24348041415214539,1610.0,1617.0,245,Texas A&M,fbs,SEC,45.0,"[7, 14, 17, 7]",0.7565195858478546,1808.0,1801.0,7.050104190802901,,,,3887,Razorback Stadium,80000.0,False,False,Fayetteville,AR,72702,US,America/Chicago,36.0680662,-94.1789534,403.7972412,1938.0,2025-10-18,21.3,0.2,25.5,0.9230625,1,False,False
401762838,2025,8,regular,2025-10-18T19:30:00.000Z,False,True,False,True,12248.0,3919,Scheumann Stadium,2050,Ball State,fbs,Mid-American,42.0,"[14, 0, 14, 14]",0.8880213499069214,1028.0,1055.0,2006,Akron,fbs,Mid-American,28.0,"[8, 7, 10, 3]",0.11197865009307861,1018.0,991.0,6.314330218644035,,,,3919,Scheumann Stadium,22500.0,False,False,Muncie,IN,47306,US,America/Indiana/Indianapolis,40.2159422,-85.4161148,285.481781,1967.0,2025-10-18,26.8,0.0,22.6,0.5443555555555556,0,False,False
401762491,2025,8,regular,2025-10-18T19:30:00.000Z,False,True,False,True,25053.0,3825,DATCU Stadium,249,North Texas,fbs,American Athletic,55.0,"[17, 7, 21, 10]",0.985666036605835,1530.0,1648.0,2636,UTSA,fbs,American Athletic,17.0,"[7, 7, 3, 0]",0.014333963394165039,1588.0,1470.0,4.1325353533684455,,,,3825,DATCU Stadium,30850.0,False,False,Denton,TX,76210,US,America/Chicago,33.203899,-97.159245,198.6871948,2011.0,2025-10-18,22.8,1.1,19.5,0.8120907617504052,0,False,False
401762489,2025,8,regular,2025-10-18T19:30:00.000Z,False,True,False,True,13618.0,4418,Jerry Richardson Stadium,2429,Charlotte,fbs,American Athletic,14.0,"[7, 0, 0, 7]",0.0009986907243728638,1143.0,1054.0,218,Temple,fbs,American Athletic,49.0,"[7, 21, 21, 0]",0.9990013092756271,1241.0,1330.0,3.3193001555565673,,,,4418,Jerry Richardson Stadium,15300.0,False,False,Charlotte,NC,28223,US,America/New_York,35.3105033,-80.7401194,190.365509,2013.0,2025-10-18,27.2,0.0,8.7,0.8900653594771242,0,False,False
401754565,2025,8,regular,2025-10-18T19:30:00.000Z,False,True,False,True,78669.0,3836,"Memorial Stadium (Clemson, SC)",228,Clemson,fbs,ACC,24.0,"[0, 7, 10, 7]",0.3757469058036804,1734.0,1708.0,2567,SMU,fbs,ACC,35.0,"[7, 9, 7, 12]",0.6242530941963196,1709.0,1735.0,5.469391383562523,,,,3836,"Memorial Stadium (Clemson, SC)",81500.0,True,False,Clemson,SC,29634,US,America/New_York,34.6787737,-82.8432428,205.6452179,1942.0,2025-10-18,24.4,0.0,15.3,0.9652638036809816,1,False,False
401761631,2025,8,regular,2025-10-18T19:30:00.000Z,False,True,False,True,25232.0,3651,Bridgeforth Stadium,256,James Madison,fbs,Sun Belt,63.0,"[14, 14, 21, 14]",1.0,1643.0,1733.0,295,Old Dominion,fbs,Sun Belt,27.0,"[20, 7, 0, 0]",0.0,1554.0,1464.0,5.342991925842684,,,,3651,Bridgeforth Stadium,24877.0,False,False,Harrisonburg,VA,22807,US,America/New_York,38.4352919,-78.8729349,399.303009,1975.0,2025-10-18,24.4,0.0,9.6,1.0142702094303975,1,False,False
401761629,2025,8,regular,2025-10-18T19:30:00.000Z,False,True,False,True,33862.0,3792,Kidd Brewer Stadium,2026,App State,fbs,Sun Belt,37.0,"[14, 10, 10, 3]",0.3072485029697418,1360.0,1331.0,324,Coastal Carolina,fbs,Sun Belt,45.0,"[10, 7, 14, 14]",0.6927514970302582,1206.0,1235.0,5.483124376722729,,,,3792,Kidd Brewer Stadium,30000.0,False,False,Boone,NC,28608,US,America/New_York,36.2114267,-81.6854278,991.3414307,1962.0,2025-10-18,21.3,0.0,8.3,1.1287333333333334,1,False,False
401752878,2025,8,regular,2025-10-18T19:30:00.000Z,False,True,False,True,55165.0,3830,"Memorial Stadium (Bloomington, IN)",84,Indiana,fbs,Big Ten,38.0,"[7, 14, 14, 3]",0.9220895767211914,2022.0,2017.0,127,Michigan State,fbs,Big Ten,13.0,"[3, 7, 0, 3]",0.0779104232788086,1343.0,1348.0,3.80234001453004,,,,3830,"Memorial Stadium (Bloomington, IN)",52656.0,False,False,Bloomington,IN,47408,US,America/Indiana/Indianapolis,39.1808959,-86.5256217,231.6500854,1960.0,2025-10-18,26.5,0.0,16.8,1.0476488909146155,1,False,False
401752742,2025,8,regular,2025-10-18T19:30:00.000Z,False,True,False,True,93033.0,3917,Sanford Stadium,61,Georgia,fbs,SEC,43.0,"[3, 17, 6, 17]",1.0,2025.0,2034.0,145,Ole Miss,fbs,SEC,35.0,"[7, 14, 14, 0]",0.0,1971.0,1962.0,6.5134351342636005,,,,3917,Sanford Stadium,92746.0,True,False,Athens,GA,30602,US,America/New_York,33.9498197,-83.3733813,186.1120758,1929.0,2025-10-18,25.8,0.0,10.4,1.003094473077006,1,False,False
401762843,2025,8,regular,2025-10-18T19:30:00.000Z,False,True,False,True,22293.0,3876,Peden Stadium,195,Ohio,fbs,Mid-American,48.0,"[14, 7, 13, 14]",0.992224931716919,1568.0,1612.0,2459,Northern Illinois,fbs,Mid-American,21.0,"[0, 8, 6, 7]",0.007775068283081055,1341.0,1297.0,2.2632176094688368,,,,3876,Peden Stadium,24000.0,False,False,Athens,OH,45701,US,America/New_York,39.3212794,-82.1034315,194.230896,1929.0,2025-10-18,26.3,0.0,13.9,0.928875,1,False,False
401756923,2025,8,regular,2025-10-18T20:00:00.000Z,False,True,False,True,54177.0,3947,Mountain America Stadium,9,Arizona State,fbs,Big 12,26.0,"[3, 6, 7, 10]",0.7303037643432617,1629.0,1638.0,2641,Texas Tech,fbs,Big 12,22.0,"[0, 7, 0, 15]",0.2696962356567383,1835.0,1826.0,8.210014656868877,,,,3947,Mountain America Stadium,65870.0,True,False,Tempe,AZ,85287,US,America/Phoenix,33.4264471,-111.9325005,360.1569519,1958.0,2025-10-18,27.4,0.0,1.8,0.8224836799757097,0,False,False
401762487,2025,8,regular,2025-10-18T20:00:00.000Z,False,True,False,True,19037.0,7221,Protective Stadium,5,UAB,fbs,American Athletic,31.0,"[7, 10, 7, 7]",0.932528018951416,1209.0,1252.0,235,Memphis,fbs,American Athletic,24.0,"[7, 7, 3, 7]",0.06747198104858398,1723.0,1680.0,5.591450317310427,,,,7221,Protective Stadium,45000.0,False,False,Birmingham,AL,35203,US,America/Chicago,33.5206824,-86.8024326,187,2021.0,2025-10-18,29.1,0.0,18.0,0.42304444444444445,0,False,False
401752741,2025,8,regular,2025-10-18T20:15:00.000Z,False,True,False,True,90203.0,3634,Ben Hill Griffin Stadium,57,Florida,fbs,SEC,23.0,"[3, 10, 0, 10]",0.5562131404876709,1639.0,1638.0,344,Mississippi State,fbs,SEC,21.0,"[7, 0, 0, 14]",0.4437868595123291,1494.0,1495.0,6.722744597880556,,,,3634,Ben Hill Griffin Stadium,88548.0,True,False,Gainesville,FL,32653,US,America/New_York,29.6499357,-82.3485788,44.97250748,1930.0,2025-10-18,27.7,0.0,8.8,1.0186904277905768,1,False,False
401761668,2025,8,regular,2025-10-18T21:00:00.000Z,False,True,False,True,21047.0,3666,Cajun Field,309,Louisiana,fbs,Sun Belt,10.0,"[7, 0, 3, 0]",0.484975665807724,1369.0,1333.0,2572,Southern Miss,fbs,Sun Belt,22.0,"[0, 13, 7, 2]",0.515024334192276,1273.0,1309.0,4.490560801194364,,,,3666,Cajun Field,41426.0,False,False,Lafayette,LA,70506,US,America/Chicago,30.2158434,-92.0417371,3.556508303,1971.0,2025-10-18,27.1,0.2,20.7,0.5080625694008594,0,False,False
401752951,2025,8,regular,2025-10-18T22:30:00.000Z,False,True,False,False,56048.0,3923,Scott Stadium,258,Virginia,fbs,ACC,22.0,"[7, 0, 3, 12]",0.8094696998596191,1593.0,1590.0,265,Washington State,fbs,Pac-12,20.0,"[7, 10, 3, 0]",0.19053030014038086,1361.0,1364.0,5.834354257036716,,,,3923,Scott Stadium,61500.0,True,False,Charlottesville,VA,22904,US,America/New_York,38.0311801,-78.5137897,170.4677429,1931.0,2025-10-18,21.0,0.0,9.7,0.9113495934959349,1,False,False
401752876,2025,8,regular,2025-10-18T22:30:00.000Z,False,True,False,True,53127.0,6577,SHI Stadium,164,Rutgers,fbs,Big Ten,10.0,"[3, 0, 0, 7]",0.06474416702985764,1547.0,1468.0,2483,Oregon,fbs,Big Ten,56.0,"[14, 28, 14, 0]",0.9352558329701424,1996.0,2075.0,2.8655127929578694,,,,6577,SHI Stadium,52454.0,False,False,Piscataway,NJ,08854,US,America/New_York,40.513611,-74.465278,19,1994.0,2025-10-18,17.3,0.0,7.1,1.0128302893964236,1,False,False
401752879,2025,8,regular,2025-10-18T23:00:00.000Z,False,True,False,True,35561.0,1056,Rose Bowl,26,UCLA,fbs,Big Ten,20.0,"[0, 7, 0, 13]",0.38513466715812683,1445.0,1448.0,120,Maryland,fbs,Big Ten,17.0,"[0, 3, 7, 7]",0.6148653328418732,1576.0,1573.0,7.414016656180507,,,,1056,Rose Bowl,88565.0,True,False,Pasadena,CA,90095,US,America/Los_Angeles,34.1613284,-118.1676462,245.1772461,1922.0,2025-10-18,26.5,0.0,3.6,0.40152430418336815,0,False,False
401760394,2025,8,regular,2025-10-18T23:00:00.000Z,False,True,False,True,40416.0,5388,Canvas Stadium,36,Colorado State,fbs,Mountain West,19.0,"[7, 0, 0, 12]",0.01324478816241026,1384.0,1353.0,62,Hawai'i,fbs,Mountain West,31.0,"[7, 7, 10, 7]",0.9867552118375897,1335.0,1366.0,5.144720454505094,,,,5388,Canvas Stadium,36500.0,False,False,Fort Collins,CO,80521,US,America/Denver,40.570015,-105.088435,1528.4,2017.0,2025-10-18,9.7,0.0,8.3,1.1072876712328767,1,False,False
401752875,2025,8,regular,2025-10-18T23:00:00.000Z,False,True,False,True,69250.0,3793,Kinnick Stadium,2294,Iowa,fbs,Big Ten,25.0,"[3, 7, 6, 9]",0.9411588907241821,1824.0,1830.0,213,Penn State,fbs,Big Ten,24.0,"[7, 7, 7, 3]",0.05884110927581787,1996.0,1990.0,5.691935195239559,,,,3793,Kinnick Stadium,69250.0,False,False,Iowa City,IA,52242,US,America/Chicago,41.6586045,-91.5510829,220.6357727,1929.0,2025-10-18,21.1,0.0,7.6,1.0,1,False,False
401752743,2025,8,regular,2025-10-18T23:00:00.000Z,False,True,False,True,60937.0,3683,Kroger Field,96,Kentucky,fbs,SEC,13.0,"[0, 0, 3, 10, 0]",0.6518524885177612,1513.0,1533.0,251,Texas,fbs,SEC,16.0,"[0, 7, 3, 3, 3]",0.34814751148223877,1964.0,1944.0,8.799986829345762,,,,3683,Kroger Field,61000.0,False,False,Lexington,KY,40506,US,America/New_York,38.0220905,-84.5053408,307.4248962,1973.0,2025-10-18,23.5,0.0,13.2,0.9989672131147541,1,False,False
401761630,2025,8,regular,2025-10-18T23:00:00.000Z,False,True,False,True,25428.0,3608,Allen E. Paulson Stadium,290,Georgia Southern,fbs,Sun Belt,41.0,"[3, 10, 7, 21]",0.9113202095031738,1316.0,1335.0,2247,Georgia State,fbs,Sun Belt,24.0,"[7, 10, 7, 0]",0.08867979049682617,1116.0,1097.0,5.848176064577403,,,,3608,Allen E. Paulson Stadium,25000.0,False,False,Statesboro,GA,30460,US,America/New_York,32.4122471,-81.7849296,61.25376892,1984.0,2025-10-18,20.7,0.0,14.0,1.01712,1,False,False
401752738,2025,8,regular,2025-10-18T23:30:00.000Z,False,True,False,True,100077.0,3657,Bryant-Denny Stadium,333,Alabama,fbs,SEC,37.0,"[7, 16, 7, 7]",0.8311017751693726,1967.0,1991.0,2633,Tennessee,fbs,SEC,20.0,"[0, 7, 6, 7]",0.16889822483062744,1825.0,1801.0,3.936617568158109,,,,3657,Bryant-Denny Stadium,101821.0,True,False,Tuscaloosa,AL,35487,US,America/Chicago,33.2082752,-87.5503836,70.05136108,1929.0,2025-10-18,28.4,0.0,13.4,0.9828719026526944,1,False,False
401752871,2025,8,regular,2025-10-18T23:30:00.000Z,False,True,False,False,77622.0,3855,Notre Dame Stadium,87,Notre Dame,fbs,FBS Independents,34.0,"[7, 7, 13, 7]",0.9801550507545471,2196.0,2193.0,30,USC,fbs,Big Ten,24.0,"[10, 3, 11, 0]",0.01984494924545288,1904.0,1907.0,5.899381659571455,,,,3855,Notre Dame Stadium,80795.0,False,False,Notre Dame,IN,46556,US,America/Indiana/Indianapolis,41.698378,-86.2339425,222.645401,1930.0,2025-10-18,17.9,0.1,11.0,0.9607277678074139,1,False,False
401754568,2025,8,regular,2025-10-18T23:30:00.000Z,False,True,False,True,40772.0,1964,JMA Wireless Dome,183,Syracuse,fbs,ACC,13.0,"[7, 0, 0, 6]",0.18327978253364563,1422.0,1402.0,221,Pittsburgh,fbs,ACC,30.0,"[7, 10, 3, 10]",0.8167202174663544,1625.0,1645.0,4.623256562987445,,,,1964,JMA Wireless Dome,49057.0,False,True,Syracuse,NY,13244,US,America/New_York,43.0362269,-76.1363161,162.6989746,1980.0,2025-10-18,15.0,0.0,18.9,0.8311148256110239,0,False,False
401762490,2025,8,regular,2025-10-18T23:30:00.000Z,False,True,False,True,45169.0,3886,Raymond James Stadium,58,South Florida,fbs,American Athletic,48.0,"[7, 14, 10, 17]",0.9991554617881775,1607.0,1663.0,2226,Florida Atlantic,fbs,American Athletic,13.0,"[3, 3, 7, 0]",0.0008445382118225098,1270.0,1214.0,3.650755447946169,,,,3886,Raymond James Stadium,65828.0,True,False,Tampa,FL,33620,US,America/New_York,27.9758691,-82.5033344,11.07972908,1998.0,2025-10-18,27.8,0.0,8.3,0.6861669806161512,0,False,False
401752740,2025,8,regular,2025-10-18T23:45:00.000Z,False,True,False,True,88043.0,3785,Jordan-Hare Stadium,2,Auburn,fbs,SEC,17.0,"[7, 0, 7, 3, 0, 0]",0.33761686086654663,1684.0,1681.0,142,Missouri,fbs,SEC,23.0,"[3, 7, 0, 7, 0, 6]",0.6623831391334534,1788.0,1791.0,8.047831932676818,,,,3785,Jordan-Hare Stadium,87451.0,True,False,Auburn,AL,36849,US,America/Chicago,32.6025532,-85.4897479,201.1737976,1939.0,2025-10-18,23.9,0.0,12.0,1.0067695052086312,1,False,False
401756924,2025,8,regular,2025-10-19T00:00:00.000Z,False,True,False,True,64794.0,3801,LaVell Edwards Stadium,252,BYU,fbs,Big 12,24.0,"[0, 10, 0, 14]",0.7315915822982788,1695.0,1697.0,254,Utah,fbs,Big 12,21.0,"[0, 7, 0, 14]",0.2684084177017212,1773.0,1771.0,5.791657620958455,,,,3801,LaVell Edwards Stadium,63470.0,True,False,Provo,UT,84602,US,America/Denver,40.2575347,-111.6545247,1412.097046,1964.0,2025-10-19,13.2,0.0,2.2,1.0208602489365055,1,False,False
401756926,2025,8,regular,2025-10-19T00:00:00.000Z,False,True,False,True,46901.0,3646,Boone Pickens Stadium,197,Oklahoma State,fbs,Big 12,17.0,"[3, 7, 7, 0]",0.0426059365272522,1107.0,1071.0,2132,Cincinnati,fbs,Big 12,49.0,"[7, 21, 0, 21]",0.9573940634727478,1558.0,1594.0,4.321065221154091,,,,3646,Boone Pickens Stadium,55509.0,False,False,Stillwater,OK,74078,US,America/Chicago,36.125673,-97.066513,276.4808655,1919.0,2025-10-19,22.0,0.0,25.2,0.8449260480282477,0,False,False
401760395,2025,8,regular,2025-10-19T01:45:00.000Z,False,True,False,True,18233.0,3971,University Stadium (NM),167,New Mexico,fbs,Mountain West,24.0,"[7, 7, 10, 0]",0.40355268120765686,1403.0,1401.0,2440,Nevada,fbs,Mountain West,22.0,"[3, 9, 7, 3]",0.5964473187923431,1188.0,1190.0,5.439889461029641,,,,3971,University Stadium (NM),39224.0,False,False,Albuquerque,NM,87131,US,America/Denver,35.0669479,-106.6283225,1554.471924,1960.0,2025-10-19,18.2,0.0,3.0,0.4648429532939017,0,False,False
401752941,2025,8,regular,2025-10-19T02:00:00.000Z,False,True,False,False,27735.0,3893,Reser Stadium,204,Oregon State,fbs,Pac-12,45.0,"[3, 7, 21, 14]",0.9931827187538147,1237.0,1237.0,322,Lafayette,fcs,Patriot,13.0,"[3, 10, 0, 0]",0.006817281246185303,,,4.638206639317544,,,,3893,Reser Stadium,43363.0,False,False,Corvallis,OR,97331,US,America/Los_Angeles,44.5594559,-123.2814341,66.90744781,1953.0,2025-10-19,14.2,0.0,7.3,0.6396005811406037,0,False,False
401754567,2025,8,regular,2025-10-19T02:30:00.000Z,False,True,False,True,26470.0,3940,Stanford Stadium,24,Stanford,fbs,ACC,20.0,"[3, 10, 7, 0]",0.4927515685558319,1241.0,1271.0,52,Florida State,fbs,ACC,13.0,"[0, 10, 0, 3]",0.5072484314441681,1572.0,1542.0,4.547792894378754,,,,3940,Stanford Stadium,50424.0,True,False,Stanford,CA,94305,US,America/Los_Angeles,37.4345556,-122.1611271,18.38425636,2006.0,2025-10-19,20.1,0.0,4.2,0.5249484372521022,0,False,False
401757285,2025,9,regular,2025-10-21T23:00:00.000Z,False,True,False,True,12133.0,2031,Pitbull Stadium,2229,Florida International,fbs,Conference USA,26.0,"[7, 7, 3, 9]",0.0,1288.0,1246.0,338,Kennesaw State,fbs,Conference USA,45.0,"[14, 10, 7, 14]",1.0,1332.0,1374.0,4.216063643104564,,,,2031,Pitbull Stadium,20000.0,False,False,Miami,FL,33199,US,America/New_York,25.7525,-80.37778,6,1995.0,2025-10-21,26.0,0.0,3.6,0.60665,0,False,False
401757286,2025,9,regular,2025-10-21T23:30:00.000Z,False,True,False,True,10928.0,3776,Joe Aillet Stadium,2348,Louisiana Tech,fbs,Conference USA,27.0,"[7, 0, 7, 6, 7]",0.6517226696014404,1381.0,1378.0,98,Western Kentucky,fbs,Conference USA,28.0,"[10, 10, 0, 0, 8]",0.34827733039855957,1352.0,1355.0,9.038273739815125,,,,3776,Joe Aillet Stadium,28019.0,False,False,Ruston,LA,71272,US,America/Chicago,32.5321487,-92.6560019,72.87982941,1968.0,2025-10-21,22.1,0.0,7.6,0.390021057139798,0,False,False
401757287,2025,9,regular,2025-10-22T23:30:00.000Z,False,True,False,True,14102.0,3695,Delaware Stadium,48,Delaware,fbs,Conference USA,31.0,"[7, 17, 7, 0]",0.7459631562232971,1468.0,1465.0,2393,Middle Tennessee,fbs,Conference USA,28.0,"[14, 0, 7, 7]",0.2540368437767029,1181.0,1184.0,5.995049717453125,,,,3695,Delaware Stadium,22000.0,False,False,Newark,DE,19713,US,America/New_York,39.6617428,-75.7488224,28.74350357,1952.0,2025-10-22,12.9,0.0,6.5,0.641,0,False,False
401757288,2025,9,regular,2025-10-23T01:00:00.000Z,False,True,False,True,8790.0,3601,Aggie Memorial Stadium,166,New Mexico State,fbs,Conference USA,17.0,"[0, 7, 0, 10, 0]",0.3332197070121765,1231.0,1225.0,2623,Missouri State,fbs,Conference USA,24.0,"[7, 0, 10, 0, 7]",0.6667802929878235,1329.0,1335.0,7.537797642472893,,,,3601,Aggie Memorial Stadium,28853.0,False,False,Las Cruces,NM,88003,US,America/Denver,32.2796202,-106.7411148,1208.201294,1978.0,2025-10-23,23.9,0.0,9.4,0.30464769694659133,0,False,False
401761634,2025,9,regular,2025-10-23T23:30:00.000Z,False,True,False,True,13673.0,4246,Center Parc Stadium,2247,Georgia State,fbs,Sun Belt,31.0,"[14, 0, 3, 14]",0.020935334265232086,1097.0,1107.0,6,South Alabama,fbs,Sun Belt,38.0,"[21, 7, 0, 10]",0.9790646657347679,1410.0,1400.0,6.390908995027831,,,,4246,Center Parc Stadium,25000.0,False,False,Atlanta,GA,30315,US,America/New_York,33.735267,-84.389949,287,2017.0,2025-10-23,20.4,0.0,8.5,0.54692,0,False,False
401762492,2025,9,regular,2025-10-24T23:00:00.000Z,False,True,False,True,9626.0,4418,Jerry Richardson Stadium,2429,Charlotte,fbs,American Athletic,20.0,"[10, 7, 3, 0]",0.05873166769742966,1054.0,1028.0,249,North Texas,fbs,American Athletic,54.0,"[7, 10, 10, 27]",0.9412683323025703,1648.0,1674.0,5.201038363476169,,,,4418,Jerry Richardson Stadium,15300.0,False,False,Charlotte,NC,28223,US,America/New_York,35.3105033,-80.7401194,190.365509,2013.0,2025-10-24,13.6,0.0,4.4,0.6291503267973856,0,False,False
401754372,2025,9,regular,2025-10-24T23:30:00.000Z,False,True,False,True,53837.0,3799,Lane Stadium,259,Virginia Tech,fbs,ACC,42.0,"[10, 0, 10, 7, 7, 8]",0.8125044703483582,1419.0,1430.0,25,California,fbs,ACC,34.0,"[3, 17, 0, 7, 7, 0]",0.18749552965164185,1408.0,1397.0,11.999217742937725,,,,3799,Lane Stadium,65632.0,True,False,Blacksburg,VA,24061,US,America/New_York,37.2199873,-80.4180643,632.2631226,1965.0,2025-10-24,7.8,0.0,7.6,0.8202858361774744,0,False,False
401760397,2025,9,regular,2025-10-25T02:00:00.000Z,False,True,False,True,18029.0,3816,Mackay Stadium,2440,Nevada,fbs,Mountain West,3.0,"[3, 0, 0, 0]",0.11258255690336227,1190.0,1191.0,68,Boise State,fbs,Mountain West,24.0,"[3, 7, 7, 7]",0.8874174430966377,1725.0,1724.0,5.885370695021587,,,,3816,Mackay Stadium,27000.0,False,False,Reno,NV,89557,US,America/Los_Angeles,39.5469459,-119.8175435,1406.57605,1966.0,2025-10-25,14.8,0.0,4.1,0.6677407407407407,0,False,False
401752883,2025,9,regular,2025-10-25T16:00:00.000Z,False,True,False,True,86401.0,3834,"Memorial Stadium (Lincoln, NE)",158,Nebraska,fbs,Big Ten,28.0,"[7, 0, 14, 7]",0.987456202507019,1641.0,1645.0,77,Northwestern,fbs,Big Ten,21.0,"[3, 3, 7, 8]",0.012543797492980957,1534.0,1530.0,4.629625981360863,,,,3834,"Memorial Stadium (Lincoln, NE)",85458.0,False,False,Lincoln,NE,68588,US,America/Chicago,40.820682,-96.705594,354.9318848,1923.0,2025-10-25,11.5,0.0,9.7,1.0110346603009666,1,False,False
401752750,2025,9,regular,2025-10-25T16:00:00.000Z,False,True,False,True,83468.0,3835,"Memorial Stadium (Norman, OK)",201,Oklahoma,fbs,SEC,26.0,"[3, 7, 16, 0]",0.10893948376178741,1781.0,1780.0,145,Ole Miss,fbs,SEC,34.0,"[10, 12, 3, 9]",0.8910605162382126,1962.0,1963.0,6.522901703271394,,,,3835,"Memorial Stadium (Norman, OK)",86112.0,True,False,Norman,OK,73019,US,America/Chicago,35.2058537,-97.4423145,355.0962524,1925.0,2025-10-25,17.8,0.0,6.7,0.96929580081754,1,False,False
401754571,2025,9,regular,2025-10-25T16:00:00.000Z,False,True,False,True,51913.0,721,Bobby Dodd Stadium,59,Georgia Tech,fbs,ACC,41.0,"[3, 17, 14, 7]",0.9979444742202759,1611.0,1651.0,183,Syracuse,fbs,ACC,16.0,"[3, 0, 7, 6]",0.002055525779724121,1402.0,1362.0,3.855946668588535,,,,721,Bobby Dodd Stadium,55000.0,False,False,Atlanta,GA,30332,US,America/New_York,33.7724449,-84.3928054,279.300415,1913.0,2025-10-25,17.2,0.0,12.6,0.9438727272727273,1,False,False
401762846,2025,9,regular,2025-10-25T16:00:00.000Z,False,True,False,True,9260.0,3696,Dix Stadium,2309,Kent State,fbs,Mid-American,24.0,"[0, 3, 14, 7]",0.5430498719215393,938.0,945.0,189,Bowling Green,fbs,Mid-American,21.0,"[7, 7, 7, 0]",0.4569501280784607,1329.0,1322.0,5.591471527723739,,,,3696,Dix Stadium,25319.0,False,False,Kent,OH,44242,US,America/New_York,41.1390935,-81.31346,321.3641663,1969.0,2025-10-25,10.9,0.0,6.2,0.3657332438089972,0,False,False
401762848,2025,9,regular,2025-10-25T16:00:00.000Z,False,True,False,True,15985.0,3912,Rynearson Stadium,2199,Eastern Michigan,fbs,Mid-American,21.0,"[14, 0, 0, 7]",0.27308493852615356,1204.0,1220.0,195,Ohio,fbs,Mid-American,28.0,"[7, 0, 7, 14]",0.7269150614738464,1612.0,1596.0,5.532686554097608,,,,3912,Rynearson Stadium,30200.0,False,False,Ypsilanti,MI,48197,US,America/Detroit,42.256126,-83.647285,241.248764,1969.0,2025-10-25,10.2,0.0,0.4,0.5293046357615894,0,False,False
401762494,2025,9,regular,2025-10-25T16:00:00.000Z,False,True,False,True,30940.0,3805,Simmons Bank Liberty Stadium,235,Memphis,fbs,American Athletic,34.0,"[7, 7, 3, 17]",0.38053426146507263,1680.0,1681.0,58,South Florida,fbs,American Athletic,31.0,"[14, 10, 7, 0]",0.6194657385349274,1663.0,1662.0,7.483692560112042,,,,3805,Simmons Bank Liberty Stadium,58325.0,False,False,Memphis,TN,38152,US,America/Chicago,35.1209429,-89.977147,90.62445831,1965.0,2025-10-25,19.5,0.0,12.0,0.5304757822546078,0,False,False
401761635,2025,9,regular,2025-10-25T16:00:00.000Z,False,True,False,True,18097.0,3918,S.B. Ballard Stadium,295,Old Dominion,fbs,Sun Belt,24.0,"[7, 3, 14, 0]",0.9613745212554932,1464.0,1463.0,2026,App State,fbs,Sun Belt,21.0,"[0, 7, 0, 14]",0.038625478744506836,1331.0,1332.0,4.274537527076779,,,,3918,S.B. Ballard Stadium,20118.0,False,False,Norfolk,VA,23551,US,America/New_York,36.8889533,-76.3049175,3.147987843,1936.0,2025-10-25,13.6,0.0,7.5,0.8995426980813203,0,False,False
401756932,2025,9,regular,2025-10-25T16:00:00.000Z,False,True,False,True,,3833,Memorial Stadium,2305,Kansas,fbs,Big 12,17.0,"[7, 7, 3, 0]",0.023410659283399582,1621.0,1563.0,2306,Kansas State,fbs,Big 12,42.0,"[21, 0, 14, 7]",0.9765893407166004,1695.0,1753.0,4.163411187007522,,,,3833,Memorial Stadium,47000.0,False,False,Lawrence,KS,66045,US,America/Chicago,38.9629418,-95.2463686,274.855957,1921.0,2025-10-25,11.8,0.2,12.2,,,True,False
401752884,2025,9,regular,2025-10-25T16:00:00.000Z,False,True,False,True,55289.0,3907,Ross-Ade Stadium,2509,Purdue,fbs,Big Ten,24.0,"[10, 0, 7, 7]",0.4158609211444855,1290.0,1296.0,164,Rutgers,fbs,Big Ten,27.0,"[0, 7, 7, 13]",0.5841390788555145,1468.0,1462.0,6.663165101411546,,,,3907,Ross-Ade Stadium,57282.0,True,False,West Lafayette,IN,47907,US,America/Indiana/Indianapolis,40.4352253,-86.9186843,197.5337677,1924.0,2025-10-25,8.0,0.0,6.6,0.9652072204182814,1,False,False
401752942,2025,9,regular,2025-10-25T16:00:00.000Z,False,True,False,True,28358.0,3630,Allegacy Federal Credit Union Stadium,154,Wake Forest,fbs,ACC,13.0,"[3, 7, 0, 3]",0.7061779499053955,1463.0,1471.0,2567,SMU,fbs,ACC,12.0,"[0, 6, 6, 0]",0.2938220500946045,1735.0,1727.0,7.275136107763749,,,,3630,Allegacy Federal Credit Union Stadium,31500.0,False,False,Winston-Salem,NC,27105,US,America/New_York,36.1305507,-80.2545851,283.548584,1968.0,2025-10-25,13.3,0.0,7.5,0.9002539682539683,1,False,False
401752885,2025,9,regular,2025-10-25T16:00:00.000Z,False,True,False,True,54867.0,3830,"Memorial Stadium (Bloomington, IN)",84,Indiana,fbs,Big Ten,56.0,"[14, 21, 14, 7]",0.989940881729126,2017.0,2091.0,26,UCLA,fbs,Big Ten,6.0,"[0, 3, 3, 0]",0.010059118270874023,1448.0,1374.0,2.030595373015224,,,,3830,"Memorial Stadium (Bloomington, IN)",52656.0,False,False,Bloomington,IN,47408,US,America/Indiana/Indianapolis,39.1808959,-86.5256217,231.6500854,1960.0,2025-10-25,10.4,0.0,8.1,1.041989516864175,1,False,False
401754573,2025,9,regular,2025-10-25T16:00:00.000Z,False,True,False,True,50500.0,3787,Kenan Stadium,153,North Carolina,fbs,ACC,16.0,"[0, 10, 0, 0, 6]",0.853123664855957,1342.0,1352.0,258,Virginia,fbs,ACC,17.0,"[3, 7, 0, 0, 7]",0.14687633514404297,1590.0,1580.0,7.587525597139318,,,,3787,Kenan Stadium,50500.0,False,False,Chapel Hill,NC,27515,US,America/New_York,35.9069294,-79.0478889,127.7569809,1927.0,2025-10-25,14.2,0.0,7.7,1.0,1,False,False
401752746,2025,9,regular,2025-10-25T16:45:00.000Z,False,True,False,True,68922.0,3887,Razorback Stadium,8,Arkansas,fbs,SEC,24.0,"[0, 21, 3, 0]",0.1527402400970459,1617.0,1604.0,2,Auburn,fbs,SEC,33.0,"[7, 3, 6, 17]",0.8472597599029541,1681.0,1694.0,5.35366278395004,,,,3887,Razorback Stadium,80000.0,False,False,Fayetteville,AR,72702,US,America/Chicago,36.0680662,-94.1789534,403.7972412,1938.0,2025-10-25,14.3,0.0,21.1,0.861525,0,False,False
401762844,2025,9,regular,2025-10-25T17:00:00.000Z,False,True,False,True,12491.0,3965,UB Stadium,2084,Buffalo,fbs,Mid-American,16.0,"[2, 8, 3, 3]",0.02811599150300026,1356.0,1307.0,2006,Akron,fbs,Mid-American,24.0,"[3, 0, 14, 7]",0.9718840084969997,991.0,1040.0,7.407073768153699,,,,3965,UB Stadium,30270.0,False,False,Amherst,NY,14260,US,America/New_York,42.9991334,-78.7775113,181.5759735,1993.0,2025-10-25,11.0,0.0,12.3,0.4126527915427816,0,False,False
401757172,2025,9,regular,2025-10-25T19:00:00.000Z,False,True,False,False,21122.0,3895,Rice Stadium,242,Rice,fbs,American Athletic,37.0,"[3, 14, 0, 7, 7, 6]",0.8228422403335571,1156.0,1163.0,41,UConn,fbs,FBS Independents,34.0,"[7, 14, 3, 0, 7, 3]",0.17715775966644287,1553.0,1546.0,9.782133091757844,,,,3895,Rice Stadium,47000.0,False,False,Houston,TX,77251,US,America/Chicago,29.7163297,-95.4093261,7.148301601,1950.0,2025-10-25,26.0,0.0,2.9,0.44940425531914896,0,False,False
401760400,2025,9,regular,2025-10-25T19:00:00.000Z,False,True,False,True,20097.0,3971,University Stadium (NM),167,New Mexico,fbs,Mountain West,33.0,"[7, 19, 0, 7]",0.7954603433609009,1401.0,1442.0,328,Utah State,fbs,Mountain West,14.0,"[0, 7, 0, 7]",0.20453965663909912,1377.0,1336.0,3.5724362517660464,,,,3971,University Stadium (NM),39224.0,False,False,Albuquerque,NM,87131,US,America/Denver,35.0669479,-106.6283225,1554.471924,1960.0,2025-10-25,17.6,0.0,6.6,0.5123648786457271,0,False,False
401752751,2025,9,regular,2025-10-25T19:30:00.000Z,False,True,False,True,79537.0,3994,Williams-Brice Stadium,2579,South Carolina,fbs,SEC,22.0,"[3, 3, 9, 7]",0.3482479751110077,1630.0,1643.0,333,Alabama,fbs,SEC,29.0,"[7, 7, 0, 15]",0.6517520248889923,1991.0,1978.0,6.965500888933744,,,,3994,Williams-Brice Stadium,80250.0,True,False,Columbia,SC,29208,US,America/New_York,33.9730239,-81.0191726,60.54548645,1934.0,2025-10-25,20.4,0.0,10.3,0.9911152647975078,1,False,False
401756931,2025,9,regular,2025-10-25T19:30:00.000Z,False,True,False,True,61500.0,3772,Jack Trice Stadium,66,Iowa State,fbs,Big 12,27.0,"[17, 7, 3, 0]",0.6387631893157959,1622.0,1597.0,252,BYU,fbs,Big 12,41.0,"[7, 10, 10, 14]",0.3612368106842041,1697.0,1722.0,5.903255152394795,,,,3772,Jack Trice Stadium,61500.0,True,False,Ames,IA,50011,US,America/Chicago,42.0139977,-93.6357716,274.9135437,1975.0,2025-10-25,13.8,0.0,17.1,1.0,1,False,False
401760399,2025,9,regular,2025-10-25T19:30:00.000Z,False,True,False,True,41535.0,3660,Valley Children's Stadium,278,Fresno State,fbs,Mountain West,0.0,"[0, 0, 0, 0]",0.0,1405.0,1360.0,21,San Diego State,fbs,Mountain West,23.0,"[7, 6, 0, 10]",1.0,1534.0,1579.0,3.0376400475819985,,,,3660,Valley Children's Stadium,41031.0,False,False,Fresno,CA,93740,US,America/Los_Angeles,36.8143527,-119.7580092,102.564064,1980.0,2025-10-25,20.6,0.0,3.1,1.0122833954814652,1,False,False
401754574,2025,9,regular,2025-10-25T19:30:00.000Z,False,True,False,True,46840.0,3752,Acrisure Stadium,221,Pittsburgh,fbs,ACC,53.0,"[10, 21, 15, 7]",1.0,1645.0,1673.0,152,NC State,fbs,ACC,34.0,"[7, 14, 0, 13]",0.0,1487.0,1459.0,3.9319619869279503,,,,3752,Acrisure Stadium,68400.0,True,False,Pittsburgh,PA,15260,US,America/New_York,40.4467648,-80.0157603,220.5887146,2001.0,2025-10-25,11.4,0.0,2.7,0.6847953216374268,0,False,False
401762495,2025,9,regular,2025-10-25T19:30:00.000Z,False,True,False,True,16403.0,3674,Chapman Stadium,202,Tulsa,fbs,American Athletic,37.0,"[3, 14, 7, 7, 6]",0.7279811501502991,1055.0,1066.0,218,Temple,fbs,American Athletic,38.0,"[7, 7, 14, 3, 7]",0.2720188498497009,1330.0,1319.0,10.629657665692894,,,,3674,Chapman Stadium,30000.0,False,False,Tulsa,OK,74194,US,America/Chicago,36.1489175,-95.9437853,235.5928345,1930.0,2025-10-25,16.7,0.1,19.0,0.5467666666666666,0,False,False
401752952,2025,9,regular,2025-10-25T19:30:00.000Z,False,True,False,False,27646.0,3820,Gesa Field,265,Washington State,fbs,Pac-12,28.0,"[0, 21, 0, 7]",0.9499668478965759,1364.0,1438.0,2649,Toledo,fbs,Mid-American,7.0,"[0, 7, 0, 0]",0.05003315210342407,1579.0,1505.0,2.8357891127616592,,,,3820,Gesa Field,32952.0,False,False,Pullman,WA,99164,US,America/Los_Angeles,46.731831,-117.1604991,773.9526367,1972.0,2025-10-25,12.5,0.0,24.6,0.8389779072590434,0,False,False
401762874,2025,9,regular,2025-10-25T19:30:00.000Z,False,True,False,True,18025.0,3996,Yager Stadium,193,Miami (OH),fbs,Mid-American,26.0,"[3, 6, 0, 17]",0.9573808312416077,1449.0,1459.0,2711,Western Michigan,fbs,Mid-American,17.0,"[0, 14, 3, 0]",0.042619168758392334,1379.0,1369.0,5.224410165579504,,,,3996,Yager Stadium,24286.0,False,False,Oxford,OH,45056,US,America/New_York,39.5197009,-84.7330255,242.2643585,1983.0,2025-10-25,11.9,0.0,9.5,0.7421971506217574,0,False,False
401752880,2025,9,regular,2025-10-25T19:30:00.000Z,False,True,False,True,68630.0,3765,Husky Stadium,264,Washington,fbs,Big Ten,42.0,"[14, 7, 7, 14]",0.9434303045272827,1674.0,1703.0,356,Illinois,fbs,Big Ten,25.0,"[3, 14, 0, 8]",0.056569695472717285,1589.0,1560.0,3.937463841305171,,,,3765,Husky Stadium,70138.0,False,False,Seattle,WA,98195,US,America/Los_Angeles,47.6503235,-122.3015746,11.65622807,1920.0,2025-10-25,12.6,0.0,15.5,0.9784995294989877,1,False,False
401752752,2025,9,regular,2025-10-25T19:30:00.000Z,False,True,False,True,35000.0,3973,FirstBank Stadium,238,Vanderbilt,fbs,SEC,17.0,"[0, 3, 7, 7]",0.17339718341827393,1753.0,1765.0,142,Missouri,fbs,SEC,10.0,"[0, 3, 0, 7]",0.8266028165817261,1791.0,1779.0,5.267295377402327,,,,3973,FirstBank Stadium,40351.0,False,False,Nashville,TN,37212,US,America/Chicago,36.1440455,-86.8088942,159.9194641,1922.0,2025-10-25,21.5,0.0,8.1,0.8673886644692821,0,False,False
401762845,2025,9,regular,2025-10-25T19:30:00.000Z,False,True,False,True,10124.0,3764,Huskie Stadium,2459,Northern Illinois,fbs,Mid-American,21.0,"[7, 0, 7, 7]",0.14104697108268738,1297.0,1305.0,2050,Ball State,fbs,Mid-American,7.0,"[0, 7, 0, 0]",0.8589530289173126,1055.0,1047.0,4.565846594745,,,,3764,Huskie Stadium,23595.0,False,False,DeKalb,IL,60115,US,America/Chicago,41.9339586,-88.7778357,267.4530029,1965.0,2025-10-25,12.2,0.0,13.4,0.4290739563466836,0,False,False
401762847,2025,9,regular,2025-10-25T19:30:00.000Z,False,True,False,True,20489.0,3786,Kelly/Shorts Stadium,2117,Central Michigan,fbs,Mid-American,38.0,"[21, 3, 14, 0]",0.9943882822990417,1203.0,1234.0,113,Massachusetts,fbs,Mid-American,13.0,"[7, 3, 3, 0]",0.005611717700958252,910.0,879.0,3.5203497405038147,,,,3786,Kelly/Shorts Stadium,30255.0,False,False,Mount Pleasant,MI,48859,US,America/Detroit,43.5777313,-84.7709904,240.9007721,1972.0,2025-10-25,11.0,0.0,1.4,0.677210378449843,0,False,False
401752882,2025,9,regular,2025-10-25T19:30:00.000Z,False,True,False,True,69250.0,3793,Kinnick Stadium,2294,Iowa,fbs,Big Ten,41.0,"[17, 14, 3, 7]",0.9994415640830994,1830.0,1907.0,135,Minnesota,fbs,Big Ten,3.0,"[0, 0, 3, 0]",0.0005584359169006348,1592.0,1515.0,1.877402479993451,,,,3793,Kinnick Stadium,69250.0,False,False,Iowa City,IA,52242,US,America/Chicago,41.6586045,-91.5510829,220.6357727,1929.0,2025-10-25,12.9,0.0,16.4,1.0,1,False,False
401761637,2025,9,regular,2025-10-25T19:30:00.000Z,False,True,False,True,27111.0,3815,M. M. Roberts Stadium,2572,Southern Miss,fbs,Sun Belt,49.0,"[7, 14, 14, 14]",0.9987277984619141,1309.0,1354.0,2433,UL Monroe,fbs,Sun Belt,21.0,"[7, 7, 0, 7]",0.0012722015380859375,1060.0,1015.0,3.606584824673627,,,,3815,M. M. Roberts Stadium,36000.0,False,False,Hattiesburg,MS,39402,US,America/Chicago,31.3289321,-89.3318118,64.52726746,1932.0,2025-10-25,24.4,0.0,16.9,0.7530833333333333,0,False,False
401762493,2025,9,regular,2025-10-25T19:30:00.000Z,False,True,False,True,32175.0,3852,Navy-Marine Corps Memorial Stadium,2426,Navy,fbs,American Athletic,42.0,"[14, 7, 0, 21]",0.9364301562309265,1533.0,1529.0,2226,Florida Atlantic,fbs,American Athletic,32.0,"[10, 3, 0, 19]",0.06356984376907349,1214.0,1218.0,5.010906886551114,,,,3852,Navy-Marine Corps Memorial Stadium,34000.0,False,False,Annapolis,MD,21402,US,America/New_York,38.9846985,-76.5076335,10.74990082,1959.0,2025-10-25,14.2,0.0,1.9,0.9463235294117647,1,False,False
401756930,2025,9,regular,2025-10-25T20:00:00.000Z,False,True,False,True,38007.0,3854,Nippert Stadium,2132,Cincinnati,fbs,Big 12,41.0,"[14, 10, 3, 14]",0.9918137788772583,1594.0,1644.0,239,Baylor,fbs,Big 12,20.0,"[0, 6, 6, 8]",0.0081862211227417,1592.0,1542.0,2.1967496901640793,,,,3854,Nippert Stadium,40000.0,False,False,Cincinnati,OH,45221,US,America/New_York,39.1312495,-84.5161913,230.0660553,1915.0,2025-10-25,12.5,0.0,6.8,0.950175,1,False,False
401756933,2025,9,regular,2025-10-25T20:00:00.000Z,False,True,False,True,59625.0,3784,Jones AT&T Stadium,2641,Texas Tech,fbs,Big 12,42.0,"[21, 7, 14, 0]",0.9837449193000793,1826.0,1855.0,197,Oklahoma State,fbs,Big 12,0.0,"[0, 0, 0, 0]",0.016255080699920654,1071.0,1042.0,2.329245255067711,,,,3784,Jones AT&T Stadium,60454.0,False,False,Lubbock,TX,79409,US,America/Chicago,33.5910518,-101.8728824,980.7632446,1947.0,2025-10-25,16.9,0.0,9.6,0.986287094319648,1,False,False
401752749,2025,9,regular,2025-10-25T20:15:00.000Z,False,True,False,True,52680.0,3693,Davis Wade Stadium,344,Mississippi State,fbs,SEC,38.0,"[7, 17, 7, 7, 0]",0.28513211011886597,1495.0,1514.0,251,Texas,fbs,SEC,45.0,"[7, 7, 0, 24, 7]",0.714867889881134,1944.0,1925.0,9.321110708758852,,,,3693,Davis Wade Stadium,61337.0,True,False,Starkville,MS,39762,US,America/Chicago,33.4563403,-88.7933652,110.2742081,1914.0,2025-10-25,22.4,0.0,15.9,0.8588616984854166,0,False,False
401756935,2025,9,regular,2025-10-25T22:00:00.000Z,False,True,False,True,54110.0,3842,Milan Puskar Stadium,277,West Virginia,fbs,Big 12,17.0,"[0, 7, 3, 7]",0.21968325972557068,1281.0,1300.0,2628,TCU,fbs,Big 12,23.0,"[10, 10, 0, 3]",0.7803167402744293,1719.0,1700.0,4.075723777053685,,,,3842,Milan Puskar Stadium,60000.0,False,False,Morgantown,WV,26507,US,America/New_York,39.6502744,-79.9551873,327.409668,1980.0,2025-10-25,10.3,0.0,4.2,0.9018333333333334,1,False,False
401752886,2025,9,regular,2025-10-25T23:00:00.000Z,False,True,False,True,58940.0,3626,Autzen Stadium,2483,Oregon,fbs,Big Ten,21.0,"[0, 7, 7, 7]",0.9917219281196594,2075.0,2055.0,275,Wisconsin,fbs,Big Ten,7.0,"[0, 0, 0, 7]",0.008278071880340576,1435.0,1455.0,3.6594482803859503,,,,3626,Autzen Stadium,54000.0,False,False,Eugene,OR,97401,US,America/Los_Angeles,44.0582712,-123.0684883,127.4198303,1967.0,2025-10-25,10.9,0.6,31.2,1.0914814814814815,1,False,False
401761638,2025,9,regular,2025-10-25T23:00:00.000Z,False,True,False,True,23719.0,3975,Veterans Memorial Stadium (AL),2653,Troy,fbs,Sun Belt,35.0,"[7, 14, 7, 7]",0.8598994016647339,1488.0,1499.0,309,Louisiana,fbs,Sun Belt,23.0,"[7, 10, 3, 3]",0.1401005983352661,1333.0,1322.0,5.765403250853845,,,,3975,Veterans Memorial Stadium (AL),30000.0,False,False,Troy,AL,36082,US,America/Chicago,31.7995565,-85.9518328,154.7746277,1950.0,2025-10-25,22.8,0.0,10.6,0.7906333333333333,0,False,False
401761636,2025,9,regular,2025-10-25T23:00:00.000Z,False,True,False,True,16341.0,3625,Centennial Bank Stadium,2032,Arkansas State,fbs,Sun Belt,34.0,"[7, 10, 7, 10]",0.8245862126350403,1235.0,1260.0,290,Georgia Southern,fbs,Sun Belt,24.0,"[14, 7, 0, 3]",0.17541378736495972,1335.0,1310.0,6.524004653583363,,,,3625,Centennial Bank Stadium,30382.0,False,False,Jonesboro,AR,72404,US,America/Chicago,35.8488977,-90.6677436,89.52690887,1974.0,2025-10-25,19.8,0.1,19.4,0.5378513593575143,0,False,False
401754572,2025,9,regular,2025-10-25T23:00:00.000Z,False,True,False,True,63892.0,3948,Hard Rock Stadium,2390,Miami,fbs,ACC,42.0,"[0, 7, 21, 14]",0.988811731338501,1832.0,1863.0,24,Stanford,fbs,ACC,7.0,"[7, 0, 0, 0]",0.011188268661499023,1271.0,1240.0,3.7910785572974213,,,,3948,Hard Rock Stadium,64767.0,False,False,Miami Gardens,FL,33299,US,America/New_York,25.9579665,-80.2388604,2.624486446,1987.0,2025-10-25,24.0,0.3,12.9,0.9864900335047169,1,False,False
401754570,2025,9,regular,2025-10-25T23:30:00.000Z,False,True,False,True,50320.0,3873,L&N Federal Credit Union Stadium,97,Louisville,fbs,ACC,38.0,"[7, 14, 7, 10]",1.0,1746.0,1738.0,103,Boston College,fbs,ACC,24.0,"[3, 7, 7, 7]",0.0,1291.0,1299.0,4.755154180508504,,,,3873,L&N Federal Credit Union Stadium,60000.0,False,False,Louisville,KY,40292,US,America/Kentucky/Louisville,38.2057621,-85.7588141,138.5615997,1998.0,2025-10-25,12.5,0.0,7.5,0.8386666666666667,0,False,False
401752881,2025,9,regular,2025-10-25T23:30:00.000Z,False,True,False,True,75085.0,3936,Spartan Stadium,127,Michigan State,fbs,Big Ten,20.0,"[0, 7, 0, 13]",0.0,1348.0,1364.0,130,Michigan,fbs,Big Ten,31.0,"[10, 0, 14, 7]",1.0,1839.0,1823.0,4.5247274470283,,,,3936,Spartan Stadium,75005.0,True,False,East Lansing,MI,48824,US,America/Detroit,42.7281474,-84.4848526,254.8794861,1923.0,2025-10-25,8.5,0.0,7.8,1.001066595560296,1,False,False
401760398,2025,9,regular,2025-10-25T23:30:00.000Z,False,True,False,True,25609.0,3984,War Memorial Stadium,2751,Wyoming,fbs,Mountain West,28.0,"[7, 14, 7, 0]",0.9982336163520813,1336.0,1412.0,36,Colorado State,fbs,Mountain West,0.0,"[0, 0, 0, 0]",0.0017663836479187012,1353.0,1277.0,2.2356075993077673,,,,3984,War Memorial Stadium,29181.0,False,False,Laramie,WY,82071,US,America/Denver,41.31161,-105.5681384,2200.153564,1950.0,2025-10-25,13.3,0.0,13.2,0.8775915835646483,0,False,False
401752748,2025,9,regular,2025-10-25T23:30:00.000Z,False,True,False,True,101924.0,3958,Tiger Stadium (LA),99,LSU,fbs,SEC,25.0,"[7, 11, 0, 7]",0.0,1752.0,1694.0,245,Texas A&M,fbs,SEC,49.0,"[14, 0, 21, 14]",1.0,1801.0,1859.0,5.32002098367874,,,,3958,Tiger Stadium (LA),102321.0,True,False,Baton Rouge,LA,70803,US,America/Chicago,30.412035,-91.1838163,7.640734673,1924.0,2025-10-25,22.1,0.0,13.7,0.9961200535569433,1,False,False
401752747,2025,9,regular,2025-10-25T23:45:00.000Z,False,True,False,True,60153.0,3683,Kroger Field,96,Kentucky,fbs,SEC,34.0,"[7, 14, 6, 7]",0.01421354804188013,1533.0,1506.0,2633,Tennessee,fbs,SEC,56.0,"[21, 14, 14, 7]",0.9857864519581199,1801.0,1828.0,4.0851942581443055,,,,3683,Kroger Field,61000.0,False,False,Lexington,KY,40506,US,America/New_York,38.0220905,-84.5053408,307.4248962,1973.0,2025-10-25,11.4,0.0,8.9,0.9861147540983607,1,False,False
401756929,2025,9,regular,2025-10-26T00:00:00.000Z,False,True,False,True,54256.0,3947,Mountain America Stadium,9,Arizona State,fbs,Big 12,16.0,"[0, 0, 0, 16]",0.0,1638.0,1609.0,248,Houston,fbs,Big 12,24.0,"[10, 0, 14, 0]",1.0,1478.0,1507.0,4.716608221900163,,,,3947,Mountain America Stadium,65870.0,True,False,Tempe,AZ,85287,US,America/Phoenix,33.4264471,-111.9325005,360.1569519,1958.0,2025-10-26,27.5,0.0,1.9,0.8236830119933202,0,False,False
401756934,2025,9,regular,2025-10-26T02:15:00.000Z,False,True,False,True,51949.0,587,Rice-Eccles Stadium,254,Utah,fbs,Big 12,53.0,"[17, 26, 3, 7]",0.9948615431785583,1771.0,1887.0,38,Colorado,fbs,Big 12,7.0,"[0, 0, 0, 7]",0.00513845682144165,1611.0,1495.0,2.497372620669279,,,,587,Rice-Eccles Stadium,51444.0,False,False,Salt Lake City,UT,84112,US,America/Denver,40.7599724,-111.8488255,1411.543579,1998.0,2025-10-26,18.9,0.0,17.9,1.0098164994945962,1,False,False
401757289,2025,10,regular,2025-10-29T00:00:00.000Z,False,True,False,True,11040.0,4899,Fifth Third Stadium,338,Kennesaw State,fbs,Conference USA,33.0,"[14, 2, 7, 10]",0.8267028331756592,1374.0,1388.0,2638,UTEP,fbs,Conference USA,20.0,"[0, 10, 10, 0]",0.17329716682434082,1234.0,1220.0,5.908515511047378,,,,4899,Fifth Third Stadium,11040.0,True,False,Kennesaw,GA,30144,US,America/New_York,34.0289318,-84.5676234,296.9589844,2010.0,2025-10-29,10.8,0.0,12.8,1.0,1,False,False
401761639,2025,10,regular,2025-10-29T00:00:00.000Z,False,True,False,True,17363.0,3644,Bobcat Stadium (TX),326,Texas State,fbs,Sun Belt,20.0,"[0, 20, 0, 0]",0.0021346090361475945,1554.0,1486.0,256,James Madison,fbs,Sun Belt,52.0,"[14, 14, 21, 3]",0.9978653909638524,1733.0,1801.0,4.307558561592839,,,,3644,Bobcat Stadium (TX),30000.0,False,False,San Marcos,TX,78666,US,America/Chicago,29.8910008,-97.9255735,177.8676453,1981.0,2025-10-29,21.6,0.0,21.7,0.5787666666666667,0,False,False
401757292,2025,10,regular,2025-10-29T23:30:00.000Z,False,True,False,True,10200.0,3725,"Johnny ""Red"" Floyd Stadium",2393,Middle Tennessee,fbs,Conference USA,21.0,"[6, 0, 8, 7]",0.22879831492900848,1184.0,1199.0,55,Jacksonville State,fbs,Conference USA,24.0,"[0, 7, 0, 17]",0.7712016850709915,1540.0,1525.0,5.738443333761415,,,,3725,"Johnny ""Red"" Floyd Stadium",30788.0,False,False,Murfreesboro,TN,37132,US,America/Chicago,35.8511463,-86.3681649,191.7279816,1933.0,2025-10-29,10.5,0.0,8.3,0.3312979082759517,0,False,False
401757291,2025,10,regular,2025-10-30T00:00:00.000Z,False,True,False,True,8754.0,3878,Plaster Sports Complex,2623,Missouri State,fbs,Conference USA,28.0,"[7, 7, 7, 7]",0.5291013121604919,1335.0,1340.0,2229,Florida International,fbs,Conference USA,21.0,"[7, 7, 0, 7]",0.47089868783950806,1246.0,1241.0,5.075261446471696,,,,3878,Plaster Sports Complex,17337.0,False,False,Springfield,MO,65897,US,America/Chicago,37.1976229,-93.2798119,402.368103,1941.0,2025-10-30,8.8,0.0,21.1,0.5049316490742343,0,False,False
401762443,2025,10,regular,2025-10-30T23:30:00.000Z,False,True,False,True,16715.0,3604,Alamodome,2636,UTSA,fbs,American Athletic,48.0,"[10, 21, 7, 10]",1.0,1470.0,1537.0,2655,Tulane,fbs,American Athletic,26.0,"[6, 6, 7, 7]",0.0,1588.0,1521.0,2.954352524973834,,,,3604,Alamodome,36582.0,False,True,San Antonio,TX,78299,US,America/Chicago,29.4169834,-98.4788143,201.5526886,1993.0,2025-10-30,19.8,0.0,1.3,0.4569187031873599,0,False,False
401761640,2025,10,regular,2025-10-30T23:30:00.000Z,False,True,False,True,17034.0,3654,Brooks Stadium (SC),324,Coastal Carolina,fbs,Sun Belt,44.0,"[3, 14, 20, 7]",0.7426753640174866,1235.0,1309.0,276,Marshall,fbs,Sun Belt,27.0,"[10, 10, 7, 0]",0.2573246359825134,1583.0,1509.0,7.199110789458465,,,,3654,Brooks Stadium (SC),21000.0,False,False,Conway,SC,29528,US,America/New_York,33.7928506,-79.0166946,13.74894905,2003.0,2025-10-30,14.9,0.0,17.9,0.8111428571428572,0,False,False
401762497,2025,10,regular,2025-10-31T23:00:00.000Z,False,True,False,True,20197.0,3895,Rice Stadium,242,Rice,fbs,American Athletic,14.0,"[0, 7, 0, 7]",0.018175363540649414,1163.0,1155.0,235,Memphis,fbs,American Athletic,38.0,"[14, 17, 7, 0]",0.9818246364593506,1681.0,1689.0,3.0092875279502422,,,,3895,Rice Stadium,47000.0,False,False,Houston,TX,77251,US,America/Chicago,29.7163297,-95.4093261,7.148301601,1950.0,2025-10-31,19.4,0.0,3.1,0.42972340425531913,0,False,False
401754575,2025,10,regular,2025-10-31T23:30:00.000Z,False,True,False,True,37184.0,1964,JMA Wireless Dome,183,Syracuse,fbs,ACC,10.0,"[7, 3, 0, 0]",0.019985033199191093,1362.0,1320.0,153,North Carolina,fbs,ACC,27.0,"[3, 3, 14, 7]",0.9800149668008089,1352.0,1394.0,3.9698319179483317,,,,1964,JMA Wireless Dome,49057.0,False,True,Syracuse,NY,13244,US,America/New_York,43.0362269,-76.1363161,162.6989746,1980.0,2025-10-31,3.9,1.8,32.9,0.7579754163524064,0,False,False
401757290,2025,10,regular,2025-11-01T00:00:00.000Z,False,True,False,True,17841.0,3776,Joe Aillet Stadium,2348,Louisiana Tech,fbs,Conference USA,55.0,"[14, 13, 14, 14]",0.9912233948707581,1378.0,1465.0,2534,Sam Houston,fbs,Conference USA,14.0,"[0, 0, 14, 0]",0.008776605129241943,1139.0,1052.0,1.8612539134862605,,,,3776,Joe Aillet Stadium,28019.0,False,False,Ruston,LA,71272,US,America/Chicago,32.5321487,-92.6560019,72.87982941,1968.0,2025-11-01,13.6,0.0,5.5,0.6367464934508726,0,False,False
401756938,2025,10,regular,2025-11-01T16:00:00.000Z,False,True,False,True,25049.0,4728,TDECU Stadium,248,Houston,fbs,Big 12,35.0,"[7, 14, 7, 7]",0.03517993912100792,1507.0,1467.0,277,West Virginia,fbs,Big 12,45.0,"[14, 7, 10, 14]",0.9648200608789921,1300.0,1340.0,6.363517032629233,,,,4728,TDECU Stadium,40000.0,False,False,Houston,TX,77004,US,America/Chicago,29.7219885,-95.3491623,9.57440567,2014.0,2025-11-01,19.1,0.0,6.7,0.626225,0,False,False
401762499,2025,10,regular,2025-11-01T16:00:00.000Z,False,True,False,True,26516.0,3825,DATCU Stadium,249,North Texas,fbs,American Athletic,31.0,"[14, 10, 7, 0]",0.9541565775871277,1674.0,1690.0,2426,Navy,fbs,American Athletic,17.0,"[0, 10, 7, 0]",0.045843422412872314,1529.0,1513.0,2.6246469328814164,,,,3825,DATCU Stadium,30850.0,False,False,Denton,TX,76210,US,America/Chicago,33.203899,-97.159245,198.6871948,2011.0,2025-11-01,13.7,0.3,11.6,0.8595137763371151,0,False,False
401752889,2025,10,regular,2025-11-01T16:00:00.000Z,False,True,False,True,105517.0,3861,Ohio Stadium,194,Ohio State,fbs,Big Ten,38.0,"[7, 10, 14, 7]",0.9644951820373535,2098.0,2146.0,213,Penn State,fbs,Big Ten,14.0,"[0, 14, 0, 0]",0.035504817962646484,1990.0,1942.0,4.216863180603837,,,,3861,Ohio Stadium,102780.0,False,False,Columbus,OH,43210,US,America/New_York,40.0016447,-83.0197266,216.6770325,1922.0,2025-11-01,10.6,0.0,6.5,1.026629694493092,1,False,False
401754581,2025,10,regular,2025-11-01T16:00:00.000Z,False,True,False,True,35074.0,3735,Gerald J. Ford Stadium,2567,SMU,fbs,ACC,26.0,"[0, 7, 10, 3, 6]",0.6046087145805359,1727.0,1741.0,2390,Miami,fbs,ACC,20.0,"[7, 3, 7, 3, 0]",0.3953912854194641,1863.0,1849.0,9.401323185274995,,,,3735,Gerald J. Ford Stadium,32000.0,False,False,University Park,TX,75275,US,America/Chicago,32.8377223,-96.7827859,169.4058075,2000.0,2025-11-01,14.2,0.3,7.1,1.0960625,1,False,False
401756936,2025,10,regular,2025-11-01T16:00:00.000Z,False,True,False,True,40212.0,4727,McLane Stadium,239,Baylor,fbs,Big 12,30.0,"[14, 6, 3, 7]",0.985271155834198,1542.0,1621.0,2116,UCF,fbs,Big 12,3.0,"[0, 3, 0, 0]",0.014728844165802002,1616.0,1537.0,2.730376747954225,,,,4727,McLane Stadium,45140.0,False,False,Waco,TX,76704,US,America/Chicago,31.5582015,-97.1156702,117.0538101,2014.0,2025-11-01,14.1,0.9,6.1,0.8908285334514843,0,False,False
401752891,2025,10,regular,2025-11-01T16:00:00.000Z,False,True,False,True,60670.0,3832,"Memorial Stadium (Champaign, IL)",356,Illinois,fbs,Big Ten,35.0,"[7, 14, 14, 0]",0.9382127523422241,1560.0,1603.0,164,Rutgers,fbs,Big Ten,13.0,"[0, 6, 0, 7]",0.06178724765777588,1462.0,1419.0,3.235287264590744,,,,3832,"Memorial Stadium (Champaign, IL)",60670.0,False,False,Champaign,IL,61820,US,America/Chicago,40.0993268,-88.2359569,223.2471619,1923.0,2025-11-01,8.6,0.0,9.7,1.0,1,False,False
401757173,2025,10,regular,2025-11-01T16:00:00.000Z,False,True,False,False,23170.0,3892,Pratt & Whitney Stadium,41,UConn,fbs,FBS Independents,38.0,"[7, 17, 14, 0]",0.9872789978981018,1546.0,1561.0,5,UAB,fbs,American Athletic,19.0,"[0, 0, 6, 13]",0.012721002101898193,1252.0,1237.0,4.058511052098757,,,,3892,Pratt & Whitney Stadium,40000.0,True,False,East Hartford,CT,6118 ,US,America/New_York,41.7595675,-72.6187728,6.515614986,2003.0,2025-11-01,11.3,0.0,22.0,0.57925,0,False,False
401752758,2025,10,regular,2025-11-01T16:00:00.000Z,False,True,False,True,102338.0,3910,DKR-Texas Memorial Stadium,251,Texas,fbs,SEC,34.0,"[17, 7, 10, 0]",0.7722781300544739,1925.0,1924.0,238,Vanderbilt,fbs,SEC,31.0,"[0, 10, 0, 21]",0.22772186994552612,1765.0,1766.0,3.920122530757057,,,,3910,DKR-Texas Memorial Stadium,100119.0,False,False,Austin,TX,78712,US,America/Chicago,30.2836813,-97.7325345,160.3089447,1924.0,2025-11-01,15.8,5.9,7.1,1.0221636252859099,1,False,False
401754577,2025,10,regular,2025-11-01T16:00:00.000Z,False,True,False,True,75809.0,3836,"Memorial Stadium (Clemson, SC)",228,Clemson,fbs,ACC,45.0,"[7, 21, 10, 7]",0.9769346117973328,1708.0,1703.0,150,Duke,fbs,ACC,46.0,"[21, 7, 7, 11]",0.023065388202667236,1622.0,1627.0,7.8957948169637735,,,,3836,"Memorial Stadium (Clemson, SC)",81500.0,True,False,Clemson,SC,29634,US,America/New_York,34.6787737,-82.8432428,205.6452179,1942.0,2025-11-01,12.5,0.0,2.5,0.9301717791411043,1,False,False
401762849,2025,10,regular,2025-11-01T16:00:00.000Z,False,True,False,True,11876.0,3700,Doyt L. Perry Stadium,189,Bowling Green,fbs,Mid-American,3.0,"[0, 0, 0, 3]",0.011615565046668053,1322.0,1253.0,2084,Buffalo,fbs,Mid-American,28.0,"[7, 14, 7, 0]",0.988384434953332,1307.0,1376.0,2.84265125294086,,,,3700,Doyt L. Perry Stadium,24000.0,False,False,Bowling Green,OH,43403,US,America/New_York,41.3780114,-83.6225,205.9057465,1966.0,2025-11-01,10.5,0.0,12.8,0.49483333333333335,0,False,False
401760401,2025,10,regular,2025-11-01T16:00:00.000Z,False,True,False,False,39441.0,3713,Falcon Stadium,2005,Air Force,fbs,Mountain West,17.0,"[3, 0, 7, 7]",0.5374033451080322,1355.0,1362.0,349,Army,fbs,American Athletic,20.0,"[7, 3, 0, 10]",0.4625966548919678,1544.0,1537.0,5.535816980973042,,,,3713,Falcon Stadium,46692.0,False,False,Colorado Springs,CO,80840,US,America/Denver,38.9969701,-104.8436165,2024.875732,1962.0,2025-11-01,7.4,0.0,1.8,0.8447057311745053,0,False,False
401756939,2025,10,regular,2025-11-01T17:00:00.000Z,False,True,False,True,60899.0,3772,Jack Trice Stadium,66,Iowa State,fbs,Big 12,19.0,"[3, 13, 3, 0]",0.4088120758533478,1597.0,1589.0,9,Arizona State,fbs,Big 12,24.0,"[3, 14, 7, 0]",0.5911879241466522,1609.0,1617.0,6.789113847524804,,,,3772,Jack Trice Stadium,61500.0,True,False,Ames,IA,50011,US,America/Chicago,42.0139977,-93.6357716,274.9135437,1975.0,2025-11-01,7.3,0.1,18.1,0.9902276422764228,1,False,False
401762498,2025,10,regular,2025-11-01T18:00:00.000Z,False,True,False,True,13168.0,3806,Lincoln Financial Field,218,Temple,fbs,American Athletic,14.0,"[7, 7, 0, 0]",0.03383317217230797,1319.0,1258.0,151,East Carolina,fbs,American Athletic,45.0,"[14, 14, 14, 3]",0.966166827827692,1530.0,1591.0,4.039789827827728,,,,3806,Lincoln Financial Field,69879.0,False,False,Philadelphia,PA,19122,US,America/New_York,39.9007995,-75.1675414,3.198706865,2003.0,2025-11-01,14.4,0.0,16.4,0.18844001774495914,0,False,False
401754580,2025,10,regular,2025-11-01T19:00:00.000Z,False,True,False,True,54030.0,3799,Lane Stadium,259,Virginia Tech,fbs,ACC,16.0,"[9, 7, 0, 0]",0.09104979038238525,1430.0,1431.0,97,Louisville,fbs,ACC,28.0,"[7, 0, 14, 7]",0.9089502096176147,1738.0,1737.0,6.175265038989168,,,,3799,Lane Stadium,65632.0,True,False,Blacksburg,VA,24061,US,America/New_York,37.2199873,-80.4180643,632.2631226,1965.0,2025-11-01,14.3,0.0,14.9,0.8232264748902974,0,False,False
401760404,2025,10,regular,2025-11-01T19:00:00.000Z,False,True,False,True,25972.0,6501,Allegiant Stadium,2439,UNLV,fbs,Mountain West,35.0,"[0, 21, 7, 7]",0.055169641971588135,1567.0,1549.0,167,New Mexico,fbs,Mountain West,40.0,"[7, 24, 3, 6]",0.9448303580284119,1442.0,1460.0,7.218828658078055,,,,6501,Allegiant Stadium,65000.0,False,True,Las Vegas,NV,89118,US,America/Los_Angeles,36.09075,-115.183722,666,2020.0,2025-11-01,24.5,0.0,2.0,0.3995692307692308,0,False,False
401757294,2025,10,regular,2025-11-01T19:30:00.000Z,False,True,False,True,15023.0,3796,Houchens Industries-L.T. Smith Stadium,98,Western Kentucky,fbs,Conference USA,35.0,"[0, 14, 14, 7]",0.9685057401657104,1355.0,1386.0,166,New Mexico State,fbs,Conference USA,16.0,"[3, 3, 3, 7]",0.03149425983428955,1225.0,1194.0,4.312841567214245,,,,3796,Houchens Industries-L.T. Smith Stadium,22113.0,False,False,Bowling Green,KY,42101,US,America/Chicago,36.9847901,-86.4594041,154.4346619,1968.0,2025-11-01,13.4,0.0,3.8,0.6793741238185682,0,False,False
401754583,2025,10,regular,2025-11-01T19:30:00.000Z,False,True,False,False,44500.0,3615,"Alumni Stadium (Chestnut Hill, MA)",103,Boston College,fbs,ACC,10.0,"[0, 7, 3, 0]",0.0,1299.0,1339.0,87,Notre Dame,fbs,FBS Independents,25.0,"[0, 12, 6, 7]",1.0,2193.0,2153.0,5.266984922724491,,,,3615,"Alumni Stadium (Chestnut Hill, MA)",44500.0,False,False,Chestnut Hill,MA,2467 ,US,America/New_York,42.335104,-71.1664413,39.82634354,1957.0,2025-11-01,12.8,0.0,20.2,1.0,1,False,False
401761642,2025,10,regular,2025-11-01T19:30:00.000Z,False,True,False,True,18462.0,6526,Hancock Whitney Stadium,6,South Alabama,fbs,Sun Belt,22.0,"[0, 7, 7, 8]",0.02950141206383705,1400.0,1375.0,309,Louisiana,fbs,Sun Belt,31.0,"[10, 14, 7, 0]",0.970498587936163,1322.0,1347.0,4.0834056992858185,,,,6526,Hancock Whitney Stadium,25450.0,False,False,Mobile,AL,36688,US,America/Chicago,30.696904,-88.192013,45,2020.0,2025-11-01,19.4,0.0,5.7,0.7254223968565815,0,False,False
401752888,2025,10,regular,2025-11-01T19:30:00.000Z,False,True,False,True,45339.0,3953,Huntington Bank Stadium,135,Minnesota,fbs,Big Ten,23.0,"[7, 3, 0, 7, 6]",0.17097459733486176,1515.0,1514.0,127,Michigan State,fbs,Big Ten,20.0,"[0, 0, 7, 10, 3]",0.8290254026651382,1364.0,1365.0,8.124405035274927,,,,3953,Huntington Bank Stadium,50850.0,False,False,Minneapolis,MN,55488,US,America/Chicago,44.976525,-93.2245462,254.3902283,2009.0,2025-11-01,6.9,0.1,7.2,0.891622418879056,0,False,False
401760402,2025,10,regular,2025-11-01T19:30:00.000Z,False,True,False,True,32826.0,3653,Albertsons Stadium,68,Boise State,fbs,Mountain West,7.0,"[0, 7, 0, 0]",0.06801986694335938,1724.0,1616.0,278,Fresno State,fbs,Mountain West,30.0,"[7, 3, 14, 6]",0.9319801330566406,1360.0,1468.0,4.483067995981335,,,,3653,Albertsons Stadium,36387.0,False,False,Boise,ID,83725,US,America/Boise,43.6028839,-116.1958882,823.2221069,1970.0,2025-11-01,17.6,0.0,20.0,0.9021353780196224,1,False,False
401761641,2025,10,regular,2025-11-01T19:30:00.000Z,False,True,False,True,17087.0,3817,Malone Stadium,2433,UL Monroe,fbs,Sun Belt,6.0,"[0, 0, 0, 6]",0.0,1015.0,998.0,295,Old Dominion,fbs,Sun Belt,31.0,"[17, 7, 0, 7]",1.0,1463.0,1480.0,2.631088345259229,,,,3817,Malone Stadium,27617.0,False,False,Monroe,LA,71209,US,America/Chicago,32.5308089,-92.0660602,22.998209,1978.0,2025-11-01,16.7,0.0,1.7,0.6187131114893001,0,False,False
401757293,2025,10,regular,2025-11-01T19:30:00.000Z,False,True,False,True,18455.0,3992,Williams Stadium (VA),2335,Liberty,fbs,Conference USA,59.0,"[7, 21, 21, 10]",0.9901004433631897,1424.0,1506.0,48,Delaware,fbs,Conference USA,30.0,"[3, 6, 15, 6]",0.009899556636810303,1465.0,1383.0,3.451953355812776,,,,3992,Williams Stadium (VA),25000.0,False,False,Lynchburg,VA,24502,US,America/New_York,37.3544305,-79.1750239,272.9237061,1989.0,2025-11-01,16.2,0.0,13.5,0.7382,0,False,False
401752755,2025,10,regular,2025-11-01T19:30:00.000Z,False,True,True,True,76131.0,3712,EverBank Stadium,57,Florida,fbs,SEC,20.0,"[10, 0, 7, 3]",0.12382172793149948,1638.0,1655.0,61,Georgia,fbs,SEC,24.0,"[7, 3, 7, 7]",0.8761782720685005,2034.0,2017.0,7.501922970887811,,,,3712,EverBank Stadium,67858.0,True,False,Jacksonville,FL,32022,US,America/New_York,30.323889,-81.6375,1.336527586,1995.0,2025-11-01,20.2,0.0,2.6,1.1219163547407822,,False,False
401756941,2025,10,regular,2025-11-01T19:30:00.000Z,False,True,False,True,52111.0,3636,Bill Snyder Family Stadium,2306,Kansas State,fbs,Big 12,20.0,"[7, 0, 7, 6]",0.0,1753.0,1705.0,2641,Texas Tech,fbs,Big 12,43.0,"[0, 12, 17, 14]",1.0,1855.0,1903.0,4.938054776568564,,,,3636,Bill Snyder Family Stadium,50000.0,False,False,Manhattan,KS,66502,US,America/Chicago,39.2020096,-96.5938395,328.0574646,1968.0,2025-11-01,8.7,0.0,16.3,1.04222,1,False,False
401754582,2025,10,regular,2025-11-01T19:30:00.000Z,False,True,False,True,16540.0,3940,Stanford Stadium,24,Stanford,fbs,ACC,20.0,"[10, 3, 0, 7]",0.00761042395606637,1240.0,1245.0,221,Pittsburgh,fbs,ACC,35.0,"[7, 14, 14, 0]",0.9923895760439336,1673.0,1668.0,5.712078469404845,,,,3940,Stanford Stadium,50424.0,True,False,Stanford,CA,94305,US,America/Los_Angeles,37.4345556,-122.1611271,18.38425636,2006.0,2025-11-01,19.3,0.0,3.6,0.32801840393463433,0,False,False
401752887,2025,10,regular,2025-11-01T19:30:00.000Z,False,True,False,True,46185.0,3665,SECU Stadium,120,Maryland,fbs,Big Ten,10.0,"[3, 0, 7, 0]",0.09772736579179764,1573.0,1506.0,84,Indiana,fbs,Big Ten,55.0,"[7, 13, 21, 14]",0.9022726342082024,2091.0,2158.0,3.557163403999338,,,,3665,SECU Stadium,51802.0,False,False,College Park,MD,20742,US,America/New_York,38.9903332,-76.9473792,32.68748093,1950.0,2025-11-01,15.8,0.0,17.3,0.8915678931315393,0,False,False
401754576,2025,10,regular,2025-11-01T19:45:00.000Z,False,True,False,True,30893.0,3831,California Memorial Stadium,25,California,fbs,ACC,21.0,"[0, 7, 7, 7]",0.02269030548632145,1397.0,1392.0,258,Virginia,fbs,ACC,31.0,"[10, 7, 7, 7]",0.9773096945136786,1580.0,1585.0,5.718828438861106,,,,3831,California Memorial Stadium,62467.0,False,False,Berkeley,CA,94720,US,America/Los_Angeles,37.8710434,-122.2507729,125.3108063,1923.0,2025-11-01,18.3,0.0,6.8,0.4945491219363824,0,False,False
401752753,2025,10,regular,2025-11-01T20:00:00.000Z,False,True,False,True,68358.0,3887,Razorback Stadium,8,Arkansas,fbs,SEC,35.0,"[0, 13, 15, 7]",0.7248119115829468,1604.0,1594.0,344,Mississippi State,fbs,SEC,38.0,"[7, 0, 14, 17]",0.2751880884170532,1514.0,1524.0,7.06341697165689,,,,3887,Razorback Stadium,80000.0,False,False,Fayetteville,AR,72702,US,America/Chicago,36.0680662,-94.1789534,403.7972412,1938.0,2025-11-01,13.1,0.0,18.1,0.854475,0,False,False
401762850,2025,10,regular,2025-11-01T20:00:00.000Z,False,True,False,True,29299.0,3980,Waldo Stadium,2711,Western Michigan,fbs,Mid-American,24.0,"[0, 7, 7, 10]",0.705152690410614,1369.0,1368.0,2117,Central Michigan,fbs,Mid-American,21.0,"[7, 7, 0, 7]",0.294847309589386,1234.0,1235.0,5.32630256682886,,,,3980,Waldo Stadium,30200.0,False,False,Kalamazoo,MI,49008,US,America/Detroit,42.2860064,-85.6007573,243.8211212,1939.0,2025-11-01,9.3,0.0,12.9,0.9701655629139073,1,False,False
401756940,2025,10,regular,2025-11-01T20:00:00.000Z,False,True,False,True,39511.0,3833,Memorial Stadium,2305,Kansas,fbs,Big 12,38.0,"[3, 7, 14, 14]",0.9927200675010681,1563.0,1556.0,197,Oklahoma State,fbs,Big 12,21.0,"[7, 0, 7, 7]",0.007279932498931885,1042.0,1049.0,3.274824852384832,,,,3833,Memorial Stadium,47000.0,False,False,Lawrence,KS,66045,US,America/Chicago,38.9629418,-95.2463686,274.855957,1921.0,2025-11-01,9.9,0.0,18.5,0.8406595744680851,0,False,False
401756937,2025,10,regular,2025-11-01T23:00:00.000Z,False,True,False,True,48322.0,3726,Folsom Field,38,Colorado,fbs,Big 12,17.0,"[0, 7, 7, 3]",0.09115053713321686,1495.0,1389.0,12,Arizona,fbs,Big 12,52.0,"[17, 21, 14, 0]",0.9088494628667831,1472.0,1578.0,2.909193799765285,,,,3726,Folsom Field,50183.0,True,False,Boulder,CO,80309,US,America/Denver,40.0094746,-105.266905,1634.041138,1924.0,2025-11-01,14.8,0.0,2.9,0.9629157284339318,1,False,False
401752756,2025,10,regular,2025-11-01T23:00:00.000Z,False,True,False,True,67491.0,3974,Vaught-Hemingway Stadium,145,Ole Miss,fbs,SEC,30.0,"[10, 7, 3, 10]",0.9924944639205933,1963.0,1969.0,2579,South Carolina,fbs,SEC,14.0,"[7, 0, 7, 0]",0.007505536079406738,1643.0,1637.0,4.9470900482214235,,,,3974,Vaught-Hemingway Stadium,64038.0,True,False,Oxford,MS,38677,US,America/Chicago,34.3619837,-89.5342076,146.8517151,1915.0,2025-11-01,14.8,0.0,6.6,1.0539211093413285,1,False,False
401760405,2025,10,regular,2025-11-01T23:00:00.000Z,False,True,False,True,24325.0,7311,Snapdragon Stadium,21,San Diego State,fbs,Mountain West,24.0,"[7, 10, 0, 7]",0.9544255137443542,1579.0,1601.0,2751,Wyoming,fbs,Mountain West,7.0,"[7, 0, 0, 0]",0.04557448625564575,1412.0,1390.0,3.707834455669849,,,,7311,Snapdragon Stadium,35000.0,True,False,San Diego,CA,92093,US,America/Los_Angeles,32.784444,-117.122833,62,2022.0,2025-11-01,20.4,0.0,6.5,0.695,0,False,False
401752890,2025,10,regular,2025-11-01T23:00:00.000Z,False,True,False,True,110517.0,3558,Michigan Stadium,130,Michigan,fbs,Big Ten,21.0,"[7, 7, 0, 7]",0.9230600595474243,1823.0,1809.0,2509,Purdue,fbs,Big Ten,16.0,"[0, 7, 3, 6]",0.07693994045257568,1296.0,1310.0,4.825745803362734,,,,3558,Michigan Stadium,107601.0,False,False,Ann Arbor,MI,48109,US,America/Detroit,42.2658365,-83.7486956,255.5500031,1927.0,2025-11-01,7.8,0.0,9.6,1.0271001198873617,1,False,False
401752757,2025,10,regular,2025-11-01T23:30:00.000Z,False,True,False,True,101915.0,3853,Neyland Stadium,2633,Tennessee,fbs,SEC,27.0,"[10, 0, 7, 10]",0.4345937967300415,1828.0,1814.0,201,Oklahoma,fbs,SEC,33.0,"[7, 9, 7, 10]",0.5654062032699585,1780.0,1794.0,7.451622569791746,,,,3853,Neyland Stadium,102455.0,True,False,Knoxville,TN,37996,US,America/New_York,35.9550131,-83.9250128,271.9517212,1921.0,2025-11-01,12.8,0.0,5.5,0.994729393392221,1,False,False
401754578,2025,10,regular,2025-11-01T23:30:00.000Z,False,True,False,True,63677.0,3697,Doak Campbell Stadium,52,Florida State,fbs,ACC,42.0,"[0, 14, 14, 14]",0.9879111051559448,1542.0,1631.0,154,Wake Forest,fbs,ACC,7.0,"[0, 0, 0, 7]",0.012088894844055176,1471.0,1382.0,3.138984018856726,,,,3697,Doak Campbell Stadium,67277.0,True,False,Tallahassee,FL,32306,US,America/New_York,30.4381692,-84.3044032,19.55942535,1950.0,2025-11-01,15.7,0.0,4.0,0.9464898851018921,1,False,False
401752892,2025,10,regular,2025-11-01T23:30:00.000Z,False,True,False,True,86529.0,3834,"Memorial Stadium (Lincoln, NE)",158,Nebraska,fbs,Big Ten,17.0,"[7, 7, 0, 3]",0.1601679027080536,1645.0,1655.0,30,USC,fbs,Big Ten,21.0,"[0, 6, 8, 7]",0.8398320972919464,1907.0,1897.0,4.7153808799608,,,,3834,"Memorial Stadium (Lincoln, NE)",85458.0,False,False,Lincoln,NE,68588,US,America/Chicago,40.820682,-96.705594,354.9318848,1923.0,2025-11-01,7.0,0.0,2.9,1.0125324720915538,1,False,False
401752943,2025,10,regular,2025-11-01T23:30:00.000Z,False,True,False,True,32905.0,3893,Reser Stadium,204,Oregon State,fbs,Pac-12,10.0,"[0, 3, 0, 7]",0.7984362244606018,1248.0,1252.0,265,Washington State,fbs,Pac-12,7.0,"[0, 7, 0, 0]",0.2015637755393982,1438.0,1434.0,5.505177024647975,,,,3893,Reser Stadium,43363.0,False,False,Corvallis,OR,97331,US,America/Los_Angeles,44.5594559,-123.2814341,66.90744781,1953.0,2025-11-01,14.3,0.0,5.2,0.7588266494476859,0,False,False
401754579,2025,10,regular,2025-11-01T23:30:00.000Z,False,True,False,True,56919.0,3670,Carter-Finley Stadium,152,NC State,fbs,ACC,48.0,"[14, 10, 14, 10]",0.9727997183799744,1459.0,1498.0,59,Georgia Tech,fbs,ACC,36.0,"[7, 10, 13, 6]",0.027200281620025635,1651.0,1612.0,5.721442235800005,,,,3670,Carter-Finley Stadium,58000.0,True,False,Raleigh,NC,27695,US,America/New_York,35.8008001,-78.7195655,117.0089951,1966.0,2025-11-01,12.1,0.0,1.9,0.9813620689655173,1,False,False
401752754,2025,10,regular,2025-11-01T23:30:00.000Z,False,True,False,True,88043.0,3785,Jordan-Hare Stadium,2,Auburn,fbs,SEC,3.0,"[0, 3, 0, 0]",0.2702767848968506,1694.0,1665.0,96,Kentucky,fbs,SEC,10.0,"[0, 3, 7, 0]",0.7297232151031494,1506.0,1535.0,5.095503034276599,,,,3785,Jordan-Hare Stadium,87451.0,True,False,Auburn,AL,36849,US,America/Chicago,32.6025532,-85.4897479,201.1737976,1939.0,2025-11-01,13.6,0.0,1.2,1.0067695052086312,1,False,False
401761643,2025,10,regular,2025-11-02T00:00:00.000Z,False,True,False,True,23391.0,3975,Veterans Memorial Stadium (AL),2653,Troy,fbs,Sun Belt,10.0,"[0, 3, 0, 7]",0.08692364394664764,1499.0,1445.0,2032,Arkansas State,fbs,Sun Belt,23.0,"[17, 0, 3, 3]",0.9130763560533524,1260.0,1314.0,3.168595591458259,,,,3975,Veterans Memorial Stadium (AL),30000.0,False,False,Troy,AL,36082,US,America/Chicago,31.7995565,-85.9518328,154.7746277,1950.0,2025-11-02,14.2,0.0,2.2,0.7797,0,False,False
401756942,2025,10,regular,2025-11-02T02:15:00.000Z,False,True,False,True,51672.0,587,Rice-Eccles Stadium,254,Utah,fbs,Big 12,45.0,"[14, 10, 14, 7]",0.9974363446235657,1887.0,1941.0,2132,Cincinnati,fbs,Big 12,14.0,"[7, 0, 7, 0]",0.002563655376434326,1644.0,1590.0,4.154913900410911,,,,587,Rice-Eccles Stadium,51444.0,False,False,Salt Lake City,UT,84112,US,America/Denver,40.7599724,-111.8488255,1411.543579,1998.0,2025-11-02,10.6,0.0,4.9,1.0044320037322136,1,False,False
401760403,2025,10,regular,2025-11-02T02:30:00.000Z,False,True,False,True,16012.0,3935,CEFCU Stadium,23,San José State,fbs,Mountain West,45.0,"[7, 24, 7, 7]",0.7434321045875549,1410.0,1417.0,62,Hawai'i,fbs,Mountain West,38.0,"[7, 7, 14, 10]",0.25656789541244507,1366.0,1359.0,6.184698589570914,,,,3935,CEFCU Stadium,30456.0,False,False,San Jose,CA,95112,US,America/Los_Angeles,37.3196675,-121.8682962,28.30708694,1933.0,2025-11-02,17.7,0.0,4.1,0.5257420541108484,0,False,False
401762852,2025,11,regular,2025-11-05T00:00:00.000Z,False,True,False,True,22231.0,3876,Peden Stadium,195,Ohio,fbs,Mid-American,24.0,"[0, 3, 7, 14]",0.6207834482192993,1596.0,1595.0,193,Miami (OH),fbs,Mid-American,20.0,"[0, 3, 3, 14]",0.3792165517807007,1459.0,1460.0,6.012952698227306,,,,3876,Peden Stadium,24000.0,False,False,Athens,OH,45701,US,America/New_York,39.3212794,-82.1034315,194.230896,1929.0,2025-11-05,9.8,0.0,10.5,0.9262916666666666,1,False,False
401762851,2025,11,regular,2025-11-05T00:00:00.000Z,False,True,False,True,5046.0,3768,InfoCision Stadium,2006,Akron,fbs,Mid-American,44.0,"[14, 13, 10, 7]",0.991926372051239,1040.0,1114.0,113,Massachusetts,fbs,Mid-American,10.0,"[10, 0, 0, 0]",0.008073627948760986,879.0,805.0,3.0039921166668617,,,,3768,InfoCision Stadium,30000.0,False,False,Akron,OH,44399,US,America/New_York,41.0725534,-81.5083408,321.2875061,2009.0,2025-11-05,8.3,0.0,10.2,0.1682,0,False,False
401762854,2025,11,regular,2025-11-06T00:00:00.000Z,False,True,False,True,22128.0,3739,Glass Bowl,2649,Toledo,fbs,Mid-American,42.0,"[7, 21, 7, 7]",0.9862786531448364,1505.0,1591.0,2459,Northern Illinois,fbs,Mid-American,3.0,"[3, 0, 0, 0]",0.013721346855163574,1305.0,1219.0,2.6141536838184725,,,,3739,Glass Bowl,26038.0,False,False,Toledo,OH,43606,US,America/New_York,41.6574777,-83.6135652,181.4839783,1937.0,2025-11-06,9.8,0.0,20.5,0.8498348567478301,0,False,False
401762853,2025,11,regular,2025-11-06T00:00:00.000Z,False,True,False,True,5225.0,3919,Scheumann Stadium,2050,Ball State,fbs,Mid-American,17.0,"[3, 7, 0, 7]",0.6266462802886963,1047.0,1047.0,2309,Kent State,fbs,Mid-American,13.0,"[0, 3, 7, 3]",0.3733537197113037,945.0,945.0,6.245171074365928,,,,3919,Scheumann Stadium,22500.0,False,False,Muncie,IN,47306,US,America/Indiana/Indianapolis,40.2159422,-85.4161148,285.481781,1967.0,2025-11-06,10.3,0.0,17.4,0.23222222222222222,0,False,False
401762500,2025,11,regular,2025-11-07T00:30:00.000Z,False,True,False,True,27437.0,3886,Raymond James Stadium,58,South Florida,fbs,American Athletic,55.0,"[14, 31, 10, 0]",0.9891061782836914,1662.0,1734.0,2636,UTSA,fbs,American Athletic,23.0,"[3, 7, 3, 10]",0.010893821716308594,1537.0,1465.0,3.5523773833316556,,,,3886,Raymond James Stadium,65828.0,True,False,Tampa,FL,33620,US,America/New_York,27.9758691,-82.5033344,11.07972908,1998.0,2025-11-07,22.4,0.0,5.5,0.4167983229021085,0,False,False
401761644,2025,11,regular,2025-11-07T00:30:00.000Z,False,True,False,True,31876.0,3792,Kidd Brewer Stadium,2026,App State,fbs,Sun Belt,23.0,"[0, 3, 6, 14]",0.002599649364128709,1332.0,1328.0,290,Georgia Southern,fbs,Sun Belt,25.0,"[9, 10, 3, 3]",0.9974003506358713,1310.0,1314.0,5.715089990728676,,,,3792,Kidd Brewer Stadium,30000.0,False,False,Boone,NC,28608,US,America/New_York,36.2114267,-81.6854278,991.3414307,1962.0,2025-11-07,7.0,0.0,5.0,1.0625333333333333,1,False,False
401756946,2025,11,regular,2025-11-08T01:00:00.000Z,False,True,False,True,44206.0,3652,FBC Mortgage Stadium,2116,UCF,fbs,Big 12,27.0,"[3, 21, 3, 0]",0.8083364367485046,1537.0,1528.0,248,Houston,fbs,Big 12,30.0,"[0, 17, 7, 6]",0.19166356325149536,1467.0,1476.0,6.663307882242472,,,,3652,FBC Mortgage Stadium,44206.0,True,False,Orlando,FL,32816,US,America/New_York,28.6079765,-81.1927233,20.94113731,2007.0,2025-11-08,22.3,0.0,4.3,1.0,1,False,False
401752896,2025,11,regular,2025-11-08T02:00:00.000Z,False,True,False,True,67179.0,477,Los Angeles Memorial Coliseum,30,USC,fbs,Big Ten,38.0,"[7, 14, 7, 10]",0.9866441488265991,1897.0,1911.0,77,Northwestern,fbs,Big Ten,17.0,"[7, 7, 3, 0]",0.013355851173400879,1530.0,1516.0,3.5927800813893738,,,,477,Los Angeles Memorial Coliseum,77500.0,True,False,Los Angeles,CA,90089,US,America/Los_Angeles,34.014167,-118.287778,42.50374222,1923.0,2025-11-08,18.8,0.0,4.1,0.8668258064516129,0,False,False
401762501,2025,11,regular,2025-11-08T02:00:00.000Z,False,True,False,True,30384.0,3805,Simmons Bank Liberty Stadium,235,Memphis,fbs,American Athletic,32.0,"[7, 10, 0, 15]",0.03451329842209816,1689.0,1665.0,2655,Tulane,fbs,American Athletic,38.0,"[14, 21, 3, 0]",0.9654867015779018,1521.0,1545.0,5.2354917806746215,,,,3805,Simmons Bank Liberty Stadium,58325.0,False,False,Memphis,TN,38152,US,America/Chicago,35.1209429,-89.977147,90.62445831,1965.0,2025-11-08,18.1,0.0,8.2,0.5209429918559795,0,False,False
401756945,2025,11,regular,2025-11-08T17:00:00.000Z,False,True,False,True,60229.0,3784,Jones AT&T Stadium,2641,Texas Tech,fbs,Big 12,29.0,"[10, 3, 6, 10]",1.0,1903.0,1937.0,252,BYU,fbs,Big 12,7.0,"[0, 0, 0, 7]",0.0,1722.0,1688.0,2.917651770566797,,,,3784,Jones AT&T Stadium,60454.0,False,False,Lubbock,TX,79409,US,America/Chicago,33.5910518,-101.8728824,980.7632446,1947.0,2025-11-08,19.5,0.0,13.7,0.9962781619082277,1,False,False
401752762,2025,11,regular,2025-11-08T17:00:00.000Z,False,True,False,True,53017.0,3693,Davis Wade Stadium,344,Mississippi State,fbs,SEC,21.0,"[7, 0, 7, 7]",0.0,1524.0,1523.0,61,Georgia,fbs,SEC,41.0,"[3, 21, 14, 3]",1.0,2017.0,2018.0,3.785267348604506,,,,3693,Davis Wade Stadium,61337.0,True,False,Starkville,MS,39762,US,America/Chicago,33.4563403,-88.7933652,110.2742081,1914.0,2025-11-08,21.4,0.0,7.3,0.8643559352430018,0,False,False
401752893,2025,11,regular,2025-11-08T17:00:00.000Z,False,True,False,True,105231.0,3632,Beaver Stadium,213,Penn State,fbs,Big Ten,24.0,"[0, 7, 3, 14]",0.62885981798172,1942.0,1950.0,84,Indiana,fbs,Big Ten,27.0,"[7, 10, 3, 7]",0.37114018201828003,2158.0,2150.0,6.664598569819111,,,,3632,Beaver Stadium,106572.0,True,False,University Park,PA,16802,US,America/New_York,40.8121958,-77.8561023,354.1551514,1960.0,2025-11-08,14.5,0.0,9.5,0.9874169575498255,1,False,False
401762503,2025,11,regular,2025-11-08T17:00:00.000Z,False,True,False,True,30594.0,3841,Michie Stadium,349,Army,fbs,American Athletic,14.0,"[0, 7, 7, 0]",0.5682589411735535,1537.0,1529.0,218,Temple,fbs,American Athletic,13.0,"[0, 10, 3, 0]",0.43174105882644653,1258.0,1266.0,3.983308218309781,,,,3841,Michie Stadium,38000.0,False,False,West Point,NY,10996,US,America/New_York,41.3874924,-73.9640891,99.21277618,1924.0,2025-11-08,15.1,0.0,13.1,0.8051052631578948,0,False,False
401761647,2025,11,regular,2025-11-08T17:00:00.000Z,False,True,False,True,15441.0,3625,Centennial Bank Stadium,2032,Arkansas State,fbs,Sun Belt,21.0,"[7, 0, 0, 14]",0.040936607867479324,1314.0,1306.0,2572,Southern Miss,fbs,Sun Belt,27.0,"[10, 7, 3, 7]",0.9590633921325207,1354.0,1362.0,5.968283460300001,,,,3625,Centennial Bank Stadium,30382.0,False,False,Jonesboro,AR,72404,US,America/Chicago,35.8488977,-90.6677436,89.52690887,1974.0,2025-11-08,18.5,0.0,2.3,0.5082285563820683,0,False,False
401761646,2025,11,regular,2025-11-08T17:00:00.000Z,False,True,False,True,26727.0,3775,Joan C. Edwards Stadium,276,Marshall,fbs,Sun Belt,23.0,"[0, 12, 8, 3]",0.34218961000442505,1509.0,1508.0,256,James Madison,fbs,Sun Belt,35.0,"[7, 14, 7, 7]",0.657810389995575,1801.0,1802.0,6.114623013796852,,,,3775,Joan C. Edwards Stadium,38016.0,False,False,Huntington,WV,25755,US,America/New_York,38.4247042,-82.4214412,163.7328186,1991.0,2025-11-08,17.0,0.0,9.7,0.7030460858585859,0,False,False
401756947,2025,11,regular,2025-11-08T17:00:00.000Z,False,True,False,True,55510.0,3842,Milan Puskar Stadium,277,West Virginia,fbs,Big 12,29.0,"[9, 10, 3, 7]",0.7739933729171753,1340.0,1352.0,38,Colorado,fbs,Big 12,22.0,"[0, 9, 7, 6]",0.2260066270828247,1389.0,1377.0,5.34381918133446,,,,3842,Milan Puskar Stadium,60000.0,False,False,Morgantown,WV,26507,US,America/New_York,39.6502744,-79.9551873,327.409668,1980.0,2025-11-08,16.0,0.1,17.6,0.9251666666666667,1,False,False
401754584,2025,11,regular,2025-11-08T17:00:00.000Z,False,True,False,True,38345.0,3615,"Alumni Stadium (Chestnut Hill, MA)",103,Boston College,fbs,ACC,13.0,"[0, 6, 0, 7]",0.05867500603199005,1339.0,1298.0,2567,SMU,fbs,ACC,45.0,"[10, 7, 14, 14]",0.94132499396801,1741.0,1782.0,4.415965398815328,,,,3615,"Alumni Stadium (Chestnut Hill, MA)",44500.0,False,False,Chestnut Hill,MA,2467 ,US,America/New_York,42.335104,-71.1664413,39.82634354,1957.0,2025-11-08,15.0,0.0,13.4,0.861685393258427,0,False,False
401762855,2025,11,regular,2025-11-08T18:00:00.000Z,False,True,False,True,11889.0,3912,Rynearson Stadium,2199,Eastern Michigan,fbs,Mid-American,27.0,"[10, 0, 7, 10]",0.8173208832740784,1220.0,1229.0,189,Bowling Green,fbs,Mid-American,21.0,"[7, 7, 0, 7]",0.18267911672592163,1253.0,1244.0,6.064519817413809,,,,3912,Rynearson Stadium,30200.0,False,False,Ypsilanti,MI,48197,US,America/Detroit,42.256126,-83.647285,241.248764,1969.0,2025-11-08,5.5,0.0,11.3,0.39367549668874174,0,False,False
401752897,2025,11,regular,2025-11-08T18:00:00.000Z,False,True,False,True,57701.0,3907,Ross-Ade Stadium,2509,Purdue,fbs,Big Ten,10.0,"[3, 0, 0, 7]",0.005438361316919327,1310.0,1331.0,194,Ohio State,fbs,Big Ten,34.0,"[0, 24, 0, 10]",0.9945616386830807,2146.0,2125.0,3.172106994027828,,,,3907,Ross-Ade Stadium,57282.0,True,False,West Lafayette,IN,47907,US,America/Indiana/Indianapolis,40.4352253,-86.9186843,197.5337677,1924.0,2025-11-08,10.5,0.1,6.4,1.0073146887329354,1,False,False
401752761,2025,11,regular,2025-11-08T18:00:00.000Z,False,True,False,False,67326.0,3974,Vaught-Hemingway Stadium,145,Ole Miss,fbs,SEC,49.0,"[21, 14, 7, 7]",0.8325901627540588,1980.0,1980.0,2643,The Citadel,fcs,Southern,0.0,"[0, 0, 0, 0]",0.16740983724594116,,,1.860293866698971,,,,3974,Vaught-Hemingway Stadium,64038.0,True,False,Oxford,MS,38677,US,America/Chicago,34.3619837,-89.5342076,146.8517151,1915.0,2025-11-08,22.8,0.1,7.1,1.0513445141946969,1,False,False
401757299,2025,11,regular,2025-11-08T18:00:00.000Z,False,True,False,True,18407.0,3992,Williams Stadium (VA),2335,Liberty,fbs,Conference USA,17.0,"[7, 3, 0, 7]",0.5848672389984131,1506.0,1488.0,2623,Missouri State,fbs,Conference USA,21.0,"[0, 0, 7, 14]",0.4151327610015869,1340.0,1358.0,5.833908836982461,,,,3992,Williams Stadium (VA),25000.0,False,False,Lynchburg,VA,24502,US,America/New_York,37.3544305,-79.1750239,272.9237061,1989.0,2025-11-08,20.6,0.0,9.0,0.73628,0,False,False
401762502,2025,11,regular,2025-11-08T19:00:00.000Z,False,True,False,True,22671.0,3895,Rice Stadium,242,Rice,fbs,American Athletic,24.0,"[7, 7, 10, 0]",0.8756951689720154,1155.0,1169.0,5,UAB,fbs,American Athletic,17.0,"[7, 10, 0, 0]",0.12430483102798462,1237.0,1223.0,4.2480440142817555,,,,3895,Rice Stadium,47000.0,False,False,Houston,TX,77251,US,America/Chicago,29.7163297,-95.4093261,7.148301601,1950.0,2025-11-08,29.2,0.0,9.2,0.48236170212765955,0,False,False
401752894,2025,11,regular,2025-11-08T19:30:00.000Z,False,True,False,True,41032.0,6577,SHI Stadium,164,Rutgers,fbs,Big Ten,35.0,"[0, 21, 7, 7]",0.9826175570487976,1419.0,1458.0,120,Maryland,fbs,Big Ten,20.0,"[7, 10, 0, 3]",0.017382442951202393,1506.0,1467.0,4.298712917874017,,,,6577,SHI Stadium,52454.0,False,False,Piscataway,NJ,08854,US,America/New_York,40.513611,-74.465278,19,1994.0,2025-11-08,18.1,0.0,10.3,0.7822473023982919,0,False,False
401762504,2025,11,regular,2025-11-08T20:00:00.000Z,False,True,False,True,39096.0,3699,Dowdy-Ficklen Stadium,151,East Carolina,fbs,American Athletic,48.0,"[21, 14, 10, 3]",0.9621897339820862,1591.0,1599.0,2429,Charlotte,fbs,American Athletic,22.0,"[0, 14, 8, 0]",0.03781026601791382,1028.0,1020.0,2.4838753543226346,,,,3699,Dowdy-Ficklen Stadium,50000.0,True,False,Greenville,NC,27858,US,America/New_York,35.5968486,-77.364564,19.0564537,1963.0,2025-11-08,22.7,0.0,3.8,0.78192,0,False,False
401757297,2025,11,regular,2025-11-08T20:00:00.000Z,False,True,False,True,9536.0,3946,Sun Bowl,2638,UTEP,fbs,Conference USA,27.0,"[7, 6, 7, 7]",0.17534378170967102,1220.0,1233.0,55,Jacksonville State,fbs,Conference USA,30.0,"[10, 10, 0, 10]",0.824656218290329,1525.0,1512.0,8.723114109384603,,,,3946,Sun Bowl,51500.0,False,False,El Paso,TX,79968,US,America/Denver,31.7733353,-106.507957,1183.697876,1963.0,2025-11-08,24.9,0.0,9.5,0.18516504854368931,0,False,False
401757296,2025,11,regular,2025-11-08T20:00:00.000Z,False,True,False,True,12227.0,3725,"Johnny ""Red"" Floyd Stadium",2393,Middle Tennessee,fbs,Conference USA,30.0,"[7, 10, 7, 6]",0.001964062452316284,1199.0,1134.0,2229,Florida International,fbs,Conference USA,56.0,"[0, 21, 13, 22]",0.9980359375476837,1241.0,1306.0,7.259780064557759,,,,3725,"Johnny ""Red"" Floyd Stadium",30788.0,False,False,Murfreesboro,TN,37132,US,America/Chicago,35.8511463,-86.3681649,191.7279816,1933.0,2025-11-08,22.7,0.0,6.3,0.39713524749902557,0,False,False
401757295,2025,11,regular,2025-11-08T20:00:00.000Z,False,True,False,True,17912.0,3695,Delaware Stadium,48,Delaware,fbs,Conference USA,25.0,"[3, 6, 7, 9]",0.16869089007377625,1383.0,1386.0,2348,Louisiana Tech,fbs,Conference USA,24.0,"[7, 0, 0, 17]",0.8313091099262238,1465.0,1462.0,9.406419204379075,,,,3695,Delaware Stadium,22000.0,False,False,Newark,DE,19713,US,America/New_York,39.6617428,-75.7488224,28.74350357,1952.0,2025-11-08,18.6,0.0,7.1,0.8141818181818182,0,False,False
401762505,2025,11,regular,2025-11-08T20:00:00.000Z,False,True,False,True,16170.0,3715,FAU Stadium,2226,Florida Atlantic,fbs,American Athletic,40.0,"[10, 21, 3, 6]",0.9733737111091614,1218.0,1247.0,202,Tulsa,fbs,American Athletic,21.0,"[0, 6, 12, 3]",0.026626288890838623,1066.0,1037.0,4.185107361435338,,,,3715,FAU Stadium,29419.0,False,False,Boca Raton,FL,33499,US,America/New_York,26.3763763,-80.1015759,3.613628864,2011.0,2025-11-08,26.8,1.9,8.6,0.5496447873823039,0,False,False
401752763,2025,11,regular,2025-11-08T20:30:00.000Z,False,True,False,True,57321.0,3838,Memorial Stadium,142,Missouri,fbs,SEC,17.0,"[0, 0, 7, 10]",0.04862264171242714,1779.0,1734.0,245,Texas A&M,fbs,SEC,38.0,"[7, 7, 10, 14]",0.9513773582875729,1859.0,1904.0,3.262741592650687,,,,3838,Memorial Stadium,71168.0,False,False,Columbia,MO,65211,US,America/Chicago,38.9358491,-92.3332009,212.6865692,1927.0,2025-11-08,14.9,0.0,4.1,0.8054322167266187,0,False,False
401756944,2025,11,regular,2025-11-08T20:30:00.000Z,False,True,False,True,44197.0,3616,Amon G. Carter Stadium,2628,TCU,fbs,Big 12,17.0,"[0, 3, 7, 7]",0.49100232124328613,1700.0,1689.0,66,Iowa State,fbs,Big 12,20.0,"[6, 0, 0, 14]",0.5089976787567139,1589.0,1600.0,6.215050875410496,,,,3616,Amon G. Carter Stadium,46000.0,True,False,Fort Worth,TX,76129,US,America/Chicago,32.7096604,-97.3680835,185.4387054,1929.0,2025-11-08,27.1,0.0,1.9,0.9608043478260869,1,False,False
401752898,2025,11,regular,2025-11-08T20:30:00.000Z,False,True,False,True,69250.0,3793,Kinnick Stadium,2294,Iowa,fbs,Big Ten,16.0,"[0, 7, 0, 9]",0.19565224647521973,1907.0,1912.0,2483,Oregon,fbs,Big Ten,18.0,"[2, 10, 3, 3]",0.8043477535247803,2055.0,2050.0,5.293227062970093,,,,3793,Kinnick Stadium,69250.0,False,False,Iowa City,IA,52242,US,America/Chicago,41.6586045,-91.5510829,220.6357727,1929.0,2025-11-08,5.5,0.4,8.4,1.0,1,False,False
401754590,2025,11,regular,2025-11-08T20:30:00.000Z,False,True,False,False,38106.0,3892,Pratt & Whitney Stadium,41,UConn,fbs,FBS Independents,37.0,"[10, 10, 3, 14]",0.8562755584716797,1561.0,1563.0,150,Duke,fbs,ACC,34.0,"[7, 7, 14, 6]",0.1437244415283203,1627.0,1625.0,7.285491145137222,,,,3892,Pratt & Whitney Stadium,40000.0,True,False,East Hartford,CT,6118 ,US,America/New_York,41.7595675,-72.6187728,6.515614986,2003.0,2025-11-08,15.9,0.0,9.4,0.95265,1,False,False
401756943,2025,11,regular,2025-11-08T20:30:00.000Z,False,True,False,True,41115.0,3619,Arizona Stadium,12,Arizona,fbs,Big 12,24.0,"[7, 7, 3, 7]",0.4165548086166382,1578.0,1580.0,2305,Kansas,fbs,Big 12,20.0,"[7, 10, 3, 0]",0.5834451913833618,1556.0,1554.0,6.916815613183976,,,,3619,Arizona Stadium,50782.0,False,False,Tucson,AZ,85721,US,America/Phoenix,32.2288054,-110.9488677,742.1530151,1928.0,2025-11-08,28.2,0.0,0.2,0.8096372730495057,0,False,False
401754587,2025,11,regular,2025-11-08T20:30:00.000Z,False,True,False,True,60337.0,3948,Hard Rock Stadium,2390,Miami,fbs,ACC,38.0,"[0, 14, 17, 7]",0.9172752499580383,1849.0,1865.0,183,Syracuse,fbs,ACC,10.0,"[0, 0, 3, 7]",0.08272475004196167,1320.0,1304.0,3.698876065754808,,,,3948,Hard Rock Stadium,64767.0,False,False,Miami Gardens,FL,33299,US,America/New_York,25.9579665,-80.2388604,2.624486446,1987.0,2025-11-08,27.4,3.5,4.2,0.9316009696295953,1,False,False
401757298,2025,11,regular,2025-11-08T21:00:00.000Z,False,True,False,True,11473.0,3601,Aggie Memorial Stadium,166,New Mexico State,fbs,Conference USA,21.0,"[0, 7, 0, 14]",0.02029801905155182,1194.0,1201.0,338,Kennesaw State,fbs,Conference USA,24.0,"[17, 7, 0, 0]",0.9797019809484482,1388.0,1381.0,5.516987729558563,,,,3601,Aggie Memorial Stadium,28853.0,False,False,Las Cruces,NM,88003,US,America/Denver,32.2796202,-106.7411148,1208.201294,1978.0,2025-11-08,25.5,0.0,5.3,0.3976362943194815,0,False,False
401752764,2025,11,regular,2025-11-08T21:00:00.000Z,False,True,False,True,35000.0,3973,FirstBank Stadium,238,Vanderbilt,fbs,SEC,45.0,"[0, 10, 14, 14, 7]",0.6538436412811279,1766.0,1770.0,2,Auburn,fbs,SEC,38.0,"[7, 13, 10, 8, 0]",0.34615635871887207,1665.0,1661.0,9.394868635793847,,,,3973,FirstBank Stadium,40351.0,False,False,Nashville,TN,37212,US,America/Chicago,36.1440455,-86.8088942,159.9194641,1922.0,2025-11-08,21.6,0.0,7.4,0.8673886644692821,0,False,False
401761645,2025,11,regular,2025-11-08T21:00:00.000Z,False,True,False,True,18878.0,3654,Brooks Stadium (SC),324,Coastal Carolina,fbs,Sun Belt,40.0,"[14, 9, 10, 7]",0.9950982332229614,1309.0,1318.0,2247,Georgia State,fbs,Sun Belt,27.0,"[14, 0, 0, 13]",0.004901766777038574,1107.0,1098.0,3.3751025673075485,,,,3654,Brooks Stadium (SC),21000.0,False,False,Conway,SC,29528,US,America/New_York,33.7928506,-79.0166946,13.74894905,2003.0,2025-11-08,24.3,0.1,5.0,0.898952380952381,0,False,False
401754588,2025,11,regular,2025-11-08T21:30:00.000Z,False,True,False,True,50500.0,3787,Kenan Stadium,153,North Carolina,fbs,ACC,20.0,"[3, 0, 7, 10]",0.5045846700668335,1394.0,1393.0,24,Stanford,fbs,ACC,15.0,"[0, 3, 0, 12]",0.4954153299331665,1245.0,1246.0,5.369020871476931,,,,3787,Kenan Stadium,50500.0,False,False,Chapel Hill,NC,27515,US,America/New_York,35.9069294,-79.0478889,127.7569809,1927.0,2025-11-08,21.1,0.0,3.4,1.0,1,False,False
401752899,2025,11,regular,2025-11-08T21:30:00.000Z,False,True,False,True,71217.0,347,Camp Randall Stadium,275,Wisconsin,fbs,Big Ten,13.0,"[0, 3, 10, 0]",0.9273465871810913,1455.0,1459.0,264,Washington,fbs,Big Ten,10.0,"[0, 10, 0, 0]",0.07265341281890869,1703.0,1699.0,4.984533939256325,,,,347,Camp Randall Stadium,80321.0,False,False,Madison,WI,53711,US,America/Chicago,43.06994,-89.4126943,263.604126,1917.0,2025-11-08,4.3,0.1,12.3,0.8866547976245316,0,False,False
401761648,2025,11,regular,2025-11-08T22:00:00.000Z,False,True,False,True,14231.0,3666,Cajun Field,309,Louisiana,fbs,Sun Belt,42.0,"[7, 28, 0, 7]",0.42518872022628784,1347.0,1350.0,326,Texas State,fbs,Sun Belt,39.0,"[10, 7, 3, 19]",0.5748112797737122,1486.0,1483.0,5.100831798852394,,,,3666,Cajun Field,41426.0,False,False,Lafayette,LA,70506,US,America/Chicago,30.2158434,-92.0417371,3.556508303,1971.0,2025-11-08,26.7,0.0,11.7,0.34352821899290303,0,False,False
401760406,2025,11,regular,2025-11-08T23:00:00.000Z,False,True,False,True,13637.0,3935,CEFCU Stadium,23,San José State,fbs,Mountain West,16.0,"[3, 0, 3, 10]",0.4876018166542053,1417.0,1391.0,2005,Air Force,fbs,Mountain West,26.0,"[0, 16, 0, 10]",0.5123981833457947,1362.0,1388.0,4.285756759162298,,,,3935,CEFCU Stadium,30456.0,False,False,San Jose,CA,95112,US,America/Los_Angeles,37.3196675,-121.8682962,28.30708694,1933.0,2025-11-08,21.3,0.0,5.7,0.44776070396637774,0,False,False
401754586,2025,11,regular,2025-11-09T00:00:00.000Z,False,True,False,True,81500.0,3836,"Memorial Stadium (Clemson, SC)",228,Clemson,fbs,ACC,24.0,"[8, 10, 3, 3]",0.9650610685348511,1703.0,1725.0,52,Florida State,fbs,ACC,10.0,"[0, 7, 0, 3]",0.034938931465148926,1631.0,1609.0,2.9535332373216487,,,,3836,"Memorial Stadium (Clemson, SC)",81500.0,True,False,Clemson,SC,29634,US,America/New_York,34.6787737,-82.8432428,205.6452179,1942.0,2025-11-09,16.2,0.0,4.1,1.0,1,False,False
401754589,2025,11,regular,2025-11-09T00:00:00.000Z,False,True,False,True,55568.0,3923,Scott Stadium,258,Virginia,fbs,ACC,9.0,"[3, 3, 3, 0]",0.4872440993785858,1585.0,1555.0,154,Wake Forest,fbs,ACC,16.0,"[0, 10, 3, 3]",0.5127559006214142,1382.0,1412.0,6.244289362830801,,,,3923,Scott Stadium,61500.0,True,False,Charlottesville,VA,22904,US,America/New_York,38.0311801,-78.5137897,170.4677429,1931.0,2025-11-09,13.1,0.0,6.1,0.9035447154471544,1,False,False
401754585,2025,11,regular,2025-11-09T00:00:00.000Z,False,True,False,True,51381.0,3873,L&N Federal Credit Union Stadium,97,Louisville,fbs,ACC,26.0,"[7, 6, 7, 3, 3]",0.16744647920131683,1737.0,1709.0,25,California,fbs,ACC,29.0,"[7, 10, 6, 0, 6]",0.8325535207986832,1392.0,1420.0,8.99296986382329,,,,3873,L&N Federal Credit Union Stadium,60000.0,False,False,Louisville,KY,40292,US,America/Kentucky/Louisville,38.2057621,-85.7588141,138.5615997,1998.0,2025-11-09,14.3,0.0,6.3,0.85635,0,False,False
401757166,2025,11,regular,2025-11-09T00:30:00.000Z,False,True,False,False,77622.0,3855,Notre Dame Stadium,87,Notre Dame,fbs,FBS Independents,49.0,"[7, 14, 21, 7]",0.9956626296043396,2153.0,2186.0,2426,Navy,fbs,American Athletic,10.0,"[0, 10, 0, 0]",0.0043373703956604,1513.0,1480.0,2.9604499577900047,,,,3855,Notre Dame Stadium,80795.0,False,False,Notre Dame,IN,46556,US,America/Indiana/Indianapolis,41.698378,-86.2339425,222.645401,1930.0,2025-11-09,4.5,0.0,12.1,0.9607277678074139,1,False,False
401752760,2025,11,regular,2025-11-09T00:30:00.000Z,False,True,False,True,56388.0,3683,Kroger Field,96,Kentucky,fbs,SEC,38.0,"[3, 21, 7, 7]",0.9788506031036377,1535.0,1635.0,57,Florida,fbs,SEC,7.0,"[7, 0, 0, 0]",0.021149396896362305,1655.0,1555.0,3.929849442801651,,,,3683,Kroger Field,61000.0,False,False,Lexington,KY,40506,US,America/New_York,38.0220905,-84.5053408,307.4248962,1973.0,2025-11-09,13.2,0.0,4.6,0.9243934426229509,1,False,False
401760409,2025,11,regular,2025-11-09T00:30:00.000Z,False,True,False,True,19418.0,3905,Maverik Stadium,328,Utah State,fbs,Mountain West,51.0,"[24, 17, 7, 3]",0.9874172210693359,1336.0,1422.0,2440,Nevada,fbs,Mountain West,14.0,"[0, 0, 7, 7]",0.012582778930664062,1191.0,1105.0,2.317864805914596,,,,3905,Maverik Stadium,25513.0,False,False,Logan,UT,84322,US,America/Denver,41.7517394,-111.8116007,1427.914429,1968.0,2025-11-09,6.1,0.0,1.1,0.7611021832007212,0,False,False
401752759,2025,11,regular,2025-11-09T00:30:00.000Z,False,True,False,True,100077.0,3657,Bryant-Denny Stadium,333,Alabama,fbs,SEC,20.0,"[3, 14, 0, 3]",1.0,1978.0,1977.0,99,LSU,fbs,SEC,9.0,"[0, 3, 3, 3]",0.0,1694.0,1695.0,3.7025232883310517,,,,3657,Bryant-Denny Stadium,101821.0,True,False,Tuscaloosa,AL,35487,US,America/Chicago,33.2082752,-87.5503836,70.05136108,1929.0,2025-11-09,20.0,0.0,2.1,0.9828719026526944,1,False,False
401752895,2025,11,regular,2025-11-09T02:00:00.000Z,False,True,False,True,44481.0,1056,Rose Bowl,26,UCLA,fbs,Big Ten,21.0,"[0, 7, 7, 7]",0.3791808485984802,1374.0,1381.0,158,Nebraska,fbs,Big Ten,28.0,"[7, 14, 7, 0]",0.6208191514015198,1655.0,1648.0,3.712969991617385,,,,1056,Rose Bowl,88565.0,True,False,Pasadena,CA,90095,US,America/Los_Angeles,34.1613284,-118.1676462,245.1772461,1922.0,2025-11-09,20.5,0.0,1.3,0.5022412917066561,0,False,False
401760407,2025,11,regular,2025-11-09T02:30:00.000Z,False,True,False,True,27970.0,5388,Canvas Stadium,36,Colorado State,fbs,Mountain West,10.0,"[7, 3, 0, 0]",0.00794612430036068,1277.0,1221.0,2439,UNLV,fbs,Mountain West,42.0,"[0, 21, 14, 7]",0.9920538756996393,1549.0,1605.0,3.8275123302837475,,,,5388,Canvas Stadium,36500.0,False,False,Fort Collins,CO,80521,US,America/Denver,40.570015,-105.088435,1528.4,2017.0,2025-11-09,4.6,0.0,5.5,0.7663013698630137,0,False,False
401752944,2025,11,regular,2025-11-09T03:00:00.000Z,False,True,False,False,31626.0,3893,Reser Stadium,204,Oregon State,fbs,Pac-12,17.0,"[10, 7, 0, 0]",0.6787607669830322,1252.0,1232.0,2534,Sam Houston,fbs,Conference USA,21.0,"[0, 7, 7, 7]",0.3212392330169678,1052.0,1072.0,5.62729618296782,,,,3893,Reser Stadium,43363.0,False,False,Corvallis,OR,97331,US,America/Los_Angeles,44.5594559,-123.2814341,66.90744781,1953.0,2025-11-09,8.9,0.0,5.7,0.7293314576943477,0,False,False
401760408,2025,11,regular,2025-11-09T04:00:00.000Z,False,True,False,True,15194.0,7220,Clarence T.C. Ching Athletics Complex,62,Hawai'i,fbs,Mountain West,38.0,"[14, 10, 14, 0]",0.9346045851707458,1359.0,1480.0,21,San Diego State,fbs,Mountain West,6.0,"[3, 3, 0, 0]",0.06539541482925415,1601.0,1480.0,3.7246565130646285,,,,7220,Clarence T.C. Ching Athletics Complex,15194.0,False,False,Honolulu,HI,96822,US,Pacific/Honolulu,21.294294,-157.819338,20,2015.0,2025-11-09,23.1,0.1,13.4,1.0,1,False,False
401762856,2025,12,regular,2025-11-12T00:30:00.000Z,False,True,False,True,8501.0,3768,InfoCision Stadium,2006,Akron,fbs,Mid-American,35.0,"[3, 14, 0, 18, 0]",0.06278295069932938,1114.0,1087.0,2309,Kent State,fbs,Mid-American,42.0,"[7, 7, 14, 7, 7]",0.9372170493006706,945.0,972.0,7.404795806309063,,,,3768,InfoCision Stadium,30000.0,False,False,Akron,OH,44399,US,America/New_York,41.0725534,-81.5083408,321.2875061,2009.0,2025-11-12,-0.1,0.0,21.4,0.28336666666666666,0,False,False
401762857,2025,12,regular,2025-11-12T01:00:00.000Z,False,True,False,True,10849.0,3980,Waldo Stadium,2711,Western Michigan,fbs,Mid-American,17.0,"[3, 0, 7, 7]",0.9361369609832764,1368.0,1378.0,195,Ohio,fbs,Mid-American,13.0,"[7, 0, 0, 6]",0.06386303901672363,1595.0,1585.0,4.865414628480906,,,,3980,Waldo Stadium,30200.0,False,False,Kalamazoo,MI,49008,US,America/Detroit,42.2860064,-85.6007573,243.8211212,1939.0,2025-11-12,0.3,0.0,18.7,0.3592384105960265,0,False,False
401762858,2025,12,regular,2025-11-13T00:00:00.000Z,False,True,False,True,6833.0,3786,Kelly/Shorts Stadium,2117,Central Michigan,fbs,Mid-American,38.0,"[7, 7, 10, 14]",0.8473177552223206,1235.0,1293.0,2084,Buffalo,fbs,Mid-American,19.0,"[3, 7, 3, 6]",0.15268224477767944,1376.0,1318.0,4.073167142250684,,,,3786,Kelly/Shorts Stadium,30255.0,False,False,Mount Pleasant,MI,48859,US,America/Detroit,43.5777313,-84.7709904,240.9007721,1972.0,2025-11-13,4.3,0.0,14.5,0.22584696744339777,0,False,False
401762859,2025,12,regular,2025-11-13T00:00:00.000Z,False,True,False,True,6155.0,3985,Warren McGuirk Alumni Stadium,113,Massachusetts,fbs,Mid-American,3.0,"[0, 0, 0, 3]",0.005873220972716808,805.0,735.0,2459,Northern Illinois,fbs,Mid-American,45.0,"[10, 21, 14, 0]",0.9941267790272832,1219.0,1289.0,2.806565714977987,,,,3985,Warren McGuirk Alumni Stadium,17000.0,False,False,Hadley,MA,1003 ,US,America/New_York,42.3773244,-72.5360595,46.58664703,1965.0,2025-11-13,3.9,0.0,7.1,0.36205882352941177,0,False,False
401762860,2025,12,regular,2025-11-13T00:00:00.000Z,False,True,False,True,10825.0,3996,Yager Stadium,193,Miami (OH),fbs,Mid-American,3.0,"[0, 0, 3, 0]",0.0,1460.0,1421.0,2649,Toledo,fbs,Mid-American,24.0,"[0, 14, 10, 0]",1.0,1591.0,1630.0,4.9239712173484955,,,,3996,Yager Stadium,24286.0,False,False,Oxford,OH,45056,US,America/New_York,39.5197009,-84.7330255,242.2643585,1983.0,2025-11-13,6.1,0.0,14.4,0.44573005023470313,0,False,False
401761649,2025,12,regular,2025-11-14T00:30:00.000Z,False,True,False,True,18831.0,3918,S.B. Ballard Stadium,295,Old Dominion,fbs,Sun Belt,33.0,"[10, 10, 6, 7]",1.0,1480.0,1566.0,2653,Troy,fbs,Sun Belt,0.0,"[0, 0, 0, 0]",0.0,1445.0,1359.0,2.3169202877746,,,,3918,S.B. Ballard Stadium,20118.0,False,False,Norfolk,VA,23551,US,America/New_York,36.8889533,-76.3049175,3.147987843,1936.0,2025-11-14,10.0,0.0,5.9,0.9360274381151208,1,False,False
401754591,2025,12,regular,2025-11-15T00:30:00.000Z,False,True,False,True,51234.0,3873,L&N Federal Credit Union Stadium,97,Louisville,fbs,ACC,19.0,"[3, 6, 10, 0]",0.75526362657547,1709.0,1709.0,228,Clemson,fbs,ACC,20.0,"[3, 7, 3, 7]",0.24473637342453003,1725.0,1725.0,7.815486053722058,,,,3873,L&N Federal Credit Union Stadium,60000.0,False,False,Louisville,KY,40292,US,America/Kentucky/Louisville,38.2057621,-85.7588141,138.5615997,1998.0,2025-11-15,16.8,0.0,11.0,0.8539,0,False,False
401752904,2025,12,regular,2025-11-15T02:00:00.000Z,False,True,False,True,58830.0,3626,Autzen Stadium,2483,Oregon,fbs,Big Ten,42.0,"[14, 14, 7, 7]",0.9859622120857239,2050.0,2068.0,135,Minnesota,fbs,Big Ten,13.0,"[0, 6, 7, 0]",0.014037787914276123,1514.0,1496.0,2.8395112406775915,,,,3626,Autzen Stadium,54000.0,False,False,Eugene,OR,97401,US,America/Los_Angeles,44.0582712,-123.0684883,127.4198303,1967.0,2025-11-15,13.1,0.0,6.4,1.0894444444444444,1,False,False
401752772,2025,12,regular,2025-11-15T17:00:00.000Z,False,True,False,True,108582.0,3795,Kyle Field,245,Texas A&M,fbs,SEC,31.0,"[3, 0, 21, 7]",1.0,1904.0,1896.0,2579,South Carolina,fbs,SEC,30.0,"[17, 13, 0, 0]",0.0,1637.0,1645.0,5.900620804326157,,,,3795,Kyle Field,102733.0,True,False,College Station,TX,77843,US,America/Chicago,30.6098891,-96.3403828,108.824585,1927.0,2025-11-15,23.8,0.0,18.8,1.0569339939454703,1,False,False
401757174,2025,12,regular,2025-11-15T17:00:00.000Z,False,True,False,False,31457.0,3892,Pratt & Whitney Stadium,41,UConn,fbs,FBS Independents,26.0,"[6, 3, 7, 10]",0.9236084818840027,1563.0,1568.0,2005,Air Force,fbs,Mountain West,16.0,"[7, 0, 3, 6]",0.07639151811599731,1388.0,1383.0,3.5090041799363223,,,,3892,Pratt & Whitney Stadium,40000.0,True,False,East Hartford,CT,6118 ,US,America/New_York,41.7595675,-72.6187728,6.515614986,2003.0,2025-11-15,6.0,0.0,2.5,0.786425,0,False,False
401762507,2025,12,regular,2025-11-15T17:00:00.000Z,False,True,False,True,9831.0,4418,Jerry Richardson Stadium,2429,Charlotte,fbs,American Athletic,7.0,"[0, 0, 0, 7]",0.02162954770028591,1020.0,1013.0,2636,UTSA,fbs,American Athletic,28.0,"[7, 0, 7, 14]",0.9783704522997141,1465.0,1472.0,3.426061002724206,,,,4418,Jerry Richardson Stadium,15300.0,False,False,Charlotte,NC,28223,US,America/New_York,35.3105033,-80.7401194,190.365509,2013.0,2025-11-15,21.0,0.0,11.1,0.6425490196078432,0,False,False
401762861,2025,12,regular,2025-11-15T17:00:00.000Z,False,True,False,True,8430.0,3919,Scheumann Stadium,2050,Ball State,fbs,Mid-American,9.0,"[0, 3, 3, 3]",0.17320816218852997,1047.0,1030.0,2199,Eastern Michigan,fbs,Mid-American,24.0,"[7, 10, 0, 7]",0.82679183781147,1229.0,1246.0,3.3275831010822574,,,,3919,Scheumann Stadium,22500.0,False,False,Muncie,IN,47306,US,America/Indiana/Indianapolis,40.2159422,-85.4161148,285.481781,1967.0,2025-11-15,19.6,0.0,28.9,0.37466666666666665,0,False,False
401762510,2025,12,regular,2025-11-15T17:00:00.000Z,False,True,False,True,34856.0,3852,Navy-Marine Corps Memorial Stadium,2426,Navy,fbs,American Athletic,41.0,"[14, 10, 0, 17]",0.9088223576545715,1480.0,1485.0,58,South Florida,fbs,American Athletic,38.0,"[3, 6, 7, 22]",0.09117764234542847,1734.0,1729.0,5.929694836480033,,,,3852,Navy-Marine Corps Memorial Stadium,34000.0,False,False,Annapolis,MD,21402,US,America/New_York,38.9846985,-76.5076335,10.74990082,1959.0,2025-11-15,12.8,0.0,5.9,1.0251764705882354,1,False,False
401752905,2025,12,regular,2025-11-15T17:00:00.000Z,False,True,True,True,38223.0,4250,Wrigley Field,77,Northwestern,fbs,Big Ten,22.0,"[0, 6, 3, 13]",0.6740320324897766,1516.0,1526.0,130,Michigan,fbs,Big Ten,24.0,"[0, 7, 14, 3]",0.3259679675102234,1809.0,1799.0,6.608091433028607,,,,4250,Wrigley Field,0.0,,False,Chicago,IL,60654,US,,41.8755616,-87.6244212,,,2025-11-15,17.8,0.0,24.1,,,False,True
401756952,2025,12,regular,2025-11-15T17:00:00.000Z,False,True,False,True,46340.0,3646,Boone Pickens Stadium,197,Oklahoma State,fbs,Big 12,6.0,"[3, 3, 0, 0]",0.2214592546224594,1049.0,1080.0,2306,Kansas State,fbs,Big 12,14.0,"[0, 7, 0, 7]",0.7785407453775406,1705.0,1674.0,5.0820189698298535,,,,3646,Boone Pickens Stadium,55509.0,False,False,Stillwater,OK,74078,US,America/Chicago,36.125673,-97.066513,276.4808655,1919.0,2025-11-15,22.0,0.0,14.4,0.8348195788070403,0,False,False
401754597,2025,12,regular,2025-11-15T17:00:00.000Z,False,True,False,False,68400.0,3752,Acrisure Stadium,221,Pittsburgh,fbs,ACC,15.0,"[0, 3, 6, 6]",0.03746522590517998,1668.0,1665.0,87,Notre Dame,fbs,FBS Independents,37.0,"[14, 7, 9, 7]",0.96253477409482,2186.0,2189.0,3.9008140389274337,,,,3752,Acrisure Stadium,68400.0,True,False,Pittsburgh,PA,15260,US,America/New_York,40.4467648,-80.0157603,220.5887146,2001.0,2025-11-15,15.8,0.1,15.0,1.0,1,False,False
401756951,2025,12,regular,2025-11-15T17:00:00.000Z,False,True,False,True,37099.0,3854,Nippert Stadium,2132,Cincinnati,fbs,Big 12,24.0,"[14, 0, 3, 7]",0.012125389650464058,1590.0,1578.0,12,Arizona,fbs,Big 12,30.0,"[7, 3, 10, 10]",0.9878746103495359,1580.0,1592.0,5.649878575059863,,,,3854,Nippert Stadium,40000.0,False,False,Cincinnati,OH,45221,US,America/New_York,39.1312495,-84.5161913,230.0660553,1915.0,2025-11-15,17.8,0.0,17.7,0.927475,1,False,False
401752901,2025,12,regular,2025-11-15T17:00:00.000Z,False,True,False,True,55042.0,3830,"Memorial Stadium (Bloomington, IN)",84,Indiana,fbs,Big Ten,31.0,"[7, 3, 14, 7]",1.0,2150.0,2142.0,275,Wisconsin,fbs,Big Ten,7.0,"[0, 7, 0, 0]",0.0,1459.0,1467.0,3.3648861433046053,,,,3830,"Memorial Stadium (Bloomington, IN)",52656.0,False,False,Bloomington,IN,47408,US,America/Indiana/Indianapolis,39.1808959,-86.5256217,231.6500854,1960.0,2025-11-15,20.1,0.0,23.7,1.0453129747797023,1,False,False
401752768,2025,12,regular,2025-11-15T17:45:00.000Z,False,True,False,True,100212.0,3958,Tiger Stadium (LA),99,LSU,fbs,SEC,23.0,"[0, 16, 0, 7]",0.744929850101471,1695.0,1693.0,8,Arkansas,fbs,SEC,22.0,"[14, 0, 8, 0]",0.25507014989852905,1594.0,1596.0,6.39666465263123,,,,3958,Tiger Stadium (LA),102321.0,True,False,Baton Rouge,LA,70803,US,America/Chicago,30.412035,-91.1838163,7.640734673,1924.0,2025-11-15,22.8,0.0,7.4,0.9793883953440643,1,False,False
401752945,2025,12,regular,2025-11-15T18:00:00.000Z,False,True,False,False,15034.0,3674,Chapman Stadium,202,Tulsa,fbs,American Athletic,31.0,"[14, 3, 7, 7]",0.9935263991355896,1037.0,1094.0,204,Oregon State,fbs,Pac-12,14.0,"[0, 0, 0, 14]",0.0064736008644104,1232.0,1175.0,2.4671952700862336,,,,3674,Chapman Stadium,30000.0,False,False,Tulsa,OK,74194,US,America/Chicago,36.1489175,-95.9437853,235.5928345,1930.0,2025-11-15,25.8,0.0,9.5,0.5011333333333333,0,False,False
401756948,2025,12,regular,2025-11-15T18:00:00.000Z,False,True,False,True,54101.0,3947,Mountain America Stadium,9,Arizona State,fbs,Big 12,25.0,"[0, 22, 0, 3]",0.3713201880455017,1617.0,1614.0,277,West Virginia,fbs,Big 12,23.0,"[3, 7, 0, 13]",0.6286798119544983,1352.0,1355.0,5.13494151401993,,,,3947,Mountain America Stadium,65870.0,True,False,Tempe,AZ,85287,US,America/Phoenix,33.4264471,-111.9325005,360.1569519,1958.0,2025-11-15,24.0,0.0,6.3,0.8213298922119326,0,False,False
401752767,2025,12,regular,2025-11-15T18:30:00.000Z,False,True,False,False,53686.0,3683,Kroger Field,96,Kentucky,fbs,SEC,42.0,"[14, 14, 7, 7]",0.9980577230453491,1622.0,1622.0,2635,Tennessee Tech,fcs,OVC-Big South,10.0,"[0, 7, 3, 0]",0.001942276954650879,,,1.904565463157122,,,,3683,Kroger Field,61000.0,False,False,Lexington,KY,40506,US,America/New_York,38.0220905,-84.5053408,307.4248962,1973.0,2025-11-15,18.8,0.0,23.5,0.8800983606557377,0,False,False
401762506,2025,12,regular,2025-11-15T19:00:00.000Z,False,True,False,True,16190.0,7221,Protective Stadium,5,UAB,fbs,American Athletic,24.0,"[0, 7, 11, 6]",0.0024921679869294167,1223.0,1197.0,249,North Texas,fbs,American Athletic,53.0,"[21, 10, 15, 7]",0.9975078320130706,1690.0,1716.0,2.859409142957384,,,,7221,Protective Stadium,45000.0,False,False,Birmingham,AL,35203,US,America/Chicago,33.5206824,-86.8024326,187,2021.0,2025-11-15,23.4,0.0,15.6,0.35977777777777775,0,False,False
401761651,2025,12,regular,2025-11-15T19:00:00.000Z,False,True,False,True,12871.0,4246,Center Parc Stadium,2247,Georgia State,fbs,Sun Belt,18.0,"[7, 3, 8, 0]",0.03137625381350517,1098.0,1107.0,276,Marshall,fbs,Sun Belt,30.0,"[7, 14, 0, 9]",0.9686237461864948,1508.0,1499.0,5.23590983843582,,,,4246,Center Parc Stadium,25000.0,False,False,Atlanta,GA,30315,US,America/New_York,33.735267,-84.389949,287,2017.0,2025-11-15,22.7,0.0,13.6,0.51484,0,False,False
401757304,2025,12,regular,2025-11-15T20:00:00.000Z,False,True,False,True,13298.0,3878,Plaster Sports Complex,2623,Missouri State,fbs,Conference USA,38.0,"[10, 14, 0, 14]",0.9278184771537781,1358.0,1376.0,2638,UTEP,fbs,Conference USA,24.0,"[0, 7, 17, 0]",0.07218152284622192,1233.0,1215.0,3.9130570653398737,,,,3878,Plaster Sports Complex,17337.0,False,False,Springfield,MO,65897,US,America/Chicago,37.1976229,-93.2798119,402.368103,1941.0,2025-11-15,24.8,0.0,15.6,0.7670300513352944,0,False,False
401760411,2025,12,regular,2025-11-15T20:00:00.000Z,False,True,False,True,27526.0,3971,University Stadium (NM),167,New Mexico,fbs,Mountain West,20.0,"[0, 10, 0, 10]",0.9611223340034485,1460.0,1458.0,36,Colorado State,fbs,Mountain West,17.0,"[0, 0, 10, 7]",0.038877665996551514,1221.0,1223.0,6.143939901413607,,,,3971,University Stadium (NM),39224.0,False,False,Albuquerque,NM,87131,US,America/Denver,35.0669479,-106.6283225,1554.471924,1960.0,2025-11-15,21.0,0.0,2.3,0.7017642259840914,0,False,False
401754595,2025,12,regular,2025-11-15T20:30:00.000Z,False,True,False,True,59157.0,3948,Hard Rock Stadium,2390,Miami,fbs,ACC,41.0,"[10, 14, 10, 7]",0.9875534176826477,1865.0,1914.0,152,NC State,fbs,ACC,7.0,"[0, 0, 0, 7]",0.012446582317352295,1498.0,1449.0,3.1432035555758695,,,,3948,Hard Rock Stadium,64767.0,False,False,Miami Gardens,FL,33299,US,America/New_York,25.9579665,-80.2388604,2.624486446,1987.0,2025-11-15,25.7,0.0,9.9,0.9133818148130992,1,False,False
401754593,2025,12,regular,2025-11-15T20:30:00.000Z,False,True,False,True,27215.0,3982,Wallace Wade Stadium,150,Duke,fbs,ACC,17.0,"[0, 3, 0, 14]",0.0,1625.0,1576.0,258,Virginia,fbs,ACC,34.0,"[7, 10, 14, 3]",1.0,1555.0,1604.0,3.6041656880268382,,,,3982,Wallace Wade Stadium,40004.0,True,False,Durham,NC,27708,US,America/New_York,35.9953688,-78.9417564,103.0028152,1929.0,2025-11-15,22.2,0.0,12.5,0.6803069693030697,0,False,False
401754592,2025,12,regular,2025-11-15T20:30:00.000Z,False,True,False,True,37879.0,3615,"Alumni Stadium (Chestnut Hill, MA)",103,Boston College,fbs,ACC,34.0,"[0, 14, 14, 6]",0.30027151107788086,1298.0,1311.0,59,Georgia Tech,fbs,ACC,36.0,"[7, 7, 3, 19]",0.6997284889221191,1612.0,1599.0,7.421454423157309,,,,3615,"Alumni Stadium (Chestnut Hill, MA)",44500.0,False,False,Chestnut Hill,MA,2467 ,US,America/New_York,42.335104,-71.1664413,39.82634354,1957.0,2025-11-15,7.0,0.0,9.2,0.8512134831460674,0,False,False
401752903,2025,12,regular,2025-11-15T20:30:00.000Z,False,True,False,True,61671.0,3936,Spartan Stadium,127,Michigan State,fbs,Big Ten,10.0,"[7, 3, 0, 0]",0.003769178409129381,1365.0,1377.0,213,Penn State,fbs,Big Ten,28.0,"[7, 7, 0, 14]",0.9962308215908706,1950.0,1938.0,3.8044415586011677,,,,3936,Spartan Stadium,75005.0,True,False,East Lansing,MI,48824,US,America/Detroit,42.7281474,-84.4848526,254.8794861,1923.0,2025-11-15,16.5,0.0,22.5,0.8222251849876675,0,False,False
401752906,2025,12,regular,2025-11-15T20:30:00.000Z,False,True,False,True,56416.0,3832,"Memorial Stadium (Champaign, IL)",356,Illinois,fbs,Big Ten,24.0,"[7, 7, 7, 3]",0.8008391857147217,1603.0,1630.0,120,Maryland,fbs,Big Ten,6.0,"[3, 3, 0, 0]",0.19916081428527832,1467.0,1440.0,3.1349753749189655,,,,3832,"Memorial Stadium (Champaign, IL)",60670.0,False,False,Champaign,IL,61820,US,America/Chicago,40.0993268,-88.2359569,223.2471619,1923.0,2025-11-15,22.3,0.0,22.8,0.9298829734629965,1,False,False
401752907,2025,12,regular,2025-11-15T20:30:00.000Z,False,True,False,True,65216.0,477,Los Angeles Memorial Coliseum,30,USC,fbs,Big Ten,26.0,"[0, 10, 9, 7]",0.37467992305755615,1911.0,1916.0,2294,Iowa,fbs,Big Ten,21.0,"[7, 14, 0, 0]",0.6253200769424438,1912.0,1907.0,4.656077932368771,,,,477,Los Angeles Memorial Coliseum,77500.0,True,False,Los Angeles,CA,90089,US,America/Los_Angeles,34.014167,-118.287778,42.50374222,1923.0,2025-11-15,14.4,5.3,1.8,0.8414967741935484,0,False,False
401756953,2025,12,regular,2025-11-15T20:30:00.000Z,False,True,False,True,60229.0,3784,Jones AT&T Stadium,2641,Texas Tech,fbs,Big 12,48.0,"[14, 24, 10, 0]",0.9889745712280273,1937.0,1997.0,2116,UCF,fbs,Big 12,9.0,"[0, 2, 7, 0]",0.011025428771972656,1528.0,1468.0,1.763929168874903,,,,3784,Jones AT&T Stadium,60454.0,False,False,Lubbock,TX,79409,US,America/Chicago,33.5910518,-101.8728824,980.7632446,1947.0,2025-11-15,30.7,0.0,17.5,0.9962781619082277,1,False,False
401757303,2025,12,regular,2025-11-15T20:30:00.000Z,False,True,False,True,16547.0,3796,Houchens Industries-L.T. Smith Stadium,98,Western Kentucky,fbs,Conference USA,42.0,"[7, 14, 7, 14]",0.9155396819114685,1386.0,1398.0,2393,Middle Tennessee,fbs,Conference USA,26.0,"[0, 10, 13, 3]",0.0844603180885315,1134.0,1122.0,7.620477790856999,,,,3796,Houchens Industries-L.T. Smith Stadium,22113.0,False,False,Bowling Green,KY,42101,US,America/Chicago,36.9847901,-86.4594041,154.4346619,1968.0,2025-11-15,23.5,0.0,25.2,0.7482928594039705,0,False,False
401752765,2025,12,regular,2025-11-15T20:30:00.000Z,False,True,False,True,100077.0,3657,Bryant-Denny Stadium,333,Alabama,fbs,SEC,21.0,"[0, 14, 7, 0]",0.15321090817451477,1977.0,1964.0,201,Oklahoma,fbs,SEC,23.0,"[10, 7, 3, 3]",0.8467890918254852,1794.0,1807.0,6.7106854101740625,,,,3657,Bryant-Denny Stadium,101821.0,True,False,Tuscaloosa,AL,35487,US,America/Chicago,33.2082752,-87.5503836,70.05136108,1929.0,2025-11-15,24.1,0.0,16.1,0.9828719026526944,1,False,False
401760413,2025,12,regular,2025-11-15T20:30:00.000Z,False,True,False,True,14491.0,3816,Mackay Stadium,2440,Nevada,fbs,Mountain West,55.0,"[14, 17, 7, 17]",0.995261013507843,1105.0,1288.0,23,San José State,fbs,Mountain West,10.0,"[0, 0, 3, 7]",0.004738986492156982,1391.0,1208.0,2.7859614555462486,,,,3816,Mackay Stadium,27000.0,False,False,Reno,NV,89557,US,America/Los_Angeles,39.5469459,-119.8175435,1406.57605,1966.0,2025-11-15,15.0,0.0,10.3,0.5367037037037037,0,False,False
401761653,2025,12,regular,2025-11-15T20:30:00.000Z,False,True,False,True,19872.0,3817,Malone Stadium,2433,UL Monroe,fbs,Sun Belt,14.0,"[14, 0, 0, 0]",0.027201753109693527,998.0,1004.0,6,South Alabama,fbs,Sun Belt,26.0,"[0, 7, 13, 6]",0.9727982468903065,1375.0,1369.0,4.425007568004904,,,,3817,Malone Stadium,27617.0,False,False,Monroe,LA,71209,US,America/Chicago,32.5308089,-92.0660602,22.998209,1978.0,2025-11-15,26.5,0.0,16.1,0.719556794727885,0,False,False
401761654,2025,12,regular,2025-11-15T20:30:00.000Z,False,True,False,True,27223.0,3815,M. M. Roberts Stadium,2572,Southern Miss,fbs,Sun Belt,14.0,"[0, 0, 7, 7]",0.047236330807209015,1362.0,1303.0,326,Texas State,fbs,Sun Belt,41.0,"[10, 17, 0, 14]",0.952763669192791,1483.0,1542.0,3.3067316100380326,,,,3815,M. M. Roberts Stadium,36000.0,False,False,Hattiesburg,MS,39402,US,America/Chicago,31.3289321,-89.3318118,64.52726746,1932.0,2025-11-15,25.4,0.0,11.5,0.7561944444444444,0,False,False
401761652,2025,12,regular,2025-11-15T20:30:00.000Z,False,True,False,True,25298.0,3651,Bridgeforth Stadium,256,James Madison,fbs,Sun Belt,58.0,"[7, 20, 10, 21]",1.0,1802.0,1882.0,2026,App State,fbs,Sun Belt,10.0,"[0, 0, 0, 10]",0.0,1328.0,1248.0,2.5124097805149224,,,,3651,Bridgeforth Stadium,24877.0,False,False,Harrisonburg,VA,22807,US,America/New_York,38.4352919,-78.8729349,399.303009,1975.0,2025-11-15,21.1,0.0,18.5,1.0169232624512603,1,False,False
401762508,2025,12,regular,2025-11-15T21:00:00.000Z,False,True,False,True,37348.0,3699,Dowdy-Ficklen Stadium,151,East Carolina,fbs,American Athletic,31.0,"[7, 3, 14, 7]",0.8798407912254333,1599.0,1604.0,235,Memphis,fbs,American Athletic,27.0,"[0, 17, 7, 3]",0.12015920877456665,1665.0,1660.0,8.044532885223424,,,,3699,Dowdy-Ficklen Stadium,50000.0,True,False,Greenville,NC,27858,US,America/New_York,35.5968486,-77.364564,19.0564537,1963.0,2025-11-15,19.6,0.0,12.2,0.74696,0,False,False
401762509,2025,12,regular,2025-11-15T21:00:00.000Z,False,True,False,True,30000.0,4729,Yulman Stadium,2655,Tulane,fbs,American Athletic,35.0,"[7, 14, 7, 7]",0.9391095042228699,1545.0,1543.0,2226,Florida Atlantic,fbs,American Athletic,24.0,"[3, 7, 0, 14]",0.06089049577713013,1247.0,1249.0,3.833262636519825,,,,4729,Yulman Stadium,30000.0,False,False,New Orleans,LA,70118,US,America/Chicago,29.944616,-90.116692,0.0000000000000000000000000000000000000118,2014.0,2025-11-15,24.2,0.0,10.5,1.0,1,False,False
401752771,2025,12,regular,2025-11-15T21:15:00.000Z,False,True,False,False,101915.0,3853,Neyland Stadium,2633,Tennessee,fbs,SEC,42.0,"[14, 7, 21, 0]",0.9741840958595276,1814.0,1834.0,166,New Mexico State,fbs,Conference USA,9.0,"[0, 3, 0, 6]",0.025815904140472412,1201.0,1181.0,3.093171763725749,,,,3853,Neyland Stadium,102455.0,True,False,Knoxville,TN,37996,US,America/New_York,35.9550131,-83.9250128,271.9517212,1921.0,2025-11-15,19.7,0.0,21.0,0.994729393392221,1,False,False
401754596,2025,12,regular,2025-11-15T21:30:00.000Z,False,True,False,True,32390.0,3630,Allegacy Federal Credit Union Stadium,154,Wake Forest,fbs,ACC,28.0,"[7, 7, 7, 7]",0.9570199847221375,1412.0,1444.0,153,North Carolina,fbs,ACC,12.0,"[0, 6, 3, 3]",0.04298001527786255,1393.0,1361.0,2.6545877239771705,,,,3630,Allegacy Federal Credit Union Stadium,31500.0,False,False,Winston-Salem,NC,27105,US,America/New_York,36.1305507,-80.2545851,283.548584,1968.0,2025-11-15,20.7,0.0,14.2,1.0282539682539682,1,False,False
401757301,2025,12,regular,2025-11-15T22:00:00.000Z,False,True,False,True,14167.0,2031,Pitbull Stadium,2229,Florida International,fbs,Conference USA,34.0,"[7, 10, 7, 3, 7]",0.978489339351654,1306.0,1326.0,2335,Liberty,fbs,Conference USA,27.0,"[7, 14, 0, 6, 0]",0.021510660648345947,1488.0,1468.0,8.87308010242118,,,,2031,Pitbull Stadium,20000.0,False,False,Miami,FL,33199,US,America/New_York,25.7525,-80.37778,6,1995.0,2025-11-15,23.6,0.0,8.1,0.70835,0,False,False
401761650,2025,12,regular,2025-11-15T23:00:00.000Z,False,True,False,True,22738.0,3608,Allen E. Paulson Stadium,290,Georgia Southern,fbs,Sun Belt,45.0,"[21, 14, 7, 3]",0.7108765840530396,1314.0,1319.0,324,Coastal Carolina,fbs,Sun Belt,40.0,"[17, 10, 6, 7]",0.28912341594696045,1318.0,1313.0,5.9853896742129855,,,,3608,Allen E. Paulson Stadium,25000.0,False,False,Statesboro,GA,30460,US,America/New_York,32.4122471,-81.7849296,61.25376892,1984.0,2025-11-15,17.5,0.0,12.9,0.90952,1,False,False
401752769,2025,12,regular,2025-11-16T00:00:00.000Z,False,True,False,True,68138.0,3974,Vaught-Hemingway Stadium,145,Ole Miss,fbs,SEC,34.0,"[10, 10, 0, 14]",0.9857250452041626,1969.0,1959.0,57,Florida,fbs,SEC,24.0,"[7, 17, 0, 0]",0.014274954795837402,1555.0,1565.0,6.26444436261108,,,,3974,Vaught-Hemingway Stadium,64038.0,True,False,Oxford,MS,38677,US,America/Chicago,34.3619837,-89.5342076,146.8517151,1915.0,2025-11-16,20.8,0.0,19.9,1.064024485461757,1,False,False
401752902,2025,12,regular,2025-11-16T00:00:00.000Z,False,True,False,True,67229.0,3765,Husky Stadium,264,Washington,fbs,Big Ten,49.0,"[7, 21, 14, 7]",0.8683210611343384,1699.0,1754.0,2509,Purdue,fbs,Big Ten,13.0,"[0, 0, 3, 10]",0.13167893886566162,1331.0,1276.0,2.9709339959202525,,,,3765,Husky Stadium,70138.0,False,False,Seattle,WA,98195,US,America/Los_Angeles,47.6503235,-122.3015746,11.65622807,1920.0,2025-11-16,12.8,0.0,5.7,0.9585246228863098,1,False,False
401760414,2025,12,regular,2025-11-16T00:00:00.000Z,False,True,False,True,31682.0,6501,Allegiant Stadium,2439,UNLV,fbs,Mountain West,29.0,"[3, 7, 7, 6, 6]",0.6228246688842773,1605.0,1604.0,328,Utah State,fbs,Mountain West,26.0,"[6, 7, 3, 7, 3]",0.37717533111572266,1422.0,1423.0,9.426998464317936,,,,6501,Allegiant Stadium,65000.0,False,True,Las Vegas,NV,89118,US,America/Los_Angeles,36.09075,-115.183722,666,2020.0,2025-11-16,14.0,1.6,9.3,0.48741538461538464,0,False,False
401757300,2025,12,regular,2025-11-16T00:00:00.000Z,False,True,True,True,3713.0,3631,BBVA Compass Stadium,2534,Sam Houston,fbs,Conference USA,26.0,"[0, 10, 13, 3]",0.43213343620300293,1072.0,1094.0,48,Delaware,fbs,Conference USA,23.0,"[7, 3, 0, 13]",0.5678665637969971,1386.0,1364.0,5.566780703373763,,,,3631,BBVA Compass Stadium,22000.0,True,False,Houston,TX,77003,US,America/Chicago,29.7521988,-95.3524146,13.68128395,2012.0,2025-11-16,24.8,0.0,11.8,0.16877272727272727,,False,False
401756949,2025,12,regular,2025-11-16T00:00:00.000Z,False,True,False,True,38186.0,4727,McLane Stadium,239,Baylor,fbs,Big 12,28.0,"[0, 17, 3, 8]",0.003974195569753647,1621.0,1585.0,254,Utah,fbs,Big 12,55.0,"[14, 14, 7, 20]",0.9960258044302464,1941.0,1977.0,4.191336628760744,,,,4727,McLane Stadium,45140.0,False,False,Waco,TX,76704,US,America/Chicago,31.5582015,-97.1156702,117.0538101,2014.0,2025-11-16,25.5,0.0,16.5,0.845945945945946,0,False,False
401754594,2025,12,regular,2025-11-16T00:30:00.000Z,False,True,False,True,64937.0,3697,Doak Campbell Stadium,52,Florida State,fbs,ACC,34.0,"[0, 10, 14, 10]",0.9910560250282288,1609.0,1638.0,259,Virginia Tech,fbs,ACC,14.0,"[0, 7, 0, 7]",0.00894397497177124,1431.0,1402.0,4.261559656791791,,,,3697,Doak Campbell Stadium,67277.0,True,False,Tallahassee,FL,32306,US,America/New_York,30.4381692,-84.3044032,19.55942535,1950.0,2025-11-16,16.7,0.0,10.9,0.9652184253162299,1,False,False
401752900,2025,12,regular,2025-11-16T00:30:00.000Z,False,True,False,True,104168.0,3861,Ohio Stadium,194,Ohio State,fbs,Big Ten,48.0,"[10, 17, 14, 7]",0.9827536344528198,2125.0,2145.0,26,UCLA,fbs,Big Ten,10.0,"[0, 0, 7, 3]",0.017246365547180176,1381.0,1361.0,2.1221468871556866,,,,3861,Ohio Stadium,102780.0,False,False,Columbus,OH,43210,US,America/New_York,40.0016447,-83.0197266,216.6770325,1922.0,2025-11-16,17.1,0.1,21.8,1.0135045728741001,1,False,False
401752766,2025,12,regular,2025-11-16T00:30:00.000Z,False,True,False,True,93033.0,3917,Sanford Stadium,61,Georgia,fbs,SEC,35.0,"[7, 7, 0, 21]",0.9910233020782471,2018.0,2070.0,251,Texas,fbs,SEC,10.0,"[3, 0, 7, 0]",0.00897669792175293,1924.0,1872.0,3.2577676387805257,,,,3917,Sanford Stadium,92746.0,True,False,Athens,GA,30602,US,America/New_York,33.9498197,-83.3733813,186.1120758,1929.0,2025-11-16,18.7,0.0,15.8,1.003094473077006,1,False,False
401752770,2025,12,regular,2025-11-16T00:45:00.000Z,False,True,False,True,57321.0,3838,Memorial Stadium,142,Missouri,fbs,SEC,49.0,"[14, 7, 14, 14]",1.0,1734.0,1765.0,344,Mississippi State,fbs,SEC,27.0,"[10, 0, 14, 3]",0.0,1523.0,1492.0,4.870050241990691,,,,3838,Memorial Stadium,71168.0,False,False,Columbia,MO,65211,US,America/Chicago,38.9358491,-92.3332009,212.6865692,1927.0,2025-11-16,19.3,0.0,10.3,0.8054322167266187,0,False,False
401757302,2025,12,regular,2025-11-16T01:00:00.000Z,False,True,False,True,24166.0,3662,AmFirst Stadium,55,Jacksonville State,fbs,Conference USA,35.0,"[7, 15, 3, 10]",0.9238912463188171,1512.0,1518.0,338,Kennesaw State,fbs,Conference USA,26.0,"[7, 3, 3, 13]",0.07610875368118286,1381.0,1375.0,6.147150019104686,,,,3662,AmFirst Stadium,24000.0,False,False,Jacksonville,AL,36265,US,America/Chicago,33.8201052,-85.76647,198.0679016,1947.0,2025-11-16,17.6,0.0,15.6,1.0069166666666667,1,False,False
401752953,2025,12,regular,2025-11-16T03:00:00.000Z,False,True,False,False,21186.0,3820,Gesa Field,265,Washington State,fbs,Pac-12,28.0,"[7, 7, 0, 14]",0.9945715665817261,1434.0,1500.0,2348,Louisiana Tech,fbs,Conference USA,3.0,"[0, 3, 0, 0]",0.005428433418273926,1462.0,1396.0,2.1283890571792554,,,,3820,Gesa Field,32952.0,False,False,Pullman,WA,99164,US,America/Los_Angeles,46.731831,-117.1604991,773.9526367,1972.0,2025-11-16,9.5,0.0,12.6,0.6429351784413693,0,False,False
401756950,2025,12,regular,2025-11-16T03:15:00.000Z,False,True,False,True,64447.0,3801,LaVell Edwards Stadium,252,BYU,fbs,Big 12,44.0,"[10, 17, 3, 14]",0.9717991948127747,1688.0,1772.0,2628,TCU,fbs,Big 12,13.0,"[0, 10, 3, 0]",0.028200805187225342,1689.0,1605.0,3.8991089407763098,,,,3801,LaVell Edwards Stadium,63470.0,True,False,Provo,UT,84602,US,America/Denver,40.2575347,-111.6545247,1412.097046,1964.0,2025-11-16,11.8,0.0,4.2,1.015393099101938,1,False,False
401760410,2025,12,regular,2025-11-16T03:30:00.000Z,False,True,False,True,29201.0,7311,Snapdragon Stadium,21,San Diego State,fbs,Mountain West,17.0,"[0, 14, 0, 3]",0.5283172726631165,1480.0,1507.0,68,Boise State,fbs,Mountain West,7.0,"[0, 7, 0, 0]",0.47168272733688354,1616.0,1589.0,4.49702102683922,,,,7311,Snapdragon Stadium,35000.0,True,False,San Diego,CA,92093,US,America/Los_Angeles,32.784444,-117.122833,62,2022.0,2025-11-16,14.0,0.7,13.5,0.8343142857142857,0,False,False
401760412,2025,12,regular,2025-11-16T03:30:00.000Z,False,True,False,True,35076.0,3660,Valley Children's Stadium,278,Fresno State,fbs,Mountain West,24.0,"[7, 3, 0, 14]",0.924098014831543,1468.0,1510.0,2751,Wyoming,fbs,Mountain West,3.0,"[3, 0, 0, 0]",0.07590198516845703,1390.0,1348.0,4.026001542428445,,,,3660,Valley Children's Stadium,41031.0,False,False,Fresno,CA,93740,US,America/Los_Angeles,36.8143527,-119.7580092,102.564064,1980.0,2025-11-16,13.6,3.3,11.1,0.8548658331505448,0,False,False
401762862,2025,13,regular,2025-11-19T00:00:00.000Z,False,True,False,True,9867.0,3700,Doyt L. Perry Stadium,189,Bowling Green,fbs,Mid-American,16.0,"[3, 3, 7, 3]",0.9237462878227234,1244.0,1230.0,2006,Akron,fbs,Mid-American,19.0,"[3, 3, 10, 3]",0.07625371217727661,1087.0,1101.0,7.499807813687292,,,,3700,Doyt L. Perry Stadium,24000.0,False,False,Bowling Green,OH,43403,US,America/New_York,41.3780114,-83.6225,205.9057465,1966.0,2025-11-19,3.0,0.4,12.1,0.411125,0,False,False
401762864,2025,13,regular,2025-11-19T00:00:00.000Z,False,True,False,True,4734.0,3764,Huskie Stadium,2459,Northern Illinois,fbs,Mid-American,19.0,"[10, 3, 0, 6]",0.079474538564682,1289.0,1260.0,2711,Western Michigan,fbs,Mid-American,35.0,"[0, 14, 7, 14]",0.920525461435318,1378.0,1407.0,3.4626707730844215,,,,3764,Huskie Stadium,23595.0,False,False,DeKalb,IL,60115,US,America/Chicago,41.9339586,-88.7778357,267.4530029,1965.0,2025-11-19,5.0,0.0,15.4,0.20063572790845519,0,False,False
401762863,2025,13,regular,2025-11-19T00:00:00.000Z,False,True,False,True,12438.0,3876,Peden Stadium,195,Ohio,fbs,Mid-American,42.0,"[7, 14, 7, 14]",1.0,1585.0,1572.0,113,Massachusetts,fbs,Mid-American,14.0,"[7, 0, 7, 0]",0.0,735.0,748.0,3.811770717209375,,,,3876,Peden Stadium,24000.0,False,False,Athens,OH,45701,US,America/New_York,39.3212794,-82.1034315,194.230896,1929.0,2025-11-19,5.2,3.0,5.4,0.51825,0,False,False
401762865,2025,13,regular,2025-11-20T00:00:00.000Z,False,True,False,True,15246.0,3965,UB Stadium,2084,Buffalo,fbs,Mid-American,20.0,"[3, 7, 10, 0]",0.007529230788350105,1318.0,1288.0,193,Miami (OH),fbs,Mid-American,37.0,"[0, 17, 14, 6]",0.9924707692116499,1421.0,1451.0,5.921445750564814,,,,3965,UB Stadium,30270.0,False,False,Amherst,NY,14260,US,America/New_York,42.9991334,-78.7775113,181.5759735,1993.0,2025-11-20,0.5,0.0,2.3,0.5036669970267592,0,False,False
401762866,2025,13,regular,2025-11-20T00:00:00.000Z,False,True,False,True,8112.0,3696,Dix Stadium,2309,Kent State,fbs,Mid-American,16.0,"[0, 3, 0, 13]",0.0,972.0,974.0,2117,Central Michigan,fbs,Mid-American,28.0,"[7, 7, 0, 14]",1.0,1293.0,1291.0,4.460429434556407,,,,3696,Dix Stadium,25319.0,False,False,Kent,OH,44242,US,America/New_York,41.1390935,-81.31346,321.3641663,1969.0,2025-11-20,3.9,0.0,3.1,0.32039180062403727,0,False,False
401761655,2025,13,regular,2025-11-21T00:30:00.000Z,False,True,False,True,13571.0,3625,Centennial Bank Stadium,2032,Arkansas State,fbs,Sun Belt,30.0,"[10, 17, 0, 3]",0.08058846741914749,1306.0,1302.0,309,Louisiana,fbs,Sun Belt,34.0,"[7, 17, 7, 3]",0.9194115325808525,1350.0,1354.0,8.711359626652017,,,,3625,Centennial Bank Stadium,30382.0,False,False,Jonesboro,AR,72404,US,America/Chicago,35.8488977,-90.6677436,89.52690887,1974.0,2025-11-21,15.9,0.2,0.7,0.4466789546441972,0,False,False
401754598,2025,13,regular,2025-11-22T01:00:00.000Z,False,True,False,True,56919.0,3670,Carter-Finley Stadium,152,NC State,fbs,ACC,21.0,"[7, 0, 7, 7]",0.7871336936950684,1449.0,1481.0,52,Florida State,fbs,ACC,11.0,"[0, 3, 0, 8]",0.21286630630493164,1638.0,1606.0,3.841445585044678,,,,3670,Carter-Finley Stadium,58000.0,True,False,Raleigh,NC,27695,US,America/New_York,35.8008001,-78.7195655,117.0089951,1966.0,2025-11-22,15.0,0.7,8.3,0.9813620689655173,1,False,False
401760418,2025,13,regular,2025-11-22T03:30:00.000Z,False,True,False,True,37106.0,6501,Allegiant Stadium,2439,UNLV,fbs,Mountain West,38.0,"[10, 14, 0, 14]",0.9910309910774231,1604.0,1663.0,62,Hawai'i,fbs,Mountain West,10.0,"[7, 3, 0, 0]",0.008969008922576904,1480.0,1421.0,2.9495696451302114,,,,6501,Allegiant Stadium,65000.0,False,True,Las Vegas,NV,89118,US,America/Los_Angeles,36.09075,-115.183722,666,2020.0,2025-11-22,10.1,0.2,2.6,0.5708615384615384,0,False,False
401752778,2025,13,regular,2025-11-22T17:00:00.000Z,False,True,False,True,83541.0,3835,"Memorial Stadium (Norman, OK)",201,Oklahoma,fbs,SEC,17.0,"[0, 14, 3, 0]",0.5415191054344177,1807.0,1824.0,142,Missouri,fbs,SEC,6.0,"[3, 3, 0, 0]",0.4584808945655823,1765.0,1748.0,2.897279975694421,,,,3835,"Memorial Stadium (Norman, OK)",86112.0,True,False,Norman,OK,73019,US,America/Chicago,35.2058537,-97.4423145,355.0962524,1925.0,2025-11-22,11.7,0.0,11.8,0.9701435340022296,1,False,False
401752912,2025,13,regular,2025-11-22T17:00:00.000Z,False,True,False,True,,3861,Ohio Stadium,194,Ohio State,fbs,Big Ten,42.0,"[7, 7, 14, 14]",0.9874398112297058,2145.0,2158.0,164,Rutgers,fbs,Big Ten,9.0,"[0, 3, 0, 6]",0.01256018877029419,1458.0,1445.0,2.7969731671438556,,,,3861,Ohio Stadium,102780.0,False,False,Columbus,OH,43210,US,America/New_York,40.0016447,-83.0197266,216.6770325,1922.0,2025-11-22,7.9,0.0,7.7,,,True,False
401752909,2025,13,regular,2025-11-22T17:00:00.000Z,False,True,True,True,15323.0,4250,Wrigley Field,77,Northwestern,fbs,Big Ten,38.0,"[10, 3, 15, 10]",0.8243551254272461,1526.0,1531.0,135,Minnesota,fbs,Big Ten,35.0,"[0, 21, 7, 7]",0.1756448745727539,1496.0,1491.0,7.305459827041887,,,,4250,Wrigley Field,0.0,,False,Chicago,IL,60654,US,,41.8755616,-87.6244212,,,2025-11-22,6.5,0.0,9.5,,,False,True
401754603,2025,13,regular,2025-11-22T17:00:00.000Z,False,True,False,True,65632.0,3799,Lane Stadium,259,Virginia Tech,fbs,ACC,17.0,"[3, 0, 7, 7]",0.10033447295427322,1402.0,1409.0,2390,Miami,fbs,ACC,34.0,"[7, 13, 7, 7]",0.8996655270457268,1914.0,1907.0,3.9113358309470994,,,,3799,Lane Stadium,65632.0,True,False,Blacksburg,VA,24061,US,America/New_York,37.2199873,-80.4180643,632.2631226,1965.0,2025-11-22,17.5,0.1,23.3,1.0,1,False,False
401754602,2025,13,regular,2025-11-22T17:00:00.000Z,False,True,False,True,32713.0,3735,Gerald J. Ford Stadium,2567,SMU,fbs,ACC,38.0,"[7, 14, 3, 14]",0.9910668134689331,1782.0,1860.0,97,Louisville,fbs,ACC,6.0,"[3, 3, 0, 0]",0.008933186531066895,1709.0,1631.0,2.7831767138391252,,,,3735,Gerald J. Ford Stadium,32000.0,False,False,University Park,TX,75275,US,America/Chicago,32.8377223,-96.7827859,169.4058075,2000.0,2025-11-22,14.7,0.0,9.3,1.02228125,1,False,False
401752781,2025,13,regular,2025-11-22T17:00:00.000Z,False,True,False,False,104877.0,3795,Kyle Field,245,Texas A&M,fbs,SEC,48.0,"[21, 10, 7, 10]",0.9767223000526428,1896.0,1896.0,2535,Samford,fcs,Southern,0.0,"[0, 0, 0, 0]",0.023277699947357178,,,2.1226393455024506,,,,3795,Kyle Field,102733.0,True,False,College Station,TX,77843,US,America/Chicago,30.6098891,-96.3403828,108.824585,1927.0,2025-11-22,20.1,0.0,12.1,1.0208696329319693,1,False,False
401756958,2025,13,regular,2025-11-22T17:00:00.000Z,False,True,False,True,58275.0,3772,Jack Trice Stadium,66,Iowa State,fbs,Big 12,38.0,"[7, 10, 14, 7]",0.9831984639167786,1600.0,1655.0,2305,Kansas,fbs,Big 12,14.0,"[0, 0, 14, 0]",0.016801536083221436,1554.0,1499.0,2.3348587288675406,,,,3772,Jack Trice Stadium,61500.0,True,False,Ames,IA,50011,US,America/Chicago,42.0139977,-93.6357716,274.9135437,1975.0,2025-11-22,8.6,0.0,13.7,0.947560975609756,1,False,False
401762512,2025,13,regular,2025-11-22T17:00:00.000Z,False,True,False,True,28705.0,3841,Michie Stadium,349,Army,fbs,American Athletic,25.0,"[7, 15, 3, 0]",0.1100132092833519,1529.0,1504.0,202,Tulsa,fbs,American Athletic,26.0,"[7, 7, 0, 12]",0.8899867907166481,1094.0,1119.0,6.910777336301107,,,,3841,Michie Stadium,38000.0,False,False,West Point,NY,10996,US,America/New_York,41.3874924,-73.9640891,99.21277618,1924.0,2025-11-22,6.3,0.1,12.5,0.7553947368421052,0,False,False
401754606,2025,13,regular,2025-11-22T17:00:00.000Z,False,True,False,False,26950.0,3630,Allegacy Federal Credit Union Stadium,154,Wake Forest,fbs,ACC,52.0,"[15, 20, 14, 3]",0.9898605346679688,1444.0,1542.0,48,Delaware,fbs,Conference USA,14.0,"[0, 7, 0, 7]",0.01013946533203125,1364.0,1266.0,2.450358623240805,,,,3630,Allegacy Federal Credit Union Stadium,31500.0,False,False,Winston-Salem,NC,27105,US,America/New_York,36.1305507,-80.2545851,283.548584,1968.0,2025-11-22,22.9,0.0,15.7,0.8555555555555555,0,False,False
401752776,2025,13,regular,2025-11-22T17:45:00.000Z,False,True,False,False,93033.0,3917,Sanford Stadium,61,Georgia,fbs,SEC,35.0,"[14, 14, 7, 0]",0.9879599809646606,2070.0,2048.0,2429,Charlotte,fbs,American Athletic,3.0,"[0, 3, 0, 0]",0.012040019035339355,1013.0,1035.0,1.6983975885892353,,,,3917,Sanford Stadium,92746.0,True,False,Athens,GA,30602,US,America/New_York,33.9498197,-83.3733813,186.1120758,1929.0,2025-11-22,23.0,0.1,20.3,1.003094473077006,1,False,False
401761657,2025,13,regular,2025-11-22T18:00:00.000Z,False,True,False,True,19247.0,3608,Allen E. Paulson Stadium,290,Georgia Southern,fbs,Sun Belt,10.0,"[0, 0, 3, 7]",0.0013588489964604378,1319.0,1250.0,295,Old Dominion,fbs,Sun Belt,45.0,"[14, 17, 14, 0]",0.9986411510035396,1566.0,1635.0,3.476384076018411,,,,3608,Allen E. Paulson Stadium,25000.0,False,False,Statesboro,GA,30460,US,America/New_York,32.4122471,-81.7849296,61.25376892,1984.0,2025-11-22,24.2,0.1,20.9,0.76988,0,False,False
401752954,2025,13,regular,2025-11-22T18:00:00.000Z,False,True,False,False,25156.0,3651,Bridgeforth Stadium,256,James Madison,fbs,Sun Belt,24.0,"[3, 7, 7, 7]",0.7625653147697449,1882.0,1874.0,265,Washington State,fbs,Pac-12,20.0,"[3, 14, 0, 3]",0.23743468523025513,1500.0,1508.0,5.595652422164998,,,,3651,Bridgeforth Stadium,24877.0,False,False,Harrisonburg,VA,22807,US,America/New_York,38.4352919,-78.8729349,399.303009,1975.0,2025-11-22,11.5,0.0,18.3,1.0112151786791013,1,False,False
401756954,2025,13,regular,2025-11-22T18:00:00.000Z,False,True,False,True,40199.0,3619,Arizona Stadium,12,Arizona,fbs,Big 12,41.0,"[7, 7, 7, 20]",0.9966047406196594,1592.0,1651.0,239,Baylor,fbs,Big 12,17.0,"[14, 3, 0, 0]",0.003395259380340576,1585.0,1526.0,5.473475061116716,,,,3619,Arizona Stadium,50782.0,False,False,Tucson,AZ,85721,US,America/Phoenix,32.2288054,-110.9488677,742.1530151,1928.0,2025-11-22,21.7,0.0,14.6,0.7915993856090741,0,False,False
401752773,2025,13,regular,2025-11-22T19:00:00.000Z,False,True,False,False,100077.0,3657,Bryant-Denny Stadium,333,Alabama,fbs,SEC,56.0,"[14, 14, 14, 14]",0.9778900146484375,1966.0,1966.0,2197,Eastern Illinois,fcs,OVC-Big South,0.0,"[0, 0, 0, 0]",0.0221099853515625,,,1.8684493598244252,,,,3657,Bryant-Denny Stadium,101821.0,True,False,Tuscaloosa,AL,35487,US,America/Chicago,33.2082752,-87.5503836,70.05136108,1929.0,2025-11-22,26.0,0.0,12.8,0.9828719026526944,1,False,False
401757306,2025,13,regular,2025-11-22T19:00:00.000Z,False,True,False,True,11040.0,4899,Fifth Third Stadium,338,Kennesaw State,fbs,Conference USA,41.0,"[14, 0, 13, 14]",0.9847188591957092,1375.0,1385.0,2623,Missouri State,fbs,Conference USA,34.0,"[3, 10, 14, 7]",0.015281140804290771,1376.0,1366.0,7.813154318575293,,,,4899,Fifth Third Stadium,11040.0,True,False,Kennesaw,GA,30144,US,America/New_York,34.0289318,-84.5676234,296.9589844,2010.0,2025-11-22,23.5,0.0,16.6,1.0,1,False,False
401760419,2025,13,regular,2025-11-22T19:00:00.000Z,False,True,False,True,25650.0,3984,War Memorial Stadium,2751,Wyoming,fbs,Mountain West,7.0,"[0, 0, 7, 0]",0.09894874691963196,1348.0,1333.0,2440,Nevada,fbs,Mountain West,13.0,"[0, 7, 3, 3]",0.901051253080368,1288.0,1303.0,4.960683280349936,,,,3984,War Memorial Stadium,29181.0,False,False,Laramie,WY,82071,US,America/Denver,41.31161,-105.5681384,2200.153564,1950.0,2025-11-22,7.2,0.0,14.3,0.8789966073815154,0,False,False
401762867,2025,13,regular,2025-11-22T19:00:00.000Z,False,True,False,True,15127.0,3739,Glass Bowl,2649,Toledo,fbs,Mid-American,38.0,"[14, 10, 7, 7]",0.9028341770172119,1630.0,1642.0,2050,Ball State,fbs,Mid-American,9.0,"[0, 3, 0, 6]",0.09716582298278809,1030.0,1018.0,3.2888520482880526,,,,3739,Glass Bowl,26038.0,False,False,Toledo,OH,43606,US,America/New_York,41.6574777,-83.6135652,181.4839783,1937.0,2025-11-22,6.8,0.0,5.0,0.5809585989707351,0,False,False
401752774,2025,13,regular,2025-11-22T19:00:00.000Z,False,True,False,False,88043.0,3785,Jordan-Hare Stadium,2,Auburn,fbs,SEC,62.0,"[14, 21, 14, 13]",0.9926486015319824,1660.0,1660.0,2382,Mercer,fcs,Southern,17.0,"[14, 3, 0, 0]",0.007351398468017578,,,3.9444936974494835,,,,3785,Jordan-Hare Stadium,87451.0,True,False,Auburn,AL,36849,US,America/Chicago,32.6025532,-85.4897479,201.1737976,1939.0,2025-11-22,24.4,0.1,14.3,1.0067695052086312,1,False,False
401761656,2025,13,regular,2025-11-22T19:30:00.000Z,False,True,False,True,31322.0,3792,Kidd Brewer Stadium,2026,App State,fbs,Sun Belt,26.0,"[3, 13, 7, 3]",0.3613669276237488,1248.0,1252.0,276,Marshall,fbs,Sun Belt,24.0,"[7, 14, 3, 0]",0.6386330723762512,1499.0,1495.0,6.875861158506466,,,,3792,Kidd Brewer Stadium,30000.0,False,False,Boone,NC,28608,US,America/New_York,36.2114267,-81.6854278,991.3414307,1962.0,2025-11-22,15.4,0.0,25.0,1.0440666666666667,1,False,False
401762511,2025,13,regular,2025-11-22T20:00:00.000Z,False,True,False,True,16376.0,7221,Protective Stadium,5,UAB,fbs,American Athletic,18.0,"[10, 0, 0, 8]",0.004270639270544052,1197.0,1175.0,58,South Florida,fbs,American Athletic,48.0,"[7, 10, 17, 14]",0.995729360729456,1729.0,1751.0,4.383208136782565,,,,7221,Protective Stadium,45000.0,False,False,Birmingham,AL,35203,US,America/Chicago,33.5206824,-86.8024326,187,2021.0,2025-11-22,24.7,0.0,14.6,0.36391111111111113,0,False,False
401757175,2025,13,regular,2025-11-22T20:00:00.000Z,False,True,False,False,16306.0,3715,FAU Stadium,2226,Florida Atlantic,fbs,American Athletic,45.0,"[3, 14, 14, 14]",0.16220299899578094,1249.0,1263.0,41,UConn,fbs,FBS Independents,48.0,"[24, 3, 7, 14]",0.837797001004219,1568.0,1554.0,8.729593024822146,,,,3715,FAU Stadium,29419.0,False,False,Boca Raton,FL,33499,US,America/New_York,26.3763763,-80.1015759,3.613628864,2011.0,2025-11-22,27.3,0.0,8.0,0.5542676501580611,0,False,False
401757308,2025,13,regular,2025-11-22T20:00:00.000Z,False,True,False,True,7605.0,3725,"Johnny ""Red"" Floyd Stadium",2393,Middle Tennessee,fbs,Conference USA,31.0,"[0, 10, 7, 14]",0.9829244017601013,1122.0,1148.0,2534,Sam Houston,fbs,Conference USA,17.0,"[10, 0, 0, 7]",0.01707559823989868,1094.0,1068.0,4.9297984961287264,,,,3725,"Johnny ""Red"" Floyd Stadium",30788.0,False,False,Murfreesboro,TN,37132,US,America/Chicago,35.8511463,-86.3681649,191.7279816,1933.0,2025-11-22,19.8,0.1,11.6,0.24701182278809927,0,False,False
401757309,2025,13,regular,2025-11-22T20:00:00.000Z,False,True,False,True,16677.0,3946,Sun Bowl,2638,UTEP,fbs,Conference USA,31.0,"[21, 0, 3, 7]",0.4651758372783661,1215.0,1208.0,166,New Mexico State,fbs,Conference USA,34.0,"[0, 21, 3, 10]",0.5348241627216339,1181.0,1188.0,7.161423595259868,,,,3946,Sun Bowl,51500.0,False,False,El Paso,TX,79968,US,America/Denver,31.7733353,-106.507957,1183.697876,1963.0,2025-11-22,16.7,0.0,12.8,0.3238252427184466,0,False,False
401757307,2025,13,regular,2025-11-22T20:00:00.000Z,False,True,False,True,10107.0,3776,Joe Aillet Stadium,2348,Louisiana Tech,fbs,Conference USA,34.0,"[7, 0, 7, 14, 6]",0.8025693297386169,1396.0,1407.0,2335,Liberty,fbs,Conference USA,28.0,"[3, 10, 15, 0, 0]",0.19743067026138306,1468.0,1457.0,6.907620940462813,,,,3776,Joe Aillet Stadium,28019.0,False,False,Ruston,LA,71272,US,America/Chicago,32.5321487,-92.6560019,72.87982941,1968.0,2025-11-22,23.3,0.0,11.9,0.3607195117598772,0,False,False
401752782,2025,13,regular,2025-11-22T20:30:00.000Z,False,True,False,True,35000.0,3973,FirstBank Stadium,238,Vanderbilt,fbs,SEC,45.0,"[3, 21, 21, 0]",0.9762735366821289,1770.0,1827.0,96,Kentucky,fbs,SEC,17.0,"[0, 3, 0, 14]",0.023726463317871094,1635.0,1578.0,2.2736201189045495,,,,3973,FirstBank Stadium,40351.0,False,False,Nashville,TN,37212,US,America/Chicago,36.1440455,-86.8088942,159.9194641,1922.0,2025-11-22,16.7,0.0,10.9,0.8673886644692821,0,False,False
401754600,2025,13,regular,2025-11-22T20:30:00.000Z,False,True,False,True,50500.0,3787,Kenan Stadium,153,North Carolina,fbs,ACC,25.0,"[7, 3, 8, 7]",0.566415548324585,1361.0,1364.0,150,Duke,fbs,ACC,32.0,"[7, 10, 7, 8]",0.43358445167541504,1576.0,1573.0,6.197711451448148,,,,3787,Kenan Stadium,50500.0,False,False,Chapel Hill,NC,27515,US,America/New_York,35.9069294,-79.0478889,127.7569809,1927.0,2025-11-22,23.1,0.0,9.3,1.0,1,False,False
401752911,2025,13,regular,2025-11-22T20:30:00.000Z,False,True,False,True,59588.0,3626,Autzen Stadium,2483,Oregon,fbs,Big Ten,42.0,"[14, 14, 7, 7]",0.9446062445640564,2068.0,2086.0,30,USC,fbs,Big Ten,27.0,"[7, 7, 7, 6]",0.055393755435943604,1916.0,1898.0,4.245851997828762,,,,3626,Autzen Stadium,54000.0,False,False,Eugene,OR,97401,US,America/Los_Angeles,44.0582712,-123.0684883,127.4198303,1967.0,2025-11-22,6.6,0.0,3.4,1.1034814814814815,1,False,False
401762513,2025,13,regular,2025-11-22T20:30:00.000Z,False,True,False,True,18573.0,3604,Alamodome,2636,UTSA,fbs,American Athletic,58.0,"[14, 20, 10, 14]",0.9919071197509766,1472.0,1585.0,151,East Carolina,fbs,American Athletic,24.0,"[0, 3, 7, 14]",0.008092880249023438,1604.0,1491.0,2.4539570338017254,,,,3604,Alamodome,36582.0,False,True,San Antonio,TX,78299,US,America/Chicago,29.4169834,-98.4788143,201.5526886,1993.0,2025-11-22,23.8,0.2,7.0,0.5077087092012466,0,False,False
401752780,2025,13,regular,2025-11-22T20:30:00.000Z,False,True,False,True,102361.0,3910,DKR-Texas Memorial Stadium,251,Texas,fbs,SEC,52.0,"[14, 10, 21, 7]",1.0,1872.0,1880.0,8,Arkansas,fbs,SEC,37.0,"[6, 14, 3, 14]",0.0,1596.0,1588.0,4.624234501424844,,,,3910,DKR-Texas Memorial Stadium,100119.0,False,False,Austin,TX,78712,US,America/Chicago,30.2836813,-97.7325345,160.3089447,1924.0,2025-11-22,22.7,0.0,11.0,1.0223933519112256,1,False,False
401761658,2025,13,regular,2025-11-22T20:30:00.000Z,False,True,False,True,17601.0,6526,Hancock Whitney Stadium,6,South Alabama,fbs,Sun Belt,42.0,"[7, 14, 14, 7]",0.9967859983444214,1369.0,1375.0,2572,Southern Miss,fbs,Sun Belt,35.0,"[0, 7, 7, 21]",0.0032140016555786133,1303.0,1297.0,3.6297787310097807,,,,6526,Hancock Whitney Stadium,25450.0,False,False,Mobile,AL,36688,US,America/Chicago,30.696904,-88.192013,45,2020.0,2025-11-22,27.1,0.0,9.7,0.6915913555992141,0,False,False
401757305,2025,13,regular,2025-11-22T20:30:00.000Z,False,True,False,True,9504.0,2031,Pitbull Stadium,2229,Florida International,fbs,Conference USA,27.0,"[7, 0, 10, 10]",0.5822793245315552,1326.0,1343.0,55,Jacksonville State,fbs,Conference USA,21.0,"[7, 7, 7, 0]",0.4177206754684448,1518.0,1501.0,6.6929041617368945,,,,2031,Pitbull Stadium,20000.0,False,False,Miami,FL,33199,US,America/New_York,25.7525,-80.37778,6,1995.0,2025-11-22,28.1,0.0,4.4,0.4752,0,False,False
401752913,2025,13,regular,2025-11-22T20:30:00.000Z,False,True,False,True,69250.0,3793,Kinnick Stadium,2294,Iowa,fbs,Big Ten,20.0,"[7, 0, 0, 13]",0.5775558352470398,1907.0,1902.0,127,Michigan State,fbs,Big Ten,17.0,"[0, 3, 14, 0]",0.4224441647529602,1377.0,1382.0,4.969668955103442,,,,3793,Kinnick Stadium,69250.0,False,False,Iowa City,IA,52242,US,America/Chicago,41.6586045,-91.5510829,220.6357727,1929.0,2025-11-22,11.5,0.0,16.5,1.0,1,False,False
401754604,2025,13,regular,2025-11-22T20:30:00.000Z,False,True,False,False,77622.0,3855,Notre Dame Stadium,87,Notre Dame,fbs,FBS Independents,70.0,"[35, 14, 7, 14]",0.9941574335098267,2189.0,2263.0,183,Syracuse,fbs,ACC,7.0,"[0, 0, 0, 7]",0.00584256649017334,1304.0,1230.0,2.3955991519822097,,,,3855,Notre Dame Stadium,80795.0,False,False,Notre Dame,IN,46556,US,America/Indiana/Indianapolis,41.698378,-86.2339425,222.645401,1930.0,2025-11-22,7.9,0.0,8.6,0.9607277678074139,1,False,False
401762515,2025,13,regular,2025-11-22T20:45:00.000Z,False,True,False,True,13366.0,3806,Lincoln Financial Field,218,Temple,fbs,American Athletic,13.0,"[7, 0, 0, 6]",0.013555897399783134,1266.0,1234.0,2655,Tulane,fbs,American Athletic,37.0,"[10, 10, 6, 11]",0.9864441026002169,1543.0,1575.0,3.574444017848902,,,,3806,Lincoln Financial Field,69879.0,False,False,Philadelphia,PA,19122,US,America/New_York,39.9007995,-75.1675414,3.198706865,2003.0,2025-11-22,11.2,0.0,12.6,0.19127348702757624,0,False,False
401756959,2025,13,regular,2025-11-22T21:00:00.000Z,False,True,False,True,41723.0,3652,FBC Mortgage Stadium,2116,UCF,fbs,Big 12,17.0,"[0, 0, 7, 10]",1.0,1468.0,1464.0,197,Oklahoma State,fbs,Big 12,14.0,"[7, 7, 0, 0]",0.0,1080.0,1084.0,5.068326629734767,,,,3652,FBC Mortgage Stadium,44206.0,True,False,Orlando,FL,32816,US,America/New_York,28.6079765,-81.1927233,20.94113731,2007.0,2025-11-22,26.9,0.0,4.9,0.9438311541419717,1,False,False
401752914,2025,13,regular,2025-11-22T21:00:00.000Z,False,True,False,True,46185.0,3665,SECU Stadium,120,Maryland,fbs,Big Ten,20.0,"[7, 3, 3, 7]",0.0021505476906895638,1440.0,1414.0,130,Michigan,fbs,Big Ten,45.0,"[7, 14, 14, 10]",0.9978494523093104,1799.0,1825.0,3.802841750717656,,,,3665,SECU Stadium,51802.0,False,False,College Park,MD,20742,US,America/New_York,38.9903332,-76.9473792,32.68748093,1950.0,2025-11-22,12.5,0.0,10.7,0.8915678931315393,0,False,False
401756957,2025,13,regular,2025-11-22T21:00:00.000Z,False,True,False,True,30852.0,4728,TDECU Stadium,248,Houston,fbs,Big 12,14.0,"[0, 7, 7, 0]",0.811245858669281,1476.0,1479.0,2628,TCU,fbs,Big 12,17.0,"[14, 0, 0, 3]",0.188754141330719,1605.0,1602.0,6.5693837600173905,,,,4728,TDECU Stadium,40000.0,False,False,Houston,TX,77004,US,America/Chicago,29.7219885,-95.3491623,9.57440567,2014.0,2025-11-22,25.2,0.0,6.7,0.7713,0,False,False
401761660,2025,13,regular,2025-11-22T21:00:00.000Z,False,True,False,True,20243.0,3975,Veterans Memorial Stadium (AL),2653,Troy,fbs,Sun Belt,31.0,"[0, 10, 7, 14]",1.0,1359.0,1362.0,2247,Georgia State,fbs,Sun Belt,19.0,"[0, 6, 6, 7]",0.0,1107.0,1104.0,5.170579662993523,,,,3975,Veterans Memorial Stadium (AL),30000.0,False,False,Troy,AL,36082,US,America/Chicago,31.7995565,-85.9518328,154.7746277,1950.0,2025-11-22,24.8,0.3,14.8,0.6747666666666666,0,False,False
401756960,2025,13,regular,2025-11-22T21:00:00.000Z,False,True,False,True,51444.0,587,Rice-Eccles Stadium,254,Utah,fbs,Big 12,51.0,"[7, 14, 14, 16]",0.3485639989376068,1977.0,1971.0,2306,Kansas State,fbs,Big 12,47.0,"[7, 24, 7, 9]",0.6514360010623932,1674.0,1680.0,9.569045418832681,,,,587,Rice-Eccles Stadium,51444.0,False,False,Salt Lake City,UT,84112,US,America/Denver,40.7599724,-111.8488255,1411.543579,1998.0,2025-11-22,8.6,0.0,7.6,1.0,1,False,False
401752779,2025,13,regular,2025-11-22T21:15:00.000Z,False,True,False,False,78452.0,3994,Williams-Brice Stadium,2579,South Carolina,fbs,SEC,51.0,"[20, 17, 7, 7]",0.9924185276031494,1645.0,1730.0,324,Coastal Carolina,fbs,Sun Belt,7.0,"[0, 0, 0, 7]",0.007581472396850586,1313.0,1228.0,2.592138507375151,,,,3994,Williams-Brice Stadium,80250.0,True,False,Columbia,SC,29208,US,America/New_York,33.9730239,-81.0191726,60.54548645,1934.0,2025-11-22,25.7,0.0,15.3,0.977595015576324,1,False,False
401754605,2025,13,regular,2025-11-22T21:30:00.000Z,False,True,False,False,78403.0,3836,"Memorial Stadium (Clemson, SC)",228,Clemson,fbs,ACC,45.0,"[17, 14, 0, 14]",0.9852207899093628,1727.0,1727.0,231,Furman,fcs,Southern,10.0,"[0, 3, 7, 0]",0.014779210090637207,,,2.322814556602823,,,,3836,"Memorial Stadium (Clemson, SC)",81500.0,True,False,Clemson,SC,29634,US,America/New_York,34.6787737,-82.8432428,205.6452179,1942.0,2025-11-22,24.8,0.0,15.8,0.962,1,False,False
401761659,2025,13,regular,2025-11-22T22:00:00.000Z,False,True,False,True,17078.0,3644,Bobcat Stadium (TX),326,Texas State,fbs,Sun Belt,31.0,"[0, 3, 14, 14]",0.9347583055496216,1542.0,1533.0,2433,UL Monroe,fbs,Sun Belt,14.0,"[0, 0, 7, 7]",0.06524169445037842,1004.0,1013.0,4.022895625475308,,,,3644,Bobcat Stadium (TX),30000.0,False,False,San Marcos,TX,78666,US,America/Chicago,29.8910008,-97.9255735,177.8676453,1981.0,2025-11-22,23.3,0.0,13.1,0.5692666666666667,0,False,False
401752908,2025,13,regular,2025-11-23T00:00:00.000Z,False,True,False,True,105038.0,3632,Beaver Stadium,213,Penn State,fbs,Big Ten,37.0,"[7, 16, 7, 7]",0.9935051202774048,1938.0,1975.0,158,Nebraska,fbs,Big Ten,10.0,"[0, 3, 7, 0]",0.006494879722595215,1648.0,1611.0,2.2286130019262984,,,,3632,Beaver Stadium,106572.0,True,False,University Park,PA,16802,US,America/New_York,40.8121958,-77.8561023,354.1551514,1960.0,2025-11-23,2.7,0.0,3.6,0.9856059753030815,1,False,False
401754601,2025,13,regular,2025-11-23T00:00:00.000Z,False,True,False,True,52413.0,721,Bobby Dodd Stadium,59,Georgia Tech,fbs,ACC,28.0,"[0, 14, 0, 14]",0.03777078166604042,1599.0,1573.0,221,Pittsburgh,fbs,ACC,42.0,"[21, 7, 7, 7]",0.9622292183339596,1665.0,1691.0,4.477657732122358,,,,721,Bobby Dodd Stadium,55000.0,False,False,Atlanta,GA,30332,US,America/New_York,33.7724449,-84.3928054,279.300415,1913.0,2025-11-23,20.2,0.0,10.5,0.9529636363636363,1,False,False
401760416,2025,13,regular,2025-11-23T00:00:00.000Z,False,True,False,True,32819.0,3653,Albertsons Stadium,68,Boise State,fbs,Mountain West,49.0,"[7, 20, 7, 15]",0.9938032031059265,1589.0,1621.0,36,Colorado State,fbs,Mountain West,21.0,"[7, 0, 0, 14]",0.006196796894073486,1223.0,1191.0,3.4950675360668852,,,,3653,Albertsons Stadium,36387.0,False,False,Boise,ID,83725,US,America/Boise,43.6028839,-116.1958882,823.2221069,1970.0,2025-11-23,9.0,0.0,0.6,0.9019430016214582,1,False,False
401760415,2025,13,regular,2025-11-23T00:00:00.000Z,False,True,False,True,20218.0,3713,Falcon Stadium,2005,Air Force,fbs,Mountain West,3.0,"[0, 0, 0, 3]",0.014711827971041203,1383.0,1350.0,167,New Mexico,fbs,Mountain West,20.0,"[7, 10, 0, 3]",0.9852881720289588,1458.0,1491.0,2.9671530551482315,,,,3713,Falcon Stadium,46692.0,False,False,Colorado Springs,CO,80840,US,America/Denver,38.9969701,-104.8436165,2024.875732,1962.0,2025-11-23,6.4,0.0,7.9,0.4330077957680116,0,False,False
401754599,2025,13,regular,2025-11-23T00:30:00.000Z,False,True,False,True,50039.0,3940,Stanford Stadium,24,Stanford,fbs,ACC,31.0,"[0, 14, 3, 14]",0.9870200753211975,1246.0,1315.0,25,California,fbs,ACC,10.0,"[3, 7, 0, 0]",0.01297992467880249,1420.0,1351.0,4.345088920497255,,,,3940,Stanford Stadium,50424.0,True,False,Stanford,CA,94305,US,America/Los_Angeles,37.4345556,-122.1611271,18.38425636,2006.0,2025-11-23,16.8,0.0,2.0,0.9923647469458988,1,False,False
401752915,2025,13,regular,2025-11-23T00:30:00.000Z,False,True,False,True,,347,Camp Randall Stadium,275,Wisconsin,fbs,Big Ten,27.0,"[7, 3, 7, 10]",1.0,1467.0,1521.0,356,Illinois,fbs,Big Ten,10.0,"[0, 7, 3, 0]",0.0,1630.0,1576.0,4.001122438154633,,,,347,Camp Randall Stadium,80321.0,False,False,Madison,WI,53711,US,America/Chicago,43.06994,-89.4126943,263.604126,1917.0,2025-11-23,5.6,0.0,20.4,,,True,False
401752775,2025,13,regular,2025-11-23T00:30:00.000Z,False,True,False,True,90465.0,3634,Ben Hill Griffin Stadium,57,Florida,fbs,SEC,11.0,"[0, 0, 3, 8]",0.0007584895938634872,1565.0,1543.0,2633,Tennessee,fbs,SEC,31.0,"[14, 17, 0, 0]",0.9992415104061365,1834.0,1856.0,2.205107309922417,,,,3634,Ben Hill Griffin Stadium,88548.0,True,False,Gainesville,FL,32653,US,America/New_York,29.6499357,-82.3485788,44.97250748,1930.0,2025-11-23,21.9,0.0,12.5,1.021649274969508,1,False,False
401762514,2025,13,regular,2025-11-23T00:30:00.000Z,False,True,False,True,24598.0,3895,Rice Stadium,242,Rice,fbs,American Athletic,24.0,"[14, 0, 7, 3]",0.19045577943325043,1169.0,1144.0,249,North Texas,fbs,American Athletic,56.0,"[7, 21, 14, 14]",0.8095442205667496,1716.0,1741.0,3.2991485915013485,,,,3895,Rice Stadium,47000.0,False,False,Houston,TX,77251,US,America/Chicago,29.7163297,-95.4093261,7.148301601,1950.0,2025-11-23,23.0,0.0,4.1,0.5233617021276595,0,False,False
401752777,2025,13,regular,2025-11-23T00:45:00.000Z,False,True,False,False,100923.0,3958,Tiger Stadium (LA),99,LSU,fbs,SEC,13.0,"[0, 7, 3, 3]",0.6684710383415222,1693.0,1690.0,98,Western Kentucky,fbs,Conference USA,10.0,"[3, 0, 0, 7]",0.3315289616584778,1398.0,1401.0,4.349466223266472,,,,3958,Tiger Stadium (LA),102321.0,True,False,Baton Rouge,LA,70803,US,America/Chicago,30.412035,-91.1838163,7.640734673,1924.0,2025-11-23,23.7,0.0,2.9,0.986337115548128,1,False,False
401756956,2025,13,regular,2025-11-23T01:00:00.000Z,False,True,False,True,43348.0,3726,Folsom Field,38,Colorado,fbs,Big 12,17.0,"[7, 0, 10, 0]",0.11426853388547897,1377.0,1338.0,9,Arizona State,fbs,Big 12,42.0,"[3, 10, 8, 21]",0.885731466114521,1614.0,1653.0,6.681236701530058,,,,3726,Folsom Field,50183.0,True,False,Boulder,CO,80309,US,America/Denver,40.0094746,-105.266905,1634.041138,1924.0,2025-11-23,6.9,0.0,3.6,0.863798497499153,0,False,False
401756955,2025,13,regular,2025-11-23T01:00:00.000Z,False,True,False,True,38034.0,3854,Nippert Stadium,2132,Cincinnati,fbs,Big 12,14.0,"[0, 7, 0, 7]",0.26743993163108826,1578.0,1569.0,252,BYU,fbs,Big 12,26.0,"[7, 3, 7, 9]",0.7325600683689117,1772.0,1781.0,4.566544103656873,,,,3854,Nippert Stadium,40000.0,False,False,Cincinnati,OH,45221,US,America/New_York,39.1312495,-84.5161913,230.0660553,1915.0,2025-11-23,6.6,0.0,4.0,0.95085,1,False,False
401760417,2025,13,regular,2025-11-23T03:30:00.000Z,False,True,False,True,37551.0,3660,Valley Children's Stadium,278,Fresno State,fbs,Mountain West,17.0,"[7, 10, 0, 0]",0.003376728855073452,1510.0,1478.0,328,Utah State,fbs,Mountain West,28.0,"[7, 0, 7, 14]",0.9966232711449265,1423.0,1455.0,7.5268344203989095,,,,3660,Valley Children's Stadium,41031.0,False,False,Fresno,CA,93740,US,America/Los_Angeles,36.8143527,-119.7580092,102.564064,1980.0,2025-11-23,10.3,0.0,3.9,0.9151860788184544,1,False,False
401752910,2025,13,regular,2025-11-23T03:30:00.000Z,False,True,False,True,38201.0,1056,Rose Bowl,26,UCLA,fbs,Big Ten,14.0,"[0, 0, 7, 7]",0.0,1361.0,1313.0,264,Washington,fbs,Big Ten,48.0,"[3, 17, 14, 14]",1.0,1754.0,1802.0,3.192641077921975,,,,1056,Rose Bowl,88565.0,True,False,Pasadena,CA,90095,US,America/Los_Angeles,34.1613284,-118.1676462,245.1772461,1922.0,2025-11-23,14.6,0.0,1.5,0.4313329193247897,0,False,False
401760420,2025,13,regular,2025-11-23T03:30:00.000Z,False,True,False,True,22595.0,7311,Snapdragon Stadium,21,San Diego State,fbs,Mountain West,25.0,"[11, 7, 0, 7]",0.9494931697845459,1507.0,1530.0,23,San José State,fbs,Mountain West,3.0,"[0, 3, 0, 0]",0.0505068302154541,1208.0,1185.0,2.9614137423901856,,,,7311,Snapdragon Stadium,35000.0,True,False,San Diego,CA,92093,US,America/Los_Angeles,32.784444,-117.122833,62,2022.0,2025-11-23,14.1,0.0,3.9,0.6455714285714286,0,False,False
401762868,2025,14,regular,2025-11-25T21:30:00.000Z,False,True,False,True,6043.0,3985,Warren McGuirk Alumni Stadium,113,Massachusetts,fbs,Mid-American,14.0,"[0, 14, 0, 0]",0.011485333554446697,748.0,718.0,189,Bowling Green,fbs,Mid-American,45.0,"[14, 14, 7, 10]",0.9885146664455533,1230.0,1260.0,2.1605811274523727,,,,3985,Warren McGuirk Alumni Stadium,17000.0,False,False,Hadley,MA,1003 ,US,America/New_York,42.3773244,-72.5360595,46.58664703,1965.0,2025-11-25,6.5,0.0,10.7,0.3554705882352941,0,False,False
401762869,2025,14,regular,2025-11-26T00:30:00.000Z,False,True,False,True,11818.0,3912,Rynearson Stadium,2199,Eastern Michigan,fbs,Mid-American,21.0,"[7, 0, 0, 14]",0.0,1246.0,1239.0,2711,Western Michigan,fbs,Mid-American,31.0,"[0, 17, 14, 0]",1.0,1407.0,1414.0,3.7143168825044937,,,,3912,Rynearson Stadium,30200.0,False,False,Ypsilanti,MI,48197,US,America/Detroit,42.256126,-83.647285,241.248764,1969.0,2025-11-26,10.0,0.0,13.0,0.3913245033112583,0,False,False
401762516,2025,14,regular,2025-11-28T00:30:00.000Z,False,True,False,True,27082.0,3805,Simmons Bank Liberty Stadium,235,Memphis,fbs,American Athletic,17.0,"[3, 14, 0, 0]",0.012593691237270832,1660.0,1620.0,2426,Navy,fbs,American Athletic,28.0,"[0, 14, 7, 7]",0.9874063087627292,1485.0,1525.0,5.624486611217874,,,,3805,Simmons Bank Liberty Stadium,58325.0,False,False,Memphis,TN,38152,US,America/Chicago,35.1209429,-89.977147,90.62445831,1965.0,2025-11-28,6.2,0.0,5.8,0.4643291898842692,0,False,False
401762870,2025,14,regular,2025-11-28T17:00:00.000Z,False,True,False,True,11096.0,3965,UB Stadium,2084,Buffalo,fbs,Mid-American,26.0,"[0, 7, 6, 13]",0.5425530076026917,1288.0,1298.0,195,Ohio,fbs,Mid-American,31.0,"[7, 14, 7, 3]",0.45744699239730835,1572.0,1562.0,4.941688531055923,,,,3965,UB Stadium,30270.0,False,False,Amherst,NY,14260,US,America/New_York,42.9991334,-78.7775113,181.5759735,1993.0,2025-11-28,-0.3,0.1,29.7,0.36656755863891644,0,False,False
401752916,2025,14,regular,2025-11-28T17:00:00.000Z,False,True,False,True,86410.0,3834,"Memorial Stadium (Lincoln, NE)",158,Nebraska,fbs,Big Ten,16.0,"[10, 6, 0, 0]",0.01910143718123436,1611.0,1580.0,2294,Iowa,fbs,Big Ten,40.0,"[10, 14, 9, 7]",0.9808985628187656,1902.0,1933.0,3.966240038437885,,,,3834,"Memorial Stadium (Lincoln, NE)",85458.0,False,False,Lincoln,NE,68588,US,America/Chicago,40.820682,-96.705594,354.9318848,1923.0,2025-11-28,-2.1,0.0,13.4,1.0111399751924923,1,False,False
401752788,2025,14,regular,2025-11-28T17:00:00.000Z,False,True,False,True,60417.0,3693,Davis Wade Stadium,344,Mississippi State,fbs,SEC,19.0,"[7, 3, 3, 6]",0.015346751548349857,1492.0,1491.0,145,Ole Miss,fbs,SEC,38.0,"[14, 7, 3, 14]",0.9846532484516501,1959.0,1960.0,4.644830935938228,,,,3693,Davis Wade Stadium,61337.0,True,False,Starkville,MS,39762,US,America/Chicago,33.4563403,-88.7933652,110.2742081,1914.0,2025-11-28,7.9,0.0,2.4,0.9850008966855243,1,False,False
401756964,2025,14,regular,2025-11-28T17:00:00.000Z,False,True,False,True,32811.0,3833,Memorial Stadium,2305,Kansas,fbs,Big 12,21.0,"[0, 7, 7, 7]",0.11878082901239395,1499.0,1516.0,254,Utah,fbs,Big 12,31.0,"[3, 7, 0, 21]",0.881219170987606,1971.0,1954.0,6.276140375244612,,,,3833,Memorial Stadium,47000.0,False,False,Lawrence,KS,66045,US,America/Chicago,38.9629418,-95.2463686,274.855957,1921.0,2025-11-28,-0.3,0.0,14.3,0.6981063829787234,0,False,False
401762871,2025,14,regular,2025-11-28T17:00:00.000Z,False,True,False,True,3090.0,3764,Huskie Stadium,2459,Northern Illinois,fbs,Mid-American,31.0,"[7, 14, 0, 10]",0.8252435922622681,1260.0,1233.0,2309,Kent State,fbs,Mid-American,35.0,"[3, 14, 3, 15]",0.17475640773773193,974.0,1001.0,7.06656686791855,,,,3764,Huskie Stadium,23595.0,False,False,DeKalb,IL,60115,US,America/Chicago,41.9339586,-88.7778357,267.4530029,1965.0,2025-11-28,-2.2,0.0,15.3,0.1309599491417673,0,False,False
401760421,2025,14,regular,2025-11-28T20:00:00.000Z,False,True,False,True,25873.0,5388,Canvas Stadium,36,Colorado State,fbs,Mountain West,21.0,"[0, 7, 7, 7]",0.0,1191.0,1155.0,2005,Air Force,fbs,Mountain West,42.0,"[14, 7, 7, 14]",1.0,1350.0,1386.0,3.654887940296669,,,,5388,Canvas Stadium,36500.0,False,False,Fort Collins,CO,80521,US,America/Denver,40.570015,-105.088435,1528.4,2017.0,2025-11-28,8.6,0.0,5.4,0.7088493150684931,0,False,False
401760426,2025,14,regular,2025-11-28T20:30:00.000Z,False,True,False,True,30575.0,3971,University Stadium (NM),167,New Mexico,fbs,Mountain West,23.0,"[3, 7, 7, 0, 6]",0.23678594827651978,1491.0,1500.0,21,San Diego State,fbs,Mountain West,17.0,"[0, 14, 3, 0, 0]",0.7632140517234802,1530.0,1521.0,7.334001834776358,,,,3971,University Stadium (NM),39224.0,False,False,Albuquerque,NM,87131,US,America/Denver,35.0669479,-106.6283225,1554.471924,1960.0,2025-11-28,13.0,0.0,7.8,0.7794972465837242,0,False,False
401752786,2025,14,regular,2025-11-28T20:30:00.000Z,False,True,True,False,73728.0,5348,Mercedes-Benz Stadium,59,Georgia Tech,fbs,ACC,9.0,"[3, 0, 3, 3]",0.7288954257965088,1573.0,1595.0,61,Georgia,fbs,SEC,16.0,"[0, 13, 0, 3]",0.2711045742034912,2048.0,2026.0,3.7309061341517817,,,,5348,Mercedes-Benz Stadium,75000.0,False,True,Atlanta,GA,30313,US,America/New_York,33.755578,-84.400881,307.9,2017.0,2025-11-28,7.3,0.0,13.6,0.98304,,False,False
401762442,2025,14,regular,2025-11-28T20:30:00.000Z,False,True,False,True,24492.0,3825,DATCU Stadium,249,North Texas,fbs,American Athletic,52.0,"[14, 21, 10, 7]",0.9273855686187744,1741.0,1756.0,218,Temple,fbs,American Athletic,25.0,"[7, 0, 7, 11]",0.07261443138122559,1234.0,1219.0,2.662792323992115,,,,3825,DATCU Stadium,30850.0,False,False,Denton,TX,76210,US,America/Chicago,33.203899,-97.159245,198.6871948,2011.0,2025-11-28,13.1,0.0,16.8,0.7939059967585089,0,False,False
401760422,2025,14,regular,2025-11-28T21:00:00.000Z,False,True,False,True,21115.0,3905,Maverik Stadium,328,Utah State,fbs,Mountain West,24.0,"[14, 7, 3, 0]",0.26905566453933716,1455.0,1462.0,68,Boise State,fbs,Mountain West,25.0,"[10, 3, 6, 6]",0.7309443354606628,1621.0,1614.0,6.623730275130599,,,,3905,Maverik Stadium,25513.0,False,False,Logan,UT,84322,US,America/Denver,41.7517394,-111.8116007,1427.914429,1968.0,2025-11-28,7.5,0.1,3.3,0.8276172931446714,0,False,False
401752792,2025,14,regular,2025-11-29T00:30:00.000Z,False,True,False,True,103632.0,3910,DKR-Texas Memorial Stadium,251,Texas,fbs,SEC,27.0,"[0, 3, 10, 14]",0.6624485850334167,1880.0,1898.0,245,Texas A&M,fbs,SEC,17.0,"[0, 10, 0, 7]",0.33755141496658325,1896.0,1878.0,5.110871723010601,,,,3910,DKR-Texas Memorial Stadium,100119.0,False,False,Austin,TX,78712,US,America/Chicago,30.2836813,-97.7325345,160.3089447,1924.0,2025-11-29,18.1,0.0,16.5,1.0350882449884637,1,False,False
401752924,2025,14,regular,2025-11-29T00:30:00.000Z,False,True,False,True,59807.0,3907,Ross-Ade Stadium,2509,Purdue,fbs,Big Ten,3.0,"[3, 0, 0, 0]",0.0,1276.0,1227.0,84,Indiana,fbs,Big Ten,56.0,"[7, 21, 21, 7]",1.0,2142.0,2191.0,4.180747607485243,,,,3907,Ross-Ade Stadium,57282.0,True,False,West Lafayette,IN,47907,US,America/Indiana/Indianapolis,40.4352253,-86.9186843,197.5337677,1924.0,2025-11-29,-4.0,0.0,3.9,1.0440801647987152,1,False,False
401756961,2025,14,regular,2025-11-29T02:00:00.000Z,False,True,False,True,54037.0,3947,Mountain America Stadium,9,Arizona State,fbs,Big 12,7.0,"[0, 7, 0, 0]",0.035843733698129654,1653.0,1615.0,12,Arizona,fbs,Big 12,23.0,"[0, 3, 10, 10]",0.9641562663018703,1651.0,1689.0,4.291838806190243,,,,3947,Mountain America Stadium,65870.0,True,False,Tempe,AZ,85287,US,America/Phoenix,33.4264471,-111.9325005,360.1569519,1958.0,2025-11-29,17.3,0.0,3.6,0.8203582814634887,0,False,False
401762519,2025,14,regular,2025-11-29T17:00:00.000Z,False,True,False,True,14712.0,3715,FAU Stadium,2226,Florida Atlantic,fbs,American Athletic,3.0,"[3, 0, 0, 0]",0.0,1263.0,1178.0,151,East Carolina,fbs,American Athletic,42.0,"[21, 21, 0, 0]",1.0,1491.0,1576.0,3.066490242501596,,,,3715,FAU Stadium,29419.0,False,False,Boca Raton,FL,33499,US,America/New_York,26.3763763,-80.1015759,3.613628864,2011.0,2025-11-29,23.8,0.0,22.2,0.5000849790951426,0,False,False
401762875,2025,14,regular,2025-11-29T17:00:00.000Z,False,True,False,True,11137.0,3996,Yager Stadium,193,Miami (OH),fbs,Mid-American,45.0,"[21, 10, 7, 7]",0.9936692118644714,1451.0,1459.0,2050,Ball State,fbs,Mid-American,24.0,"[10, 0, 0, 14]",0.0063307881355285645,1018.0,1010.0,3.267956398206342,,,,3996,Yager Stadium,24286.0,False,False,Oxford,OH,45056,US,America/New_York,39.5197009,-84.7330255,242.2643585,1983.0,2025-11-29,-1.5,0.1,13.2,0.4585769579181421,0,False,False
401756968,2025,14,regular,2025-11-29T17:00:00.000Z,False,True,False,True,44250.0,3842,Milan Puskar Stadium,277,West Virginia,fbs,Big 12,0.0,"[0, 0, 0, 0]",0.008271883241832256,1355.0,1291.0,2641,Texas Tech,fbs,Big 12,49.0,"[21, 7, 14, 7]",0.9917281167581677,1997.0,2061.0,2.852444568793713,,,,3842,Milan Puskar Stadium,60000.0,False,False,Morgantown,WV,26507,US,America/New_York,39.6502744,-79.9551873,327.409668,1980.0,2025-11-29,1.6,0.0,0.6,0.7375,0,False,False
401762872,2025,14,regular,2025-11-29T17:00:00.000Z,False,True,False,True,6673.0,3786,Kelly/Shorts Stadium,2117,Central Michigan,fbs,Mid-American,3.0,"[0, 3, 0, 0]",0.014123843982815742,1291.0,1282.0,2649,Toledo,fbs,Mid-American,21.0,"[0, 0, 7, 14]",0.9858761560171843,1642.0,1651.0,4.719029622814196,,,,3786,Kelly/Shorts Stadium,30255.0,False,False,Mount Pleasant,MI,48859,US,America/Detroit,43.5777313,-84.7709904,240.9007721,1972.0,2025-11-29,-1.5,0.1,13.4,0.2205585853577921,0,False,False
401752921,2025,14,regular,2025-11-29T17:00:00.000Z,False,True,False,True,111373.0,3558,Michigan Stadium,130,Michigan,fbs,Big Ten,9.0,"[6, 3, 0, 0]",0.009772303514182568,1825.0,1814.0,194,Ohio State,fbs,Big Ten,27.0,"[3, 14, 7, 3]",0.9902276964858174,2158.0,2169.0,3.9042299668833054,,,,3558,Michigan Stadium,107601.0,False,False,Ann Arbor,MI,48109,US,America/Detroit,42.2658365,-83.7486956,255.5500031,1927.0,2025-11-29,-1.6,0.1,11.3,1.0350554362877669,1,False,False
401754611,2025,14,regular,2025-11-29T17:00:00.000Z,False,True,False,True,49845.0,3752,Acrisure Stadium,221,Pittsburgh,fbs,ACC,7.0,"[0, 7, 0, 0]",0.004784716293215752,1691.0,1631.0,2390,Miami,fbs,ACC,38.0,"[3, 14, 14, 7]",0.9952152837067842,1907.0,1967.0,3.695876450099734,,,,3752,Acrisure Stadium,68400.0,True,False,Pittsburgh,PA,15260,US,America/New_York,40.4467648,-80.0157603,220.5887146,2001.0,2025-11-29,1.0,0.0,4.0,0.7287280701754386,0,False,False
401756962,2025,14,regular,2025-11-29T17:00:00.000Z,False,True,False,True,34720.0,4727,McLane Stadium,239,Baylor,fbs,Big 12,24.0,"[0, 9, 0, 15]",0.5145624876022339,1526.0,1509.0,248,Houston,fbs,Big 12,31.0,"[7, 10, 7, 7]",0.4854375123977661,1479.0,1496.0,5.676516189652465,,,,4727,McLane Stadium,45140.0,False,False,Waco,TX,76704,US,America/Chicago,31.5582015,-97.1156702,117.0538101,2014.0,2025-11-29,17.7,0.0,19.5,0.769162605228179,0,False,False
401756966,2025,14,regular,2025-11-29T17:00:00.000Z,False,True,False,True,35127.0,3646,Boone Pickens Stadium,197,Oklahoma State,fbs,Big 12,13.0,"[0, 7, 3, 3]",0.03510536253452301,1084.0,1110.0,66,Iowa State,fbs,Big 12,20.0,"[3, 7, 7, 3]",0.964894637465477,1655.0,1629.0,5.347888626270137,,,,3646,Boone Pickens Stadium,55509.0,False,False,Stillwater,OK,74078,US,America/Chicago,36.125673,-97.066513,276.4808655,1919.0,2025-11-29,13.7,0.0,27.6,0.6328163000594498,0,False,False
401756965,2025,14,regular,2025-11-29T17:00:00.000Z,False,True,False,True,49549.0,3636,Bill Snyder Family Stadium,2306,Kansas State,fbs,Big 12,24.0,"[7, 0, 7, 10]",0.9832877516746521,1680.0,1674.0,38,Colorado,fbs,Big 12,14.0,"[0, 7, 0, 7]",0.0167122483253479,1338.0,1344.0,4.332916458883662,,,,3636,Bill Snyder Family Stadium,50000.0,False,False,Manhattan,KS,66502,US,America/Chicago,39.2020096,-96.5938395,328.0574646,1968.0,2025-11-29,0.2,0.5,33.9,0.99098,1,False,False
401752787,2025,14,regular,2025-11-29T17:00:00.000Z,False,True,False,False,50634.0,3873,L&N Federal Credit Union Stadium,97,Louisville,fbs,ACC,41.0,"[7, 13, 7, 14]",0.9736418724060059,1631.0,1744.0,96,Kentucky,fbs,SEC,0.0,"[0, 0, 0, 0]",0.02635812759399414,1578.0,1465.0,2.079453613424045,,,,3873,L&N Federal Credit Union Stadium,60000.0,False,False,Louisville,KY,40292,US,America/Kentucky/Louisville,38.2057621,-85.7588141,138.5615997,1998.0,2025-11-29,1.6,0.0,8.4,0.8439,0,False,False
401752790,2025,14,regular,2025-11-29T17:00:00.000Z,False,True,False,False,79827.0,3994,Williams-Brice Stadium,2579,South Carolina,fbs,SEC,14.0,"[0, 14, 0, 0]",0.012787394225597382,1730.0,1697.0,228,Clemson,fbs,ACC,28.0,"[0, 17, 3, 8]",0.9872126057744026,1725.0,1758.0,6.0292124586193445,,,,3994,Williams-Brice Stadium,80250.0,True,False,Columbia,SC,29208,US,America/New_York,33.9730239,-81.0191726,60.54548645,1934.0,2025-11-29,7.0,0.0,8.6,0.9947289719626168,1,False,False
401757311,2025,14,regular,2025-11-29T18:00:00.000Z,False,True,True,True,4237.0,3631,BBVA Compass Stadium,2534,Sam Houston,fbs,Conference USA,16.0,"[7, 3, 0, 6]",0.007092250511050224,1068.0,994.0,2229,Florida International,fbs,Conference USA,56.0,"[22, 6, 14, 14]",0.9929077494889498,1343.0,1417.0,3.4981768926733956,,,,3631,BBVA Compass Stadium,22000.0,True,False,Houston,TX,77003,US,America/Chicago,29.7521988,-95.3524146,13.68128395,2012.0,2025-11-29,23.9,0.2,18.0,0.1925909090909091,,False,False
401756963,2025,14,regular,2025-11-29T18:00:00.000Z,False,True,False,True,60389.0,3801,LaVell Edwards Stadium,252,BYU,fbs,Big 12,41.0,"[0, 17, 21, 3]",0.9966592192649841,1781.0,1797.0,2116,UCF,fbs,Big 12,21.0,"[14, 0, 7, 0]",0.003340780735015869,1464.0,1448.0,4.023789960551446,,,,3801,LaVell Edwards Stadium,63470.0,True,False,Provo,UT,84602,US,America/Denver,40.2575347,-111.6545247,1412.097046,1964.0,2025-11-29,4.8,0.0,3.3,0.9514573814400504,1,False,False
401757310,2025,14,regular,2025-11-29T18:00:00.000Z,False,True,False,True,13560.0,3695,Delaware Stadium,48,Delaware,fbs,Conference USA,61.0,"[7, 24, 10, 20]",0.9976646900177002,1266.0,1339.0,2638,UTEP,fbs,Conference USA,31.0,"[7, 13, 11, 0]",0.0023353099822998047,1208.0,1135.0,3.838235459533286,,,,3695,Delaware Stadium,22000.0,False,False,Newark,DE,19713,US,America/New_York,39.6617428,-75.7488224,28.74350357,1952.0,2025-11-29,4.7,0.0,10.9,0.6163636363636363,0,False,False
401761663,2025,14,regular,2025-11-29T18:30:00.000Z,False,True,False,True,21524.0,3775,Joan C. Edwards Stadium,276,Marshall,fbs,Sun Belt,19.0,"[3, 3, 6, 7]",0.4643031656742096,1495.0,1468.0,290,Georgia Southern,fbs,Sun Belt,24.0,"[14, 0, 10, 0]",0.5356968343257904,1250.0,1277.0,4.427883667668173,,,,3775,Joan C. Edwards Stadium,38016.0,False,False,Huntington,WV,25755,US,America/New_York,38.4247042,-82.4214412,163.7328186,1991.0,2025-11-29,4.6,0.0,9.6,0.5661826599326599,0,False,False
401761664,2025,14,regular,2025-11-29T19:00:00.000Z,False,True,False,True,17126.0,3918,S.B. Ballard Stadium,295,Old Dominion,fbs,Sun Belt,27.0,"[0, 10, 17, 0]",0.9168986678123474,1635.0,1627.0,2247,Georgia State,fbs,Sun Belt,10.0,"[0, 10, 0, 0]",0.08310133218765259,1104.0,1112.0,3.991773066367639,,,,3918,S.B. Ballard Stadium,20118.0,False,False,Norfolk,VA,23551,US,America/New_York,36.8889533,-76.3049175,3.147987843,1936.0,2025-11-29,5.1,0.0,3.1,0.8512774629684859,0,False,False
401757312,2025,14,regular,2025-11-29T19:00:00.000Z,False,True,False,True,16733.0,3662,AmFirst Stadium,55,Jacksonville State,fbs,Conference USA,37.0,"[7, 17, 7, 6]",0.9318355321884155,1501.0,1501.0,98,Western Kentucky,fbs,Conference USA,34.0,"[14, 14, 3, 3]",0.06816446781158447,1401.0,1401.0,6.675753951059409,,,,3662,AmFirst Stadium,24000.0,False,False,Jacksonville,AL,36265,US,America/Chicago,33.8201052,-85.76647,198.0679016,1947.0,2025-11-29,11.1,0.0,13.5,0.6972083333333333,0,False,False
401757314,2025,14,regular,2025-11-29T19:00:00.000Z,False,True,False,True,7656.0,3878,Plaster Sports Complex,2623,Missouri State,fbs,Conference USA,30.0,"[0, 10, 7, 13]",0.053740404546260834,1366.0,1344.0,2348,Louisiana Tech,fbs,Conference USA,42.0,"[7, 7, 7, 21]",0.9462595954537392,1407.0,1429.0,5.571557280944688,,,,3878,Plaster Sports Complex,17337.0,False,False,Springfield,MO,65897,US,America/Chicago,37.1976229,-93.2798119,402.368103,1941.0,2025-11-29,7.7,0.6,24.0,0.4415988925419623,0,False,False
401761661,2025,14,regular,2025-11-29T19:30:00.000Z,False,True,False,True,23876.0,3792,Kidd Brewer Stadium,2026,App State,fbs,Sun Belt,29.0,"[3, 13, 7, 6]",0.9304471611976624,1252.0,1253.0,2032,Arkansas State,fbs,Sun Belt,30.0,"[3, 13, 7, 7]",0.06955283880233765,1302.0,1301.0,7.627218506792508,,,,3792,Kidd Brewer Stadium,30000.0,False,False,Boone,NC,28608,US,America/New_York,36.2114267,-81.6854278,991.3414307,1962.0,2025-11-29,0.5,0.0,13.3,0.7958666666666666,0,False,False
401757315,2025,14,regular,2025-11-29T20:00:00.000Z,False,True,False,True,7381.0,3601,Aggie Memorial Stadium,166,New Mexico State,fbs,Conference USA,24.0,"[7, 0, 7, 10, 0]",0.05750109255313873,1188.0,1172.0,2393,Middle Tennessee,fbs,Conference USA,31.0,"[7, 7, 3, 7, 7]",0.9424989074468613,1148.0,1164.0,9.08819484044069,,,,3601,Aggie Memorial Stadium,28853.0,False,False,Las Cruces,NM,88003,US,America/Denver,32.2796202,-106.7411148,1208.201294,1978.0,2025-11-29,20.3,0.0,3.5,0.2558139534883721,0,False,False
401762517,2025,14,regular,2025-11-29T20:00:00.000Z,False,True,False,True,13026.0,3674,Chapman Stadium,202,Tulsa,fbs,American Athletic,24.0,"[3, 14, 0, 7]",0.45699289441108704,1119.0,1110.0,5,UAB,fbs,American Athletic,31.0,"[7, 3, 7, 14]",0.543007105588913,1175.0,1184.0,6.10812785672287,,,,3674,Chapman Stadium,30000.0,False,False,Tulsa,OK,74194,US,America/Chicago,36.1489175,-95.9437853,235.5928345,1930.0,2025-11-29,9.4,0.0,24.2,0.4342,0,False,False
401761667,2025,14,regular,2025-11-29T20:00:00.000Z,False,True,False,True,16169.0,3644,Bobcat Stadium (TX),326,Texas State,fbs,Sun Belt,49.0,"[10, 11, 14, 14]",0.9934477210044861,1533.0,1572.0,6,South Alabama,fbs,Sun Belt,26.0,"[7, 0, 0, 19]",0.006552278995513916,1375.0,1336.0,3.117519407462619,,,,3644,Bobcat Stadium (TX),30000.0,False,False,San Marcos,TX,78666,US,America/Chicago,29.8910008,-97.9255735,177.8676453,1981.0,2025-11-29,24.4,0.1,19.0,0.5389666666666667,0,False,False
401761665,2025,14,regular,2025-11-29T20:00:00.000Z,False,True,False,True,16270.0,3666,Cajun Field,309,Louisiana,fbs,Sun Belt,30.0,"[14, 3, 0, 10, 3]",0.08853284269571304,1354.0,1351.0,2433,UL Monroe,fbs,Sun Belt,27.0,"[13, 0, 0, 14, 0]",0.911467157304287,1013.0,1016.0,8.960701489951958,,,,3666,Cajun Field,41426.0,False,False,Lafayette,LA,70506,US,America/Chicago,30.2158434,-92.0417371,3.556508303,1971.0,2025-11-29,20.9,0.0,21.5,0.39274851542509537,0,False,False
401754608,2025,14,regular,2025-11-29T20:00:00.000Z,False,True,False,True,32457.0,1964,JMA Wireless Dome,183,Syracuse,fbs,ACC,12.0,"[0, 6, 0, 6]",0.00022920966148376465,1230.0,1182.0,103,Boston College,fbs,ACC,34.0,"[3, 3, 14, 14]",0.9997707903385162,1311.0,1359.0,4.428296929054098,,,,1964,JMA Wireless Dome,49057.0,False,True,Syracuse,NY,13244,US,America/New_York,43.0362269,-76.1363161,162.6989746,1980.0,2025-11-29,-1.0,0.0,9.2,0.6616181176998186,0,False,False
401752783,2025,14,regular,2025-11-29T20:30:00.000Z,False,True,False,True,61508.0,3887,Razorback Stadium,8,Arkansas,fbs,SEC,17.0,"[7, 10, 0, 0]",0.4884832799434662,1588.0,1571.0,142,Missouri,fbs,SEC,31.0,"[7, 7, 6, 11]",0.5115167200565338,1748.0,1765.0,5.336043578812519,,,,3887,Razorback Stadium,80000.0,False,False,Fayetteville,AR,72702,US,America/Chicago,36.0680662,-94.1789534,403.7972412,1938.0,2025-11-29,8.7,0.2,22.2,0.76885,0,False,False
401752918,2025,14,regular,2025-11-29T20:30:00.000Z,False,True,False,True,46038.0,3953,Huntington Bank Stadium,135,Minnesota,fbs,Big Ten,17.0,"[0, 10, 7, 0]",0.9804549217224121,1491.0,1510.0,275,Wisconsin,fbs,Big Ten,7.0,"[0, 7, 0, 0]",0.01954507827758789,1521.0,1502.0,3.919658684369554,,,,3953,Huntington Bank Stadium,50850.0,False,False,Minneapolis,MN,55488,US,America/Chicago,44.976525,-93.2245462,254.3902283,2009.0,2025-11-29,-4.9,0.6,15.1,0.9053687315634218,1,False,False
401752917,2025,14,regular,2025-11-29T20:30:00.000Z,False,True,False,True,72376.0,3765,Husky Stadium,264,Washington,fbs,Big Ten,14.0,"[0, 7, 0, 7]",0.05144704505801201,1802.0,1801.0,2483,Oregon,fbs,Big Ten,26.0,"[3, 10, 6, 7]",0.948552954941988,2086.0,2087.0,4.952081684431378,,,,3765,Husky Stadium,70138.0,False,False,Seattle,WA,98195,US,America/Los_Angeles,47.6503235,-122.3015746,11.65622807,1920.0,2025-11-29,7.6,0.0,2.1,1.0319085231971257,1,False,False
401754610,2025,14,regular,2025-11-29T20:30:00.000Z,False,True,False,True,21045.0,3982,Wallace Wade Stadium,150,Duke,fbs,ACC,49.0,"[14, 7, 14, 14]",0.8953055143356323,1573.0,1607.0,154,Wake Forest,fbs,ACC,32.0,"[3, 14, 8, 7]",0.10469448566436768,1542.0,1508.0,4.479673409272416,,,,3982,Wallace Wade Stadium,40004.0,True,False,Durham,NC,27708,US,America/New_York,35.9953688,-78.9417564,103.0028152,1929.0,2025-11-29,5.9,0.0,4.1,0.5260723927607239,0,False,False
401752920,2025,14,regular,2025-11-29T20:30:00.000Z,False,True,False,True,55212.0,6577,SHI Stadium,164,Rutgers,fbs,Big Ten,36.0,"[14, 7, 7, 8]",0.2960730791091919,1445.0,1469.0,213,Penn State,fbs,Big Ten,40.0,"[14, 10, 9, 7]",0.7039269208908081,1975.0,1951.0,6.920961256797671,,,,6577,SHI Stadium,52454.0,False,False,Piscataway,NJ,08854,US,America/New_York,40.513611,-74.465278,19,1994.0,2025-11-29,5.2,0.0,9.9,1.0525794029054028,1,False,False
401762441,2025,14,regular,2025-11-29T20:30:00.000Z,False,True,False,True,22620.0,3604,Alamodome,2636,UTSA,fbs,American Athletic,24.0,"[7, 3, 0, 14]",0.08683005720376968,1585.0,1575.0,349,Army,fbs,American Athletic,27.0,"[0, 17, 3, 7]",0.9131699427962303,1504.0,1514.0,5.737582221587653,,,,3604,Alamodome,36582.0,False,True,San Antonio,TX,78299,US,America/Chicago,29.4169834,-98.4788143,201.5526886,1993.0,2025-11-29,24.9,0.0,15.9,0.6183368869936035,0,False,False
401752789,2025,14,regular,2025-11-29T20:30:00.000Z,False,True,False,True,83734.0,3835,"Memorial Stadium (Norman, OK)",201,Oklahoma,fbs,SEC,17.0,"[3, 0, 7, 7]",0.3595992922782898,1824.0,1823.0,99,LSU,fbs,SEC,13.0,"[0, 3, 7, 3]",0.6404007077217102,1690.0,1691.0,7.386930391872517,,,,3835,"Memorial Stadium (Norman, OK)",86112.0,True,False,Norman,OK,73019,US,America/Chicago,35.2058537,-97.4423145,355.0962524,1925.0,2025-11-29,11.0,0.0,24.2,0.972384801189149,1,False,False
401756967,2025,14,regular,2025-11-29T20:30:00.000Z,False,True,False,True,37259.0,3616,Amon G. Carter Stadium,2628,TCU,fbs,Big 12,45.0,"[21, 10, 7, 7]",1.0,1602.0,1652.0,2132,Cincinnati,fbs,Big 12,23.0,"[7, 10, 0, 6]",0.0,1569.0,1519.0,2.899405917733083,,,,3616,Amon G. Carter Stadium,46000.0,True,False,Fort Worth,TX,76129,US,America/Chicago,32.7096604,-97.3680835,185.4387054,1929.0,2025-11-29,19.8,0.5,5.4,0.8099782608695653,0,False,False
401761666,2025,14,regular,2025-11-29T20:30:00.000Z,False,True,False,True,25987.0,3815,M. M. Roberts Stadium,2572,Southern Miss,fbs,Sun Belt,18.0,"[0, 3, 7, 8]",0.5904613137245178,1297.0,1282.0,2653,Troy,fbs,Sun Belt,28.0,"[0, 14, 0, 14]",0.4095386862754822,1362.0,1377.0,5.637155890398114,,,,3815,M. M. Roberts Stadium,36000.0,False,False,Hattiesburg,MS,39402,US,America/Chicago,31.3289321,-89.3318118,64.52726746,1932.0,2025-11-29,15.7,0.0,15.4,0.7218611111111111,0,False,False
401752791,2025,14,regular,2025-11-29T20:30:00.000Z,False,True,False,True,101915.0,3853,Neyland Stadium,2633,Tennessee,fbs,SEC,24.0,"[7, 14, 0, 3]",0.015860430896282196,1856.0,1799.0,238,Vanderbilt,fbs,SEC,45.0,"[7, 14, 10, 14]",0.9841395691037178,1827.0,1884.0,6.4644006771448,,,,3853,Neyland Stadium,102455.0,True,False,Knoxville,TN,37996,US,America/New_York,35.9550131,-83.9250128,271.9517212,1921.0,2025-11-29,8.1,0.0,3.9,0.994729393392221,1,False,False
401757313,2025,14,regular,2025-11-29T20:30:00.000Z,False,True,False,True,12695.0,3992,Williams Stadium (VA),2335,Liberty,fbs,Conference USA,42.0,"[7, 7, 7, 14, 7]",0.4767662286758423,1457.0,1441.0,338,Kennesaw State,fbs,Conference USA,48.0,"[7, 7, 7, 14, 13]",0.5232337713241577,1385.0,1401.0,11.482716748256323,,,,3992,Williams Stadium (VA),25000.0,False,False,Lynchburg,VA,24502,US,America/New_York,37.3544305,-79.1750239,272.9237061,1989.0,2025-11-29,4.5,0.0,7.3,0.5078,0,False,False
401761662,2025,14,regular,2025-11-29T20:45:00.000Z,False,True,False,True,15137.0,3654,Brooks Stadium (SC),324,Coastal Carolina,fbs,Sun Belt,10.0,"[0, 10, 0, 0]",0.0010548504069447517,1228.0,1165.0,256,James Madison,fbs,Sun Belt,59.0,"[17, 3, 11, 28]",0.9989451495930552,1874.0,1937.0,3.262323910654704,,,,3654,Brooks Stadium (SC),21000.0,False,False,Conway,SC,29528,US,America/New_York,33.7928506,-79.0166946,13.74894905,2003.0,2025-11-29,9.4,0.0,5.5,0.7208095238095238,0,False,False
401752785,2025,14,regular,2025-11-29T21:30:00.000Z,False,True,False,False,90007.0,3634,Ben Hill Griffin Stadium,57,Florida,fbs,SEC,40.0,"[10, 7, 14, 9]",1.0,1543.0,1593.0,52,Florida State,fbs,ACC,21.0,"[0, 14, 0, 7]",0.0,1606.0,1556.0,3.621784191906209,,,,3634,Ben Hill Griffin Stadium,88548.0,True,False,Gainesville,FL,32653,US,America/New_York,29.6499357,-82.3485788,44.97250748,1930.0,2025-11-29,19.8,0.0,16.2,1.0164769390613,1,False,False
401752946,2025,14,regular,2025-11-29T23:30:00.000Z,False,True,False,True,24806.0,3820,Gesa Field,265,Washington State,fbs,Pac-12,32.0,"[3, 16, 6, 7]",0.9974702596664429,1508.0,1533.0,204,Oregon State,fbs,Pac-12,8.0,"[0, 0, 0, 8]",0.002529740333557129,1175.0,1150.0,2.7653671517568634,,,,3820,Gesa Field,32952.0,False,False,Pullman,WA,99164,US,America/Los_Angeles,46.731831,-117.1604991,773.9526367,1972.0,2025-11-29,1.4,0.0,12.7,0.7527919397912115,0,False,False
401752923,2025,14,regular,2025-11-30T00:00:00.000Z,False,True,True,True,30317.0,3727,Ford Field,127,Michigan State,fbs,Big Ten,38.0,"[7, 17, 7, 7]",0.6974057555198669,1382.0,1409.0,120,Maryland,fbs,Big Ten,28.0,"[0, 7, 21, 0]",0.30259424448013306,1414.0,1387.0,5.32395142853523,,,,3727,Ford Field,64500.0,False,True,Detroit,MI,48226,US,America/Detroit,42.34,-83.045556,183.9643707,2002.0,2025-11-30,-0.6,0.4,15.7,0.47003100775193796,,False,False
401754613,2025,14,regular,2025-11-30T00:00:00.000Z,False,True,False,True,58832.0,3923,Scott Stadium,258,Virginia,fbs,ACC,27.0,"[7, 7, 10, 3]",0.9796200394630432,1604.0,1631.0,259,Virginia Tech,fbs,ACC,7.0,"[0, 0, 0, 7]",0.020379960536956787,1409.0,1382.0,2.5258743911495998,,,,3923,Scott Stadium,61500.0,True,False,Charlottesville,VA,22904,US,America/New_York,38.0311801,-78.5137897,170.4677429,1931.0,2025-11-30,1.9,0.0,9.4,0.9566178861788618,1,False,False
401762520,2025,14,regular,2025-11-30T00:00:00.000Z,False,True,False,True,28813.0,3886,Raymond James Stadium,58,South Florida,fbs,American Athletic,52.0,"[14, 14, 10, 14]",0.9913873672485352,1751.0,1817.0,242,Rice,fbs,American Athletic,3.0,"[0, 3, 0, 0]",0.008612632751464844,1144.0,1078.0,1.8888965809025615,,,,3886,Raymond James Stadium,65828.0,True,False,Tampa,FL,33620,US,America/New_York,27.9758691,-82.5033344,11.07972908,1998.0,2025-11-30,20.5,0.0,17.6,0.43770128212918513,0,False,False
401752784,2025,14,regular,2025-11-30T00:30:00.000Z,False,True,False,True,88043.0,3785,Jordan-Hare Stadium,2,Auburn,fbs,SEC,20.0,"[0, 6, 7, 7]",0.37916091084480286,1661.0,1670.0,333,Alabama,fbs,SEC,27.0,"[10, 7, 3, 7]",0.6208390891551971,1964.0,1955.0,6.498412085382101,,,,3785,Jordan-Hare Stadium,87451.0,True,False,Auburn,AL,36849,US,America/Chicago,32.6025532,-85.4897479,201.1737976,1939.0,2025-11-30,10.3,0.0,12.5,1.0067695052086312,1,False,False
401754612,2025,14,regular,2025-11-30T00:30:00.000Z,False,True,False,True,56919.0,3670,Carter-Finley Stadium,152,NC State,fbs,ACC,42.0,"[14, 14, 0, 14]",0.9995241761207581,1481.0,1525.0,153,North Carolina,fbs,ACC,19.0,"[0, 10, 3, 6]",0.00047582387924194336,1364.0,1320.0,3.756003950760385,,,,3670,Carter-Finley Stadium,58000.0,True,False,Raleigh,NC,27695,US,America/New_York,35.8008001,-78.7195655,117.0089951,1966.0,2025-11-30,1.4,0.0,6.2,0.9813620689655173,1,False,False
401752922,2025,14,regular,2025-11-30T00:30:00.000Z,False,True,False,True,,3832,"Memorial Stadium (Champaign, IL)",356,Illinois,fbs,Big Ten,20.0,"[0, 14, 3, 3]",1.0,1576.0,1583.0,77,Northwestern,fbs,Big Ten,13.0,"[3, 7, 0, 3]",0.0,1531.0,1524.0,4.589426056465866,,,,3832,"Memorial Stadium (Champaign, IL)",60670.0,False,False,Champaign,IL,61820,US,America/Chicago,40.0993268,-88.2359569,223.2471619,1923.0,2025-11-30,-0.2,1.0,28.3,,,True,False
401752919,2025,14,regular,2025-11-30T00:30:00.000Z,False,True,False,True,69614.0,477,Los Angeles Memorial Coliseum,30,USC,fbs,Big Ten,29.0,"[7, 0, 7, 15]",0.9803678393363953,1898.0,1889.0,26,UCLA,fbs,Big Ten,10.0,"[0, 10, 0, 0]",0.019632160663604736,1313.0,1322.0,4.1177016060455385,,,,477,Los Angeles Memorial Coliseum,77500.0,True,False,Los Angeles,CA,90089,US,America/Los_Angeles,34.014167,-118.287778,42.50374222,1923.0,2025-11-30,18.4,0.0,5.7,0.8982451612903226,0,False,False
401762518,2025,14,regular,2025-11-30T00:30:00.000Z,False,True,False,True,22245.0,4729,Yulman Stadium,2655,Tulane,fbs,American Athletic,27.0,"[14, 7, 0, 6]",0.9684191942214966,1575.0,1587.0,2429,Charlotte,fbs,American Athletic,0.0,"[0, 0, 0, 0]",0.03158080577850342,1035.0,1023.0,1.8879023551198375,,,,4729,Yulman Stadium,30000.0,False,False,New Orleans,LA,70118,US,America/Chicago,29.944616,-90.116692,0.0000000000000000000000000000000000000118,2014.0,2025-11-30,17.4,0.0,10.4,0.7415,0,False,False
401754609,2025,14,regular,2025-11-30T01:00:00.000Z,False,True,False,True,28956.0,3831,California Memorial Stadium,25,California,fbs,ACC,38.0,"[3, 14, 7, 14]",0.9541328549385071,1351.0,1360.0,2567,SMU,fbs,ACC,35.0,"[7, 0, 7, 21]",0.04586714506149292,1860.0,1851.0,5.1530697552448546,,,,3831,California Memorial Stadium,62467.0,False,False,Berkeley,CA,94720,US,America/Los_Angeles,37.8710434,-122.2507729,125.3108063,1923.0,2025-11-30,7.6,0.0,6.8,0.4635407495157443,0,False,False
401760425,2025,14,regular,2025-11-30T02:00:00.000Z,False,True,False,True,,3816,Mackay Stadium,2440,Nevada,fbs,Mountain West,17.0,"[3, 0, 7, 7]",0.007143768481910229,1303.0,1277.0,2439,UNLV,fbs,Mountain West,42.0,"[7, 21, 7, 7]",0.9928562315180898,1663.0,1689.0,2.8375864235482773,,,,3816,Mackay Stadium,27000.0,False,False,Reno,NV,89557,US,America/Los_Angeles,39.5469459,-119.8175435,1406.57605,1966.0,2025-11-30,2.5,0.0,0.7,,,True,False
401754614,2025,14,regular,2025-11-30T03:30:00.000Z,False,True,False,False,27456.0,3940,Stanford Stadium,24,Stanford,fbs,ACC,20.0,"[0, 3, 3, 14]",0.00790282804518938,1315.0,1335.0,87,Notre Dame,fbs,FBS Independents,49.0,"[14, 21, 7, 7]",0.9920971719548106,2263.0,2243.0,2.554831192981494,,,,3940,Stanford Stadium,50424.0,True,False,Stanford,CA,94305,US,America/Los_Angeles,37.4345556,-122.1611271,18.38425636,2006.0,2025-11-30,9.1,0.0,1.1,0.5445026178010471,0,False,False
401760423,2025,14,regular,2025-11-30T03:30:00.000Z,False,True,False,True,14194.0,3935,CEFCU Stadium,23,San José State,fbs,Mountain West,14.0,"[0, 7, 0, 7]",0.14638575911521912,1185.0,1146.0,278,Fresno State,fbs,Mountain West,41.0,"[3, 18, 3, 17]",0.8536142408847809,1478.0,1517.0,4.315561969842375,,,,3935,CEFCU Stadium,30456.0,False,False,San Jose,CA,95112,US,America/Los_Angeles,37.3196675,-121.8682962,28.30708694,1933.0,2025-11-30,8.4,0.0,0.4,0.4660493827160494,0,False,False
401760424,2025,14,regular,2025-11-30T04:00:00.000Z,False,True,False,True,15194.0,7220,Clarence T.C. Ching Athletics Complex,62,Hawai'i,fbs,Mountain West,27.0,"[7, 13, 7, 0]",0.9803035259246826,1421.0,1459.0,2751,Wyoming,fbs,Mountain West,7.0,"[7, 0, 0, 0]",0.019696474075317383,1333.0,1295.0,3.8549964443267974,,,,7220,Clarence T.C. Ching Athletics Complex,15194.0,False,False,Honolulu,HI,96822,US,Pacific/Honolulu,21.294294,-157.819338,20,2015.0,2025-11-30,24.0,0.0,1.5,1.0,1,False,False
401777325,2025,15,regular,2025-12-06T00:00:00.000Z,False,True,False,False,18142.0,3662,AmFirst Stadium,55,Jacksonville State,fbs,Conference USA,15.0,"[0, 0, 0, 15]",0.2311805784702301,1501.0,1488.0,338,Kennesaw State,fbs,Conference USA,19.0,"[0, 7, 3, 9]",0.7688194215297699,1401.0,1414.0,6.128383850532434,,Conference USA Championship,,3662,AmFirst Stadium,24000.0,False,False,Jacksonville,AL,36265,US,America/Chicago,33.8201052,-85.76647,198.0679016,1947.0,2025-12-06,6.6,0.0,5.8,0.7559166666666667,0,False,False
401777352,2025,15,regular,2025-12-06T00:00:00.000Z,False,True,False,False,19836.0,3651,Bridgeforth Stadium,256,James Madison,fbs,Sun Belt,31.0,"[3, 14, 0, 14]",0.8696437478065491,1937.0,1927.0,2653,Troy,fbs,Sun Belt,14.0,"[0, 14, 0, 0]",0.13035625219345093,1377.0,1387.0,5.637506410100381,,Sun Belt Championship,,3651,Bridgeforth Stadium,24877.0,False,False,Harrisonburg,VA,22807,US,America/New_York,38.4352919,-78.8729349,399.303009,1975.0,2025-12-06,-1.2,0.0,4.1,0.7973630260883547,0,False,False
401777324,2025,15,regular,2025-12-06T01:00:00.000Z,False,True,False,False,23986.0,4729,Yulman Stadium,2655,Tulane,fbs,American Athletic,34.0,"[7, 17, 7, 3]",0.9920182824134827,1587.0,1627.0,249,North Texas,fbs,American Athletic,21.0,"[7, 0, 6, 8]",0.007981717586517334,1756.0,1716.0,3.824688014209357,,American Championship,,4729,Yulman Stadium,30000.0,False,False,New Orleans,LA,70118,US,America/Chicago,29.944616,-90.116692,0.0000000000000000000000000000000000000118,2014.0,2025-12-06,10.7,0.0,6.9,0.7995333333333333,0,False,False
401777326,2025,15,regular,2025-12-06T01:00:00.000Z,False,True,False,False,27152.0,3653,Albertsons Stadium,68,Boise State,fbs,Mountain West,38.0,"[14, 14, 0, 10]",0.9772292375564575,1614.0,1659.0,2439,UNLV,fbs,Mountain West,21.0,"[0, 14, 7, 0]",0.02277076244354248,1689.0,1644.0,3.5245037710538076,,Mountain West Championship,,3653,Albertsons Stadium,36387.0,False,False,Boise,ID,83725,US,America/Boise,43.6028839,-116.1958882,823.2221069,1970.0,2025-12-06,4.7,0.3,12.4,0.7462005661362574,0,False,False
401777329,2025,15,regular,2025-12-06T17:00:00.000Z,False,True,True,False,19114.0,3727,Ford Field,2711,Western Michigan,fbs,Mid-American,23.0,"[10, 6, 7, 0]",0.9933256506919861,1414.0,1442.0,193,Miami (OH),fbs,Mid-American,13.0,"[6, 0, 0, 7]",0.006674349308013916,1459.0,1431.0,3.1948661997760404,,MAC Championship,,3727,Ford Field,64500.0,False,True,Detroit,MI,48226,US,America/Detroit,42.34,-83.045556,183.9643707,2002.0,2025-12-06,0.7,0.0,15.0,0.2963410852713178,,False,False
401777327,2025,15,regular,2025-12-06T17:00:00.000Z,False,True,True,False,85519.0,3687,AT&T Stadium,2641,Texas Tech,fbs,Big 12,34.0,"[0, 13, 8, 13]",0.9214747548103333,2061.0,2108.0,252,BYU,fbs,Big 12,7.0,"[7, 0, 0, 0]",0.07852524518966675,1797.0,1750.0,4.356364014437316,,Big 12 Championship,,3687,AT&T Stadium,100000.0,False,True,Arlington,TX,76011,US,America/Chicago,32.747778,-97.092778,172.5047302,2009.0,2025-12-06,7.9,0.0,8.7,0.85519,,False,False
401777351,2025,15,regular,2025-12-06T21:00:00.000Z,False,True,True,False,77247.0,5348,Mercedes-Benz Stadium,333,Alabama,fbs,SEC,7.0,"[0, 0, 0, 7]",0.0,1955.0,1917.0,61,Georgia,fbs,SEC,28.0,"[7, 7, 7, 7]",1.0,2026.0,2064.0,2.4679018249346374,,SEC Championship,,5348,Mercedes-Benz Stadium,75000.0,False,True,Atlanta,GA,30313,US,America/New_York,33.755578,-84.400881,307.9,2017.0,2025-12-06,7.3,0.0,3.5,1.02996,,False,False
401777353,2025,15,regular,2025-12-07T01:00:00.000Z,False,True,True,False,68214.0,3812,Lucas Oil Stadium,194,Ohio State,fbs,Big Ten,10.0,"[7, 3, 0, 0]",0.12958920001983643,2169.0,2169.0,84,Indiana,fbs,Big Ten,13.0,"[3, 3, 7, 0]",0.8704107999801636,2191.0,2191.0,5.124939123123214,,Big Ten Championship,,3812,Lucas Oil Stadium,63000.0,False,True,Indianapolis,IN,46225,US,America/Indiana/Indianapolis,39.760056,-86.163806,216.3370361,2008.0,2025-12-07,-0.6,0.0,4.4,1.0827619047619048,,False,False
401777328,2025,15,regular,2025-12-07T01:00:00.000Z,False,True,True,False,41672.0,3628,Bank of America Stadium,258,Virginia,fbs,ACC,20.0,"[0, 7, 3, 10, 0]",0.07219849526882172,1631.0,1622.0,150,Duke,fbs,ACC,27.0,"[7, 7, 3, 3, 7]",0.9278015047311783,1607.0,1616.0,7.446460983945154,,ACC Championship,,3628,Bank of America Stadium,73778.0,True,False,Charlotte,NC,28202,US,America/New_York,35.225833,-80.852778,220.8777466,1996.0,2025-12-07,3.3,0.0,3.4,0.5648296240071566,,False,False
401762521,2025,16,regular,2025-12-13T20:00:00.000Z,False,True,True,True,70936.0,3814,M&T Bank Stadium,2426,Navy,fbs,American Athletic,17.0,"[7, 0, 3, 7]",0.7359485030174255,1525.0,1527.0,349,Army,fbs,American Athletic,16.0,"[0, 13, 3, 0]",0.26405149698257446,1514.0,1512.0,4.799045878452558,,,,3814,M&T Bank Stadium,71008.0,False,False,Baltimore,MD,21230,US,America/New_York,39.278056,-76.622778,2.961556435,1998.0,2025-12-13,5.2,0.0,4.1,0.9989860297431276,,False,False
401856766,2026,1,regular,2026-08-29T16:00:00.000Z,False,True,True,False,,3504,Aviva Stadium,2628,TCU,fbs,Big 12,10.0,"[10, 0, 0, 0]",0.5609505772590637,1613.0,1595.0,153,North Carolina,fbs,ACC,15.0,"[10, 2, 3, 0]",0.4390494227409363,1380.0,1398.0,6.501938416580931,,Aer Lingus College Football Classic,,3504,Aviva Stadium,51700.0,True,False,Dublin,,,IE,Europe/Dublin,53.33523,-6.228447,2.264276505,2010.0,2026-08-29,17.9,0.0,7.5,,,True,False
401864494,2026,1,regular,2026-08-29T19:00:00.000Z,False,True,False,False,,477,Los Angeles Memorial Coliseum,30,USC,fbs,Big Ten,42.0,"[7, 21, 7, 7]",0.9964043498039246,1747.0,1752.0,23,San José State,fbs,Mountain West,26.0,"[0, 0, 3, 23]",0.0035956501960754395,1411.0,1406.0,2.1247838400218297,,,,477,Los Angeles Memorial Coliseum,77500.0,True,False,Los Angeles,CA,90089,US,America/Los_Angeles,34.014167,-118.287778,42.50374222,1923.0,2026-08-29,34.5,0.0,5.4,,,True,False
401858202,2026,1,regular,2026-08-29T19:30:00.000Z,False,True,False,True,,3923,Scott Stadium,258,Virginia,fbs,ACC,34.0,"[10, 7, 7, 10]",0.9934231638908386,1591.0,1655.0,152,NC State,fbs,ACC,8.0,"[0, 0, 8, 0]",0.006576836109161377,1570.0,1506.0,2.3644462220310416,,,,3923,Scott Stadium,61500.0,True,False,Charlottesville,VA,22904,US,America/New_York,38.0311801,-78.5137897,170.4677429,1931.0,2026-08-29,27.2,0.0,7.7,,,True,False
401864577,2026,1,regular,2026-08-29T21:30:00.000Z,False,True,False,False,,3714,Fargodome,2449,North Dakota State,fbs,Mountain West,33.0,"[7, 10, 10, 6]",0.9063087105751038,1500.0,1566.0,55,Jacksonville State,fbs,Conference USA,7.0,"[7, 0, 0, 0]",0.09369128942489624,1494.0,1428.0,3.0503311314063795,,,,3714,Fargodome,18700.0,False,True,Fargo,ND,51802,US,America/Chicago,46.9029938,-96.8003251,274.4847717,1992.0,2026-08-29,27.7,0.0,9.4,,,True,False
401866408,2026,1,regular,2026-08-29T22:30:00.000Z,False,True,False,True,,3912,Rynearson Stadium,2199,Eastern Michigan,fbs,Mid-American,28.0,"[0, 21, 0, 7]",0.9009293913841248,1326.0,1360.0,16,Sacramento State,fbs,Mid-American,17.0,"[0, 10, 0, 7]",0.09907060861587524,1500.0,1466.0,3.5970782042129867,,,,3912,Rynearson Stadium,30200.0,False,False,Ypsilanti,MI,48197,US,America/Detroit,42.256126,-83.647285,241.248764,1969.0,2026-08-29,25.6,0.0,10.0,,,True,False
401864570,2026,1,regular,2026-08-29T23:00:00.000Z,False,True,False,False,,3697,Doak Campbell Stadium,52,Florida State,fbs,ACC,34.0,"[3, 14, 7, 10]",1.0,1537.0,1551.0,166,New Mexico State,fbs,Conference USA,17.0,"[0, 7, 3, 7]",0.0,1281.0,1267.0,3.6506915398564455,,,,3697,Doak Campbell Stadium,67277.0,True,False,Tallahassee,FL,32306,US,America/New_York,30.4381692,-84.3044032,19.55942535,1950.0,2026-08-29,28.6,0.0,5.6,,,True,False
401858201,2026,1,regular,2026-08-29T23:00:00.000Z,False,True,False,False,,3940,Stanford Stadium,24,Stanford,fbs,ACC,37.0,"[7, 7, 9, 14]",0.9951261878013611,1390.0,1413.0,62,Hawai'i,fbs,Mountain West,27.0,"[0, 7, 0, 20]",0.004873812198638916,1472.0,1449.0,5.770253187027743,,,,3940,Stanford Stadium,50424.0,True,False,Stanford,CA,94305,US,America/Los_Angeles,37.4345556,-122.1611271,18.38425636,2006.0,2026-08-29,24.3,0.0,11.0,,,True,False
401862693,2026,1,regular,2026-08-30T02:00:00.000Z,False,True,False,False,,6501,Allegiant Stadium,2439,UNLV,fbs,Mountain West,21.0,"[0, 14, 7, 0]",0.04621971398591995,1581.0,1566.0,235,Memphis,fbs,American Athletic,27.0,"[0, 7, 17, 3]",0.95378028601408,1526.0,1541.0,6.40825618898589,,,,6501,Allegiant Stadium,65000.0,False,True,Las Vegas,NV,89118,US,America/Los_Angeles,36.09075,-115.183722,666,2020.0,2026-08-30,37.6,0.0,12.1,,,True,False
401858423,2026,1,regular,2026-09-03T22:00:00.000Z,False,True,False,False,,6577,SHI Stadium,164,Rutgers,fbs,Big Ten,21.0,"[7, 0, 0, 14]",0.0026932330802083015,1479.0,1381.0,113,Massachusetts,fbs,Mid-American,37.0,"[7, 17, 3, 10]",0.9973067669197917,978.0,1076.0,3.19174551401912,,,,6577,SHI Stadium,52454.0,False,False,Piscataway,NJ,08854,US,America/New_York,40.513611,-74.465278,19,1994.0,2026-09-03,29.3,0.0,7.9,,,True,False
401864424,2026,1,regular,2026-09-03T23:00:00.000Z,False,True,False,False,,3695,Delaware Stadium,48,Delaware,fbs,Conference USA,42.0,"[7, 14, 14, 7]",0.9847715497016907,1404.0,1404.0,2771,Merrimack,fcs,FCS Independents,7.0,"[0, 0, 7, 0]",0.015228450298309326,,,2.641449382089869,,,,3695,Delaware Stadium,22000.0,False,False,Newark,DE,19713,US,America/New_York,39.6617428,-75.7488224,28.74350357,1952.0,2026-09-03,27.9,0.0,10.5,,,True,False
401864425,2026,1,regular,2026-09-03T23:00:00.000Z,False,True,False,False,,4899,Fifth Third Stadium,338,Kennesaw State,fbs,Conference USA,47.0,"[19, 21, 7, 0]",0.9909650087356567,1373.0,1373.0,2698,West Georgia,fcs,UAC,0.0,"[0, 0, 0, 0]",0.009034991264343262,,,2.229737075700872,,,,4899,Fifth Third Stadium,11040.0,True,False,Kennesaw,GA,30144,US,America/New_York,34.0289318,-84.5676234,296.9589844,2010.0,2026-09-03,32.2,0.2,4.9,,,True,False
401856767,2026,1,regular,2026-09-03T23:00:00.000Z,False,True,False,False,,3652,FBC Mortgage Stadium,2116,UCF,fbs,Big 12,73.0,"[21, 17, 28, 7]",0.9843000769615173,1465.0,1465.0,2065,Bethune-Cookman,fcs,SWAC,6.0,"[0, 0, 0, 6]",0.015699923038482666,,,1.897970373376696,,,,3652,FBC Mortgage Stadium,44206.0,True,False,Orlando,FL,32816,US,America/New_York,28.6079765,-81.1927233,20.94113731,2007.0,2026-09-03,26.8,0.2,6.3,,,True,False
401858204,2026,1,regular,2026-09-03T23:00:00.000Z,False,True,False,False,,3630,Allegacy Federal Credit Union Stadium,154,Wake Forest,fbs,ACC,38.0,"[10, 18, 3, 7]",0.9861863851547241,1520.0,1516.0,2006,Akron,fbs,Mid-American,16.0,"[0, 3, 0, 13]",0.013813614845275879,925.0,929.0,2.6068707243929237,,,,3630,Allegacy Federal Credit Union Stadium,31500.0,False,False,Winston-Salem,NC,27105,US,America/New_York,36.1305507,-80.2545851,283.548584,1968.0,2026-09-03,32.6,0.1,7.7,,,True,False
401866409,2026,1,regular,2026-09-03T23:00:00.000Z,False,True,False,False,,3965,UB Stadium,2084,Buffalo,fbs,Mid-American,21.0,"[0, 14, 0, 7]",0.9391478896141052,1365.0,1365.0,399,UAlbany,fcs,Coastal Athletic,17.0,"[7, 3, 7, 0]",0.060852110385894775,,,6.902093440356493,,,,3965,UB Stadium,30270.0,False,False,Amherst,NY,14260,US,America/New_York,42.9991334,-78.7775113,181.5759735,1993.0,2026-09-03,21.9,1.9,2.7,,,True,False
401856776,2026,1,regular,2026-09-04T00:00:00.000Z,False,True,False,False,,721,Bobby Dodd Stadium,59,Georgia Tech,fbs,ACC,13.0,"[0, 10, 0, 3]",0.46688950061798096,1563.0,1553.0,38,Colorado,fbs,Big 12,14.0,"[0, 7, 0, 7]",0.533110499382019,1396.0,1406.0,6.240260056598781,,,,721,Bobby Dodd Stadium,55000.0,False,False,Atlanta,GA,30332,US,America/New_York,33.7724449,-84.3928054,279.300415,1913.0,2026-09-04,31.6,0.0,8.9,,,True,False
401858422,2026,1,regular,2026-09-04T00:00:00.000Z,False,True,False,False,,3953,Huntington Bank Stadium,135,Minnesota,fbs,Big Ten,59.0,"[14, 21, 10, 14]",0.9948015213012695,1510.0,1510.0,2197,Eastern Illinois,fcs,OVC,7.0,"[0, 7, 0, 0]",0.005198478698730469,,,2.14001327981458,,,,3953,Huntington Bank Stadium,50850.0,False,False,Minneapolis,MN,55488,US,America/Chicago,44.976525,-93.2245462,254.3902283,2009.0,2026-09-04,29.3,0.0,12.8,,,True,False
401856663,2026,1,regular,2026-09-04T00:00:00.000Z,False,True,False,False,,3838,Memorial Stadium,142,Missouri,fbs,SEC,54.0,"[14, 26, 0, 14]",0.9942298531532288,1666.0,1666.0,2029,Arkansas-Pine Bluff,fcs,SWAC,14.0,"[0, 0, 7, 7]",0.00577014684677124,,,2.395718076222952,,,,3838,Memorial Stadium,71168.0,False,False,Columbia,MO,65211,US,America/Chicago,38.9358491,-92.3332009,212.6865692,1927.0,2026-09-04,33.9,0.0,2.3,,,True,False
401858424,2026,1,regular,2026-09-04T01:00:00.000Z,False,True,False,False,,3832,"Memorial Stadium (Champaign, IL)",356,Illinois,fbs,Big Ten,42.0,"[14, 7, 7, 14]",0.9480764269828796,1563.0,1595.0,5,UAB,fbs,American Athletic,23.0,"[3, 10, 3, 7]",0.05192357301712036,1443.0,1411.0,3.799962230181375,,,,3832,"Memorial Stadium (Champaign, IL)",60670.0,False,False,Champaign,IL,61820,US,America/Chicago,40.0993268,-88.2359569,223.2471619,1923.0,2026-09-04,29.1,0.0,11.2,,,True,False
401856768,2026,1,regular,2026-09-04T01:00:00.000Z,False,True,False,False,,587,Rice-Eccles Stadium,254,Utah,fbs,Big 12,66.0,"[17, 14, 14, 21]",0.9970967173576355,1817.0,1817.0,70,Idaho,fcs,Big Sky,14.0,"[0, 7, 7, 0]",0.002903282642364502,,,2.11235780713634,,,,587,Rice-Eccles Stadium,51444.0,False,False,Salt Lake City,UT,84112,US,America/Denver,40.7599724,-111.8488255,1411.543579,1998.0,2026-09-04,27.7,0.0,21.2,,,True,False
401864495,2026,1,regular,2026-09-04T22:30:00.000Z,False,True,False,False,,3912,Rynearson Stadium,2199,Eastern Michigan,fbs,Mid-American,21.0,"[0, 7, 14, 0]",0.0,1360.0,1353.0,23,San José State,fbs,Mountain West,27.0,"[0, 10, 7, 10]",1.0,1406.0,1413.0,5.895337083138708,,,,3912,Rynearson Stadium,30200.0,False,False,Ypsilanti,MI,48197,US,America/Detroit,42.256126,-83.647285,241.248764,1969.0,2026-09-04,24.8,0.0,9.2,,,True,False
401866623,2026,1,regular,2026-09-04T23:00:00.000Z,False,True,False,False,,4246,Center Parc Stadium,2247,Georgia State,fbs,Sun Belt,59.0,"[14, 21, 24, 0]",0.9921911954879761,1241.0,1241.0,2448,North Carolina A&T,fcs,Coastal Athletic,10.0,"[0, 7, 0, 3]",0.007808804512023926,,,3.2067711849236753,,,,4246,Center Parc Stadium,25000.0,False,False,Atlanta,GA,30315,US,America/New_York,33.735267,-84.389949,287,2017.0,2026-09-04,32.4,0.0,5.1,,,True,False
401858435,2026,1,regular,2026-09-04T23:00:00.000Z,False,True,False,False,,3907,Ross-Ade Stadium,2509,Purdue,fbs,Big Ten,44.0,"[10, 6, 21, 7]",0.9921911954879761,1318.0,1318.0,282,Indiana State,fcs,MVFC,19.0,"[3, 3, 0, 13]",0.007808804512023926,,,2.442458035830671,,,,3907,Ross-Ade Stadium,57282.0,True,False,West Lafayette,IN,47907,US,America/Indiana/Indianapolis,40.4352253,-86.9186843,197.5337677,1924.0,2026-09-04,32.1,0.0,4.5,,,True,False
401856664,2026,1,regular,2026-09-05T00:00:00.000Z,False,True,False,False,,3835,"Memorial Stadium (Norman, OK)",201,Oklahoma,fbs,SEC,51.0,"[21, 6, 17, 7]",0.9970476031303406,1706.0,1799.0,2638,UTEP,fbs,Mountain West,0.0,"[0, 0, 0, 0]",0.002952396869659424,1256.0,1163.0,1.6622847209305427,,,,3835,"Memorial Stadium (Norman, OK)",86112.0,True,False,Norman,OK,73019,US,America/Chicago,35.2058537,-97.4423145,355.0962524,1925.0,2026-09-05,35.6,0.0,14.8,,,True,False
401858429,2026,1,regular,2026-09-05T00:00:00.000Z,False,True,False,False,,3936,Spartan Stadium,127,Michigan State,fbs,Big Ten,30.0,"[10, 9, 0, 11]",0.7865183353424072,1439.0,1468.0,2649,Toledo,fbs,Mid-American,20.0,"[0, 7, 7, 6]",0.21348166465759277,1597.0,1568.0,3.933766595911785,,,,3936,Spartan Stadium,75005.0,True,False,East Lansing,MI,48824,US,America/Detroit,42.7281474,-84.4848526,254.8794861,1923.0,2026-09-05,23.9,0.0,2.0,,,True,False
401856769,2026,1,regular,2026-09-05T00:00:00.000Z,False,True,False,False,,3833,Memorial Stadium,2305,Kansas,fbs,Big 12,51.0,"[6, 24, 7, 14]",0.9919133186340332,1510.0,1510.0,2341,Long Island University,fcs,NEC,6.0,"[0, 0, 0, 6]",0.008086681365966797,,,2.712433637537601,,,,3833,Memorial Stadium,47000.0,False,False,Lawrence,KS,66045,US,America/Chicago,38.9629418,-95.2463686,274.855957,1921.0,2026-09-05,34.4,0.0,10.8,,,True,False
401858206,2026,1,regular,2026-09-05T01:00:00.000Z,False,True,False,True,,3940,Stanford Stadium,24,Stanford,fbs,ACC,6.0,"[3, 3, 0, 0]",0.018528111279010773,1413.0,1354.0,2390,Miami,fbs,ACC,45.0,"[14, 14, 14, 3]",0.9814718887209892,1842.0,1901.0,3.861456675658052,,,,3940,Stanford Stadium,50424.0,True,False,Stanford,CA,94305,US,America/Los_Angeles,37.4345556,-122.1611271,18.38425636,2006.0,2026-09-05,21.3,0.0,9.6,,,True,False
401858436,2026,1,regular,2026-09-05T01:00:00.000Z,False,True,False,False,,477,Los Angeles Memorial Coliseum,30,USC,fbs,Big Ten,39.0,"[7, 23, 2, 7]",0.9353188276290894,1752.0,1835.0,278,Fresno State,fbs,Pac-12,0.0,"[0, 0, 0, 0]",0.06468117237091064,1532.0,1449.0,2.768518413523263,,,,477,Los Angeles Memorial Coliseum,77500.0,True,False,Los Angeles,CA,90089,US,America/Los_Angeles,34.014167,-118.287778,42.50374222,1923.0,2026-09-05,23.7,0.0,10.4,,,True,False
401858425,2026,1,regular,2026-09-05T16:00:00.000Z,False,True,False,False,,3830,"Memorial Stadium (Bloomington, IN)",84,Indiana,fbs,Big Ten,52.0,"[14, 10, 7, 21]",0.9949389696121216,2064.0,2113.0,249,North Texas,fbs,American Athletic,16.0,"[0, 6, 10, 0]",0.005061030387878418,1639.0,1590.0,2.2743649912659762,,,,3830,"Memorial Stadium (Bloomington, IN)",52656.0,False,False,Bloomington,IN,47408,US,America/Indiana/Indianapolis,39.1808959,-86.5256217,231.6500854,1960.0,2026-09-05,29.1,0.0,9.6,,,True,False
401858430,2026,1,regular,2026-09-05T16:00:00.000Z,False,True,False,False,,3834,"Memorial Stadium (Lincoln, NE)",158,Nebraska,fbs,Big Ten,49.0,"[7, 7, 14, 21]",0.993261456489563,1538.0,1592.0,195,Ohio,fbs,Mid-American,21.0,"[10, 3, 0, 8]",0.006738543510437012,1372.0,1318.0,4.959056683394593,,,,3834,"Memorial Stadium (Lincoln, NE)",85458.0,False,False,Lincoln,NE,68588,US,America/Chicago,40.820682,-96.705594,354.9318848,1923.0,2026-09-05,32.1,0.0,3.1,,,True,False
401858208,2026,1,regular,2026-09-05T16:00:00.000Z,False,True,False,False,,1964,JMA Wireless Dome,183,Syracuse,fbs,ACC,66.0,"[14, 27, 2, 23]",0.9922709465026855,1288.0,1288.0,160,New Hampshire,fcs,Coastal Athletic,3.0,"[0, 0, 0, 3]",0.007729053497314453,,,2.1397786797517004,,,,1964,JMA Wireless Dome,49057.0,False,True,Syracuse,NY,13244,US,America/New_York,43.0362269,-76.1363161,162.6989746,1980.0,2026-09-05,20.9,0.2,10.8,,,True,False
401856634,2026,1,regular,2026-09-05T16:00:00.000Z,False,True,False,False,,3657,Bryant-Denny Stadium,333,Alabama,fbs,SEC,48.0,"[10, 28, 0, 10]",0.9966325163841248,1738.0,1823.0,151,East Carolina,fbs,American Athletic,10.0,"[0, 7, 3, 0]",0.003367483615875244,1562.0,1477.0,2.413542657655659,,,,3657,Bryant-Denny Stadium,101821.0,True,False,Tuscaloosa,AL,35487,US,America/Chicago,33.2082752,-87.5503836,70.05136108,1929.0,2026-09-05,30.3,0.4,5.0,,,True,False
401856778,2026,1,regular,2026-09-05T16:00:00.000Z,False,True,False,False,,4728,TDECU Stadium,248,Houston,fbs,Big 12,33.0,"[9, 10, 7, 7]",0.9747902750968933,1508.0,1514.0,204,Oregon State,fbs,Pac-12,20.0,"[7, 0, 6, 7]",0.02520972490310669,1266.0,1260.0,4.451653122690978,,,,4728,TDECU Stadium,40000.0,False,False,Houston,TX,77004,US,America/Chicago,29.7219885,-95.3491623,9.57440567,2014.0,2026-09-05,28.7,0.3,5.2,,,True,False
401861962,2026,1,regular,2026-09-05T16:00:00.000Z,False,True,False,False,,3892,Pratt & Whitney Stadium,41,UConn,fbs,FBS Independents,56.0,"[21, 14, 14, 7]",0.9930822253227234,1484.0,1484.0,322,Lafayette,fcs,Patriot,7.0,"[0, 0, 0, 7]",0.006917774677276611,,,2.1293066509575125,,,,3892,Pratt & Whitney Stadium,40000.0,True,False,East Hartford,CT,6118 ,US,America/New_York,41.7595675,-72.6187728,6.515614986,2003.0,2026-09-05,23.6,0.1,10.6,,,True,False
401862701,2026,1,regular,2026-09-05T16:00:00.000Z,False,True,False,False,,3841,Michie Stadium,349,Army,fbs,American Athletic,59.0,"[21, 10, 14, 14]",0.9969590902328491,1527.0,1527.0,2803,Bryant,fcs,Coastal Athletic,3.0,"[0, 3, 0, 0]",0.003040909767150879,,,1.9076028235625277,,,,3841,Michie Stadium,38000.0,False,False,West Point,NY,10996,US,America/New_York,41.3874924,-73.9640891,99.21277618,1924.0,2026-09-05,22.3,0.0,12.8,,,True,False
401866410,2026,1,regular,2026-09-05T16:00:00.000Z,False,True,False,False,,3700,Doyt L. Perry Stadium,189,Bowling Green,fbs,Mid-American,13.0,"[0, 7, 3, 3]",0.47325095534324646,1340.0,1340.0,2627,Tarleton State,fcs,UAC,20.0,"[7, 10, 0, 3]",0.5267490446567535,,,4.2530976755708005,,,,3700,Doyt L. Perry Stadium,24000.0,False,False,Bowling Green,OH,43403,US,America/New_York,41.3780114,-83.6225,205.9057465,1966.0,2026-09-05,25.2,0.0,9.5,,,True,False
401869960,2026,1,regular,2026-09-05T16:00:00.000Z,False,True,False,False,,3651,Bridgeforth Stadium,256,James Madison,fbs,Sun Belt,20.0,"[7, 10, 3, 0]",0.9636929631233215,1770.0,1776.0,2335,Liberty,fbs,Conference USA,13.0,"[0, 6, 0, 7]",0.03630703687667847,1703.0,1697.0,2.938805175877657,,,,3651,Bridgeforth Stadium,24877.0,False,False,Harrisonburg,VA,22807,US,America/New_York,38.4352919,-78.8729349,399.303009,1975.0,2026-09-05,23.7,1.9,9.0,,,True,False
401856780,2026,1,regular,2026-09-05T16:00:00.000Z,False,True,False,False,,3842,Milan Puskar Stadium,277,West Virginia,fbs,Big 12,31.0,"[14, 10, 0, 7]",0.8937140703201294,1360.0,1365.0,324,Coastal Carolina,fbs,Sun Belt,24.0,"[0, 0, 7, 17]",0.1062859296798706,1275.0,1270.0,2.918222613424516,,,,3842,Milan Puskar Stadium,60000.0,False,False,Morgantown,WV,26507,US,America/New_York,39.6502744,-79.9551873,327.409668,1980.0,2026-09-05,23.7,0.0,2.4,,,True,False
401858207,2026,1,regular,2026-09-05T16:30:00.000Z,False,True,False,False,,3752,Acrisure Stadium,221,Pittsburgh,fbs,ACC,59.0,"[21, 10, 21, 7]",0.9727570414543152,1576.0,1681.0,193,Miami (OH),fbs,Mid-American,14.0,"[0, 14, 0, 0]",0.027242958545684814,1364.0,1259.0,2.4978793686470273,,,,3752,Acrisure Stadium,68400.0,True,False,Pittsburgh,PA,15260,US,America/New_York,40.4467648,-80.0157603,220.5887146,2001.0,2026-09-05,25.2,0.0,3.5,,,True,False
401858432,2026,1,regular,2026-09-05T16:30:00.000Z,False,True,False,False,,3861,Ohio Stadium,194,Ohio State,fbs,Big Ten,56.0,"[14, 14, 14, 14]",0.9805747270584106,1925.0,1986.0,2050,Ball State,fbs,Mid-American,3.0,"[0, 3, 0, 0]",0.019425272941589355,1173.0,1112.0,2.0816947559603913,,,,3861,Ohio Stadium,102780.0,False,False,Columbus,OH,43210,US,America/New_York,40.0016447,-83.0197266,216.6770325,1922.0,2026-09-05,26.3,0.0,5.0,,,True,False
401856665,2026,1,regular,2026-09-05T16:45:00.000Z,False,True,False,False,,3994,Williams-Brice Stadium,2579,South Carolina,fbs,SEC,57.0,"[7, 22, 14, 14]",0.9963384866714478,1631.0,1742.0,2309,Kent State,fbs,Mid-American,0.0,"[0, 0, 0, 0]",0.003661513328552246,1167.0,1056.0,1.927710383165817,,,,3994,Williams-Brice Stadium,80250.0,True,False,Columbia,SC,29208,US,America/New_York,33.9730239,-81.0191726,60.54548645,1934.0,2026-09-05,34.4,0.0,4.8,,,True,False
401856779,2026,1,regular,2026-09-05T17:00:00.000Z,False,True,False,False,,3772,Jack Trice Stadium,66,Iowa State,fbs,Big 12,38.0,"[14, 14, 3, 7]",0.9895552396774292,1586.0,1586.0,2546,Southeast Missouri State,fcs,OVC,10.0,"[0, 7, 0, 3]",0.0104447603225708,,,2.775955154249339,,,,3772,Jack Trice Stadium,61500.0,True,False,Ames,IA,50011,US,America/Chicago,42.0139977,-93.6357716,274.9135437,1975.0,2026-09-05,29.8,0.0,10.9,,,True,False
401856659,2026,1,regular,2026-09-05T17:00:00.000Z,False,True,False,False,,3683,Kroger Field,96,Kentucky,fbs,SEC,45.0,"[14, 14, 7, 10]",0.9882584810256958,1476.0,1476.0,2754,Youngstown State,fcs,MVFC,13.0,"[0, 7, 6, 0]",0.0117415189743042,,,1.7714212792584294,,,,3683,Kroger Field,61000.0,False,False,Lexington,KY,40506,US,America/New_York,38.0220905,-84.5053408,307.4248962,1973.0,2026-09-05,31.0,0.0,6.8,,,True,False
401864496,2026,1,regular,2026-09-05T17:00:00.000Z,False,True,False,False,,3713,Falcon Stadium,2005,Air Force,fbs,Mountain West,34.0,"[7, 13, 7, 7]",0.992472767829895,1424.0,1424.0,2184,Duquesne,fcs,NEC,0.0,"[0, 0, 0, 0]",0.0075272321701049805,,,1.8531627866369802,,,,3713,Falcon Stadium,46692.0,False,False,Colorado Springs,CO,80840,US,America/Denver,38.9969701,-104.8436165,2024.875732,1962.0,2026-09-05,29.0,0.0,6.7,,,True,False
401862698,2026,1,regular,2026-09-05T18:00:00.000Z,False,True,False,False,,3806,Lincoln Financial Field,218,Temple,fbs,American Athletic,38.0,"[10, 14, 7, 7]",0.9994505643844604,1312.0,1312.0,227,Rhode Island,fcs,Coastal Athletic,14.0,"[7, 7, 0, 0]",0.0005494356155395508,,,3.427826148039743,,,,3806,Lincoln Financial Field,69879.0,False,False,Philadelphia,PA,19122,US,America/New_York,39.9007995,-75.1675414,3.198706865,2003.0,2026-09-05,27.1,0.0,10.0,,,True,False
401856658,2026,1,regular,2026-09-05T19:00:00.000Z,False,True,False,False,,3917,Sanford Stadium,61,Georgia,fbs,SEC,63.0,"[28, 7, 14, 14]",0.987844705581665,1871.0,1871.0,2634,Tennessee State,fcs,OVC,3.0,"[0, 3, 0, 0]",0.012155294418334961,,,1.8624348875527263,,,,3917,Sanford Stadium,92746.0,True,False,Athens,GA,30602,US,America/New_York,33.9498197,-83.3733813,186.1120758,1929.0,2026-09-05,35.9,0.0,4.3,,,True,False
401862696,2026,1,regular,2026-09-05T19:30:00.000Z,False,True,False,False,,3852,Navy-Marine Corps Memorial Stadium,2426,Navy,fbs,American Athletic,42.0,"[14, 14, 7, 7]",0.976482093334198,1550.0,1550.0,119,Towson,fcs,Coastal Athletic,15.0,"[0, 12, 3, 0]",0.023517906665802002,,,3.276233467141967,,,,3852,Navy-Marine Corps Memorial Stadium,34000.0,False,False,Annapolis,MD,21402,US,America/New_York,38.9846985,-76.5076335,10.74990082,1959.0,2026-09-05,25.7,0.0,7.3,,,True,False
401856666,2026,1,regular,2026-09-05T19:30:00.000Z,False,True,False,False,,3853,Neyland Stadium,2633,Tennessee,fbs,SEC,56.0,"[7, 21, 21, 7]",0.9925051331520081,1691.0,1691.0,231,Furman,fcs,Southern,9.0,"[0, 0, 3, 6]",0.007494866847991943,,,2.5481180554485405,,,,3853,Neyland Stadium,102455.0,True,False,Knoxville,TN,37996,US,America/New_York,35.9550131,-83.9250128,271.9517212,1921.0,2026-09-05,30.3,0.1,4.6,,,True,False
401856777,2026,1,regular,2026-09-05T19:30:00.000Z,False,True,False,False,,3854,Nippert Stadium,2132,Cincinnati,fbs,Big 12,34.0,"[3, 7, 14, 10]",0.9926350712776184,1480.0,1516.0,103,Boston College,fbs,ACC,15.0,"[0, 0, 8, 7]",0.007364928722381592,1406.0,1370.0,3.7856761933742193,,,,3854,Nippert Stadium,40000.0,False,False,Cincinnati,OH,45221,US,America/New_York,39.1312495,-84.5161913,230.0660553,1915.0,2026-09-05,33.4,0.0,8.9,,,True,False
401858434,2026,1,regular,2026-09-05T19:30:00.000Z,False,True,False,False,,3632,Beaver Stadium,213,Penn State,fbs,Big Ten,45.0,"[17, 7, 14, 7]",0.9949479103088379,1802.0,1891.0,276,Marshall,fbs,Sun Belt,0.0,"[0, 0, 0, 0]",0.005052089691162109,1478.0,1389.0,2.069694438371381,,,,3632,Beaver Stadium,106572.0,True,False,University Park,PA,16802,US,America/New_York,40.8121958,-77.8561023,354.1551514,1960.0,2026-09-05,25.1,0.0,10.6,,,True,False
401858433,2026,1,regular,2026-09-05T19:30:00.000Z,False,True,False,False,,3626,Autzen Stadium,2483,Oregon,fbs,Big Ten,34.0,"[0, 14, 10, 10]",0.936040997505188,1880.0,1873.0,68,Boise State,fbs,Pac-12,27.0,"[7, 10, 7, 3]",0.06395900249481201,1562.0,1569.0,6.800212461567343,,,,3626,Autzen Stadium,54000.0,False,False,Eugene,OR,97401,US,America/Los_Angeles,44.0582712,-123.0684883,127.4198303,1967.0,2026-09-05,18.1,0.1,2.1,,,True,False
401856667,2026,1,regular,2026-09-05T19:30:00.000Z,False,True,False,False,,3910,DKR-Texas Memorial Stadium,251,Texas,fbs,SEC,59.0,"[14, 14, 21, 10]",0.9363611340522766,1784.0,1913.0,326,Texas State,fbs,Pac-12,7.0,"[0, 7, 0, 0]",0.06363886594772339,1570.0,1441.0,2.4768900387323205,,,,3910,DKR-Texas Memorial Stadium,100119.0,False,False,Austin,TX,78712,US,America/Chicago,30.2836813,-97.7325345,160.3089447,1924.0,2026-09-05,34.9,0.0,3.9,,,True,False
401866627,2026,1,regular,2026-09-05T19:30:00.000Z,False,True,False,False,,3792,Kidd Brewer Stadium,2026,App State,fbs,Sun Belt,55.0,"[7, 24, 7, 17]",0.992509663105011,1310.0,1310.0,311,Maine,fcs,Coastal Athletic,3.0,"[0, 0, 3, 0]",0.007490336894989014,,,2.1860471472481593,,,,3792,Kidd Brewer Stadium,30000.0,False,False,Boone,NC,28608,US,America/New_York,36.2114267,-81.6854278,991.3414307,1962.0,2026-09-05,25.5,0.1,10.8,,,True,False
401858209,2026,1,regular,2026-09-05T19:30:00.000Z,False,True,False,False,,3982,Wallace Wade Stadium,150,Duke,fbs,ACC,17.0,"[7, 3, 0, 7]",0.9367347955703735,1581.0,1607.0,2655,Tulane,fbs,American Athletic,3.0,"[0, 0, 0, 3]",0.06326520442962646,1555.0,1529.0,3.3994336317500204,,,,3982,Wallace Wade Stadium,40004.0,True,False,Durham,NC,27708,US,America/New_York,35.9953688,-78.9417564,103.0028152,1929.0,2026-09-05,30.6,0.3,11.1,,,True,False
401856636,2026,1,regular,2026-09-05T19:30:00.000Z,False,True,True,False,,5348,Mercedes-Benz Stadium,2,Auburn,fbs,SEC,17.0,"[3, 7, 0, 7]",0.3212757408618927,1613.0,1613.0,239,Baylor,fbs,Big 12,16.0,"[0, 7, 0, 9]",0.6787242591381073,1506.0,1506.0,7.276093790199145,,Aflac Kickoff,,5348,Mercedes-Benz Stadium,75000.0,False,True,Atlanta,GA,30313,US,America/New_York,33.755578,-84.400881,307.9,2017.0,2026-09-05,37.0,0.0,6.8,,,True,False
401864499,2026,1,regular,2026-09-05T19:30:00.000Z,False,True,False,False,,3714,Fargodome,2449,North Dakota State,fbs,Mountain West,38.0,"[3, 14, 21, 0]",0.9916819930076599,1562.0,1562.0,2230,Fordham,fcs,Patriot,0.0,"[0, 0, 0, 0]",0.008318006992340088,,,2.332098818300068,,,,3714,Fargodome,18700.0,False,True,Fargo,ND,51802,US,America/Chicago,46.9029938,-96.8003251,274.4847717,1992.0,2026-09-05,26.5,0.0,15.7,,,True,False
401862694,2026,1,regular,2026-09-05T19:30:00.000Z,False,True,False,False,,4418,Jerry Richardson Stadium,2429,Charlotte,fbs,American Athletic,41.0,"[7, 7, 7, 7, 13]",0.07293246686458588,1182.0,1182.0,2643,The Citadel,fcs,Southern,43.0,"[7, 0, 14, 7, 15]",0.9270675331354141,,,9.442475061652209,,,,4418,Jerry Richardson Stadium,15300.0,False,False,Charlotte,NC,28223,US,America/New_York,35.3105033,-80.7401194,190.365509,2013.0,2026-09-05,30.9,0.9,15.2,,,True,False
401862700,2026,1,regular,2026-09-05T19:30:00.000Z,False,True,False,False,,3604,Alamodome,2636,UTSA,fbs,American Athletic,45.0,"[7, 24, 0, 14]",0.977594256401062,1522.0,1522.0,292,UT Rio Grande Valley,fcs,Southland,16.0,"[0, 6, 0, 10]",0.02240574359893799,,,2.762885935131833,,,,3604,Alamodome,36582.0,False,True,San Antonio,TX,78299,US,America/Chicago,29.4169834,-98.4788143,201.5526886,1993.0,2026-09-05,35.2,0.0,7.0,,,True,False
401856772,2026,1,regular,2026-09-05T19:45:00.000Z,False,True,False,False,,3674,Chapman Stadium,202,Tulsa,fbs,American Athletic,24.0,"[3, 7, 7, 7]",0.9988501071929932,1240.0,1268.0,197,Oklahoma State,fbs,Big 12,10.0,"[0, 3, 7, 0]",0.001149892807006836,1240.0,1212.0,3.4798394312225565,,,,3674,Chapman Stadium,30000.0,False,False,Tulsa,OK,74194,US,America/Chicago,36.1489175,-95.9437853,235.5928345,1930.0,2026-09-05,38.5,0.0,7.8,,,True,False
401856635,2026,1,regular,2026-09-05T20:15:00.000Z,False,True,False,False,,3887,Razorback Stadium,8,Arkansas,fbs,SEC,31.0,"[7, 7, 7, 10]",0.9978387951850891,1547.0,1547.0,2453,North Alabama,fcs,UAC,14.0,"[0, 0, 7, 7]",0.0021612048149108887,,,3.2596139293232698,,,,3887,Razorback Stadium,80000.0,False,False,Fayetteville,AR,72702,US,America/Chicago,36.0680662,-94.1789534,403.7972412,1938.0,2026-09-05,37.6,0.0,6.9,,,True,False
401858426,2026,1,regular,2026-09-05T20:15:00.000Z,False,True,False,False,,3793,Kinnick Stadium,2294,Iowa,fbs,Big Ten,40.0,"[20, 13, 7, 0]",0.9894656538963318,1791.0,1847.0,2459,Northern Illinois,fbs,Mountain West,0.0,"[0, 0, 0, 0]",0.010534346103668213,1322.0,1266.0,2.056095441182341,,,,3793,Kinnick Stadium,69250.0,False,False,Iowa City,IA,52242,US,America/Chicago,41.6586045,-91.5510829,220.6357727,1929.0,2026-09-05,31.0,0.0,7.9,,,True,False
401868356,2026,1,regular,2026-09-05T21:00:00.000Z,False,True,False,False,,3815,M. M. Roberts Stadium,2572,Southern Miss,fbs,Sun Belt,49.0,"[7, 14, 21, 7]",0.9972705841064453,1350.0,1350.0,2016,Alcorn State,fcs,SWAC,3.0,"[3, 0, 0, 0]",0.0027294158935546875,,,2.906769279204327,,,,3815,M. M. Roberts Stadium,36000.0,False,False,Hattiesburg,MS,39402,US,America/Chicago,31.3289321,-89.3318118,64.52726746,1932.0,2026-09-05,28.6,2.9,2.2,,,True,False
401867973,2026,1,regular,2026-09-05T22:00:00.000Z,False,True,False,False,,3918,S.B. Ballard Stadium,295,Old Dominion,fbs,Sun Belt,31.0,"[7, 10, 14, 0]",0.8599848747253418,1336.0,1336.0,2450,Norfolk State,fcs,MEAC,10.0,"[0, 7, 3, 0]",0.1400151252746582,,,2.936906991354552,,,,3918,S.B. Ballard Stadium,20118.0,False,False,Norfolk,VA,23551,US,America/New_York,36.8889533,-76.3049175,3.147987843,1936.0,2026-09-05,24.2,3.7,4.2,,,True,False
401860878,2026,1,regular,2026-09-05T22:00:00.000Z,False,True,False,False,,5388,Canvas Stadium,36,Colorado State,fbs,Pac-12,35.0,"[7, 7, 7, 14]",0.9878835082054138,1273.0,1336.0,2751,Wyoming,fbs,Mountain West,13.0,"[3, 3, 7, 0]",0.012116491794586182,1363.0,1300.0,3.447543350267783,,,,5388,Canvas Stadium,36500.0,False,False,Fort Collins,CO,80521,US,America/Denver,40.570015,-105.088435,1528.4,2017.0,2026-09-05,34.0,0.0,3.9,,,True,False
401860880,2026,1,regular,2026-09-05T23:00:00.000Z,False,True,False,False,,3905,Maverik Stadium,328,Utah State,fbs,Pac-12,17.0,"[7, 3, 7, 0]",0.25037574768066406,1376.0,1376.0,304,Idaho State,fcs,Big Sky,29.0,"[6, 10, 3, 10]",0.7496242523193359,,,6.264019457225063,,,,3905,Maverik Stadium,25513.0,False,False,Logan,UT,84322,US,America/Denver,41.7517394,-111.8116007,1427.914429,1968.0,2026-09-05,29.1,0.0,8.7,,,True,False
401870763,2026,1,regular,2026-09-05T23:00:00.000Z,False,True,False,False,,3975,Veterans Memorial Stadium (AL),2653,Troy,fbs,Sun Belt,24.0,"[7, 7, 3, 7]",1.0,1422.0,1420.0,2534,Sam Houston,fbs,Conference USA,21.0,"[7, 7, 0, 7]",0.0,1162.0,1164.0,5.8888493281709735,,,,3975,Veterans Memorial Stadium (AL),30000.0,False,False,Troy,AL,36082,US,America/Chicago,31.7995565,-85.9518328,154.7746277,1950.0,2026-09-05,29.1,0.0,5.4,,,True,False
401856668,2026,1,regular,2026-09-05T23:00:00.000Z,False,True,False,False,,3795,Kyle Field,245,Texas A&M,fbs,SEC,50.0,"[9, 10, 14, 17]",0.9935471415519714,1748.0,1849.0,2623,Missouri State,fbs,Conference USA,0.0,"[0, 0, 0, 0]",0.0064528584480285645,1385.0,1284.0,1.97195805997534,,,,3795,Kyle Field,102733.0,True,False,College Station,TX,77843,US,America/Chicago,30.6098891,-96.3403828,108.824585,1927.0,2026-09-05,33.4,0.0,10.6,,,True,False
401862699,2026,1,regular,2026-09-05T23:00:00.000Z,False,True,False,False,,3886,Raymond James Stadium,58,South Florida,fbs,American Athletic,19.0,"[3, 3, 0, 13]",0.9994904398918152,1682.0,1679.0,2229,Florida International,fbs,Conference USA,9.0,"[0, 0, 3, 6]",0.0005095601081848145,1382.0,1385.0,4.8355795003531155,,,,3886,Raymond James Stadium,65828.0,True,False,Tampa,FL,33620,US,America/New_York,27.9758691,-82.5033344,11.07972908,1998.0,2026-09-05,31.5,0.0,8.7,,,True,False
401856770,2026,1,regular,2026-09-05T23:00:00.000Z,False,True,False,False,,3784,Jones AT&T Stadium,2641,Texas Tech,fbs,Big 12,33.0,"[14, 3, 9, 7]",0.9908412098884583,1870.0,1870.0,2000,Abilene Christian,fcs,UAC,10.0,"[0, 3, 0, 7]",0.009158790111541748,,,2.270616940713421,,,,3784,Jones AT&T Stadium,60454.0,False,False,Lubbock,TX,79409,US,America/Chicago,33.5910518,-101.8728824,980.7632446,1947.0,2026-09-05,35.7,0.0,11.4,,,True,False
401867866,2026,1,regular,2026-09-05T23:00:00.000Z,False,True,False,False,,3725,"Johnny ""Red"" Floyd Stadium",2393,Middle Tennessee,fbs,Conference USA,38.0,"[14, 7, 3, 14]",0.9877748489379883,1276.0,1276.0,93,Murray State,fcs,MVFC,14.0,"[0, 7, 7, 0]",0.012225151062011719,,,2.523397804082168,,,,3725,"Johnny ""Red"" Floyd Stadium",30788.0,False,False,Murfreesboro,TN,37132,US,America/Chicago,35.8511463,-86.3681649,191.7279816,1933.0,2026-09-05,32.8,0.1,4.5,,,True,False
401868140,2026,1,regular,2026-09-05T23:00:00.000Z,False,True,False,False,,3662,AmFirst Stadium,55,Jacksonville State,fbs,Conference USA,49.0,"[14, 21, 7, 7]",0.990320086479187,1432.0,1432.0,2198,Eastern Kentucky,fcs,UAC,7.0,"[0, 7, 0, 0]",0.009679913520812988,,,2.415696723581675,,,,3662,AmFirst Stadium,24000.0,False,False,Jacksonville,AL,36265,US,America/Chicago,33.8201052,-85.76647,198.0679016,1947.0,2026-09-05,32.9,0.0,3.7,,,True,False
401868316,2026,1,regular,2026-09-05T23:00:00.000Z,False,True,False,False,,6526,Hancock Whitney Stadium,6,South Alabama,fbs,Sun Belt,39.0,"[19, 3, 10, 7]",0.9733971357345581,1390.0,1390.0,2545,SE Louisiana,fcs,Southland,14.0,"[7, 0, 7, 0]",0.026602864265441895,,,2.5044065669121878,,,,6526,Hancock Whitney Stadium,25450.0,False,False,Mobile,AL,36688,US,America/Chicago,30.696904,-88.192013,45,2020.0,2026-09-05,27.7,0.2,2.9,,,True,False
401856669,2026,1,regular,2026-09-05T23:00:00.000Z,False,True,False,False,,3973,FirstBank Stadium,238,Vanderbilt,fbs,SEC,28.0,"[5, 10, 6, 7]",0.9735190868377686,1753.0,1753.0,2046,Austin Peay,fcs,UAC,9.0,"[6, 3, 0, 0]",0.026480913162231445,,,3.1370849878505407,,,,3973,FirstBank Stadium,40351.0,False,False,Nashville,TN,37212,US,America/Chicago,36.1440455,-86.8088942,159.9194641,1922.0,2026-09-05,34.0,0.0,2.4,,,True,False
401862695,2026,1,regular,2026-09-05T23:00:00.000Z,False,True,False,False,,3805,Simmons Bank Liberty Stadium,235,Memphis,fbs,American Athletic,42.0,"[0, 21, 14, 7]",0.9897596836090088,1541.0,1566.0,2032,Arkansas State,fbs,Sun Belt,24.0,"[3, 14, 7, 0]",0.010240316390991211,1378.0,1353.0,5.053423669218713,,,,3805,Simmons Bank Liberty Stadium,58325.0,False,False,Memphis,TN,38152,US,America/Chicago,35.1209429,-89.977147,90.62445831,1965.0,2026-09-05,37.7,0.0,8.6,,,True,False
401856771,2026,1,regular,2026-09-05T23:00:00.000Z,False,True,False,False,,3636,Bill Snyder Family Stadium,2306,Kansas State,fbs,Big 12,71.0,"[22, 14, 21, 14]",0.99085533618927,1616.0,1616.0,2447,Nicholls,fcs,Southland,3.0,"[0, 3, 0, 0]",0.00914466381072998,,,1.860002838700055,,,,3636,Bill Snyder Family Stadium,50000.0,False,False,Manhattan,KS,66502,US,America/Chicago,39.2020096,-96.5938395,328.0574646,1968.0,2026-09-05,36.7,0.0,10.2,,,True,False
401862697,2026,1,regular,2026-09-05T23:00:00.000Z,False,True,False,False,,3895,Rice Stadium,242,Rice,fbs,American Athletic,31.0,"[7, 10, 0, 14]",0.9941425919532776,1196.0,1196.0,2277,Houston Christian,fcs,Southland,3.0,"[3, 0, 0, 0]",0.005857408046722412,,,2.594905350092231,,,,3895,Rice Stadium,47000.0,False,False,Houston,TX,77251,US,America/Chicago,29.7163297,-95.4093261,7.148301601,1950.0,2026-09-05,30.6,0.6,9.8,,,True,False
401868170,2026,1,regular,2026-09-05T23:00:00.000Z,False,True,False,False,,3608,Allen E. Paulson Stadium,290,Georgia Southern,fbs,Sun Belt,31.0,"[21, 3, 7, 0]",0.9878964424133301,1376.0,1376.0,2127,Charleston Southern,fcs,OVC,0.0,"[0, 0, 0, 0]",0.012103557586669922,,,2.8280426311254057,,,,3608,Allen E. Paulson Stadium,25000.0,False,False,Statesboro,GA,30460,US,America/New_York,32.4122471,-81.7849296,61.25376892,1984.0,2026-09-05,29.8,0.0,6.4,,,True,False
401856662,2026,1,regular,2026-09-05T23:30:00.000Z,False,True,False,False,,3693,Davis Wade Stadium,344,Mississippi State,fbs,SEC,62.0,"[21, 20, 7, 14]",0.9833825826644897,1478.0,1584.0,2433,UL Monroe,fbs,Sun Belt,13.0,"[0, 3, 10, 0]",0.016617417335510254,1177.0,1071.0,2.163199868290036,,,,3693,Davis Wade Stadium,61337.0,True,False,Starkville,MS,39762,US,America/Chicago,33.4563403,-88.7933652,110.2742081,1914.0,2026-09-05,33.9,0.2,11.8,,,True,False
401858428,2026,1,regular,2026-09-05T23:30:00.000Z,False,True,False,False,,3558,Michigan Stadium,130,Michigan,fbs,Big Ten,13.0,"[7, 0, 0, 6]",0.5044036507606506,1690.0,1686.0,2711,Western Michigan,fbs,Mid-American,12.0,"[3, 3, 0, 6]",0.49559634923934937,1530.0,1534.0,5.085374646276987,,,,3558,Michigan Stadium,107601.0,False,False,Ann Arbor,MI,48109,US,America/Detroit,42.2658365,-83.7486956,255.5500031,1927.0,2026-09-05,23.5,0.0,12.2,,,True,False
401856660,2026,1,regular,2026-09-05T23:30:00.000Z,False,True,False,False,,3958,Tiger Stadium (LA),99,LSU,fbs,SEC,51.0,"[17, 14, 13, 7]",0.988840639591217,1616.0,1745.0,228,Clemson,fbs,ACC,10.0,"[3, 0, 0, 7]",0.011159360408782959,1670.0,1541.0,2.4978783376212546,,,,3958,Tiger Stadium (LA),102321.0,True,False,Baton Rouge,LA,70803,US,America/Chicago,30.412035,-91.1838163,7.640734673,1924.0,2026-09-05,26.5,4.0,6.6,,,True,False
401858211,2026,1,regular,2026-09-05T23:30:00.000Z,False,True,False,False,,3799,Lane Stadium,259,Virginia Tech,fbs,ACC,73.0,"[21, 24, 21, 7]",0.9959549903869629,1421.0,1421.0,2678,VMI,fcs,Southern,3.0,"[0, 0, 0, 3]",0.004045009613037109,,,1.6187263304956838,,,,3799,Lane Stadium,65632.0,True,False,Blacksburg,VA,24061,US,America/New_York,37.2199873,-80.4180643,632.2631226,1965.0,2026-09-05,28.3,0.0,14.8,,,True,False
401869129,2026,1,regular,2026-09-05T23:30:00.000Z,False,True,False,False,,3776,Joe Aillet Stadium,2348,Louisiana Tech,fbs,Sun Belt,80.0,"[21, 42, 14, 3]",0.9989631772041321,1454.0,1454.0,2466,Northwestern State,fcs,Southland,6.0,"[3, 0, 0, 3]",0.00103682279586792,,,2.285266420139923,,,,3776,Joe Aillet Stadium,28019.0,False,False,Ruston,LA,71272,US,America/Chicago,32.5321487,-92.6560019,72.87982941,1968.0,2026-09-05,25.8,1.4,11.7,,,True,False
401856637,2026,1,regular,2026-09-05T23:45:00.000Z,False,True,False,False,,3634,Ben Hill Griffin Stadium,57,Florida,fbs,SEC,66.0,"[17, 21, 14, 14]",0.9905579090118408,1562.0,1658.0,2226,Florida Atlantic,fbs,American Athletic,21.0,"[0, 14, 7, 0]",0.00944209098815918,1285.0,1189.0,2.9309560668065715,,,,3634,Ben Hill Griffin Stadium,88548.0,True,False,Gainesville,FL,32653,US,America/New_York,29.6499357,-82.3485788,44.97250748,1930.0,2026-09-05,28.7,0.0,6.3,,,True,False
401858427,2026,1,regular,2026-09-06T00:00:00.000Z,False,True,False,False,,3665,SECU Stadium,120,Maryland,fbs,Big Ten,62.0,"[17, 17, 21, 7]",0.9812546968460083,1424.0,1424.0,2261,Hampton,fcs,Coastal Athletic,0.0,"[0, 0, 0, 0]",0.0187453031539917,,,2.0262132883316366,,,,3665,SECU Stadium,51802.0,False,False,College Park,MD,20742,US,America/New_York,38.9903332,-76.9473792,32.68748093,1950.0,2026-09-06,23.2,0.4,6.4,,,True,False
401869142,2026,1,regular,2026-09-06T00:00:00.000Z,False,True,False,False,,3666,Cajun Field,309,Louisiana,fbs,Sun Belt,38.0,"[7, 21, 7, 3]",0.9931040406227112,1389.0,1389.0,2320,Lamar,fcs,Southland,7.0,"[0, 0, 0, 7]",0.006895959377288818,,,2.254952524080834,,,,3666,Cajun Field,41426.0,False,False,Lafayette,LA,70506,US,America/Chicago,30.2158434,-92.0417371,3.556508303,1971.0,2026-09-06,28.0,0.0,2.2,,,True,False
401858431,2026,1,regular,2026-09-06T00:00:00.000Z,False,True,False,False,,5960,Lanny and Sharon Martin Stadium,77,Northwestern,fbs,Big Ten,34.0,"[7, 3, 7, 17]",0.9755688905715942,1549.0,1549.0,2571,South Dakota State,fcs,MVFC,18.0,"[0, 6, 6, 6]",0.02443110942840576,,,4.929680461851733,,,,5960,Lanny and Sharon Martin Stadium,12023.0,False,False,Evanston,IL,60208,US,America/Chicago,42.058246,-87.670876,179,1997.0,2026-09-06,22.3,0.0,16.2,,,True,False
401856775,2026,1,regular,2026-09-06T00:00:00.000Z,False,True,False,False,,3801,LaVell Edwards Stadium,252,BYU,fbs,Big 12,63.0,"[14, 28, 14, 7]",0.9927279949188232,1666.0,1666.0,3101,Utah Tech,fcs,Big Sky,7.0,"[0, 0, 7, 0]",0.007272005081176758,,,1.693029251257934,,,,3801,LaVell Edwards Stadium,63470.0,True,False,Provo,UT,84602,US,America/Denver,40.2575347,-111.6545247,1412.097046,1964.0,2026-09-06,28.4,0.0,7.8,,,True,False
401870790,2026,1,regular,2026-09-06T01:00:00.000Z,False,True,False,False,,3601,Aggie Memorial Stadium,166,New Mexico State,fbs,Conference USA,51.0,"[13, 10, 7, 21]",0.9876314401626587,1259.0,1259.0,2385,Mercyhurst,fcs,NEC,14.0,"[7, 7, 0, 0]",0.012368559837341309,,,5.633043387226727,,,,3601,Aggie Memorial Stadium,28853.0,False,False,Las Cruces,NM,88003,US,America/Denver,32.2796202,-106.7411148,1208.201294,1978.0,2026-09-06,32.9,0.0,3.7,,,True,False
401860879,2026,1,regular,2026-09-06T01:30:00.000Z,False,True,False,False,,7311,Snapdragon Stadium,21,San Diego State,fbs,Pac-12,53.0,"[7, 22, 14, 10]",0.9686100482940674,1518.0,1518.0,2502,Portland State,fcs,Big Sky,20.0,"[6, 0, 7, 7]",0.03138995170593262,,,3.4302171098744187,,,,7311,Snapdragon Stadium,35000.0,True,False,San Diego,CA,92093,US,America/Los_Angeles,32.784444,-117.122833,62,2022.0,2026-09-06,26.0,0.1,8.9,,,True,False
401856773,2026,1,regular,2026-09-06T01:30:00.000Z,False,True,False,False,,3619,Arizona Stadium,12,Arizona,fbs,Big 12,35.0,"[7, 14, 7, 7]",0.9888352155685425,1625.0,1625.0,2464,Northern Arizona,fcs,Big Sky,7.0,"[0, 0, 0, 7]",0.01116478443145752,,,2.0200470826040386,,,,3619,Arizona Stadium,50782.0,False,False,Tucson,AZ,85721,US,America/Phoenix,32.2288054,-110.9488677,742.1530151,1928.0,2026-09-06,34.9,0.0,13.7,,,True,False
401864498,2026,1,regular,2026-09-06T02:00:00.000Z,False,True,False,False,,3971,University Stadium (NM),167,New Mexico,fbs,Mountain West,38.0,"[7, 13, 15, 3]",0.9932624697685242,1496.0,1558.0,2117,Central Michigan,fbs,Mid-American,7.0,"[0, 0, 0, 7]",0.00673753023147583,1321.0,1259.0,1.6516373272600842,,,,3971,University Stadium (NM),39224.0,False,False,Albuquerque,NM,87131,US,America/Denver,35.0669479,-106.6283225,1554.471924,1960.0,2026-09-06,30.5,0.0,5.5,,,True,False
401856774,2026,1,regular,2026-09-06T02:00:00.000Z,False,True,False,False,,3947,Mountain America Stadium,9,Arizona State,fbs,Big 12,70.0,"[28, 21, 21, 0]",0.9897788166999817,1572.0,1572.0,2415,Morgan State,fcs,MEAC,7.0,"[7, 0, 0, 0]",0.01022118330001831,,,2.1291923925930254,,,,3947,Mountain America Stadium,65870.0,True,False,Tempe,AZ,85287,US,America/Phoenix,33.4264471,-111.9325005,360.1569519,1958.0,2026-09-06,36.6,0.0,8.8,,,True,False
401866411,2026,1,regular,2026-09-06T02:00:00.000Z,False,True,False,False,,3757,Hornet Stadium,16,Sacramento State,fbs,Mid-American,52.0,"[14, 17, 7, 14]",0.9875482320785522,1476.0,1476.0,2400,Mississippi Valley State,fcs,SWAC,0.0,"[0, 0, 0, 0]",0.012451767921447754,,,2.039980215956526,,,,3757,Hornet Stadium,21195.0,False,False,Sacramento,CA,95819,US,America/Los_Angeles,38.5556718,-121.4229607,12.30015659,1969.0,2026-09-06,26.7,0.0,10.9,,,True,False
401864497,2026,1,regular,2026-09-06T02:00:00.000Z,False,True,False,True,,7220,Clarence T.C. Ching Athletics Complex,62,Hawai'i,fbs,Mountain West,6.0,"[0, 3, 3, 0]",0.03882439061999321,1449.0,1426.0,2439,UNLV,fbs,Mountain West,21.0,"[7, 7, 0, 7]",0.9611756093800068,1566.0,1589.0,4.135331155799781,,,,7220,Clarence T.C. Ching Athletics Complex,15194.0,False,False,Honolulu,HI,96822,US,Pacific/Honolulu,21.294294,-157.819338,20,2015.0,2026-09-06,26.8,0.7,20.1,,,True,False
401858210,2026,1,regular,2026-09-06T02:30:00.000Z,False,True,False,False,,3831,California Memorial Stadium,25,California,fbs,ACC,24.0,"[7, 10, 7, 0]",0.0,1406.0,1349.0,26,UCLA,fbs,Big Ten,45.0,"[7, 17, 0, 21]",1.0,1381.0,1438.0,7.116397431805615,,,,3831,California Memorial Stadium,62467.0,False,False,Berkeley,CA,94720,US,America/Los_Angeles,37.8710434,-122.2507729,125.3108063,1923.0,2026-09-06,19.3,0.0,7.9,,,True,False
401864432,2026,1,regular,2026-09-06T02:30:00.000Z,False,True,False,False,,3816,Mackay Stadium,2440,Nevada,fbs,Mountain West,49.0,"[14, 7, 14, 14]",0.9910643100738525,1351.0,1462.0,98,Western Kentucky,fbs,Conference USA,14.0,"[0, 7, 0, 7]",0.008935689926147461,1438.0,1327.0,2.6540355849259845,,,,3816,Mackay Stadium,27000.0,False,False,Reno,NV,89557,US,America/Los_Angeles,39.5469459,-119.8175435,1406.57605,1966.0,2026-09-06,19.9,0.0,8.7,,,True,False
401858437,2026,1,regular,2026-09-06T20:00:00.000Z,False,True,False,False,,3765,Husky Stadium,264,Washington,fbs,Big Ten,24.0,"[3, 7, 0, 14]",0.9796331524848938,1744.0,1762.0,265,Washington State,fbs,Pac-12,10.0,"[0, 0, 0, 10]",0.0203668475151062,1619.0,1601.0,3.4272122553332083,,,,3765,Husky Stadium,70138.0,False,False,Seattle,WA,98195,US,America/Los_Angeles,47.6503235,-122.3015746,11.65622807,1920.0,2026-09-06,19.7,0.0,10.0,,,True,False
401856661,2026,1,regular,2026-09-06T23:30:00.000Z,False,True,True,False,,3810,Nissan Stadium,145,Ole Miss,fbs,SEC,41.0,"[0, 10, 14, 17]",0.6583908200263977,1839.0,1837.0,97,Louisville,fbs,ACC,38.0,"[3, 3, 18, 14]",0.3416091799736023,1666.0,1668.0,7.825231475951447,,Liberty Mutual Music City Kickoff,,3810,Nissan Stadium,69143.0,False,False,Nashville,TN,37209,US,America/Chicago,36.166479,-86.7712898,121.0412598,1999.0,2026-09-06,32.3,0.0,16.8,,,True,False
401858438,2026,1,regular,2026-09-06T23:30:00.000Z,False,True,True,False,,3798,Lambeau Field,87,Notre Dame,fbs,FBS Independents,41.0,"[10, 3, 14, 14]",0.911626398563385,1995.0,2021.0,275,Wisconsin,fbs,Big Ten,13.0,"[3, 7, 3, 0]",0.08837360143661499,1501.0,1475.0,4.713404453161819,,,,3798,Lambeau Field,80735.0,True,False,Greenbay,WI,54304,US,America/Chicago,44.50131,-88.062273,192.3498077,1957.0,2026-09-06,23.5,0.0,4.9,,,True,False
401858212,2026,1,regular,2026-09-07T23:30:00.000Z,False,True,False,True,,3697,Doak Campbell Stadium,52,Florida State,fbs,ACC,24.0,"[7, 3, 7, 7]",0.03824145346879959,1551.0,1557.0,2567,SMU,fbs,ACC,27.0,"[7, 10, 0, 10]",0.9617585465312004,1734.0,1728.0,6.434540721332048,,,,3697,Doak Campbell Stadium,67277.0,True,False,Tallahassee,FL,32306,US,America/New_York,30.4381692,-84.3044032,19.55942535,1950.0,2026-09-07,28.8,0.3,9.2,,,True,False
401858213,2026,2,regular,2026-09-11T00:00:00.000Z,False,True,False,False,,3948,Hard Rock Stadium,2390,Miami,fbs,ACC,77.0,"[21, 28, 28, 0]",0.9930822253227234,1930.0,1930.0,50,Florida A&M,fcs,SWAC,7.0,"[0, 0, 0, 7]",0.006917774677276611,,,1.8345705305786555,,,,3948,Hard Rock Stadium,64767.0,False,False,Miami Gardens,FL,33299,US,America/New_York,25.9579665,-80.2388604,2.624486446,1987.0,2026-09-11,27.5,0.0,4.9,,,True,False
401858215,2026,2,regular,2026-09-11T23:00:00.000Z,False,True,False,False,,3873,L&N Federal Credit Union Stadium,97,Louisville,fbs,ACC,59.0,"[17, 14, 14, 14]",0.9942125678062439,1668.0,1668.0,222,Villanova,fcs,Patriot,13.0,"[3, 7, 3, 0]",0.0057874321937561035,,,2.4404798318841623,,,,3873,L&N Federal Credit Union Stadium,60000.0,False,False,Louisville,KY,40292,US,America/Kentucky/Louisville,38.2057621,-85.7588141,138.5615997,1998.0,2026-09-11,27.2,0.0,5.1,,,True,False
401858222,2026,2,regular,2026-09-11T23:00:00.000Z,False,True,False,False,,3670,Carter-Finley Stadium,152,NC State,fbs,ACC,73.0,"[21, 28, 14, 10]",0.9935848712921143,1509.0,1509.0,257,Richmond,fcs,Patriot,0.0,"[0, 0, 0, 0]",0.006415128707885742,,,1.9801876241116372,,,,3670,Carter-Finley Stadium,58000.0,True,False,Raleigh,NC,27695,US,America/New_York,35.8008001,-78.7195655,117.0089951,1966.0,2026-09-11,30.5,0.0,3.1,,,True,False
401858220,2026,2,regular,2026-09-11T23:00:00.000Z,False,True,False,False,,3923,Scott Stadium,258,Virginia,fbs,ACC,59.0,"[21, 7, 14, 17]",0.9930822253227234,1652.0,1652.0,2450,Norfolk State,fcs,MEAC,3.0,"[0, 3, 0, 0]",0.006917774677276611,,,2.138828100677014,,,,3923,Scott Stadium,61500.0,True,False,Charlottesville,VA,22904,US,America/New_York,38.0311801,-78.5137897,170.4677429,1931.0,2026-09-11,25.1,0.0,7.7,,,True,False
401858214,2026,2,regular,2026-09-11T23:30:00.000Z,False,True,False,False,,3615,"Alumni Stadium (Chestnut Hill, MA)",103,Boston College,fbs,ACC,28.0,"[14, 6, 0, 8]",0.39106959104537964,1370.0,1380.0,164,Rutgers,fbs,Big Ten,21.0,"[0, 7, 7, 7]",0.6089304089546204,1381.0,1371.0,3.8629434228559565,,,,3615,"Alumni Stadium (Chestnut Hill, MA)",44500.0,False,False,Chestnut Hill,MA,2467 ,US,America/New_York,42.335104,-71.1664413,39.82634354,1957.0,2026-09-11,22.8,0.0,9.7,,,True,False
401856678,2026,2,regular,2026-09-12T00:00:00.000Z,False,True,False,False,,3833,Memorial Stadium,2305,Kansas,fbs,Big 12,21.0,"[0, 14, 7, 0]",0.00580001762136817,1510.0,1485.0,142,Missouri,fbs,SEC,38.0,"[0, 14, 14, 10]",0.9941999823786318,1666.0,1691.0,6.683010293890897,,,,3833,Memorial Stadium,47000.0,False,False,Lawrence,KS,66045,US,America/Chicago,38.9629418,-95.2463686,274.855957,1921.0,2026-09-12,26.5,0.0,9.5,,,True,False
401858439,2026,2,regular,2026-09-12T16:00:00.000Z,False,True,False,False,,3830,"Memorial Stadium (Bloomington, IN)",84,Indiana,fbs,Big Ten,55.0,"[20, 21, 14, 0]",0.9941574335098267,2132.0,2132.0,47,Howard,fcs,MEAC,0.0,"[0, 0, 0, 0]",0.00584256649017334,,,1.6708804528668852,,,,3830,"Memorial Stadium (Bloomington, IN)",52656.0,False,False,Bloomington,IN,47408,US,America/Indiana/Indianapolis,39.1808959,-86.5256217,231.6500854,1960.0,2026-09-12,24.2,0.2,10.8,,,True,False
401864571,2026,2,regular,2026-09-12T16:00:00.000Z,False,True,False,False,,3699,Dowdy-Ficklen Stadium,151,East Carolina,fbs,American Athletic,24.0,"[7, 3, 7, 7]",0.28081414103507996,1477.0,1462.0,2026,App State,fbs,Sun Belt,27.0,"[3, 14, 10, 0]",0.71918585896492,1310.0,1325.0,5.840694871750819,,,,3699,Dowdy-Ficklen Stadium,50000.0,True,False,Greenville,NC,27858,US,America/New_York,35.5968486,-77.364564,19.0564537,1963.0,2026-09-12,29.5,0.0,8.7,,,True,False
401862702,2026,2,regular,2026-09-12T16:00:00.000Z,False,True,False,True,,3841,Michie Stadium,349,Army,fbs,American Athletic,24.0,"[0, 14, 0, 10]",0.3616083562374115,1527.0,1530.0,58,South Florida,fbs,American Athletic,28.0,"[7, 0, 7, 14]",0.6383916437625885,1679.0,1676.0,5.644033764124048,,,,3841,Michie Stadium,38000.0,False,False,West Point,NY,10996,US,America/New_York,41.3874924,-73.9640891,99.21277618,1924.0,2026-09-12,22.3,0.0,10.1,,,True,False
401867929,2026,2,regular,2026-09-12T16:00:00.000Z,False,True,False,False,,3651,Bridgeforth Stadium,256,James Madison,fbs,Sun Belt,87.0,"[21, 21, 24, 21]",0.9958890080451965,1776.0,1776.0,2681,Wagner,fcs,NEC,3.0,"[3, 0, 0, 0]",0.004110991954803467,,,2.521116012299708,,,,3651,Bridgeforth Stadium,24877.0,False,False,Harrisonburg,VA,22807,US,America/New_York,38.4352919,-78.8729349,399.303009,1975.0,2026-09-12,25.5,0.1,15.7,,,True,False
401858442,2026,2,regular,2026-09-12T16:00:00.000Z,False,True,False,False,,3806,Lincoln Financial Field,218,Temple,fbs,American Athletic,9.0,"[0, 3, 0, 6]",0.027871139347553253,1312.0,1323.0,213,Penn State,fbs,Big Ten,27.0,"[0, 10, 10, 7]",0.9721288606524467,1891.0,1880.0,3.5985873235133377,,,,3806,Lincoln Financial Field,69879.0,False,False,Philadelphia,PA,19122,US,America/New_York,39.9007995,-75.1675414,3.198706865,2003.0,2026-09-12,26.4,0.0,9.0,,,True,False
401856781,2026,2,regular,2026-09-12T16:00:00.000Z,False,True,False,False,,3636,Bill Snyder Family Stadium,2306,Kansas State,fbs,Big 12,34.0,"[3, 14, 10, 7]",0.9975051283836365,1616.0,1684.0,265,Washington State,fbs,Pac-12,7.0,"[0, 7, 0, 0]",0.0024948716163635254,1601.0,1533.0,2.7120452347612307,,,,3636,Bill Snyder Family Stadium,50000.0,False,False,Manhattan,KS,66502,US,America/Chicago,39.2020096,-96.5938395,328.0574646,1968.0,2026-09-12,25.4,0.0,16.2,,,True,False
401858224,2026,2,regular,2026-09-12T16:00:00.000Z,False,True,False,False,,3907,Ross-Ade Stadium,2509,Purdue,fbs,Big Ten,36.0,"[7, 3, 3, 10, 13]",0.5124849081039429,1318.0,1326.0,154,Wake Forest,fbs,ACC,38.0,"[7, 10, 3, 3, 15]",0.48751509189605713,1516.0,1508.0,10.15891091707647,,,,3907,Ross-Ade Stadium,57282.0,True,False,West Lafayette,IN,47907,US,America/Indiana/Indianapolis,40.4352253,-86.9186843,197.5337677,1924.0,2026-09-12,25.3,0.0,5.0,,,True,False
401856782,2026,2,regular,2026-09-12T16:00:00.000Z,False,True,False,False,,3646,Boone Pickens Stadium,197,Oklahoma State,fbs,Big 12,39.0,"[3, 21, 6, 9]",0.6795249581336975,1212.0,1274.0,2483,Oregon,fbs,Big Ten,31.0,"[7, 10, 7, 7]",0.3204750418663025,1873.0,1811.0,5.848195968458265,,,,3646,Boone Pickens Stadium,55509.0,False,False,Stillwater,OK,74078,US,America/Chicago,36.125673,-97.066513,276.4808655,1919.0,2026-09-12,28.4,0.0,11.5,,,True,False
401858221,2026,2,regular,2026-09-12T16:00:00.000Z,False,True,False,False,,3799,Lane Stadium,259,Virginia Tech,fbs,ACC,44.0,"[17, 17, 3, 7]",0.9789135456085205,1421.0,1468.0,295,Old Dominion,fbs,Sun Belt,21.0,"[3, 3, 7, 8]",0.021086454391479492,1336.0,1289.0,2.5798047775213986,,,,3799,Lane Stadium,65632.0,True,False,Blacksburg,VA,24061,US,America/New_York,37.2199873,-80.4180643,632.2631226,1965.0,2026-09-12,25.7,0.0,11.6,,,True,False
401868187,2026,2,regular,2026-09-12T16:00:00.000Z,False,True,False,False,,3992,Williams Stadium (VA),2335,Liberty,fbs,Conference USA,24.0,"[14, 3, 0, 7]",0.8924932479858398,1697.0,1697.0,2241,Gardner-Webb,fcs,OVC,23.0,"[6, 14, 3, 0]",0.10750675201416016,,,5.981791198506766,,,,3992,Williams Stadium (VA),25000.0,False,False,Lynchburg,VA,24502,US,America/New_York,37.3544305,-79.1750239,272.9237061,1989.0,2026-09-12,25.5,0.1,10.7,,,True,False
401856679,2026,2,regular,2026-09-12T16:00:00.000Z,False,True,False,False,,3558,Michigan Stadium,130,Michigan,fbs,Big Ten,17.0,"[7, 3, 0, 7]",0.886965274810791,1686.0,1702.0,201,Oklahoma,fbs,SEC,10.0,"[0, 0, 7, 3]",0.11303472518920898,1799.0,1783.0,4.412815749915213,,,,3558,Michigan Stadium,107601.0,False,False,Ann Arbor,MI,48109,US,America/Detroit,42.2658365,-83.7486956,255.5500031,1927.0,2026-09-12,24.4,0.1,7.3,,,True,False
401866416,2026,2,regular,2026-09-12T16:00:00.000Z,False,True,False,False,,3696,Dix Stadium,2309,Kent State,fbs,Mid-American,36.0,"[7, 7, 0, 22]",0.9619717597961426,1035.0,1035.0,2747,Wofford,fcs,Southern,15.0,"[3, 12, 0, 0]",0.03802824020385742,,,4.618649026122627,,,,3696,Dix Stadium,25319.0,False,False,Kent,OH,44242,US,America/New_York,41.1390935,-81.31346,321.3641663,1969.0,2026-09-12,22.2,0.2,10.5,,,True,False
401856683,2026,2,regular,2026-09-12T16:00:00.000Z,False,True,False,False,,3795,Kyle Field,245,Texas A&M,fbs,SEC,48.0,"[7, 10, 7, 24]",0.9799808263778687,1849.0,1890.0,9,Arizona State,fbs,Big 12,20.0,"[7, 3, 10, 0]",0.020019173622131348,1572.0,1531.0,4.058681717255771,,,,3795,Kyle Field,102733.0,True,False,College Station,TX,77843,US,America/Chicago,30.6098891,-96.3403828,108.824585,1927.0,2026-09-12,31.6,0.0,15.5,,,True,False
401858218,2026,2,regular,2026-09-12T16:00:00.000Z,False,True,False,False,,3787,Kenan Stadium,153,North Carolina,fbs,ACC,35.0,"[7, 14, 14, 0]",0.9849953055381775,1395.0,1395.0,2193,East Tennessee State,fcs,Southern,3.0,"[0, 0, 0, 3]",0.01500469446182251,,,1.8097981493180526,,,,3787,Kenan Stadium,50500.0,False,False,Chapel Hill,NC,27515,US,America/New_York,35.9069294,-79.0478889,127.7569809,1927.0,2026-09-12,26.6,0.3,4.7,,,True,False
401856673,2026,2,regular,2026-09-12T16:45:00.000Z,False,True,False,False,,3917,Sanford Stadium,61,Georgia,fbs,SEC,70.0,"[21, 28, 14, 7]",0.9499468803405762,1871.0,1948.0,98,Western Kentucky,fbs,Conference USA,20.0,"[0, 6, 0, 14]",0.05005311965942383,1327.0,1250.0,2.0673143380751107,,,,3917,Sanford Stadium,92746.0,True,False,Athens,GA,30602,US,America/New_York,33.9498197,-83.3733813,186.1120758,1929.0,2026-09-12,26.9,0.2,11.9,,,True,False
401856791,2026,2,regular,2026-09-12T17:00:00.000Z,False,True,False,False,,3842,Milan Puskar Stadium,277,West Virginia,fbs,Big 12,52.0,"[21, 7, 17, 7]",0.9900001287460327,1365.0,1365.0,2630,UT Martin,fcs,OVC,7.0,"[0, 0, 0, 7]",0.009999871253967285,,,2.208256557952954,,,,3842,Milan Puskar Stadium,60000.0,False,False,Morgantown,WV,26507,US,America/New_York,39.6502744,-79.9551873,327.409668,1980.0,2026-09-12,25.2,2.9,14.9,,,True,False
401866417,2026,2,regular,2026-09-12T17:00:00.000Z,False,True,False,False,,3996,Yager Stadium,193,Miami (OH),fbs,Mid-American,45.0,"[14, 28, 3, 0]",0.9932807683944702,1252.0,1252.0,107,Holy Cross,fcs,Patriot,7.0,"[0, 0, 7, 0]",0.006719231605529785,,,1.6097025491435413,,,,3996,Yager Stadium,24286.0,False,False,Oxford,OH,45056,US,America/New_York,39.5197009,-84.7330255,242.2643585,1983.0,2026-09-12,23.8,0.2,11.4,,,True,False
401866415,2026,2,regular,2026-09-12T17:00:00.000Z,False,True,False,False,,3786,Kelly/Shorts Stadium,2117,Central Michigan,fbs,Mid-American,13.0,"[0, 0, 6, 7]",0.9310958981513977,1253.0,1253.0,2142,Colgate,fcs,Patriot,10.0,"[0, 10, 0, 0]",0.0689041018486023,,,4.595530284820957,,,,3786,Kelly/Shorts Stadium,30255.0,False,False,Mount Pleasant,MI,48859,US,America/Detroit,43.5777313,-84.7709904,240.9007721,1972.0,2026-09-12,27.6,0.0,16.4,,,True,False
401866413,2026,2,regular,2026-09-12T18:00:00.000Z,False,True,False,False,,3919,Scheumann Stadium,2050,Ball State,fbs,Mid-American,41.0,"[7, 14, 0, 20]",0.9929779171943665,1076.0,1076.0,2619,Stony Brook,fcs,Coastal Athletic,17.0,"[0, 3, 0, 14]",0.007022082805633545,,,2.9274254084526574,,,,3919,Scheumann Stadium,22500.0,False,False,Muncie,IN,47306,US,America/Indiana/Indianapolis,40.2159422,-85.4161148,285.481781,1967.0,2026-09-12,23.7,1.8,8.1,,,True,False
401858216,2026,2,regular,2026-09-12T19:30:00.000Z,False,True,False,True,,1964,JMA Wireless Dome,183,Syracuse,fbs,ACC,18.0,"[3, 9, 6, 0]",0.45804399251937866,1288.0,1287.0,25,California,fbs,ACC,21.0,"[0, 7, 7, 7]",0.5419560074806213,1349.0,1350.0,6.3187843827573635,,,,1964,JMA Wireless Dome,49057.0,False,True,Syracuse,NY,13244,US,America/New_York,43.0362269,-76.1363161,162.6989746,1980.0,2026-09-12,24.6,0.0,18.0,,,True,False
401859184,2026,2,regular,2026-09-12T19:30:00.000Z,False,True,False,False,,3855,Notre Dame Stadium,87,Notre Dame,fbs,FBS Independents,52.0,"[21, 21, 10, 0]",0.9896548390388489,2021.0,2070.0,242,Rice,fbs,American Athletic,0.0,"[0, 0, 0, 0]",0.010345160961151123,1196.0,1147.0,1.9717400884243172,,,,3855,Notre Dame Stadium,80795.0,False,False,Notre Dame,IN,46556,US,America/Indiana/Indianapolis,41.698378,-86.2339425,222.645401,1930.0,2026-09-12,28.3,0.1,9.0,,,True,False
401858217,2026,2,regular,2026-09-12T19:30:00.000Z,False,True,False,False,,3832,"Memorial Stadium (Champaign, IL)",356,Illinois,fbs,Big Ten,27.0,"[10, 14, 3, 0]",0.017757385969161987,1595.0,1589.0,150,Duke,fbs,ACC,31.0,"[7, 14, 7, 3]",0.982242614030838,1607.0,1613.0,5.659197811170286,,,,3832,"Memorial Stadium (Champaign, IL)",60670.0,False,False,Champaign,IL,61820,US,America/Chicago,40.0993268,-88.2359569,223.2471619,1923.0,2026-09-12,30.1,0.0,10.1,,,True,False
401866419,2026,2,regular,2026-09-12T19:30:00.000Z,False,True,False,False,,3739,Glass Bowl,2649,Toledo,fbs,Mid-American,63.0,"[14, 21, 21, 7]",0.9916463494300842,1576.0,1576.0,2115,Central Connecticut,fcs,NEC,10.0,"[3, 0, 0, 7]",0.008353650569915771,,,3.2197421570118423,,,,3739,Glass Bowl,26038.0,False,False,Toledo,OH,43606,US,America/New_York,41.6574777,-83.6135652,181.4839783,1937.0,2026-09-12,24.3,0.6,13.0,,,True,False
401856810,2026,2,regular,2026-09-12T19:30:00.000Z,False,True,False,True,,3801,LaVell Edwards Stadium,252,BYU,fbs,Big 12,28.0,"[7, 7, 7, 7]",0.9806126356124878,1666.0,1683.0,12,Arizona,fbs,Big 12,17.0,"[10, 7, 0, 0]",0.019387364387512207,1625.0,1608.0,5.22890503880269,,,,3801,LaVell Edwards Stadium,63470.0,True,False,Provo,UT,84602,US,America/Denver,40.2575347,-111.6545247,1412.097046,1964.0,2026-09-12,28.7,0.0,13.2,,,True,False
401862708,2026,2,regular,2026-09-12T19:30:00.000Z,False,True,False,False,,7221,Protective Stadium,5,UAB,fbs,American Athletic,26.0,"[0, 10, 3, 13]",0.9372057318687439,1411.0,1403.0,2433,UL Monroe,fbs,Sun Belt,20.0,"[7, 10, 3, 0]",0.0627942681312561,1071.0,1079.0,5.855949041456546,,,,7221,Protective Stadium,45000.0,False,False,Birmingham,AL,35203,US,America/Chicago,33.5206824,-86.8024326,187,2021.0,2026-09-12,31.1,0.3,3.9,,,True,False
401856790,2026,2,regular,2026-09-12T19:30:00.000Z,False,True,False,False,,3752,Acrisure Stadium,221,Pittsburgh,fbs,ACC,12.0,"[3, 9, 0, 0]",1.0,1681.0,1678.0,2116,UCF,fbs,Big 12,7.0,"[0, 0, 0, 7]",0.0,1465.0,1468.0,5.379665826795133,,,,3752,Acrisure Stadium,68400.0,True,False,Pittsburgh,PA,15260,US,America/New_York,40.4467648,-80.0157603,220.5887146,2001.0,2026-09-12,26.0,0.1,6.7,,,True,False
401856785,2026,2,regular,2026-09-12T19:30:00.000Z,False,True,False,False,,3726,Folsom Field,38,Colorado,fbs,Big 12,52.0,"[21, 21, 3, 7]",0.9908815622329712,1404.0,1404.0,2692,Weber State,fcs,Big Sky,21.0,"[7, 7, 0, 7]",0.009118437767028809,,,3.107023447998443,,,,3726,Folsom Field,50183.0,True,False,Boulder,CO,80309,US,America/Denver,40.0094746,-105.266905,1634.041138,1924.0,2026-09-12,20.9,0.0,5.3,,,True,False
401860884,2026,2,regular,2026-09-12T19:30:00.000Z,False,True,False,False,,3644,Bobcat Stadium (TX),326,Texas State,fbs,Pac-12,26.0,"[0, 17, 6, 3]",0.4162304699420929,1441.0,1438.0,2636,UTSA,fbs,American Athletic,31.0,"[7, 0, 10, 14]",0.5837695300579071,1522.0,1525.0,6.508105036584822,,,,3644,Bobcat Stadium (TX),30000.0,False,False,San Marcos,TX,78666,US,America/Chicago,29.8910008,-97.9255735,177.8676453,1981.0,2026-09-12,35.1,0.0,10.5,,,True,False
401866420,2026,2,regular,2026-09-12T19:30:00.000Z,False,True,False,False,,3985,Warren McGuirk Alumni Stadium,113,Massachusetts,fbs,Mid-American,37.0,"[17, 6, 14, 0]",0.9915581941604614,1049.0,1049.0,2529,Sacred Heart,fcs,Coastal Athletic,10.0,"[0, 0, 3, 7]",0.008441805839538574,,,2.0110112525244674,,,,3985,Warren McGuirk Alumni Stadium,17000.0,False,False,Hadley,MA,1003 ,US,America/New_York,42.3773244,-72.5360595,46.58664703,1965.0,2026-09-12,23.3,0.0,12.2,,,True,False
401858440,2026,2,regular,2026-09-12T19:30:00.000Z,False,True,False,False,,3936,Spartan Stadium,127,Michigan State,fbs,Big Ten,35.0,"[7, 7, 14, 7]",0.9901273250579834,1468.0,1528.0,2199,Eastern Michigan,fbs,Mid-American,7.0,"[0, 7, 0, 0]",0.009872674942016602,1353.0,1293.0,2.694647689046348,,,,3936,Spartan Stadium,75005.0,True,False,East Lansing,MI,48824,US,America/Detroit,42.7281474,-84.4848526,254.8794861,1923.0,2026-09-12,27.6,0.0,12.4,,,True,False
401858444,2026,2,regular,2026-09-12T19:30:00.000Z,False,True,False,False,,3892,Pratt & Whitney Stadium,41,UConn,fbs,FBS Independents,14.0,"[7, 0, 7, 0]",0.027325501665472984,1484.0,1413.0,120,Maryland,fbs,Big Ten,38.0,"[7, 10, 14, 7]",0.972674498334527,1424.0,1495.0,4.122592171700131,,,,3892,Pratt & Whitney Stadium,40000.0,True,False,East Hartford,CT,6118 ,US,America/New_York,41.7595675,-72.6187728,6.515614986,2003.0,2026-09-12,24.2,0.0,10.3,,,True,False
401858446,2026,2,regular,2026-09-12T19:30:00.000Z,False,True,False,False,,3765,Husky Stadium,264,Washington,fbs,Big Ten,16.0,"[0, 10, 0, 6]",0.857559323310852,1762.0,1757.0,328,Utah State,fbs,Pac-12,14.0,"[0, 7, 0, 7]",0.14244067668914795,1376.0,1381.0,7.0473552315932055,,,,3765,Husky Stadium,70138.0,False,False,Seattle,WA,98195,US,America/Los_Angeles,47.6503235,-122.3015746,11.65622807,1920.0,2026-09-12,17.3,0.0,6.8,,,True,False
401856674,2026,2,regular,2026-09-12T19:30:00.000Z,False,True,False,True,,3683,Kroger Field,96,Kentucky,fbs,SEC,17.0,"[7, 10, 0, 0]",0.0,1476.0,1440.0,333,Alabama,fbs,SEC,45.0,"[7, 6, 18, 14]",1.0,1823.0,1859.0,4.735355751393114,,,,3683,Kroger Field,61000.0,False,False,Lexington,KY,40506,US,America/New_York,38.0220905,-84.5053408,307.4248962,1973.0,2026-09-12,26.1,0.4,14.8,,,True,False
401856677,2026,2,regular,2026-09-12T19:30:00.000Z,False,True,False,False,,3953,Huntington Bank Stadium,135,Minnesota,fbs,Big Ten,13.0,"[3, 3, 7, 0]",0.02202126942574978,1510.0,1452.0,344,Mississippi State,fbs,SEC,38.0,"[14, 14, 3, 7]",0.9779787305742502,1584.0,1642.0,3.6851358285722577,,,,3953,Huntington Bank Stadium,50850.0,False,False,Minneapolis,MN,55488,US,America/Chicago,44.976525,-93.2245462,254.3902283,2009.0,2026-09-12,22.8,0.0,15.2,,,True,False
401866412,2026,2,regular,2026-09-12T19:30:00.000Z,False,True,False,False,,3768,InfoCision Stadium,2006,Akron,fbs,Mid-American,45.0,"[7, 14, 10, 14]",0.9734373688697815,905.0,905.0,2523,Robert Morris,fcs,NEC,10.0,"[0, 10, 0, 0]",0.026562631130218506,,,2.9058535163628694,,,,3768,InfoCision Stadium,30000.0,False,False,Akron,OH,44399,US,America/New_York,41.0725534,-81.5083408,321.2875061,2009.0,2026-09-12,21.3,1.6,8.8,,,True,False
401862705,2026,2,regular,2026-09-12T19:45:00.000Z,False,True,False,False,,3825,DATCU Stadium,249,North Texas,fbs,American Athletic,44.0,"[13, 7, 14, 10]",0.9951195120811462,1590.0,1699.0,2439,UNLV,fbs,Mountain West,6.0,"[0, 3, 3, 0]",0.00488048791885376,1589.0,1480.0,2.4064488437525,,,,3825,DATCU Stadium,30850.0,False,False,Denton,TX,76210,US,America/Chicago,33.203899,-97.159245,198.6871948,2011.0,2026-09-12,37.0,0.0,13.3,,,True,False
401864506,2026,2,regular,2026-09-12T20:00:00.000Z,False,True,False,False,,3984,War Memorial Stadium,2751,Wyoming,fbs,Mountain West,21.0,"[0, 7, 0, 14]",1.0,1309.0,1309.0,2458,Northern Colorado,fcs,Big Sky,13.0,"[0, 10, 3, 0]",0.0,,,5.613684794038708,,,,3984,War Memorial Stadium,29181.0,False,False,Laramie,WY,82071,US,America/Denver,41.31161,-105.5681384,2200.153564,1950.0,2026-09-12,25.3,0.1,20.8,,,True,False
401858223,2026,2,regular,2026-09-12T20:00:00.000Z,False,True,False,False,,3735,Gerald J. Ford Stadium,2567,SMU,fbs,ACC,56.0,"[14, 28, 7, 7]",0.9876115322113037,1734.0,1734.0,302,UC Davis,fcs,Big Sky,10.0,"[0, 0, 0, 10]",0.012388467788696289,,,1.917390208205421,,,,3735,Gerald J. Ford Stadium,32000.0,False,False,University Park,TX,75275,US,America/Chicago,32.8377223,-96.7827859,169.4058075,2000.0,2026-09-12,37.3,0.0,8.0,,,True,False
401868326,2026,2,regular,2026-09-12T20:00:00.000Z,False,True,False,False,,3975,Veterans Memorial Stadium (AL),2653,Troy,fbs,Sun Belt,34.0,"[14, 17, 3, 0]",1.0,1416.0,1416.0,2011,Alabama State,fcs,SWAC,17.0,"[7, 0, 10, 0]",0.0,,,3.5127105558260845,,,,3975,Veterans Memorial Stadium (AL),30000.0,False,False,Troy,AL,36082,US,America/Chicago,31.7995565,-85.9518328,154.7746277,1950.0,2026-09-12,29.7,0.2,9.3,,,True,False
401865252,2026,2,regular,2026-09-12T20:00:00.000Z,False,True,False,False,,3971,University Stadium (NM),167,New Mexico,fbs,Mountain West,70.0,"[7, 42, 14, 7]",0.9994450211524963,1564.0,1564.0,2385,Mercyhurst,fcs,NEC,7.0,"[7, 0, 0, 0]",0.0005549788475036621,,,3.5097709978250333,,,,3971,University Stadium (NM),39224.0,False,False,Albuquerque,NM,87131,US,America/Denver,35.0669479,-106.6283225,1554.471924,1960.0,2026-09-12,33.6,0.0,3.9,,,True,False
401856684,2026,2,regular,2026-09-12T20:15:00.000Z,False,True,False,False,,3973,FirstBank Stadium,238,Vanderbilt,fbs,SEC,35.0,"[14, 0, 21, 0]",0.9546753168106079,1753.0,1746.0,48,Delaware,fbs,Conference USA,26.0,"[0, 17, 0, 9]",0.04532468318939209,1404.0,1411.0,4.163405310327982,,,,3973,FirstBank Stadium,40351.0,False,False,Nashville,TN,37212,US,America/Chicago,36.1440455,-86.8088942,159.9194641,1922.0,2026-09-12,28.3,0.7,9.4,,,True,False
401856672,2026,2,regular,2026-09-12T21:30:00.000Z,False,True,False,False,,3634,Ben Hill Griffin Stadium,57,Florida,fbs,SEC,52.0,"[10, 35, 7, 0]",0.9858131408691406,1669.0,1669.0,2097,Campbell,fcs,Coastal Athletic,3.0,"[3, 0, 0, 0]",0.014186859130859375,,,2.480300376623857,,,,3634,Ben Hill Griffin Stadium,88548.0,True,False,Gainesville,FL,32653,US,America/New_York,29.6499357,-82.3485788,44.97250748,1930.0,2026-09-12,29.3,0.2,7.4,,,True,False
401866414,2026,2,regular,2026-09-12T22:00:00.000Z,False,True,False,False,,2031,Pitbull Stadium,2229,Florida International,fbs,Conference USA,33.0,"[14, 7, 9, 3]",1.0,1385.0,1409.0,2084,Buffalo,fbs,Mid-American,20.0,"[3, 3, 8, 6]",0.0,1365.0,1341.0,3.115485379206615,,,,2031,Pitbull Stadium,20000.0,False,False,Miami,FL,33199,US,America/New_York,25.7525,-80.37778,6,1995.0,2026-09-12,26.9,0.3,3.7,,,True,False
401860881,2026,2,regular,2026-09-12T22:00:00.000Z,False,True,False,False,,3653,Albertsons Stadium,68,Boise State,fbs,Pac-12,38.0,"[3, 14, 14, 7]",0.9536568522453308,1569.0,1609.0,235,Memphis,fbs,American Athletic,20.0,"[7, 13, 0, 0]",0.04634314775466919,1566.0,1526.0,5.390900336820925,,,,3653,Albertsons Stadium,36387.0,False,False,Boise,ID,83725,US,America/Boise,43.6028839,-116.1958882,823.2221069,1970.0,2026-09-12,30.3,0.0,6.3,,,True,False
401866418,2026,2,regular,2026-09-12T22:00:00.000Z,False,True,False,False,,3876,Peden Stadium,195,Ohio,fbs,Mid-American,29.0,"[0, 14, 0, 10, 5]",0.3134487271308899,1318.0,1320.0,55,Jacksonville State,fbs,Conference USA,27.0,"[7, 10, 7, 0, 3]",0.6865512728691101,1428.0,1426.0,7.380048779354027,,,,3876,Peden Stadium,24000.0,False,False,Athens,OH,45701,US,America/New_York,39.3212794,-82.1034315,194.230896,1929.0,2026-09-12,23.2,0.7,9.1,,,True,False
401866421,2026,2,regular,2026-09-12T22:30:00.000Z,False,True,False,False,,3980,Waldo Stadium,2711,Western Michigan,fbs,Mid-American,49.0,"[7, 14, 21, 7]",0.9900599718093872,1534.0,1534.0,2405,Monmouth,fcs,Coastal Athletic,14.0,"[0, 0, 7, 7]",0.009940028190612793,,,2.799589385494212,,,,3980,Waldo Stadium,30200.0,False,False,Kalamazoo,MI,49008,US,America/Detroit,42.2860064,-85.6007573,243.8211212,1939.0,2026-09-12,27.0,0.0,12.6,,,True,False
401869955,2026,2,regular,2026-09-12T23:00:00.000Z,False,True,False,False,,4899,Fifth Third Stadium,338,Kennesaw State,fbs,Conference USA,17.0,"[3, 0, 8, 6]",0.004584266804158688,1373.0,1327.0,2247,Georgia State,fbs,Sun Belt,31.0,"[6, 15, 7, 3]",0.9954157331958413,1241.0,1287.0,3.164195020313668,,,,4899,Fifth Third Stadium,11040.0,True,False,Kennesaw,GA,30144,US,America/New_York,34.0289318,-84.5676234,296.9589844,2010.0,2026-09-12,28.4,0.0,6.0,,,True,False
401862707,2026,2,regular,2026-09-12T23:00:00.000Z,False,True,False,False,,3647,Elliott T. Bowers Stadium,2534,Sam Houston,fbs,Conference USA,17.0,"[7, 7, 3, 0]",0.6375409960746765,1164.0,1161.0,202,Tulsa,fbs,American Athletic,23.0,"[0, 10, 13, 0]",0.3624590039253235,1268.0,1271.0,5.6417792526782655,,,,3647,Elliott T. Bowers Stadium,14000.0,False,False,Huntsville,TX,77340,US,America/Chicago,30.713926,-95.5419802,127.6225204,1986.0,2026-09-12,33.1,0.1,12.4,,,True,False
401871046,2026,2,regular,2026-09-12T23:00:00.000Z,False,True,False,False,,3878,Plaster Sports Complex,2623,Missouri State,fbs,Conference USA,48.0,"[14, 20, 14, 0]",0.9952582120895386,1268.0,1268.0,2815,Lindenwood,fcs,OVC,14.0,"[0, 0, 7, 7]",0.004741787910461426,,,2.3846776173413207,,,,3878,Plaster Sports Complex,17337.0,False,False,Springfield,MO,65897,US,America/Chicago,37.1976229,-93.2798119,402.368103,1941.0,2026-09-12,31.9,0.0,15.1,,,True,False
401864575,2026,2,regular,2026-09-12T23:00:00.000Z,False,True,False,False,,4729,Yulman Stadium,2655,Tulane,fbs,American Athletic,28.0,"[0, 14, 7, 7]",0.6363710761070251,1529.0,1528.0,6,South Alabama,fbs,Sun Belt,24.0,"[10, 0, 7, 7]",0.36362892389297485,1390.0,1391.0,6.324042801260324,,,,4729,Yulman Stadium,30000.0,False,False,New Orleans,LA,70118,US,America/Chicago,29.944616,-90.116692,0.0000000000000000000000000000000000000118,2014.0,2026-09-12,27.2,0.0,4.2,,,True,False
401856787,2026,2,regular,2026-09-12T23:00:00.000Z,False,True,False,False,,4728,TDECU Stadium,248,Houston,fbs,Big 12,77.0,"[28, 21, 21, 7]",0.9922709465026855,1521.0,1521.0,2582,Southern,fcs,SWAC,6.0,"[0, 0, 6, 0]",0.007729053497314453,,,1.4433547098894488,,,,4728,TDECU Stadium,40000.0,False,False,Houston,TX,77004,US,America/Chicago,29.7219885,-95.3491623,9.57440567,2014.0,2026-09-12,31.7,0.1,10.9,,,True,False
401856681,2026,2,regular,2026-09-12T23:00:00.000Z,False,True,False,False,,721,Bobby Dodd Stadium,59,Georgia Tech,fbs,ACC,24.0,"[10, 0, 7, 7]",0.0073597487062215805,1553.0,1515.0,2633,Tennessee,fbs,SEC,45.0,"[7, 17, 7, 14]",0.9926402512937784,1691.0,1729.0,4.585174285774379,,,,721,Bobby Dodd Stadium,55000.0,False,False,Atlanta,GA,30332,US,America/New_York,33.7724449,-84.3928054,279.300415,1913.0,2026-09-12,28.0,0.0,5.8,,,True,False
401856786,2026,2,regular,2026-09-12T23:00:00.000Z,False,True,False,False,,3854,Nippert Stadium,2132,Cincinnati,fbs,Big 12,62.0,"[7, 21, 21, 13]",0.9993381500244141,1516.0,1516.0,2717,Western Carolina,fcs,Southern,10.0,"[3, 7, 0, 0]",0.0006618499755859375,,,2.811860573881546,,,,3854,Nippert Stadium,40000.0,False,False,Cincinnati,OH,45221,US,America/New_York,39.1312495,-84.5161913,230.0660553,1915.0,2026-09-12,24.3,0.0,7.1,,,True,False
401860882,2026,2,regular,2026-09-12T23:00:00.000Z,False,True,False,False,,5388,Canvas Stadium,36,Colorado State,fbs,Pac-12,58.0,"[17, 31, 3, 7]",0.9919970035552979,1327.0,1327.0,253,Southern Utah,fcs,Big Sky,24.0,"[7, 14, 0, 3]",0.008002996444702148,,,3.3659690485874445,,,,5388,Canvas Stadium,36500.0,False,False,Fort Collins,CO,80521,US,America/Denver,40.570015,-105.088435,1528.4,2017.0,2026-09-12,24.5,0.0,12.4,,,True,False
401871045,2026,2,regular,2026-09-12T23:00:00.000Z,False,True,False,False,,3775,Joan C. Edwards Stadium,276,Marshall,fbs,Sun Belt,28.0,"[7, 7, 0, 14]",0.7449626922607422,1389.0,1388.0,2393,Middle Tennessee,fbs,Conference USA,26.0,"[7, 6, 7, 6]",0.2550373077392578,1276.0,1277.0,6.5898616001456,,,,3775,Joan C. Edwards Stadium,38016.0,False,False,Huntington,WV,25755,US,America/New_York,38.4247042,-82.4214412,163.7328186,1991.0,2026-09-12,23.8,0.1,4.3,,,True,False
401856680,2026,2,regular,2026-09-12T23:00:00.000Z,False,True,False,False,,3994,Williams-Brice Stadium,2579,South Carolina,fbs,SEC,45.0,"[7, 10, 14, 14]",0.9886041879653931,1763.0,1763.0,119,Towson,fcs,Coastal Athletic,9.0,"[0, 3, 6, 0]",0.011395812034606934,,,3.081217784380853,,,,3994,Williams-Brice Stadium,80250.0,True,False,Columbia,SC,29208,US,America/New_York,33.9730239,-81.0191726,60.54548645,1934.0,2026-09-12,26.9,0.0,3.9,,,True,False
401868241,2026,2,regular,2026-09-12T23:00:00.000Z,False,True,False,False,,3625,Centennial Bank Stadium,2032,Arkansas State,fbs,Sun Belt,52.0,"[0, 21, 17, 14]",0.9971566200256348,1349.0,1349.0,2698,West Georgia,fcs,UAC,7.0,"[0, 7, 0, 0]",0.0028433799743652344,,,2.538354222285957,,,,3625,Centennial Bank Stadium,30382.0,False,False,Jonesboro,AR,72404,US,America/Chicago,35.8488977,-90.6677436,89.52690887,1974.0,2026-09-12,32.3,0.0,3.5,,,True,False
401858441,2026,2,regular,2026-09-12T23:00:00.000Z,False,True,False,False,,3834,"Memorial Stadium (Lincoln, NE)",158,Nebraska,fbs,Big Ten,56.0,"[14, 21, 0, 21]",0.9927433133125305,1592.0,1705.0,189,Bowling Green,fbs,Mid-American,7.0,"[0, 0, 0, 7]",0.007256686687469482,1340.0,1227.0,1.8334434786997853,,,,3834,"Memorial Stadium (Lincoln, NE)",85458.0,False,False,Lincoln,NE,68588,US,America/Chicago,40.820682,-96.705594,354.9318848,1923.0,2026-09-12,23.8,0.0,9.3,,,True,False
401864503,2026,2,regular,2026-09-12T23:00:00.000Z,False,True,False,False,,3764,Huskie Stadium,2459,Northern Illinois,fbs,Mountain West,24.0,"[0, 17, 0, 7]",0.32738885283470154,1245.0,1245.0,2287,Illinois State,fcs,MVFC,28.0,"[14, 7, 0, 7]",0.6726111471652985,,,6.71050730738745,,,,3764,Huskie Stadium,23595.0,False,False,DeKalb,IL,60115,US,America/Chicago,41.9339586,-88.7778357,267.4530029,1965.0,2026-09-12,26.2,0.0,13.3,,,True,False
401858443,2026,2,regular,2026-09-12T23:15:00.000Z,False,True,False,False,,1056,Rose Bowl,26,UCLA,fbs,Big Ten,28.0,"[0, 0, 7, 21]",0.9974139332771301,1438.0,1487.0,21,San Diego State,fbs,Pac-12,10.0,"[0, 0, 0, 10]",0.002586066722869873,1518.0,1469.0,3.469360436775447,,,,1056,Rose Bowl,88565.0,True,False,Pasadena,CA,90095,US,America/Los_Angeles,34.1613284,-118.1676462,245.1772461,1922.0,2026-09-12,30.0,0.0,8.3,,,True,False
401858447,2026,2,regular,2026-09-12T23:15:00.000Z,False,True,False,False,,347,Camp Randall Stadium,275,Wisconsin,fbs,Big Ten,36.0,"[17, 6, 7, 6]",0.9956700801849365,1455.0,1455.0,2710,Western Illinois,fcs,OVC,9.0,"[3, 3, 3, 0]",0.0043299198150634766,,,1.9789155142132075,,,,347,Camp Randall Stadium,80321.0,False,False,Madison,WI,53711,US,America/Chicago,43.06994,-89.4126943,263.604126,1917.0,2026-09-12,24.3,0.0,8.9,,,True,False
401856682,2026,2,regular,2026-09-12T23:30:00.000Z,False,True,False,False,,3910,DKR-Texas Memorial Stadium,251,Texas,fbs,SEC,24.0,"[0, 3, 0, 21]",0.14218954741954803,1913.0,1916.0,194,Ohio State,fbs,Big Ten,23.0,"[10, 10, 3, 0]",0.857810452580452,1986.0,1983.0,5.114837003774396,,,,3910,DKR-Texas Memorial Stadium,100119.0,False,False,Austin,TX,78712,US,America/Chicago,30.2836813,-97.7325345,160.3089447,1924.0,2026-09-12,31.7,0.1,3.9,,,True,False
401856788,2026,2,regular,2026-09-12T23:30:00.000Z,False,True,False,False,,3793,Kinnick Stadium,2294,Iowa,fbs,Big Ten,16.0,"[0, 10, 0, 6]",0.40168020129203796,1847.0,1845.0,66,Iowa State,fbs,Big 12,13.0,"[0, 10, 3, 0]",0.598319798707962,1586.0,1588.0,4.958241936566457,,,,3793,Kinnick Stadium,69250.0,False,False,Iowa City,IA,52242,US,America/Chicago,41.6586045,-91.5510829,220.6357727,1929.0,2026-09-12,24.9,0.0,13.0,,,True,False
401868008,2026,2,regular,2026-09-12T23:30:00.000Z,False,True,False,False,,3654,Brooks Stadium (SC),324,Coastal Carolina,fbs,Sun Belt,45.0,"[7, 21, 10, 7]",0.9924191832542419,1270.0,1270.0,2230,Fordham,fcs,Patriot,7.0,"[0, 7, 0, 0]",0.007580816745758057,,,3.0899856745210967,,,,3654,Brooks Stadium (SC),21000.0,False,False,Conway,SC,29528,US,America/New_York,33.7928506,-79.0166946,13.74894905,2003.0,2026-09-12,26.6,0.2,11.4,,,True,False
401867796,2026,2,regular,2026-09-12T23:30:00.000Z,False,True,False,False,,3958,Tiger Stadium (LA),99,LSU,fbs,SEC,45.0,"[10, 0, 14, 21]",0.9529680609703064,1745.0,1794.0,2348,Louisiana Tech,fbs,Sun Belt,14.0,"[0, 7, 0, 7]",0.047031939029693604,1454.0,1405.0,3.7694043568740536,,,,3958,Tiger Stadium (LA),102321.0,True,False,Baton Rouge,LA,70803,US,America/Chicago,30.412035,-91.1838163,7.640734673,1924.0,2026-09-12,28.5,0.0,5.7,,,True,False
401858219,2026,2,regular,2026-09-12T23:30:00.000Z,False,True,False,False,,3836,"Memorial Stadium (Clemson, SC)",228,Clemson,fbs,ACC,22.0,"[7, 9, 0, 6]",0.9427822828292847,1541.0,1558.0,290,Georgia Southern,fbs,Sun Belt,7.0,"[0, 7, 0, 0]",0.05721771717071533,1376.0,1359.0,3.8034063954453603,,,,3836,"Memorial Stadium (Clemson, SC)",81500.0,True,False,Clemson,SC,29634,US,America/New_York,34.6787737,-82.8432428,205.6452179,1942.0,2026-09-12,25.1,0.2,5.8,,,True,False
401862703,2026,2,regular,2026-09-12T23:30:00.000Z,False,True,False,True,,3715,FAU Stadium,2226,Florida Atlantic,fbs,American Athletic,38.0,"[14, 17, 7, 0]",0.9901638031005859,1189.0,1226.0,2426,Navy,fbs,American Athletic,30.0,"[7, 0, 7, 16]",0.009836196899414062,1550.0,1513.0,3.34078476829419,,,,3715,FAU Stadium,29419.0,False,False,Boca Raton,FL,33499,US,America/New_York,26.3763763,-80.1015759,3.613628864,2011.0,2026-09-12,26.1,0.1,5.1,,,True,False
401856783,2026,2,regular,2026-09-12T23:30:00.000Z,False,True,False,False,,3893,Reser Stadium,204,Oregon State,fbs,Pac-12,24.0,"[0, 7, 14, 3]",0.0,1260.0,1285.0,2641,Texas Tech,fbs,Big 12,35.0,"[0, 14, 7, 14]",1.0,1870.0,1845.0,8.803792527027108,,,,3893,Reser Stadium,43363.0,False,False,Corvallis,OR,97331,US,America/Los_Angeles,44.5594559,-123.2814341,66.90744781,1953.0,2026-09-12,15.9,0.1,10.1,,,True,False
401856676,2026,2,regular,2026-09-12T23:45:00.000Z,False,True,False,False,,3974,Vaught-Hemingway Stadium,145,Ole Miss,fbs,SEC,41.0,"[7, 20, 0, 14]",0.9847775101661682,1837.0,1851.0,2429,Charlotte,fbs,American Athletic,9.0,"[0, 0, 6, 3]",0.015222489833831787,1182.0,1168.0,2.0606104158869574,,,,3974,Vaught-Hemingway Stadium,64038.0,True,False,Oxford,MS,38677,US,America/Chicago,34.3619837,-89.5342076,146.8517151,1915.0,2026-09-12,31.6,0.1,6.2,,,True,False
401856671,2026,2,regular,2026-09-12T23:45:00.000Z,False,True,False,False,,3785,Jordan-Hare Stadium,2,Auburn,fbs,SEC,43.0,"[17, 10, 16, 0]",0.9917724132537842,1613.0,1678.0,2572,Southern Miss,fbs,Sun Belt,8.0,"[0, 8, 0, 0]",0.00822758674621582,1350.0,1285.0,2.0289423578577437,,,,3785,Jordan-Hare Stadium,87451.0,True,False,Auburn,AL,36849,US,America/Chicago,32.6025532,-85.4897479,201.1737976,1939.0,2026-09-12,28.5,0.0,4.0,,,True,False
401856789,2026,2,regular,2026-09-13T00:00:00.000Z,False,True,False,False,,3616,Amon G. Carter Stadium,2628,TCU,fbs,Big 12,63.0,"[7, 21, 14, 21]",0.9990647435188293,1598.0,1598.0,2755,Grambling,fcs,SWAC,7.0,"[0, 7, 0, 0]",0.0009352564811706543,,,2.1245978996663135,,,,3616,Amon G. Carter Stadium,46000.0,True,False,Fort Worth,TX,76129,US,America/Chicago,32.7096604,-97.3680835,185.4387054,1929.0,2026-09-13,35.5,0.0,11.6,,,True,False
401856784,2026,2,regular,2026-09-13T00:08:00.000Z,False,True,False,False,,4727,McLane Stadium,239,Baylor,fbs,Big 12,44.0,"[17, 17, 7, 3]",0.9628165364265442,1509.0,1509.0,2504,Prairie View A&M,fcs,SWAC,3.0,"[3, 0, 0, 0]",0.03718346357345581,,,3.4287794730585697,,,,4727,McLane Stadium,45140.0,False,False,Waco,TX,76704,US,America/Chicago,31.5582015,-97.1156702,117.0538101,2014.0,2026-09-13,33.1,0.0,12.5,,,True,False
401864505,2026,2,regular,2026-09-13T01:00:00.000Z,False,True,False,False,,3946,Sun Bowl,2638,UTEP,fbs,Mountain West,51.0,"[7, 14, 21, 9]",0.9886823892593384,1143.0,1143.0,2640,Texas Southern,fcs,SWAC,10.0,"[7, 3, 0, 0]",0.011317610740661621,,,3.6816616555625794,,,,3946,Sun Bowl,51500.0,False,False,El Paso,TX,79968,US,America/Denver,31.7733353,-106.507957,1183.697876,1963.0,2026-09-13,34.2,0.0,7.7,,,True,False
401864504,2026,2,regular,2026-09-13T01:00:00.000Z,False,True,False,False,,3935,CEFCU Stadium,23,San José State,fbs,Mountain West,30.0,"[0, 13, 7, 10]",0.971356213092804,1407.0,1407.0,13,Cal Poly,fcs,Big Sky,20.0,"[0, 6, 7, 7]",0.028643786907196045,,,5.605784129851264,,,,3935,CEFCU Stadium,30456.0,False,False,San Jose,CA,95112,US,America/Los_Angeles,37.3196675,-121.8682962,28.30708694,1933.0,2026-09-13,22.4,0.0,13.1,,,True,False
401864502,2026,2,regular,2026-09-13T02:00:00.000Z,False,True,False,True,,3713,Falcon Stadium,2005,Air Force,fbs,Mountain West,32.0,"[0, 13, 0, 19]",0.7506696581840515,1424.0,1423.0,2449,North Dakota State,fbs,Mountain West,38.0,"[7, 21, 7, 3]",0.2493303418159485,1566.0,1567.0,4.633518427306371,,,,3713,Falcon Stadium,46692.0,False,False,Colorado Springs,CO,80840,US,America/Denver,38.9969701,-104.8436165,2024.875732,1962.0,2026-09-13,17.0,0.0,6.7,,,True,False
401856670,2026,2,regular,2026-09-13T02:15:00.000Z,False,True,False,False,,587,Rice-Eccles Stadium,254,Utah,fbs,Big 12,43.0,"[7, 22, 7, 7]",0.9934656023979187,1817.0,1874.0,8,Arkansas,fbs,SEC,10.0,"[3, 0, 0, 7]",0.006534397602081299,1547.0,1490.0,3.092347466132634,,,,587,Rice-Eccles Stadium,51444.0,False,False,Salt Lake City,UT,84112,US,America/Denver,40.7599724,-111.8488255,1411.543579,1998.0,2026-09-13,27.3,0.0,0.9,,,True,False
401860883,2026,2,regular,2026-09-13T02:30:00.000Z,False,True,False,False,,3660,Valley Children's Stadium,278,Fresno State,fbs,Pac-12,49.0,"[0, 32, 14, 3]",0.9862982630729675,1449.0,1591.0,16,Sacramento State,fbs,Mid-American,3.0,"[0, 0, 3, 0]",0.01370173692703247,1466.0,1324.0,2.6248456325091527,,,,3660,Valley Children's Stadium,41031.0,False,False,Fresno,CA,93740,US,America/Los_Angeles,36.8143527,-119.7580092,102.564064,1980.0,2026-09-13,33.8,0.0,9.2,,,True,False
401864500,2026,2,regular,2026-09-13T02:30:00.000Z,False,True,False,False,,3816,Mackay Stadium,2440,Nevada,fbs,Mountain West,7.0,"[0, 0, 0, 7]",0.00619275588542223,1451.0,1451.0,147,Montana State,fcs,Big Sky,20.0,"[10, 7, 0, 3]",0.9938072441145778,,,3.456983827518999,,,,3816,Mackay Stadium,27000.0,False,False,Reno,NV,89557,US,America/Los_Angeles,39.5469459,-119.8175435,1406.57605,1966.0,2026-09-13,23.0,0.0,9.0,,,True,False
401858445,2026,2,regular,2026-09-13T03:00:00.000Z,False,True,False,False,,477,Los Angeles Memorial Coliseum,30,USC,fbs,Big Ten,49.0,"[7, 21, 7, 14]",1.0,1835.0,1837.0,309,Louisiana,fbs,Sun Belt,30.0,"[3, 7, 7, 13]",0.0,1389.0,1387.0,3.9120114593741944,,,,477,Los Angeles Memorial Coliseum,77500.0,True,False,Los Angeles,CA,90089,US,America/Los_Angeles,34.014167,-118.287778,42.50374222,1923.0,2026-09-13,22.7,0.0,4.5,,,True,False
401864578,2026,2,regular,2026-09-13T03:59:00.000Z,False,True,False,False,,7220,Clarence T.C. Ching Athletics Complex,62,Hawai'i,fbs,Mountain West,29.0,"[9, 10, 3, 7]",0.941411018371582,1426.0,1432.0,166,New Mexico State,fbs,Conference USA,19.0,"[0, 13, 6, 0]",0.05858898162841797,1267.0,1261.0,4.774929477424329,,,,7220,Clarence T.C. Ching Athletics Complex,15194.0,False,False,Honolulu,HI,96822,US,Pacific/Honolulu,21.294294,-157.819338,20,2015.0,2026-09-13,27.0,0.0,14.0,,,True,False
401858225,2026,3,regular,2026-09-17T23:30:00.000Z,False,True,False,True,,3752,Acrisure Stadium,221,Pittsburgh,fbs,ACC,27.0,"[7, 10, 7, 3]",1.0,1678.0,1675.0,183,Syracuse,fbs,ACC,13.0,"[0, 10, 0, 3]",0.0,1287.0,1290.0,2.681393052123561,,,,3752,Acrisure Stadium,68400.0,True,False,Pittsburgh,PA,15260,US,America/New_York,40.4467648,-80.0157603,220.5887146,2001.0,2026-09-17,24.4,0.2,6.1,,,True,False
401858226,2026,3,regular,2026-09-18T23:30:00.000Z,False,True,False,True,,3630,Allegacy Federal Credit Union Stadium,154,Wake Forest,fbs,ACC,20.0,"[7, 0, 6, 7]",0.06744542717933655,1508.0,1514.0,2390,Miami,fbs,ACC,33.0,"[7, 17, 7, 2]",0.9325545728206635,1901.0,1895.0,4.531463816387299,,,,3630,Allegacy Federal Credit Union Stadium,31500.0,False,False,Winston-Salem,NC,27105,US,America/New_York,36.1305507,-80.2545851,283.548584,1968.0,2026-09-18,26.9,0.3,8.8,,,True,False
401856811,2026,3,regular,2026-09-19T00:00:00.000Z,False,True,False,True,,3784,Jones AT&T Stadium,2641,Texas Tech,fbs,Big 12,28.0,"[0, 14, 7, 7]",0.5553051233291626,1845.0,1841.0,248,Houston,fbs,Big 12,26.0,"[10, 7, 3, 6]",0.4446948766708374,1514.0,1518.0,6.805447451480736,,,,3784,Jones AT&T Stadium,60454.0,False,False,Lubbock,TX,79409,US,America/Chicago,33.5910518,-101.8728824,980.7632446,1947.0,2026-09-19,32.2,0.0,10.8,,,True,False
401858455,2026,3,regular,2026-09-19T02:30:00.000Z,False,True,False,False,,3626,Autzen Stadium,2483,Oregon,fbs,Big Ten,84.0,"[28, 21, 14, 21]",0.9894304871559143,1838.0,1838.0,2502,Portland State,fcs,Big Sky,0.0,"[0, 0, 0, 0]",0.010569512844085693,,,1.89479407163626,,,,3626,Autzen Stadium,54000.0,False,False,Eugene,OR,97401,US,America/Los_Angeles,44.0582712,-123.0684883,127.4198303,1967.0,2026-09-19,18.4,0.0,6.8,,,True,False
401869940,2026,3,regular,2026-09-19T15:30:00.000Z,False,True,False,False,,3695,Delaware Stadium,48,Delaware,fbs,Conference USA,22.0,"[0, 15, 0, 7]",0.16937653720378876,1411.0,1414.0,324,Coastal Carolina,fbs,Sun Belt,14.0,"[7, 7, 0, 0]",0.8306234627962112,1270.0,1267.0,4.877524784363484,,,,3695,Delaware Stadium,22000.0,False,False,Newark,DE,19713,US,America/New_York,39.6617428,-75.7488224,28.74350357,1952.0,2026-09-19,21.9,0.0,11.3,,,True,False
401856812,2026,3,regular,2026-09-19T16:00:00.000Z,False,True,True,True,,2455,Wembley Stadium,2305,Kansas,fbs,Big 12,17.0,"[0, 7, 0, 10]",0.7476793527603149,1485.0,1481.0,9,Arizona State,fbs,Big 12,24.0,"[3, 7, 7, 7]",0.25232064723968506,1531.0,1535.0,4.606880390879709,,,,2455,Wembley Stadium,90000.0,True,False,London,,,GB,Europe/London,51.5556,-0.2794,47,2007.0,2026-09-19,20.7,0.4,20.9,,,True,False
401856792,2026,3,regular,2026-09-19T16:00:00.000Z,False,True,False,False,,3636,Bill Snyder Family Stadium,2306,Kansas State,fbs,Big 12,31.0,"[0, 17, 7, 7]",0.993634819984436,1684.0,1692.0,2655,Tulane,fbs,American Athletic,20.0,"[7, 3, 3, 7]",0.006365180015563965,1528.0,1520.0,3.379333217409422,,,,3636,Bill Snyder Family Stadium,50000.0,False,False,Manhattan,KS,66502,US,America/Chicago,39.2020096,-96.5938395,328.0574646,1968.0,2026-09-19,29.2,0.0,12.8,,,True,False
401856686,2026,3,regular,2026-09-19T16:00:00.000Z,False,True,False,True,,3887,Razorback Stadium,8,Arkansas,fbs,SEC,17.0,"[0, 3, 0, 14]",0.0,1490.0,1466.0,61,Georgia,fbs,SEC,45.0,"[7, 14, 10, 14]",1.0,1948.0,1972.0,2.951363194479673,,,,3887,Razorback Stadium,80000.0,False,False,Fayetteville,AR,72702,US,America/Chicago,36.0680662,-94.1789534,403.7972412,1938.0,2026-09-19,30.8,0.0,15.2,,,True,False
401858456,2026,3,regular,2026-09-19T16:00:00.000Z,False,True,False,False,,3632,Beaver Stadium,213,Penn State,fbs,Big Ten,55.0,"[17, 17, 14, 7]",0.9946691989898682,1880.0,1933.0,2084,Buffalo,fbs,Mid-American,13.0,"[3, 3, 0, 7]",0.005330801010131836,1341.0,1288.0,2.03969834859093,,,,3632,Beaver Stadium,106572.0,True,False,University Park,PA,16802,US,America/New_York,40.8121958,-77.8561023,354.1551514,1960.0,2026-09-19,17.4,0.0,5.5,,,True,False
401860889,2026,3,regular,2026-09-19T16:00:00.000Z,False,True,False,False,,3644,Bobcat Stadium (TX),326,Texas State,fbs,Pac-12,49.0,"[21, 7, 7, 14]",1.0,1438.0,1491.0,249,North Texas,fbs,American Athletic,35.0,"[7, 21, 0, 7]",0.0,1699.0,1646.0,5.544088586426384,,,,3644,Bobcat Stadium (TX),30000.0,False,False,San Marcos,TX,78666,US,America/Chicago,29.8910008,-97.9255735,177.8676453,1981.0,2026-09-19,29.1,0.0,3.9,,,True,False
401856798,2026,3,regular,2026-09-19T16:00:00.000Z,False,True,False,False,,3772,Jack Trice Stadium,66,Iowa State,fbs,Big 12,55.0,"[21, 14, 10, 10]",0.9847278594970703,1588.0,1683.0,189,Bowling Green,fbs,Mid-American,7.0,"[7, 0, 0, 0]",0.015272140502929688,1227.0,1132.0,2.90255500259395,,,,3772,Jack Trice Stadium,61500.0,True,False,Ames,IA,50011,US,America/Chicago,42.0139977,-93.6357716,274.9135437,1975.0,2026-09-19,26.0,0.0,10.9,,,True,False
401858454,2026,3,regular,2026-09-19T16:00:00.000Z,False,True,False,False,,3861,Ohio Stadium,194,Ohio State,fbs,Big Ten,59.0,"[21, 14, 7, 17]",0.9889574646949768,1983.0,2032.0,2309,Kent State,fbs,Mid-American,3.0,"[0, 0, 0, 3]",0.011042535305023193,1056.0,1007.0,1.5658069191125186,,,,3861,Ohio Stadium,102780.0,False,False,Columbus,OH,43210,US,America/New_York,40.0016447,-83.0197266,216.6770325,1922.0,2026-09-19,23.2,0.0,9.6,,,True,False
401858451,2026,3,regular,2026-09-19T16:00:00.000Z,False,True,False,False,,3953,Huntington Bank Stadium,135,Minnesota,fbs,Big Ten,41.0,"[10, 10, 7, 14]",0.9865986704826355,1452.0,1484.0,2006,Akron,fbs,Mid-American,7.0,"[0, 0, 0, 7]",0.013401329517364502,929.0,897.0,2.252949199441229,,,,3953,Huntington Bank Stadium,50850.0,False,False,Minneapolis,MN,55488,US,America/Chicago,44.976525,-93.2245462,254.3902283,2009.0,2026-09-19,15.8,0.0,12.5,,,True,False
401858229,2026,3,regular,2026-09-19T16:00:00.000Z,False,True,False,True,,3836,"Memorial Stadium (Clemson, SC)",228,Clemson,fbs,ACC,28.0,"[3, 3, 9, 13]",0.9200934171676636,1558.0,1560.0,153,North Carolina,fbs,ACC,20.0,"[14, 3, 0, 3]",0.07990658283233643,1398.0,1396.0,4.845464774691703,,,,3836,"Memorial Stadium (Clemson, SC)",81500.0,True,False,Clemson,SC,29634,US,America/New_York,34.6787737,-82.8432428,205.6452179,1942.0,2026-09-19,29.1,0.0,5.5,,,True,False
401858228,2026,3,regular,2026-09-19T16:00:00.000Z,False,True,False,False,,721,Bobby Dodd Stadium,59,Georgia Tech,fbs,ACC,44.0,"[7, 17, 13, 7]",0.9872198700904846,1503.0,1503.0,2382,Mercer,fcs,Southern,11.0,"[0, 3, 8, 0]",0.01278012990951538,,,1.9715837092751365,,,,721,Bobby Dodd Stadium,55000.0,False,False,Atlanta,GA,30332,US,America/New_York,33.7724449,-84.3928054,279.300415,1913.0,2026-09-19,31.0,0.0,4.8,,,True,False
401858460,2026,3,regular,2026-09-19T16:30:00.000Z,False,True,False,False,,347,Camp Randall Stadium,275,Wisconsin,fbs,Big Ten,54.0,"[3, 28, 10, 13]",0.9905959367752075,1475.0,1580.0,2199,Eastern Michigan,fbs,Mid-American,10.0,"[7, 0, 0, 3]",0.00940406322479248,1293.0,1188.0,2.899037008885028,,,,347,Camp Randall Stadium,80321.0,False,False,Madison,WI,53711,US,America/Chicago,43.06994,-89.4126943,263.604126,1917.0,2026-09-19,18.1,0.4,11.7,,,True,False
401856695,2026,3,regular,2026-09-19T16:45:00.000Z,False,True,False,False,,3973,FirstBank Stadium,238,Vanderbilt,fbs,SEC,35.0,"[0, 7, 7, 21]",0.9763383865356445,1746.0,1742.0,152,NC State,fbs,ACC,31.0,"[14, 3, 7, 7]",0.02366161346435547,1506.0,1510.0,8.990119449610065,,,,3973,FirstBank Stadium,40351.0,False,False,Nashville,TN,37212,US,America/Chicago,36.1440455,-86.8088942,159.9194641,1922.0,2026-09-19,33.5,0.0,4.2,,,True,False
401864508,2026,3,regular,2026-09-19T17:00:00.000Z,False,True,False,False,,3786,Kelly/Shorts Stadium,2117,Central Michigan,fbs,Mid-American,24.0,"[3, 14, 7, 0]",0.9417828321456909,1259.0,1291.0,2751,Wyoming,fbs,Mountain West,10.0,"[0, 0, 3, 7]",0.05821716785430908,1300.0,1268.0,2.5193044641179796,,,,3786,Kelly/Shorts Stadium,30255.0,False,False,Mount Pleasant,MI,48859,US,America/Detroit,43.5777313,-84.7709904,240.9007721,1972.0,2026-09-19,16.1,0.0,8.0,,,True,False
401858227,2026,3,regular,2026-09-19T18:00:00.000Z,False,True,False,False,,3615,"Alumni Stadium (Chestnut Hill, MA)",103,Boston College,fbs,ACC,22.0,"[16, 3, 3, 0]",0.6811010241508484,1379.0,1379.0,311,Maine,fcs,Coastal Athletic,16.0,"[0, 10, 0, 6]",0.3188989758491516,,,3.131625533947348,,,,3615,"Alumni Stadium (Chestnut Hill, MA)",44500.0,False,False,Chestnut Hill,MA,2467 ,US,America/New_York,42.335104,-71.1664413,39.82634354,1957.0,2026-09-19,16.2,0.0,7.3,,,True,False
401858448,2026,3,regular,2026-09-19T18:00:00.000Z,False,True,False,False,,3832,"Memorial Stadium (Champaign, IL)",356,Illinois,fbs,Big Ten,48.0,"[14, 17, 0, 17]",0.9906846880912781,1587.0,1587.0,79,Southern Illinois,fcs,MVFC,10.0,"[7, 3, 0, 0]",0.009315311908721924,,,2.609181816487975,,,,3832,"Memorial Stadium (Champaign, IL)",60670.0,False,False,Champaign,IL,61820,US,America/Chicago,40.0993268,-88.2359569,223.2471619,1923.0,2026-09-19,25.3,0.0,7.1,,,True,False
401862774,2026,3,regular,2026-09-19T19:00:00.000Z,False,True,False,False,,3739,Glass Bowl,2649,Toledo,fbs,Mid-American,49.0,"[7, 7, 7, 21, 7]",0.5539595484733582,1568.0,1561.0,218,Temple,fbs,American Athletic,48.0,"[10, 14, 3, 15, 6]",0.44604045152664185,1323.0,1330.0,7.729420903421505,,,,3739,Glass Bowl,26038.0,False,False,Toledo,OH,43606,US,America/New_York,41.6574777,-83.6135652,181.4839783,1937.0,2026-09-19,19.9,0.0,8.3,,,True,False
401858233,2026,3,regular,2026-09-19T19:30:00.000Z,False,True,False,False,,3831,California Memorial Stadium,25,California,fbs,ACC,49.0,"[29, 10, 7, 3]",0.960480809211731,1353.0,1353.0,2681,Wagner,fcs,NEC,7.0,"[0, 7, 0, 0]",0.03951919078826904,,,2.013852397878264,,,,3831,California Memorial Stadium,62467.0,False,False,Berkeley,CA,94720,US,America/Los_Angeles,37.8710434,-122.2507729,125.3108063,1923.0,2026-09-19,20.2,0.0,9.7,,,True,False
401866424,2026,3,regular,2026-09-19T19:30:00.000Z,False,True,False,False,,3985,Warren McGuirk Alumni Stadium,113,Massachusetts,fbs,Mid-American,36.0,"[13, 0, 9, 14]",1.0,1049.0,1049.0,284,Stonehill,fcs,NEC,14.0,"[7, 0, 0, 7]",0.0,,,2.7463259433589973,,,,3985,Warren McGuirk Alumni Stadium,17000.0,False,False,Hadley,MA,1003 ,US,America/New_York,42.3773244,-72.5360595,46.58664703,1965.0,2026-09-19,19.1,0.0,0.7,,,True,False
401856685,2026,3,regular,2026-09-19T19:30:00.000Z,False,True,False,False,,3657,Bryant-Denny Stadium,333,Alabama,fbs,SEC,50.0,"[3, 23, 14, 10]",0.9943773746490479,1859.0,1863.0,52,Florida State,fbs,ACC,36.0,"[14, 7, 7, 8]",0.0056226253509521484,1557.0,1553.0,5.513821541043104,,,,3657,Bryant-Denny Stadium,101821.0,True,False,Tuscaloosa,AL,35487,US,America/Chicago,33.2082752,-87.5503836,70.05136108,1929.0,2026-09-19,35.3,0.1,2.2,,,True,False
401858230,2026,3,regular,2026-09-19T19:30:00.000Z,False,True,False,True,,3873,L&N Federal Credit Union Stadium,97,Louisville,fbs,ACC,41.0,"[14, 0, 14, 13]",0.9996628165245056,1668.0,1690.0,2567,SMU,fbs,ACC,31.0,"[7, 10, 7, 7]",0.00033718347549438477,1728.0,1706.0,7.0761696534289475,,,,3873,L&N Federal Credit Union Stadium,60000.0,False,False,Louisville,KY,40292,US,America/Kentucky/Louisville,38.2057621,-85.7588141,138.5615997,1998.0,2026-09-19,34.9,0.0,10.2,,,True,False
401856797,2026,3,regular,2026-09-19T19:30:00.000Z,False,True,False,False,,7173,TQL Stadium,2132,Cincinnati,fbs,Big 12,35.0,"[7, 0, 14, 14]",0.6021653413772583,1516.0,1512.0,193,Miami (OH),fbs,Mid-American,31.0,"[14, 14, 0, 3]",0.3978346586227417,1259.0,1263.0,6.38672450903238,,,,7173,TQL Stadium,26000.0,True,False,Cincinnati,OH,45214,US,America/New_York,39.11139,-84.52222,162,2021.0,2026-09-19,28.3,0.4,9.4,,,True,False
401860890,2026,3,regular,2026-09-19T19:30:00.000Z,False,True,False,False,,3820,Gesa Field,265,Washington State,fbs,Pac-12,48.0,"[7, 7, 21, 13]",0.992756724357605,1536.0,1536.0,2184,Duquesne,fcs,NEC,7.0,"[7, 0, 0, 0]",0.0072432756423950195,,,3.736257066861516,,,,3820,Gesa Field,32952.0,False,False,Pullman,WA,99164,US,America/Los_Angeles,46.731831,-117.1604991,773.9526367,1972.0,2026-09-19,21.4,0.0,4.9,,,True,False
401858450,2026,3,regular,2026-09-19T19:30:00.000Z,False,True,False,False,,3558,Michigan Stadium,130,Michigan,fbs,Big Ten,52.0,"[0, 17, 28, 7]",0.9927566647529602,1702.0,1735.0,2638,UTEP,fbs,Mountain West,17.0,"[7, 7, 0, 3]",0.007243335247039795,1163.0,1130.0,4.7078150789167,,,,3558,Michigan Stadium,107601.0,False,False,Ann Arbor,MI,48109,US,America/Detroit,42.2658365,-83.7486956,255.5500031,1927.0,2026-09-19,17.2,1.2,13.1,,,True,False
401858457,2026,3,regular,2026-09-19T19:30:00.000Z,False,True,False,True,,6577,SHI Stadium,164,Rutgers,fbs,Big Ten,35.0,"[7, 7, 14, 7]",0.0719924047589302,1371.0,1391.0,30,USC,fbs,Big Ten,42.0,"[10, 10, 15, 7]",0.9280075952410698,1837.0,1817.0,6.144945172564879,,,,6577,SHI Stadium,52454.0,False,False,Piscataway,NJ,08854,US,America/New_York,40.513611,-74.465278,19,1994.0,2026-09-19,21.2,0.0,9.8,,,True,False
401856694,2026,3,regular,2026-09-19T19:30:00.000Z,False,True,False,True,,3795,Kyle Field,245,Texas A&M,fbs,SEC,21.0,"[0, 7, 0, 14]",0.003098544664680958,1890.0,1824.0,96,Kentucky,fbs,SEC,31.0,"[0, 7, 21, 3]",0.996901455335319,1440.0,1506.0,4.227566138069254,,,,3795,Kyle Field,102733.0,True,False,College Station,TX,77843,US,America/Chicago,30.6098891,-96.3403828,108.824585,1927.0,2026-09-19,33.6,0.0,5.5,,,True,False
401856801,2026,3,regular,2026-09-19T19:30:00.000Z,False,True,False,False,,587,Rice-Eccles Stadium,254,Utah,fbs,Big 12,33.0,"[16, 10, 7, 0]",0.9871453642845154,1874.0,1907.0,328,Utah State,fbs,Pac-12,0.0,"[0, 0, 0, 0]",0.01285463571548462,1381.0,1348.0,1.855585364021608,,,,587,Rice-Eccles Stadium,51444.0,False,False,Salt Lake City,UT,84112,US,America/Denver,40.7599724,-111.8488255,1411.543579,1998.0,2026-09-19,17.7,0.2,5.7,,,True,False
401866422,2026,3,regular,2026-09-19T20:00:00.000Z,False,True,False,False,,3992,Williams Stadium (VA),2335,Liberty,fbs,Conference USA,51.0,"[13, 10, 14, 14]",0.9943554401397705,1697.0,1728.0,2050,Ball State,fbs,Mid-American,15.0,"[7, 0, 8, 0]",0.005644559860229492,1112.0,1081.0,2.9032035567150762,,,,3992,Williams Stadium (VA),25000.0,False,False,Lynchburg,VA,24502,US,America/New_York,37.3544305,-79.1750239,272.9237061,1989.0,2026-09-19,27.9,0.0,7.1,,,True,False
401867804,2026,3,regular,2026-09-19T20:00:00.000Z,False,True,False,False,,4727,McLane Stadium,239,Baylor,fbs,Big 12,36.0,"[7, 13, 9, 7]",0.9502611756324768,1506.0,1534.0,2348,Louisiana Tech,fbs,Sun Belt,19.0,"[7, 0, 0, 12]",0.04973882436752319,1405.0,1377.0,3.360110119380664,,,,4727,McLane Stadium,45140.0,False,False,Waco,TX,76704,US,America/Chicago,31.5582015,-97.1156702,117.0538101,2014.0,2026-09-19,34.4,0.0,10.4,,,True,False
401858471,2026,3,regular,2026-09-19T20:00:00.000Z,False,True,False,False,,3793,Kinnick Stadium,2294,Iowa,fbs,Big Ten,55.0,"[21, 21, 7, 6]",0.9930168986320496,1841.0,1841.0,2460,Northern Iowa,fcs,MVFC,0.0,"[0, 0, 0, 0]",0.0069831013679504395,,,2.087183122203247,,,,3793,Kinnick Stadium,69250.0,False,False,Iowa City,IA,52242,US,America/Chicago,41.6586045,-91.5510829,220.6357727,1929.0,2026-09-19,23.3,0.4,18.2,,,True,False
401858449,2026,3,regular,2026-09-19T20:00:00.000Z,False,True,False,False,,3830,"Memorial Stadium (Bloomington, IN)",84,Indiana,fbs,Big Ten,38.0,"[0, 14, 17, 7]",0.9926459193229675,2113.0,2121.0,98,Western Kentucky,fbs,Conference USA,0.0,"[0, 0, 0, 0]",0.007354080677032471,1250.0,1242.0,2.876401622365555,,,,3830,"Memorial Stadium (Bloomington, IN)",52656.0,False,False,Bloomington,IN,47408,US,America/Indiana/Indianapolis,39.1808959,-86.5256217,231.6500854,1960.0,2026-09-19,30.8,0.0,4.6,,,True,False
401858231,2026,3,regular,2026-09-19T20:00:00.000Z,False,True,False,True,,3982,Wallace Wade Stadium,150,Duke,fbs,ACC,35.0,"[0, 14, 14, 7]",0.9935848712921143,1613.0,1656.0,24,Stanford,fbs,ACC,7.0,"[0, 7, 0, 0]",0.006415128707885742,1354.0,1311.0,3.237433821701348,,,,3982,Wallace Wade Stadium,40004.0,True,False,Durham,NC,27708,US,America/New_York,35.9953688,-78.9417564,103.0028152,1929.0,2026-09-19,29.7,0.0,8.3,,,True,False
401856691,2026,3,regular,2026-09-19T20:15:00.000Z,False,True,False,True,,3994,Williams-Brice Stadium,2579,South Carolina,fbs,SEC,34.0,"[13, 10, 0, 11]",0.0,1742.0,1721.0,344,Mississippi State,fbs,SEC,41.0,"[0, 14, 17, 10]",1.0,1642.0,1663.0,5.6081138909839074,,,,3994,Williams-Brice Stadium,80250.0,True,False,Columbia,SC,29208,US,America/New_York,33.9730239,-81.0191726,60.54548645,1934.0,2026-09-19,29.5,1.0,7.1,,,True,False
401868317,2026,3,regular,2026-09-19T20:30:00.000Z,False,True,False,False,,3817,Malone Stadium,2433,UL Monroe,fbs,Sun Belt,35.0,"[0, 13, 7, 15]",0.025431832298636436,1076.0,1076.0,2545,SE Louisiana,fcs,Southland,38.0,"[7, 17, 7, 7]",0.9745681677013636,,,5.870224837157036,,,,3817,Malone Stadium,27617.0,False,False,Monroe,LA,71209,US,America/Chicago,32.5308089,-92.0660602,22.998209,1978.0,2026-09-19,36.4,0.0,9.1,,,True,False
401862771,2026,3,regular,2026-09-19T22:00:00.000Z,False,True,False,False,,3715,FAU Stadium,2226,Florida Atlantic,fbs,American Athletic,16.0,"[10, 0, 6, 0]",0.9298617243766785,1226.0,1243.0,2229,Florida International,fbs,Conference USA,10.0,"[0, 7, 0, 3]",0.07013827562332153,1409.0,1392.0,5.53028244613773,,,,3715,FAU Stadium,29419.0,False,False,Boca Raton,FL,33499,US,America/New_York,26.3763763,-80.1015759,3.613628864,2011.0,2026-09-19,27.3,0.0,3.7,,,True,False
401862710,2026,3,regular,2026-09-19T22:00:00.000Z,False,True,False,False,,3918,S.B. Ballard Stadium,295,Old Dominion,fbs,Sun Belt,17.0,"[0, 17, 0, 0]",0.7674409747123718,1289.0,1295.0,151,East Carolina,fbs,American Athletic,20.0,"[7, 3, 7, 3]",0.23255902528762817,1462.0,1456.0,6.3264494952988874,,,,3918,S.B. Ballard Stadium,20118.0,False,False,Norfolk,VA,23551,US,America/New_York,36.8889533,-76.3049175,3.147987843,1936.0,2026-09-19,25.4,0.0,14.2,,,True,False
401864574,2026,3,regular,2026-09-19T22:00:00.000Z,False,True,False,False,,3792,Kidd Brewer Stadium,2026,App State,fbs,Sun Belt,26.0,"[3, 10, 6, 7]",1.0,1325.0,1324.0,2429,Charlotte,fbs,American Athletic,21.0,"[0, 7, 0, 14]",0.0,1168.0,1169.0,3.7335858381066593,,,,3792,Kidd Brewer Stadium,30000.0,False,False,Boone,NC,28608,US,America/New_York,36.2114267,-81.6854278,991.3414307,1962.0,2026-09-19,20.4,0.5,5.4,,,True,False
401871047,2026,3,regular,2026-09-19T22:30:00.000Z,False,True,False,False,,3878,Plaster Sports Complex,2623,Missouri State,fbs,Conference USA,24.0,"[10, 0, 14, 0]",0.5527694821357727,1284.0,1281.0,276,Marshall,fbs,Sun Belt,30.0,"[14, 3, 10, 3]",0.4472305178642273,1388.0,1391.0,6.715983248413741,,,,3878,Plaster Sports Complex,17337.0,False,False,Springfield,MO,65897,US,America/Chicago,37.1976229,-93.2798119,402.368103,1941.0,2026-09-19,34.9,0.0,15.8,,,True,False
401861963,2026,3,regular,2026-09-19T23:00:00.000Z,False,True,False,False,,3815,M. M. Roberts Stadium,2572,Southern Miss,fbs,Sun Belt,20.0,"[3, 3, 7, 7]",0.0,1285.0,1224.0,41,UConn,fbs,FBS Independents,48.0,"[14, 13, 14, 7]",1.0,1413.0,1474.0,4.811639806925726,,,,3815,M. M. Roberts Stadium,36000.0,False,False,Hattiesburg,MS,39402,US,America/Chicago,31.3289321,-89.3318118,64.52726746,1932.0,2026-09-19,33.1,0.0,0.6,,,True,False
401856687,2026,3,regular,2026-09-19T23:00:00.000Z,False,True,False,True,,3785,Jordan-Hare Stadium,2,Auburn,fbs,SEC,39.0,"[3, 14, 7, 15]",0.02467680722475052,1678.0,1668.0,57,Florida,fbs,SEC,44.0,"[7, 13, 14, 10]",0.9753231927752495,1658.0,1668.0,4.915838118486049,,,,3785,Jordan-Hare Stadium,87451.0,True,False,Auburn,AL,36849,US,America/Chicago,32.6025532,-85.4897479,201.1737976,1939.0,2026-09-19,26.6,0.0,5.2,,,True,False
401862772,2026,3,regular,2026-09-19T23:00:00.000Z,False,True,False,False,,3805,Simmons Bank Liberty Stadium,235,Memphis,fbs,American Athletic,45.0,"[10, 14, 7, 14]",0.9892739653587341,1529.0,1529.0,2630,UT Martin,fcs,OVC,21.0,"[0, 7, 0, 14]",0.01072603464126587,,,2.4351672171204406,,,,3805,Simmons Bank Liberty Stadium,58325.0,False,False,Memphis,TN,38152,US,America/Chicago,35.1209429,-89.977147,90.62445831,1965.0,2026-09-19,35.5,0.0,4.5,,,True,False
401862773,2026,3,regular,2026-09-19T23:00:00.000Z,False,True,False,False,,3895,Rice Stadium,242,Rice,fbs,American Athletic,21.0,"[0, 7, 7, 7]",0.3939010798931122,1147.0,1162.0,2711,Western Michigan,fbs,Mid-American,28.0,"[7, 7, 0, 14]",0.6060989201068878,1534.0,1519.0,4.697684070810628,,,,3895,Rice Stadium,47000.0,False,False,Houston,TX,77251,US,America/Chicago,29.7163297,-95.4093261,7.148301601,1950.0,2026-09-19,32.2,0.0,13.5,,,True,False
401870764,2026,3,regular,2026-09-19T23:00:00.000Z,False,True,False,False,,3647,Elliott T. Bowers Stadium,2534,Sam Houston,fbs,Conference USA,59.0,"[10, 21, 21, 7]",0.989645779132843,1155.0,1155.0,2447,Nicholls,fcs,Southland,0.0,"[0, 0, 0, 0]",0.010354220867156982,,,1.8754360356013395,,,,3647,Elliott T. Bowers Stadium,14000.0,False,False,Huntsville,TX,77340,US,America/Chicago,30.713926,-95.5419802,127.6225204,1986.0,2026-09-19,33.1,0.0,8.5,,,True,False
401856803,2026,3,regular,2026-09-19T23:00:00.000Z,False,True,False,False,,3646,Boone Pickens Stadium,197,Oklahoma State,fbs,Big 12,59.0,"[14, 17, 21, 7]",0.9924694895744324,1247.0,1247.0,93,Murray State,fcs,MVFC,0.0,"[0, 0, 0, 0]",0.007530510425567627,,,1.8571430379362441,,,,3646,Boone Pickens Stadium,55509.0,False,False,Stillwater,OK,74078,US,America/Chicago,36.125673,-97.066513,276.4808655,1919.0,2026-09-19,32.8,0.0,18.5,,,True,False
401864443,2026,3,regular,2026-09-19T23:00:00.000Z,False,True,False,False,,3725,"Johnny ""Red"" Floyd Stadium",2393,Middle Tennessee,fbs,Conference USA,27.0,"[7, 3, 7, 10]",0.9568924903869629,1277.0,1298.0,2440,Nevada,fbs,Mountain West,20.0,"[7, 3, 7, 3]",0.04310750961303711,1462.0,1441.0,5.943196413737067,,,,3725,"Johnny ""Red"" Floyd Stadium",30788.0,False,False,Murfreesboro,TN,37132,US,America/Chicago,35.8511463,-86.3681649,191.7279816,1933.0,2026-09-19,31.0,0.5,10.3,,,True,False
401862777,2026,3,regular,2026-09-19T23:00:00.000Z,False,True,False,False,,3886,Raymond James Stadium,58,South Florida,fbs,American Athletic,59.0,"[14, 14, 14, 17]",0.9322245717048645,1682.0,1682.0,2169,Delaware State,fcs,MEAC,17.0,"[7, 10, 0, 0]",0.0677754282951355,,,3.6874871503721045,,,,3886,Raymond James Stadium,65828.0,True,False,Tampa,FL,33620,US,America/New_York,27.9758691,-82.5033344,11.07972908,1998.0,2026-09-19,28.0,0.3,10.1,,,True,False
401866423,2026,3,regular,2026-09-19T23:00:00.000Z,False,True,False,False,,6526,Hancock Whitney Stadium,6,South Alabama,fbs,Sun Belt,41.0,"[14, 10, 7, 10]",0.6848459243774414,1391.0,1393.0,195,Ohio,fbs,Mid-American,36.0,"[7, 0, 14, 15]",0.3151540756225586,1320.0,1318.0,3.9245862967611207,,,,6526,Hancock Whitney Stadium,25450.0,False,False,Mobile,AL,36688,US,America/Chicago,30.696904,-88.192013,45,2020.0,2026-09-19,31.1,0.0,4.0,,,True,False
401856689,2026,3,regular,2026-09-19T23:00:00.000Z,False,True,False,False,,3838,Memorial Stadium,142,Missouri,fbs,SEC,27.0,"[0, 24, 0, 3]",1.0,1691.0,1690.0,2653,Troy,fbs,Sun Belt,17.0,"[10, 7, 0, 0]",0.0,1420.0,1421.0,4.3885685456675425,,,,3838,Memorial Stadium,71168.0,False,False,Columbia,MO,65211,US,America/Chicago,38.9358491,-92.3332009,212.6865692,1927.0,2026-09-19,32.2,0.0,5.5,,,True,False
401856800,2026,3,regular,2026-09-19T23:00:00.000Z,False,True,False,False,,3652,FBC Mortgage Stadium,2116,UCF,fbs,Big 12,44.0,"[17, 3, 14, 10]",0.9837412238121033,1468.0,1481.0,2247,Georgia State,fbs,Sun Belt,30.0,"[7, 17, 3, 3]",0.01625877618789673,1287.0,1274.0,5.735549721200934,,,,3652,FBC Mortgage Stadium,44206.0,True,False,Orlando,FL,32816,US,America/New_York,28.6079765,-81.1927233,20.94113731,2007.0,2026-09-19,25.7,0.4,5.3,,,True,False
401869948,2026,3,regular,2026-09-19T23:00:00.000Z,False,True,False,False,,3662,AmFirst Stadium,55,Jacksonville State,fbs,Conference USA,31.0,"[0, 10, 7, 14]",0.9172762632369995,1426.0,1427.0,290,Georgia Southern,fbs,Sun Belt,27.0,"[3, 21, 3, 0]",0.08272373676300049,1359.0,1358.0,5.231225171281374,,,,3662,AmFirst Stadium,24000.0,False,False,Jacksonville,AL,36265,US,America/Chicago,33.8201052,-85.76647,198.0679016,1947.0,2026-09-19,26.1,0.2,8.3,,,True,False
401858452,2026,3,regular,2026-09-19T23:15:00.000Z,False,True,False,False,,3834,"Memorial Stadium (Lincoln, NE)",158,Nebraska,fbs,Big Ten,34.0,"[14, 3, 7, 10]",0.9894856214523315,1715.0,1715.0,155,North Dakota,fcs,MVFC,7.0,"[0, 0, 7, 0]",0.010514378547668457,,,1.859135207140717,,,,3834,"Memorial Stadium (Lincoln, NE)",85458.0,False,False,Lincoln,NE,68588,US,America/Chicago,40.820682,-96.705594,354.9318848,1923.0,2026-09-19,23.7,0.0,12.4,,,True,False
401858459,2026,3,regular,2026-09-19T23:15:00.000Z,False,True,False,False,,3765,Husky Stadium,264,Washington,fbs,Big Ten,48.0,"[14, 17, 7, 10]",0.9898290038108826,1752.0,1752.0,331,Eastern Washington,fcs,Big Sky,16.0,"[3, 7, 3, 3]",0.010170996189117432,,,3.1874741790894,,,,3765,Husky Stadium,70138.0,False,False,Seattle,WA,98195,US,America/Los_Angeles,47.6503235,-122.3015746,11.65622807,1920.0,2026-09-19,17.5,0.0,3.3,,,True,False
401856802,2026,3,regular,2026-09-19T23:30:00.000Z,False,True,True,False,,3628,Bank of America Stadium,258,Virginia,fbs,ACC,27.0,"[14, 0, 7, 6]",0.031228691339492798,1655.0,1612.0,277,West Virginia,fbs,Big 12,38.0,"[7, 14, 7, 10]",0.9687713086605072,1365.0,1408.0,6.0148190025336605,,Duke’s Mayo Classic,,3628,Bank of America Stadium,73778.0,True,False,Charlotte,NC,28202,US,America/New_York,35.225833,-80.852778,220.8777466,1996.0,2026-09-19,29.7,0.0,8.4,,,True,False
401858232,2026,3,regular,2026-09-19T23:30:00.000Z,False,True,False,False,,3665,SECU Stadium,120,Maryland,fbs,Big Ten,26.0,"[0, 14, 0, 12]",0.03750906139612198,1495.0,1474.0,259,Virginia Tech,fbs,ACC,35.0,"[7, 20, 8, 0]",0.962490938603878,1468.0,1489.0,4.1187773296057335,,,,3665,SECU Stadium,51802.0,False,False,College Park,MD,20742,US,America/New_York,38.9903332,-76.9473792,32.68748093,1950.0,2026-09-19,23.3,0.0,9.8,,,True,False
401856796,2026,3,regular,2026-09-19T23:30:00.000Z,False,True,False,False,,5960,Lanny and Sharon Martin Stadium,77,Northwestern,fbs,Big Ten,41.0,"[7, 14, 14, 6]",0.9932442307472229,1549.0,1625.0,38,Colorado,fbs,Big 12,7.0,"[0, 0, 7, 0]",0.0067557692527771,1406.0,1330.0,2.6936814550593233,,,,5960,Lanny and Sharon Martin Stadium,12023.0,False,False,Evanston,IL,60208,US,America/Chicago,42.058246,-87.670876,179,1997.0,2026-09-19,19.9,5.1,6.6,,,True,False
401858453,2026,3,regular,2026-09-19T23:30:00.000Z,False,True,False,False,,3855,Notre Dame Stadium,87,Notre Dame,fbs,FBS Independents,27.0,"[10, 7, 3, 7]",0.9938645958900452,2070.0,2061.0,127,Michigan State,fbs,Big Ten,10.0,"[0, 10, 0, 0]",0.006135404109954834,1528.0,1537.0,2.726436174502571,,,,3855,Notre Dame Stadium,80795.0,False,False,Notre Dame,IN,46556,US,America/Indiana/Indianapolis,41.698378,-86.2339425,222.645401,1930.0,2026-09-19,22.0,0.0,1.1,,,True,False
401856795,2026,3,regular,2026-09-19T23:30:00.000Z,False,True,False,False,,5388,Canvas Stadium,36,Colorado State,fbs,Pac-12,23.0,"[7, 0, 0, 16]",0.0,1336.0,1327.0,252,BYU,fbs,Big 12,41.0,"[21, 10, 7, 3]",1.0,1683.0,1692.0,3.8666532735004533,,,,5388,Canvas Stadium,36500.0,False,False,Fort Collins,CO,80521,US,America/Denver,40.570015,-105.088435,1528.4,2017.0,2026-09-19,23.1,0.1,5.8,,,True,False
401856690,2026,3,regular,2026-09-19T23:30:00.000Z,False,True,False,False,,3835,"Memorial Stadium (Norman, OK)",201,Oklahoma,fbs,SEC,14.0,"[0, 7, 7, 0]",0.660073459148407,1783.0,1782.0,167,New Mexico,fbs,Mountain West,6.0,"[0, 6, 0, 0]",0.339926540851593,1558.0,1559.0,3.888959815772902,,,,3835,"Memorial Stadium (Norman, OK)",86112.0,True,False,Norman,OK,73019,US,America/Chicago,35.2058537,-97.4423145,355.0962524,1925.0,2026-09-19,33.7,0.0,12.4,,,True,False
401856688,2026,3,regular,2026-09-19T23:30:00.000Z,False,True,False,True,,3974,Vaught-Hemingway Stadium,145,Ole Miss,fbs,SEC,32.0,"[10, 14, 0, 8]",0.1468684822320938,1851.0,1859.0,99,LSU,fbs,SEC,24.0,"[0, 7, 14, 3]",0.8531315177679062,1794.0,1786.0,4.662154542037517,,,,3974,Vaught-Hemingway Stadium,64038.0,True,False,Oxford,MS,38677,US,America/Chicago,34.3619837,-89.5342076,146.8517151,1915.0,2026-09-19,33.9,0.0,2.8,,,True,False
401856692,2026,3,regular,2026-09-19T23:45:00.000Z,False,True,False,False,,3853,Neyland Stadium,2633,Tennessee,fbs,SEC,42.0,"[15, 6, 14, 7]",0.9932624697685242,1729.0,1771.0,338,Kennesaw State,fbs,Conference USA,9.0,"[3, 0, 0, 6]",0.00673753023147583,1327.0,1285.0,1.9992992525092796,,,,3853,Neyland Stadium,102455.0,True,False,Knoxville,TN,37996,US,America/New_York,35.9550131,-83.9250128,271.9517212,1921.0,2026-09-19,28.6,0.0,11.5,,,True,False
401856799,2026,3,regular,2026-09-20T00:00:00.000Z,False,True,False,False,,3616,Amon G. Carter Stadium,2628,TCU,fbs,Big 12,31.0,"[7, 7, 7, 10]",1.0,1595.0,1629.0,2032,Arkansas State,fbs,Sun Belt,7.0,"[0, 7, 0, 0]",0.0,1353.0,1319.0,3.1451508269075092,,,,3616,Amon G. Carter Stadium,46000.0,True,False,Fort Worth,TX,76129,US,America/Chicago,32.7096604,-97.3680835,185.4387054,1929.0,2026-09-20,34.7,0.0,9.4,,,True,False
401856693,2026,3,regular,2026-09-20T00:00:00.000Z,False,True,False,False,,3910,DKR-Texas Memorial Stadium,251,Texas,fbs,SEC,30.0,"[10, 10, 3, 7]",0.9641265273094177,1916.0,1935.0,2636,UTSA,fbs,American Athletic,6.0,"[3, 0, 3, 0]",0.035873472690582275,1525.0,1506.0,2.120834864199118,,,,3910,DKR-Texas Memorial Stadium,100119.0,False,False,Austin,TX,78712,US,America/Chicago,30.2836813,-97.7325345,160.3089447,1924.0,2026-09-20,33.7,0.0,10.8,,,True,False
401862776,2026,3,regular,2026-09-20T00:00:00.000Z,False,True,False,False,,3666,Cajun Field,309,Louisiana,fbs,Sun Belt,21.0,"[7, 14, 0, 0]",0.9404008984565735,1387.0,1397.0,5,UAB,fbs,American Athletic,14.0,"[0, 7, 0, 7]",0.059599101543426514,1403.0,1393.0,3.4527354029997275,,,,3666,Cajun Field,41426.0,False,False,Lafayette,LA,70506,US,America/Chicago,30.2158434,-92.0417371,3.556508303,1971.0,2026-09-20,30.9,0.0,9.8,,,True,False
401862775,2026,3,regular,2026-09-20T00:00:00.000Z,False,True,False,False,,3674,Chapman Stadium,202,Tulsa,fbs,American Athletic,42.0,"[7, 7, 14, 14]",0.9883432984352112,1277.0,1277.0,2837,East Texas A&M,fcs,Southland,0.0,"[0, 0, 0, 0]",0.011656701564788818,,,2.2230052365386244,,,,3674,Chapman Stadium,30000.0,False,False,Tulsa,OK,74194,US,America/Chicago,36.1489175,-95.9437853,235.5928345,1930.0,2026-09-20,34.6,0.0,13.4,,,True,False
401860885,2026,3,regular,2026-09-20T02:00:00.000Z,False,True,False,False,,3653,Albertsons Stadium,68,Boise State,fbs,Pac-12,38.0,"[7, 14, 3, 14]",0.9551956653594971,1606.0,1606.0,233,South Dakota,fcs,MVFC,24.0,"[7, 7, 7, 3]",0.04480433464050293,,,5.709640287937467,,,,3653,Albertsons Stadium,36387.0,False,False,Boise,ID,83725,US,America/Boise,43.6028839,-116.1958882,823.2221069,1970.0,2026-09-20,19.6,0.0,4.5,,,True,False
401860887,2026,3,regular,2026-09-20T02:00:00.000Z,False,True,False,False,,7311,Snapdragon Stadium,21,San Diego State,fbs,Pac-12,13.0,"[0, 0, 7, 6]",0.009089328348636627,1469.0,1468.0,256,James Madison,fbs,Sun Belt,26.0,"[10, 9, 0, 7]",0.9909106716513634,1776.0,1777.0,4.566228542357562,,,,7311,Snapdragon Stadium,35000.0,True,False,San Diego,CA,92093,US,America/Los_Angeles,32.784444,-117.122833,62,2022.0,2026-09-20,21.0,0.0,8.1,,,True,False
401864507,2026,3,regular,2026-09-20T02:30:00.000Z,False,True,False,False,,3757,Hornet Stadium,16,Sacramento State,fbs,Mid-American,10.0,"[0, 3, 0, 7]",0.11865776777267456,1324.0,1297.0,2449,North Dakota State,fbs,Mountain West,31.0,"[21, 7, 0, 3]",0.8813422322273254,1567.0,1594.0,4.201292419504139,,,,3757,Hornet Stadium,21195.0,False,False,Sacramento,CA,95819,US,America/Los_Angeles,38.5556718,-121.4229607,12.30015659,1969.0,2026-09-20,28.5,0.0,5.8,,,True,False
401856793,2026,3,regular,2026-09-20T02:30:00.000Z,False,True,False,False,,3619,Arizona Stadium,12,Arizona,fbs,Big 12,42.0,"[7, 21, 7, 7]",0.9791824221611023,1608.0,1634.0,2459,Northern Illinois,fbs,Mountain West,17.0,"[10, 0, 0, 7]",0.020817577838897705,1266.0,1240.0,3.8379336626917135,,,,3619,Arizona Stadium,50782.0,False,False,Tucson,AZ,85721,US,America/Phoenix,32.2288054,-110.9488677,742.1530151,1928.0,2026-09-20,31.6,0.0,3.3,,,True,False
401860886,2026,3,regular,2026-09-20T03:00:00.000Z,False,True,False,False,,3893,Reser Stadium,204,Oregon State,fbs,Pac-12,52.0,"[14, 21, 7, 10]",0.9868937730789185,1259.0,1259.0,149,Montana,fcs,Big Sky,17.0,"[0, 3, 7, 7]",0.013106226921081543,,,2.5196248513888295,,,,3893,Reser Stadium,43363.0,False,False,Corvallis,OR,97331,US,America/Los_Angeles,44.5594559,-123.2814341,66.90744781,1953.0,2026-09-20,16.7,0.0,5.6,,,True,False
401858458,2026,3,regular,2026-09-20T03:00:00.000Z,False,True,False,True,,1056,Rose Bowl,26,UCLA,fbs,Big Ten,52.0,"[21, 3, 14, 14]",0.8728534579277039,1487.0,1502.0,2509,Purdue,fbs,Big Ten,38.0,"[7, 14, 10, 7]",0.12714654207229614,1326.0,1311.0,5.646131474311363,,,,1056,Rose Bowl,88565.0,True,False,Pasadena,CA,90095,US,America/Los_Angeles,34.1613284,-118.1676462,245.1772461,1922.0,2026-09-20,21.4,0.0,6.2,,,True,False
401860888,2026,3,regular,2026-09-20T03:00:00.000Z,False,True,False,False,,3935,CEFCU Stadium,23,San José State,fbs,Mountain West,10.0,"[3, 0, 0, 7]",0.0,1413.0,1393.0,278,Fresno State,fbs,Pac-12,26.0,"[0, 6, 7, 13]",1.0,1591.0,1611.0,5.372592252759031,,,,3935,CEFCU Stadium,30456.0,False,False,San Jose,CA,95112,US,America/Los_Angeles,37.3196675,-121.8682962,28.30708694,1933.0,2026-09-20,19.1,0.0,6.5,,,True,False
